{
  "train_size": 21,
  "test_size": 8,
  "labels": [
    "couple_meal",
    "couple_drink",
    "friend_meal",
    "friend_drink",
    "business_meal",
    "business_drink"
  ],
  "warning": "Dataset is very small, so these metrics are only a smoke test.",
  "classification_report": {
    "couple_meal": {
      "precision": 0.6666666666666666,
      "recall": 1.0,
      "f1-score": 0.8,
      "support": 2.0
    },
    "couple_drink": {
      "precision": 0.5,
      "recall": 0.4,
      "f1-score": 0.4444444444444444,
      "support": 5.0
    },
    "friend_meal": {
      "precision": 0.0,
      "recall": 0.0,
      "f1-score": 0.0,
      "support": 1.0
    },
    "friend_drink": {
      "precision": 0.0,
      "recall": 0.0,
      "f1-score": 0.0,
      "support": 2.0
    },
    "business_meal": {
      "precision": 0.0,
      "recall": 0.0,
      "f1-score": 0.0,
      "support": 1.0
    },
    "business_drink": {
      "precision": 0.0,
      "recall": 0.0,
      "f1-score": 0.0,
      "support": 1.0
    },
    "micro avg": {
      "precision": 0.4444444444444444,
      "recall": 0.3333333333333333,
      "f1-score": 0.38095238095238093,
      "support": 12.0
    },
    "macro avg": {
      "precision": 0.19444444444444442,
      "recall": 0.2333333333333333,
      "f1-score": 0.2074074074074074,
      "support": 12.0
    },
    "weighted avg": {
      "precision": 0.3194444444444444,
      "recall": 0.3333333333333333,
      "f1-score": 0.31851851851851853,
      "support": 12.0
    },
    "samples avg": {
      "precision": 0.20833333333333331,
      "recall": 0.125,
      "f1-score": 0.15476190476190477,
      "support": 12.0
    }
  }
}