restaurant_id,restaurant_name,area,category,rating,review_count,price,photo_ratio,review_text
1428481536,강남진해장,강남,한식,3.3,546,,,"방일해장국이 쪼금 더 맛있지만 여기도 괜찮음
국물 칼칼하고 소양도 많은데 선지가 적음 ㅠㅜ
글두 재방문 의사 있음"
1428481536,강남진해장,강남,한식,3.3,546,,,"곱창전골에 잡내가 하나도 없고 곱창이 야들야들하니 부드러워요🥹
국물도 너무 맛있어서 마지막에 마무리로 볶음밥까지 먹으면 극락🫶🏻"
1428481536,강남진해장,강남,한식,3.3,546,,,"강남역 양선지해장국, 곱창전골 대표주자 ‘강남진해장’
메뉴나 맛, 영업스타일에서 ‘중앙해장’과 상당히 유사하다. 정말 맛있는 양선지해장국을 24시간 먹을수 있다. 곱창전골은 자극적이지 않고 은은하게... 더보기"
1428481536,강남진해장,강남,한식,3.3,546,,,"양선지해장국. 내용물도 많고 국물 깔끔하고 맛남. 
석박지랑 김치도 맛있음. ... 더보기"
1428481536,강남진해장,강남,한식,3.3,546,,,"밥먹는데 화장실청소 홀에서빗자루질

남직원은 문앞에서... 더보기"
1428481536,강남진해장,강남,한식,3.3,546,,,"김치 깍두기가 조금만더 맛있었음 좋을듯

강남인지라 가성비는 양보하고 먹으면 괜춘"
1428481536,강남진해장,강남,한식,3.3,546,,,맛은 있음 선지 냄새 조금만 나도 못먹는데 잘 먹었음. 근데 서비스는 안 바쁜시간이었어서 그런진 몰라도 불친절은 아닌데 일단 친절은 아님. 선지먹을거 아니면 친절하고 선지없는 내장탕 먹으러 더 저렴한데 갈 듯.
1428481536,강남진해장,강남,한식,3.3,546,,,사진만 화려 그리고 맛이 변했다. 곱창 냄새나고 국물 맛없다. 예전에는 중앙해장보다 나았는데 지금은 중앙해장으로 다시 가야할듯
1428481536,강남진해장,강남,한식,3.3,546,,,"이 구역 해장국 일등이죠. 
야밤에도 백화점처럼 밝아서 시간가는 줄 모르고 먹을 수 있어요."
1428481536,강남진해장,강남,한식,3.3,546,,,"중앙해장보다 맛있게 먹음
오우 진짜 맛있던데 
술이 쭉쭉 들어감 
가게 깔... 더보기"
1428481536,강남진해장,강남,한식,3.3,546,,,"ㅇㅇㅇ 맛집 맞음
곱가득 술이 술술 김치 맛집ㅜ"
1428481536,강남진해장,강남,한식,3.3,546,,,"아 맛이 살짝 아쉽고, 너무 느끼함.. 뭔가 시원하게 해줄게 필요함"
1428481536,강남진해장,강남,한식,3.3,546,,,"여기 두번와봤는데 첨왔을땐 곱창 양 적고 신선하지도 않았고, 국물맛도 진짜 별로였는데

두... 더보기"
1428481536,강남진해장,강남,한식,3.3,546,,,"일단 맛은 방일해장국과 비슷하거나 조금 더 맛있습니다
국물맛 , 건더기양과 밥량도 괞찮고요 요새 말같지도 않은 국밥프랜차이즈와는 확실히 다름니다. 직원들 불친절하단 ... 더보기"
1428481536,강남진해장,강남,한식,3.3,546,,,10시에 왔는데 이모들 식사하느라 36분 뒤에 밥을 주시더라구요 36분동안 김치랑 눈싸움 했어요 다음엔 점심시간 맞춰서 올게요
1428481536,강남진해장,강남,한식,3.3,546,,,너무 불 친절하네요 여사장이 안내한자리가 에어컨 아래여서 너무 추워서 주문하자마자 자리좀 바꿔달라고 하니 서빙 아주마가 표정 안좋으면서 엄청 불친하고 짜증나면서 다 에어컨이고 자리없다고... 더보기
1428481536,강남진해장,강남,한식,3.3,546,,,"곱창전골 
가격이 단점 맛은 보장
소주를 부르는 맛이네요"
1428481536,강남진해장,강남,한식,3.3,546,,,"맛있는 곳인데 왜 이렇게 별점이 낮지 했더니..불친절하긴 해요. 정말 엄청나게 붐비는 곳이라.
그래도 강남 해장국집 중엔 제일 맛있... 더보기"
1428481536,강남진해장,강남,한식,3.3,546,,,너무 불친절 아줌마들때매 오기 싫어요 가격도 비싼데 서비스개선좀 해주세요
1428481536,강남진해장,강남,한식,3.3,546,,,분위기
1428481536,강남진해장,강남,한식,3.3,546,,,사진/영상 후기만 보기
1428481536,강남진해장,강남,한식,3.3,546,,,2026.03.28.
1428481536,강남진해장,강남,한식,3.3,546,,,2026.03.11.
1428481536,강남진해장,강남,한식,3.3,546,,,2026.02.25.
1428481536,강남진해장,강남,한식,3.3,546,,,2025.12.18.
1428481536,강남진해장,강남,한식,3.3,546,,,2025.12.03.
1428481536,강남진해장,강남,한식,3.3,546,,,2025.11.14.
1428481536,강남진해장,강남,한식,3.3,546,,,2025.11.04.
1428481536,강남진해장,강남,한식,3.3,546,,,2025.08.12.
1428481536,강남진해장,강남,한식,3.3,546,,,2025.06.21.
1428481536,강남진해장,강남,한식,3.3,546,,,2025.05.14.
1428481536,강남진해장,강남,한식,3.3,546,,,2025.04.14.
1428481536,강남진해장,강남,한식,3.3,546,,,2025.03.22.
1428481536,강남진해장,강남,한식,3.3,546,,,2025.02.27.
1428481536,강남진해장,강남,한식,3.3,546,,,2025.01.13.
1428481536,강남진해장,강남,한식,3.3,546,,,2024.12.26.
1428481536,강남진해장,강남,한식,3.3,546,,,2024.09.23.
1428481536,강남진해장,강남,한식,3.3,546,,,2024.08.19.
1428481536,강남진해장,강남,한식,3.3,546,,,2024.07.29.
1428481536,강남진해장,강남,한식,3.3,546,,,2024.05.26.
1428481536,강남진해장,강남,한식,3.3,546,,,2024.03.17.
7983060,신동궁감자탕뼈숯불구이 역삼직영점,강남,한식,3.4,1319,,,"늦은 시간에도 친절하셨어요
해장국 국물이 근데 캡사이신 매운맛 느낌..
이거 먹고 다음날 화장실 자주 갔어요"
7983060,신동궁감자탕뼈숯불구이 역삼직영점,강남,한식,3.4,1319,,,"맛있어요. 고기도 실하고 ㅋㅋ 웨이팅 깁니다.
뼈구이도 라면사리비빌수있음 좋을거같아요 ㅜㅜ
다음날 각오하고 드세욤 ㅋㅋ"
7983060,신동궁감자탕뼈숯불구이 역삼직영점,강남,한식,3.4,1319,,,"주차되서 좋은데 뼈해장국 고기가 좀 적은듯 
가격은 착해서 정당방위"
7983060,신동궁감자탕뼈숯불구이 역삼직영점,강남,한식,3.4,1319,,,"졸라 매운데 계속 먹히는맛임
그냥 존맛탱임 웨이팅 할만함"
7983060,신동궁감자탕뼈숯불구이 역삼직영점,강남,한식,3.4,1319,,,살도 잘 발리고 양념에 볶음밥 비벼먹으면 진짜 맛있네요
1424086789,스시마이우 강남CGV점,강남,일식,4.3,185,,,"2026.01.23 첫 리뷰(첫 방문 아님)
와이프와 간단히 늦은 저녁 먹으러 9시 넘어 방문. 
손님은 한 명도 없었고 초밥만 계속 돌고 있었다. 술 먹는 분위기가 아니라 앉자마자... 더보기"
1424086789,스시마이우 강남CGV점,강남,일식,4.3,185,,,가격은 착한데 퀄리티 짱. 가격 통일이라 너무 좋아요.
1424086789,스시마이우 강남CGV점,강남,일식,4.3,185,,,최근 후기 보고 망설였는데 전 좋았어요
1424086789,스시마이우 강남CGV점,강남,일식,4.3,185,,,"열접시먹고 배고픈건에 대하여..
마지먹으로 한접시 더 해서 총 열접시먹었는데
앞으로도 두세접시... 더보기"
1424086789,스시마이우 강남CGV점,강남,일식,4.3,185,,,싼 게 비지떡. 초밥은 쥐똥만큼 작고 신선하지 않은 걸 감추려고 소스를 잔뜩 발라 달고 짬. 미니우동 주문했는데 한참을 기다려도 안 나옴. 우동면을 직접 뽑아서 바로 수타해서 주시나봄… 절대 다시 안 옴
19381618,갓포아키 도산공원점,강남,일식,4.3,81,,,"친절 
안주 맛있음 
내부 조명이 많이 어두움... 더보기"
19381618,갓포아키 도산공원점,강남,일식,4.3,81,,,후기 귀찮아서 잘 안남기는데 여기는 정말맛있네요 비록 싼가격은 아니지만 ...옥수수튀김 정말 추천합니다  너무맛있어요 ㅠㅠ
19381618,갓포아키 도산공원점,강남,일식,4.3,81,,,"맛있습니당
고등어 봉초밥이 정말 맛있어요 
솥밥은 살짝 날바날 ?... 더보기"
19381618,갓포아키 도산공원점,강남,일식,4.3,81,,,"분위기와 맛, 강추요~^~^"
19381618,갓포아키 도산공원점,강남,일식,4.3,81,,,아키는 역시나
24041168,시추안하우스 삼성점,강남,중식,3.3,202,,,맛있습니다.
24041168,시추안하우스 삼성점,강남,중식,3.3,202,,,코스 가성비가 좋음
24041168,시추안하우스 삼성점,강남,중식,3.3,202,,,"18,000원 해물짬뽕이 오징어 2-3개, 새우 2마리… 그외엔 저 듬성드썽 썰은 버섯과 고추가 전부라니. 캬악 퉤…!!!!"
24041168,시추안하우스 삼성점,강남,중식,3.3,202,,,재방문 안합니다. 맛이 없는 건 아닌데 다시 오고 싶진 않네요.
24041168,시추안하우스 삼성점,강남,중식,3.3,202,,,"점심 때 방문해서 코스로 먹었는데 어향동고 정말 맛있었고, 마라전골은 진짜 얼얼하니 찐이었습니다. 타임스퀘어점도 방문했었는데 분위기는 여기가 더 좋아서 모임할 때 종종 애용할 것 같아요 :)"
10954377,가담,강남,중식,3.2,287,,,"최애 중국집 가담
난자완스 랑 탕수육 꼭 먹어주세요. 
와인 가져가면 칠링... 더보기"
10954377,가담,강남,중식,3.2,287,,,고추탕수육 때문에 자주 방문하고 있어요. 그런데 이번 방문에서는 짬뽕에서 평소에 나지 않던 하수구? 화장실 소변기 냄새가 나더군요. 카운터 직원 분께서는 죽순 냄새라고 하시는데 ... 더보기
10954377,가담,강남,중식,3.2,287,,,"아조씨 압구정 탐방,,,
언제나,,, 사람 가득한,,, 중식집 방문,,,

좋은 점: 분위기가,,, 벌써,,, 맛 없으면,,, 배신감 드는... 더보기"
10954377,가담,강남,중식,3.2,287,,,"음….성시경님 먹을텐데는 다시 한번 저랑 안맞는걸로..
너무 평범하고 임팩트 있지 않아요.
차라리 무탄갈래요……"
10954377,가담,강남,중식,3.2,287,,,"✔️난자완스✔️고추탕수육✔️부추굴짬뽕

난자완스는 지극히 평범하고 특장점이 딱히 없다. 
가격 ... 더보기"
26572124,울프강스테이크하우스 청담점,강남,양식,3.7,1403,,,맛있어요~ 서비스 친절해요~ 분위기 좋아요~
26572124,울프강스테이크하우스 청담점,강남,양식,3.7,1403,,,"기념일이라 와이프랑 방문했습니다. 뉴욕갔을때 방문을 못해서 청담 울프강으로 왔습니다.
코스를 주문했고 식전 빵부터 에피타이저 베이컨+샐러드, 메인 고기, 디저트까지 더할 나위 없었습니다. 이래서... 더보기"
26572124,울프강스테이크하우스 청담점,강남,양식,3.7,1403,,,"서울에 참 맛있는 스테이크하우스가 많지만, 공간에서 오는 분위기까지 더해져서 제대로 된 스테이크를 맛볼 수 있는 곳이었다!"
26572124,울프강스테이크하우스 청담점,강남,양식,3.7,1403,,,런치 코스로 방문. 애피타이저로 나온 트러플 고로케 대존맛. 샐러드 굿. 크루통은 좀 딱딱하고 큼. 랍스터 비스크도 진해서 맛났음. 스테이크는 미디움레어로 해달라고 했는데 미디움에 가깝긴 했지만 고루 익고 양도 ... 더보기
26572124,울프강스테이크하우스 청담점,강남,양식,3.7,1403,,,"베이컨 존맛탱
레몬타르트도 진자맛있음
큼직한 스테이크 한... 더보기"
1124684582,어거스트힐 강남점,강남,양식,3.5,2235,,,미디움레어로 주문했는데 핏물뚝뚝.. 생고기수준이라 썰리지도않음..
1124684582,어거스트힐 강남점,강남,양식,3.5,2235,,,소개팅 맛집인듯 가격도 엄청 안 비싸도 맛있음
1124684582,어거스트힐 강남점,강남,양식,3.5,2235,,,"스텝분들 정말 친절하시구요🫶
음식은 좀 매운편얀데 정말 맛있었어요
오렌지에이드 비프로제파스타 새우오일파스타 추천드려요👍👍"
1124684582,어거스트힐 강남점,강남,양식,3.5,2235,,,"맛있는 오일 파스타가 땡겨서 방문했지만,
고즈넉한 공간에 반한 곳."
1124684582,어거스트힐 강남점,강남,양식,3.5,2235,,,"강남역에서 거리는 점 있지만 분위기도 좋고 맛도 있었음! 스테이크 넘나 맛나게 먹었음. 데이트, 소개팅,연말 모임하기 괜춘~~"
1551955711,카페프라미스,강남,카페 디저트,4.2,171,,,오이바게트 맛있습니다.
1551955711,카페프라미스,강남,카페 디저트,4.2,171,,,매장이 꽤 넓고 자리도 많음. 망고빙수 양이 많아서 다 못먹음. 망고도 한가득~~ 조용히 대화하고 싶을 때나 여러명 만날 때 가기 좋을듯!
1551955711,카페프라미스,강남,카페 디저트,4.2,171,,,분위기 예뻐요~ 늦게까지해서 제일 좋음!
1551955711,카페프라미스,강남,카페 디저트,4.2,171,,,카페나떼 맛있긴한데요.핫으로 시켯는데 원래 이렇게 미지끈하게 나오나요?
1551955711,카페프라미스,강남,카페 디저트,4.2,171,,,옆 상무초밥에서 점심먹고 나와서 들어가게 되었는데 아주 잘한 선택이었어요! 베이커리 종류도 다양한데 맛도 있고 매장 분위기도 너무 좋고 사장님이 친절하셔서 기분좋게 머물다... 더보기
1419529121,더플레이트디저트,강남,카페 디저트,3.7,132,,,"밀푀유슈 ☆☆, 밤크림소금빵☆☆☆☆"
1419529121,더플레이트디저트,강남,카페 디저트,3.7,132,,,맛있어요 예전보다 메뉴가 더 다양해졌어요
1419529121,더플레이트디저트,강남,카페 디저트,3.7,132,,,"직원분이 친절해서 좋았어요
빵도 괜찮은 편이네요"
1419529121,더플레이트디저트,강남,카페 디저트,3.7,132,,,슈의 달인이여도 소금빵을 배신 할 순 없지
1419529121,더플레이트디저트,강남,카페 디저트,3.7,132,,,"예전보다 빵 메뉴가 다양해졌어요
비엔나 발사믹 새로나왔길래 먹어봤는데 좀짜용 
퀸아망은 최고"
27229361,미식일가,건대,한식,4.1,114,,,"-미식일가 (구)뱃놈
-서울 광진구 군자동 373-9
-을왕리를 갈 필요가 없는 조개구이
-업장을 4개나 보유하고... 더보기"
27229361,미식일가,건대,한식,4.1,114,,,조개 맛있게 구워주시고 분위기가 따뜻해요 화장실 난로 같은 걸 보면 세심하게 신경쓰신 것 같아요 바로 옆에 공영주차장 있어서 주차 편리해요
27229361,미식일가,건대,한식,4.1,114,,,"하 내 인생 조개찜 사랑해 웨이팅 지려도 기다릴게
옛날도시락이랑 칼국수 추가 반드시 해야함ㅋ"
27229361,미식일가,건대,한식,4.1,114,,,1년에 두어번은 연례행사마냥 가는 곳!!ㅎㅎ 분위기도 좋구 가격은 싸진 않지만 맛나요!
27229361,미식일가,건대,한식,4.1,114,,,바뀌고서 2번째 방문인데 확실히 뭔가 변한 것 같아요ㅠㅠ.. 막 별로다 이건 아닌데 예전의 감동이 없네요.. 그리고 부지런히 안구워주셔서 맛이 덜 했는지도 모르겠습니다
17101239,고흥순대국머리고기,건대,한식,3.7,188,,,"[순대국 특]

굉장히 만족. 그릇 ... 더보기"
17101239,고흥순대국머리고기,건대,한식,3.7,188,,,"정말 맛있는 순대국입니다. 
건대 근처에서 이런 맛있는 국밥을 먹을 줄은 정말 몰랐네요.... 더보기"
17101239,고흥순대국머리고기,건대,한식,3.7,188,,,"맛은 그냥저냥인데 서비스까지 넘 불친절해서,, 굳이 또 안 올 것 같아 웨이팅할 정도 절대X"
17101239,고흥순대국머리고기,건대,한식,3.7,188,,,"-고흥순대국머리고기
-서울 광진구 자양동 5-56
-그냥저냥 순대국
-처음엔 다데기 없이 먹다가 나중에 ... 더보기"
17101239,고흥순대국머리고기,건대,한식,3.7,188,,,"몇년만에 왔는데 순대국자체야 항상 맛있었다.
건대 주변의 술꾼들의 속을 오랫동안 달래주는 곳.
다진 고추, 새우젓 마늘 등.... 더보기"
413860309,고씨네 건국대점,건대,일식,4.9,28,,,카레가 먹고싶었는데 가장 매운맛으로 너무나 맛나게 먹고 나옵니다!ㅎㅎ 건대 맛집으로 완전 추천드려요!!! 스트레스 풀립니다.
413860309,고씨네 건국대점,건대,일식,4.9,28,,,"카레먹고 싶어서 방문했는데 직원분들도 친절하고 고로케카레와 소고기카레 둘다 맛있게 먹었습니다 밥,카레 리필가능한 점도 좋았고 기본 양도 꽤 많네요"
413860309,고씨네 건국대점,건대,일식,4.9,28,,,나오자마자 허겁지겁 먹느라 이쁜 사진을 못 남겼네요ㅠㅠ 카레 러버로서 정말 좋아하는 곳입니다! 카레가 진하고 맵기 조절도 가능하고 튀김도 너무 빠삭해요!! 밥이랑 카레랑 리필도 가능해서 양이 많은 저에게 정말... 더보기
413860309,고씨네 건국대점,건대,일식,4.9,28,,,"카레먹고 싶어서 방문했어요
진짜 맛집인데 어디가세요 증말…
닭튀김이 레전드니까 이거 많이... 더보기"
413860309,고씨네 건국대점,건대,일식,4.9,28,,,버섯카레에 토핑 추가했어요. 1단계도 살짝 매워서 당황했지만 맛있게 먹었습니다! 사장님 센스있게 앞치마도 챙겨주셨어요 ㅎㅎ
1873080066,포비,건대,일식,3.6,128,,,호르몬 야끼 맛있었어요..사장님도 친절하시고 밴드 음악 하시는 사장님인것 같아요.
1873080066,포비,건대,일식,3.6,128,,,맛있어요~~ 배부르게 먹었습니다 분위기 좋아요 다만 매장공기가 뭔가 탁한건지..눈이 뭔가 매운느낌(?) 눈이 시다 해야하나.. 그래서 계속 눈물 넣었어요ㅜ
1873080066,포비,건대,일식,3.6,128,,,너무.. 짜요 .. 테이블이 찐득해요 ㅠ 타코와사비는 시키지마세요 ㅠ 대창? 들어간건 맛있었어요
1873080066,포비,건대,일식,3.6,128,,,"안주 테이블 착각해서 30분 기다리고 사과도 못받음
사과하면 될 일을 기분 잡치며 먹음
제가 데리고온 곳인데 친구들한테 미안해 죽는 줄 알았네요"
1873080066,포비,건대,일식,3.6,128,,,오코노미야끼 애끼소바 둘다넘맛있음
1026281815,하이디라오 건대점,건대,중식,4.2,941,,,"토마토탕 레전드
다른 지점에 비해 셀프바에 케이크나 떡 없고
음료수도 매실차 하나인데 맨 끝에 있어 동선이 많이 불편해요
테... 더보기"
1026281815,하이디라오 건대점,건대,중식,4.2,941,,,여태 하이디라오 갔던중에 가장 한국말이 서투른 직원이 배정됐는데 좀 불편했어요 ㅠㅠㅠㅠㅠㅠ 첫 주문부터 메뉴 누락으로 20분 기다렸을 때 말했는데 그때도 소통이 잘 안돼서 10분이상 더 기다리고 재료 받을 수 ... 더보기
1026281815,하이디라오 건대점,건대,중식,4.2,941,,,딱 하이디라오 같아요 그치만 사람 많아서 복잡쓰
1026281815,하이디라오 건대점,건대,중식,4.2,941,,,저는 하이디라오 프리미엄인데 건대점이 제일 친절하고 맛있는것 같아요… 여기만 가요 진짜로
1026281815,하이디라오 건대점,건대,중식,4.2,941,,,"소스바 공간은 작은데, 대기 공간이 따로 1층에 있는 게 좋음."
610799971,송화산시도삭면 2호점,건대,중식,4.2,983,,,마라맛과 고수 사이로 신기하게 카레 맛이 느껴진다. 두꺼운 면발덕분에 식감이 좋은데 그만큼 밀가루맛이 강하게 느껴져서 호불호 갈릴듯. 샤오롱바오에 생강 얹어먹으니 생각보다 잘 어울려서 놀람.
610799971,송화산시도삭면 2호점,건대,중식,4.2,983,,,"주방이 오픈되어있는게 좋았네요. 
가끔씩 반죽을 칼로 직접 썰어서 면을 만드는 모습을 볼 수 있어요. 샤오롱바오 만드는 모습는 못 보았지만요. 알고보니... 더보기"
610799971,송화산시도삭면 2호점,건대,중식,4.2,983,,,"반죽을 바로 깎아 넣은 면이라 굵기가 제각각
쫄깃한 식감이 좋아요
향신료 향이 진한 중국식 국물이라 호... 더보기"
610799971,송화산시도삭면 2호점,건대,중식,4.2,983,,,"평일 저녁 7시 웨이팅 약 15분? 하고 들어갔음 회전율은 빠른것같음

- 도삭면외에 어향육슬덮밥과 꿔바로우시... 더보기"
610799971,송화산시도삭면 2호점,건대,중식,4.2,983,,,"역시 최고입니다 
도삭면, 가지튀김은 must
다른 음식도 다 맛있어요... 더보기"
747243423,드로잉레시피,건대,양식,3.6,454,,,"건대에서 친구를 만날 때면 항상 가는 맛집이에요.
피자, 파스타, 샐러드 뭐 하나 빠지는 것 없이 너무 맛있어요ㅜㅜㅜ 
피자는 도우가 두껍... 더보기"
747243423,드로잉레시피,건대,양식,3.6,454,,,지인들 후기가 좋았는데..... 메뉴를 잘 못 시킨거 같아요. 일단 제가 시킨 두 메뉴는 무난한 맛이었습니다. 파스타나 피자나 평범했어요. 파스타는 새우가 알이크고 탱글해서 ... 더보기
747243423,드로잉레시피,건대,양식,3.6,454,,,분위기 좋고 맛있게 먹었음
747243423,드로잉레시피,건대,양식,3.6,454,,,늦은 시간임에도 웬팅줄이...최고!
747243423,드로잉레시피,건대,양식,3.6,454,,,"샐러드도 그렇고 피자도 그렇고 맛있었는데
뭐가 좀 자극적인건지 바로 또 방문하고 싶지는 ... 더보기"
641607564,페르바코,건대,양식,4.9,39,,,나만 알고싶은 곳
641607564,페르바코,건대,양식,4.9,39,,,여기 진짜 찐.. 다 맛있고 분위기 좋음
641607564,페르바코,건대,양식,4.9,39,,,너무 맛있고 분위기도 좋아요! 진짜 이탈리아 맛이고 다양한 술도 파시는데 다 맛있어요!
641607564,페르바코,건대,양식,4.9,39,,,여기는 모든게 진짜다
641607564,페르바코,건대,양식,4.9,39,,,치케티라는 음식을 여기서 처음 접해봤는데 엄청 맛있었어요ㅡ 그리고 멸치튀김이 한식에 쓰이는 멸치랑 아예 다른 생선 같이 생겼는데 진짜 강추!! 사장님도 이탈리아분인데 한국어 잘하시고 친절해요!
1047206173,보리스카페,건대,카페 디저트,4.5,45,,,"진짜 맛있다 카페라떼!!!!! 
쿠키도 존맛.
자리가 좀 적다는게 아쉬울 뿐"
1047206173,보리스카페,건대,카페 디저트,4.5,45,,,"볼이수…❤️
라떼 조아한다면? 바로 ㄱㄱ
너무 더운날은 ... 더보기"
1047206173,보리스카페,건대,카페 디저트,4.5,45,,,"항상 최고
레몬쿠키, 레몬커피를 제일 추천합니다🍋"
1047206173,보리스카페,건대,카페 디저트,4.5,45,,,라떼가 정말 맛있어요... 맨날맨날 마시고 싶어요.....
1047206173,보리스카페,건대,카페 디저트,4.5,45,,,"커피는 물론 쿠키 완전 맛집이에요!!
레몬샷 커피 완전 맛나요…👍🤤
쿠키도 다 맛있어요!!!!!!"
693959559,해피니스디저트 건대점,건대,카페 디저트,,250,,,후기 473
693959559,해피니스디저트 건대점,건대,카페 디저트,,250,,,후기 453
693959559,해피니스디저트 건대점,건대,카페 디저트,,250,,,후기 197
693959559,해피니스디저트 건대점,건대,카페 디저트,,250,,,후기 539
693959559,해피니스디저트 건대점,건대,카페 디저트,,250,,,분위기
1999496197,쭈꾸미도사 잠실새내점,잠실,한식,3.9,1954,,,"냉동 삼겹살 과 베트남 쭈꾸미의 콜라보
신라면 맵기도 약간 매워요 쌈싸먹으면 괜츈!
막 두번 세번... 더보기"
1999496197,쭈꾸미도사 잠실새내점,잠실,한식,3.9,1954,,,"대창 쭈꾸미 먹었는데 대창이 진짜 커서 놀랐음..
소맥에 딱 좋고 볶음밥까지 쭉쭉 들어갑니다.
사리도 이것저것 추가할수있고 전... 더보기"
1999496197,쭈꾸미도사 잠실새내점,잠실,한식,3.9,1954,,,"진짜맛있어요.
꼭방문해서
식사하세요."
1999496197,쭈꾸미도사 잠실새내점,잠실,한식,3.9,1954,,,"직원분 친절하시고
쌈싸먹을 수 있어 좋아요
맛있어요"
1999496197,쭈꾸미도사 잠실새내점,잠실,한식,3.9,1954,,,"첨 가봤는데 진짜 존맛이었다 왜 이제야 갔을까,,,, 육전이 진짜 미쳤음 저 위에 올라가있는 시금치가 메인... 들기름 향 미쳤고 저것만 한바가지 먹고싶다
직원분들도 모두 다 엄청 친절하셔서 먹는 내내 행복했... 더보기"
1747047105,후발대 잠실직영점,잠실,한식,4.7,283,,,너무 맛있어서 여러번 방문합니다 ~
1747047105,후발대 잠실직영점,잠실,한식,4.7,283,,,진짜진짜진짜진짜진짜진짜 맛있어요 정말 맛있으니까 꼭 오셔야합니다 여길 왜 안오죠???? 야구보고 후발대는 필수코스아닌가요 사장님도 너무 친절하시고 고기도 맛있어요!!!!! 감자에 바질까지 싸서 먹는 흔치않은 특별한 고깃집입니다 꼭 와보세요
1747047105,후발대 잠실직영점,잠실,한식,4.7,283,,,"습.. 잘 모르겠음 

감자에 왜 허니버터칠을 했... 더보기"
1747047105,후발대 잠실직영점,잠실,한식,4.7,283,,,추천받아서 왔는데 추천해준 이유가 있는거 같아요! 삼겹살 목살 둘 다 먹고싶어서 삼겹살 2인분 목살 1인분 시켰구 둘 다 맛있는데 삼겹살이 조금 더 맛있습니당 ㅎㅎ 직접 구워주시... 더보기
1747047105,후발대 잠실직영점,잠실,한식,4.7,283,,,"다 구워주시고 고기도 괜찮았어요
근데 라면이 너무너무 달아요
쌈채소가 없는 것도 좀 아쉽긴 한데 무난하게 ... 더보기"
1014186276,훈지,잠실,일식,4.9,136,,,기대한만큼 맛있어요! 추천🍀
1014186276,훈지,잠실,일식,4.9,136,,,제가 아부라소바를 진짜 조아하는데 동네에 있던게 사라져서 아쉬웟었는데 새로 생긴 뒤러 가끔 방문하는데 너무 맛있어요 .... 작은 소망이 잇다면 다진마늘 추가 ? 가 가능했음 좋겟어요 그럼 더 맛있을 것 같아서요 !!
1014186276,훈지,잠실,일식,4.9,136,,,"정말 정말 맛있어요. 별점5개가 아쉬울 정도로 별점 10개 주고 싶어요. 

-메뉴-
•아부라소바
•카... 더보기"
1014186276,훈지,잠실,일식,4.9,136,,,"중독되서 주 2회는 기본인..
너무 맛있어요 🥹"
1014186276,훈지,잠실,일식,4.9,136,,,자주 생각나는 맛. 첨에 2번 갔을 땐 왜이렇게 좋은 평이 많지? 하는 생각이 들었는데 그 뒤로 되게 자주 생각 남. 한번도 남긴 적 없음. 라멘의 짠 맛은 잘 못 먹는 제가 이 아부라소바도 첨에 2번은 너무 짰는데 “훈며들어서... 더보기
2097670691,선남씨,잠실,일식,4.2,147,,,"맛있는 초밥과 함께 알탕까지 즐길 수 있는 선남sea!
초밥은 두툼하고 신선해서 한 입 먹을 때마다 행복했어요.
알탕 국물이 진하고 칼칼해... 더보기"
2097670691,선남씨,잠실,일식,4.2,147,,,"밑반찬과 서비스가 좋음
본메뉴는 .."
2097670691,선남씨,잠실,일식,4.2,147,,,"최고의 스페셜 초밥 12P 주문.
장점 : 양이 많고 식전 음식도 푸짐하고 맛있음
단점 : 초밥이라고 하기엔 회 두께가 너무 두껍다는 생각을 했고... 더보기"
2097670691,선남씨,잠실,일식,4.2,147,,,기본 반찬 갱장히 잘나옵니다 음식도 전체적으로 맛있고 친절해요!!
2097670691,선남씨,잠실,일식,4.2,147,,,"⭐️종합운동장역 근처에서
가성비 좋은 코스 맛집 찾고 있다면 추천추천
전복죽으로 시작해서 사시미, 초밥, 전복, ... 더보기"
1770327564,무한리필 홍태관 잠실새내본점,잠실,중식,4.3,83,,,"훠궈 제대로 하는 집 찾음
일단 친절함 100점 만점에 200점
식재료 선도 끝내주고, 비우면 바로... 더보기"
1770327564,무한리필 홍태관 잠실새내본점,잠실,중식,4.3,83,,,사장님 혼자 하시는 것 같은데 친절하시고 훠궈도 넘 맛있어요 ㅠㅠ 💗💗
1770327564,무한리필 홍태관 잠실새내본점,잠실,중식,4.3,83,,,진짜 너무 맛있어요.. 제가 요즘 훠궈 일주일에 4번정도 먹는데 지금껏 먹어본 훠궈 탑3안에 들어갑니다 최고예요 사장님도 계속 필요한거 없는지 물어보시고 엄청 친절하십니다 번창하세요 사장님!!!!
1770327564,무한리필 홍태관 잠실새내본점,잠실,중식,4.3,83,,,"와 2만원에 훠궈무한리필집을 찾아내다니.. 심지어 가게 엄청 깔끔 깨끗하고 사장님 넘 친절하셔요.. 진짜 여기 유명해져서 사람 많아지면 안되는데... 

우삼겹, 양고기, ... 더보기"
1770327564,무한리필 홍태관 잠실새내본점,잠실,중식,4.3,83,,,"위치가 좀 외져서 걱정했는데, 맛도 양도 퀄리티도 굳굳."
17969703,샹하이,잠실,중식,3.7,16,,,말이 필요없는 인생 간짜장 맛집...
17969703,샹하이,잠실,중식,3.7,16,,,잡채밥 짱 맛있고요!! 복짬면에서 복은 그냥 그랬는데 짬뽕은 맛있게 잘 먹었어요!! 짜장면도 먹고 싶었지만 너무 배불러서 못먹었네요 다음에 또 잡채밥 먹고 싶어요
17969703,샹하이,잠실,중식,3.7,16,,,동네에서 자주 들릴 가게 하나 찾았어요
17969703,샹하이,잠실,중식,3.7,16,,,"가격으로 별 5개예요
식당은 오래되었지만 깨끗하네요.
탕짬이 ... 더보기"
17969703,샹하이,잠실,중식,3.7,16,,,"전형적 동네 중국집
괜찮은 맛 적당한 가격

개인적으로 동네서 이리 오... 더보기"
1135861647,미태리 잠실새내점,잠실,양식,4.5,46,,,여기를 이제 알다니;;
1135861647,미태리 잠실새내점,잠실,양식,4.5,46,,,사장님 많이버세요
1135861647,미태리 잠실새내점,잠실,양식,4.5,46,,,스파게티 토마토 크림 둘 다 맛있었고 피자도 괜찮았어요. 양은 적당하고 인스타에 올리고 받은 빵이 맛있었네요. 샐러드 종류가 적어서 아쉽구요. 물과 식기 피클 등을 처음에 세팅을 해주시면 좋겠네요. 안줘서 계속 달라고 해야해서 좀 불편했습니다.
1135861647,미태리 잠실새내점,잠실,양식,4.5,46,,,"가성비가 좋은 식당이에요!
세트로 주문했었는데, 제일 먼저 나온 메뉴는 🍕피자였어요! 주문한 음식 전부다 나올때까지 기다리느라 치즈가 조금... 더보기"
1135861647,미태리 잠실새내점,잠실,양식,4.5,46,,,가성비 진짜 미쳤어요 너무 맛있음 ㅞ 빠네 ㅊㅊ
21328141,도미노피자 잠실본점,잠실,양식,2.4,21,,,"목요일이라 1+1 포장 픽업했다..
직원분들은 너무 친절했고…. 
목요... 더보기"
21328141,도미노피자 잠실본점,잠실,양식,2.4,21,,,"무슨 피자빵보다 빵이 더 두껍냐
밀가루맛 밖에 안나는 피자는 진심 처음입니다"
21328141,도미노피자 잠실본점,잠실,양식,2.4,21,,,"화목할인 개꿀~
포테이토피자를 싫어한다면 절대 베스트 콰트로를 고르지 마... 4개 중에 와일드와일드랑 슈퍼디럭스만 좋았다"
21328141,도미노피자 잠실본점,잠실,양식,2.4,21,,,"직원인지 사장인지 친절이라곤 1도없는곳!!!
무뚝둑한 표정과 언행~~~100%
그리고 토핑에 ... 더보기"
21328141,도미노피자 잠실본점,잠실,양식,2.4,21,,,이벤트행사할때 아무리전화해도 안받아서 결국 25분걸어갔는데 주문이 다차서 주문이어렵다고... 아니그럼 전화를 받던지 미리 알수있게 공지를 해주던지.. ... 더보기
985464745,카페르뽀,잠실,카페 디저트,4.8,11,,,살면서 마셔본 라떼 중에 가장 맛있었어요. 한 모금 마시고 너무 맛있어서 감탄하고 마지막 한 모금까지 벨벳처럼 부드러운 질감이 유지돼서 또 감탄했어요. 진짜 맛있는 커피를 마시고 싶다면 여기입니다.
985464745,카페르뽀,잠실,카페 디저트,4.8,11,,,Very nice owner and good coffee!
985464745,카페르뽀,잠실,카페 디저트,4.8,11,,,숨은 보석같은 곳이에요 ㅎㅎ 커피 너무 맛있고 디저트도 진짜 맛있어요! 인테리어도 감성적이고 사장님도 넘넘 친절하셔서 좋습니다 ㅎㅎ
985464745,카페르뽀,잠실,카페 디저트,4.8,11,,,동네에 이런 빈티지 감성 카페가 생겨서 너무좋아요! 음료랑 디저트도 직접만드셔서 너무맛잇구요
985464745,카페르뽀,잠실,카페 디저트,4.8,11,,,"사장님 친절하셔서 좋았지만, 커피가 그다지 만족스럽지 않았습니다 ㅠㅠ 쌉쌀해요. 호불호가 있을 것 같아요."
17163273,농민백암순대 본점,강남,한식,4.5,1570,,,"맛있어요 💗💗💗
순대국밥 + 술국 섞인 느낌 ❕... 더보기"
17163273,농민백암순대 본점,강남,한식,4.5,1570,,,순대가 약간 아쉽긴하나 서울와서 먹은 국밥중엔 제일 괜찮았음
17163273,농민백암순대 본점,강남,한식,4.5,1570,,,"2026.04.09 방문

평일 점심에 방문하여 웨이팅이 꽤 있었으나 가게가 커서 그렇게 오래 기다리지는 않았다. 국밥에 국물이... 더보기"
17163273,농민백암순대 본점,강남,한식,4.5,1570,,,갈 때마다 웨이팅은 있고 자리도 헬이지만 맛있음.
17163273,농민백암순대 본점,강남,한식,4.5,1570,,,"돼지국밥에 가까운 느낌. 애초에 서울의 순대국은 크게 기대를 안해서..
국물은 깔끔한데 가게 밖에서부터 누린내가 많이 나요"
27531028,중앙해장,강남,한식,4.1,1586,,,"맵고 자극적인 맛은 아니네요
가격은 좀 있지만 양은 아주 많아요"
27531028,중앙해장,강남,한식,4.1,1586,,,"여기가곱전맛집맞아요
아
양념넣기전 육수 깔끔... 더보기"
27531028,중앙해장,강남,한식,4.1,1586,,,"평범한 뚝불
가격값은 못합니당
김치 석박지 맛있듬"
27531028,중앙해장,강남,한식,4.1,1586,,,"해장국 맵찔이에게 매워요
곰탕 맛좋아요
겨자소스 찍어먹기 필수
주차30... 더보기"
27531028,중앙해장,강남,한식,4.1,1586,,,"와 처음에는 요즘 국밥이 1.4만원이라니했는데, 막상 시키니 양(내장 양)이 진짜 퍼도퍼도 끝없이 나오고, 먹으면서 ... 더보기"
7983060,신동궁감자탕뼈숯불구이 역삼직영점,강남,한식,3.4,1319,,,"매콤하니 너무 맛있고
볶음밥도 같이 주문해서 먹으니까 아주 든든했고
같이 주시는 해장국도 아주 칼큼하니 맛있어요!!!"
7983060,신동궁감자탕뼈숯불구이 역삼직영점,강남,한식,3.4,1319,,,"평일에 가서 그런지 안기다리고 먹었어요
생긴겈 약간 감자탕 느낌이었는디 먹어보니까 약간 양념치킨맛?ㅌㅋㅋ 그래도 맛있었움"
7983060,신동궁감자탕뼈숯불구이 역삼직영점,강남,한식,3.4,1319,,,가게가 변한건가. 내 입맛이 변한건가. 예전같은 감동은 없다.
7983060,신동궁감자탕뼈숯불구이 역삼직영점,강남,한식,3.4,1319,,,"감자탕국물 줘서 넘 좋음
평일 퇴근시간대 가면 웨이팅있음
불친절하다는 리뷰보규 긴장했는데 괜찮았음. ... 더보기"
7983060,신동궁감자탕뼈숯불구이 역삼직영점,강남,한식,3.4,1319,,,"우와.. 매콤해서 진짜 맛있다 매운거 좋아하는 사람들에게 강추메뉴 뼈찜!!!! 살코기도많음!!
둘이서 소자 시켜먹었는데 양 많으ㅠㅠ"
7983060,신동궁감자탕뼈숯불구이 역삼직영점,강남,한식,3.4,1319,,,"역시 너무 맛있어요!!
매콤해야 제맛이죠!!
양도 많고 같이 주는 감자탕국물도 굿굿"
7983060,신동궁감자탕뼈숯불구이 역삼직영점,강남,한식,3.4,1319,,,맛의 기준이 뭔지 모르겠는데 바베큐폭립 매운 버전
7983060,신동궁감자탕뼈숯불구이 역삼직영점,강남,한식,3.4,1319,,,"음식은 정말 맛있지만 불친절했습니다.

웨이팅 전화받고 뛰어갔더니 딱 저를 보자마자 “마감이 8시잖아,, 메뉴 뭐?”, 거기다 닦다... 더보기"
7983060,신동궁감자탕뼈숯불구이 역삼직영점,강남,한식,3.4,1319,,,"뼈찜 땡길때 여기가면 항상 만족
볶음밥 무조건 시켜서 같이 먹어줘야됨"
7983060,신동궁감자탕뼈숯불구이 역삼직영점,강남,한식,3.4,1319,,,"국물이 너무 맛있는데 명동점이 더 맛있어요
맵찔이분들은 조심하셔요(맵찔이 친구 설사 파티)
그나저나 앞치마가 너무 더러워요 ㅠㅠ"
7983060,신동궁감자탕뼈숯불구이 역삼직영점,강남,한식,3.4,1319,,,"선릉점도 가봤었는데 맛은 비슷하다

난 매운거 좋아해서 그런가 불맛도 나고 맛있는데, 같이 갔던 사람들은 진심 죽... 더보기"
7983060,신동궁감자탕뼈숯불구이 역삼직영점,강남,한식,3.4,1319,,,맛있는데 웨이팅이 .. ㅠㅅㅠ
7983060,신동궁감자탕뼈숯불구이 역삼직영점,강남,한식,3.4,1319,,,뼈구이  말고는 안파는듯 ㄷㄷ 반강요..
7983060,신동궁감자탕뼈숯불구이 역삼직영점,강남,한식,3.4,1319,,,"가끔씩 생각나는 뼈구이
양념이 숯불치킨느낌나면서 맛있고 볶음밥도 맛있음
웨이팅이 있어서... 더보기"
7983060,신동궁감자탕뼈숯불구이 역삼직영점,강남,한식,3.4,1319,,,분위기
7983060,신동궁감자탕뼈숯불구이 역삼직영점,강남,한식,3.4,1319,,,사진/영상 후기만 보기
7983060,신동궁감자탕뼈숯불구이 역삼직영점,강남,한식,3.4,1319,,,2026.04.20.
7983060,신동궁감자탕뼈숯불구이 역삼직영점,강남,한식,3.4,1319,,,2026.02.21.
7983060,신동궁감자탕뼈숯불구이 역삼직영점,강남,한식,3.4,1319,,,2026.01.03.
7983060,신동궁감자탕뼈숯불구이 역삼직영점,강남,한식,3.4,1319,,,2025.10.21.
7983060,신동궁감자탕뼈숯불구이 역삼직영점,강남,한식,3.4,1319,,,2025.09.12.
7983060,신동궁감자탕뼈숯불구이 역삼직영점,강남,한식,3.4,1319,,,2025.08.26.
7983060,신동궁감자탕뼈숯불구이 역삼직영점,강남,한식,3.4,1319,,,2025.06.24.
7983060,신동궁감자탕뼈숯불구이 역삼직영점,강남,한식,3.4,1319,,,2025.06.15.
7983060,신동궁감자탕뼈숯불구이 역삼직영점,강남,한식,3.4,1319,,,2025.06.12.
7983060,신동궁감자탕뼈숯불구이 역삼직영점,강남,한식,3.4,1319,,,2025.06.03.
7983060,신동궁감자탕뼈숯불구이 역삼직영점,강남,한식,3.4,1319,,,2025.05.18.
7983060,신동궁감자탕뼈숯불구이 역삼직영점,강남,한식,3.4,1319,,,2025.05.08.
7983060,신동궁감자탕뼈숯불구이 역삼직영점,강남,한식,3.4,1319,,,2025.04.26.
7983060,신동궁감자탕뼈숯불구이 역삼직영점,강남,한식,3.4,1319,,,2025.03.25.
7983060,신동궁감자탕뼈숯불구이 역삼직영점,강남,한식,3.4,1319,,,2025.03.22.
7983060,신동궁감자탕뼈숯불구이 역삼직영점,강남,한식,3.4,1319,,,2025.02.26.
7983060,신동궁감자탕뼈숯불구이 역삼직영점,강남,한식,3.4,1319,,,2025.02.09.
7983060,신동궁감자탕뼈숯불구이 역삼직영점,강남,한식,3.4,1319,,,2025.01.31.
7983060,신동궁감자탕뼈숯불구이 역삼직영점,강남,한식,3.4,1319,,,2025.01.26.
2073285111,신사모소리,강남,한식,4.3,250,,,"가봐야지~ 생각만 하다가 방문함
직원분들 모두 친절하고 모소리살 맛있음
회식하기 괜찮은듯~ 얘기하기엔 다소 시끄러움"
2073285111,신사모소리,강남,한식,4.3,250,,,모소리 전지점이 다 맛있는데 여기가 가장 깔끔하고 맛있는거 같아요~! 신사 맛집
2073285111,신사모소리,강남,한식,4.3,250,,,"뭔가옛날보다 다들 친절해지심..근데다른지점 가격을 본이상,,"
2073285111,신사모소리,강남,한식,4.3,250,,,"하~  조타!

카스맛집 모소리!  다음주에 또 올게요"
2073285111,신사모소리,강남,한식,4.3,250,,,"분위기도 밝고  감성도 죽이고 특히 불판 ㄷㄷ
숯불이라  불맛도  가오리 내취향  
또 방문의사 있어요!!!"
2073285111,신사모소리,강남,한식,4.3,250,,,"우선 직원분들이 매우 친절하심.너무 착함.
하지만,
솔직히 기대에 비해 많이 실망 애매했다.
이걸 먹을거면 삼겹살을... 더보기"
2073285111,신사모소리,강남,한식,4.3,250,,,"맛있고 친절한데 가격은 조금 있는편
식당의 분위기도 활기차고 좋아요"
2073285111,신사모소리,강남,한식,4.3,250,,,추울때 뜨끈한 매실차 넘 감동적이었고 찌개랑 볶음밥 맛났어요
2073285111,신사모소리,강남,한식,4.3,250,,,"매번 가는 고깃집이 질릴때는 모소리로
고기보다도 양배추가 미쳤음"
2073285111,신사모소리,강남,한식,4.3,250,,,삼겹살이 최고다
2073285111,신사모소리,강남,한식,4.3,250,,,고기가 맛있습니다. 방문객이 많아 좀 소란스럽고 웨이팅이 있을 수 있지만 그런걸 감안하더라도 괜찮음.
2073285111,신사모소리,강남,한식,4.3,250,,,"비오는날 정신이 없었는지
남은건 메뉴판 사진뿐...

직원... 더보기"
2073285111,신사모소리,강남,한식,4.3,250,,,직원들 친절하고 밑반찬 고기….사이드메뉴까지 다 맛있어요.
2073285111,신사모소리,강남,한식,4.3,250,,,식감 너무 쫄깃하고 하이볼 너무 잘 말아주셧어요!! 짜글이까지 완벽했습니다 😍
2073285111,신사모소리,강남,한식,4.3,250,,,"진짜 친절함 끝판왕.. 너무 잘먹고 갑니다ㅠㅠㅠㅠㅠ 동네에도 모소리 있어서 자주 가는데 본점은
본점이네요.. 맛과 친절함에 감동 무한대로 받고 갑니다♥️♥️"
2073285111,신사모소리,강남,한식,4.3,250,,,"모소리 모듬으로 먹음, 특수부위 집들중에는 상당히 맛있는편, 고기퀄이 훌륭하다. 양배추 무침도 짭짤하니 조화가 훌륭함. 짜글이밥은 너무 달아서 입맛에 안맞았음. 특수부위치고 비싸지만 이 근방 상권에선 가성비 괜찮다 생각함."
2073285111,신사모소리,강남,한식,4.3,250,,,모소리 가오리 뭔 다른것도 다 먹어봣는데 껍데기랑 모소리살(지방 통통)이 제일 맛있었어요!! 근데 솔직히 진짜 다맛잇슴
2073285111,신사모소리,강남,한식,4.3,250,,,모소리 한판 좋습니다👍👍
2073285111,신사모소리,강남,한식,4.3,250,,,맛있고 친절해요 왕추천
2073285111,신사모소리,강남,한식,4.3,250,,,"맛도리~!
항정살 좋아하는 분이라면 모소리살 좋아할 확률 499프로"
2073285111,신사모소리,강남,한식,4.3,250,,,분위기
2073285111,신사모소리,강남,한식,4.3,250,,,가성비
2073285111,신사모소리,강남,한식,4.3,250,,,사진/영상 후기만 보기
2073285111,신사모소리,강남,한식,4.3,250,,,2026.02.17.
2073285111,신사모소리,강남,한식,4.3,250,,,2025.11.15.
2073285111,신사모소리,강남,한식,4.3,250,,,2025.05.06.
2073285111,신사모소리,강남,한식,4.3,250,,,2025.04.18.
2073285111,신사모소리,강남,한식,4.3,250,,,2025.04.17.
2073285111,신사모소리,강남,한식,4.3,250,,,2025.04.01.
2073285111,신사모소리,강남,한식,4.3,250,,,2025.02.07.
2073285111,신사모소리,강남,한식,4.3,250,,,2024.12.28.
2073285111,신사모소리,강남,한식,4.3,250,,,2024.09.16.
2073285111,신사모소리,강남,한식,4.3,250,,,2024.04.19.
2073285111,신사모소리,강남,한식,4.3,250,,,2023.10.04.
2073285111,신사모소리,강남,한식,4.3,250,,,2023.09.10.
2073285111,신사모소리,강남,한식,4.3,250,,,2023.06.29.
2073285111,신사모소리,강남,한식,4.3,250,,,2023.06.17.
2073285111,신사모소리,강남,한식,4.3,250,,,2023.05.10.
2073285111,신사모소리,강남,한식,4.3,250,,,2023.04.06.
2073285111,신사모소리,강남,한식,4.3,250,,,2023.03.23.
2073285111,신사모소리,강남,한식,4.3,250,,,2023.02.01.
2073285111,신사모소리,강남,한식,4.3,250,,,2022.11.14.
13092552,뉴만두집,강남,한식,3.9,540,,,"너무 맛있어요 ㅠㅠ
빈대떡 고추전 반반 돼요!! 인수 적으면 그렇게 드세요들"
13092552,뉴만두집,강남,한식,3.9,540,,,"칼칼한 김치국물같은 느낌
속이 꽉찬 만두, 숙주, 배추의 아삭함이 살아있으면서 
간이 알맞게 있어 복잡하지 않은 재료에 다양한 식감과 맛이... 더보기"
13092552,뉴만두집,강남,한식,3.9,540,,,맛있지만 특별한 맛은 모르겠어요 그리고 가격이 너무 비싸요….
13092552,뉴만두집,강남,한식,3.9,540,,,"깔끔하게 맛있고 이런 만두국은 흔하지 않아서 좋지만 
비싸긴하다.."
13092552,뉴만두집,강남,한식,3.9,540,,,"개운하면서 칼칼한 국물이 아주 맛있어요. 하지만 16,000원이란 금액에도 흔한 고명 하나 없이 나와서 아쉬웠고 만두 속의 두부 함량이 적은지 뻑뻑해서 크게 인상적이지는 않았어요."
13092552,뉴만두집,강남,한식,3.9,540,,,"성의없어 보이지만 신기하게 맛있는 만두국
국물 간이 정말 적절하다. 국물이랑 만두랑 같이 먹어도 맛있고 간장이랑 먹... 더보기"
13092552,뉴만두집,강남,한식,3.9,540,,,"만두국 계의 평냉!!

이북식답게 만두국도 반찬도 슴슴하... 더보기"
13092552,뉴만두집,강남,한식,3.9,540,,,유명해서 전부터 궁금하던 차에 근처 지나다 들렸습니다. 전체적으로 굉장히 슴슴하고 투박하지만 깔끔한 맛! 만두피는 두껍지만 쫄깃하고 소는 꽉 찼는데 잡 맛 없이 깔끔해요! 조미가 거의 안 돼있어서 재료맛... 더보기
13092552,뉴만두집,강남,한식,3.9,540,,,"⭐️⭐️⭐️⭐️⭐️

만둣국은 감칠맛이 매우 좋습니다. 무슨 만둣국에 건더기도 없이 만두만 덜렁 들어가는데 이 가격이지? 싶을 수 있지만 충분히 납득 가... 더보기"
13092552,뉴만두집,강남,한식,3.9,540,,,만두가 완전 근본 그 자체라고 생각되는데 그렇다고 재방문 의사는 없음
13092552,뉴만두집,강남,한식,3.9,540,,,허허… 언제 다먹고 나가나 기다리시며 눈치주셔서 맘편히 못먹음..ㅜ 만두피는 왤케 두꺼운걸까 …. 내가 만두알못인걸까….. 빨리먹고 나가기는 조아요 ! 회전율 굿굿. 다른건 뱉. 왜 미슐랭?!?!??!?!!
13092552,뉴만두집,강남,한식,3.9,540,,,슴슴하면서 짭잘한 멸치 베이스?의 고추가루 국물 같다. 만두도 피 두껍고 고기 소를 두툼하게 넣어서 뭉탱이로 엉성하게 빚어줬다. 가게가 두 개인데 한 쪽에서 만두를 빚고 국물 가져와서 서브해주신다. 일단 ... 더보기
13092552,뉴만두집,강남,한식,3.9,540,,,언제가도 실망시키지 않는 늘 맛있는 맛. 직원분들도 친절하게 손님들을 대해줘서 좋음. 만둣국은 한그릇만 시켰는데 센스있게 알아서 둘로 나눠서 담아오심. 빈대떡과 고추전은 섞어서 주문 가능.
13092552,뉴만두집,강남,한식,3.9,540,,,"슴슴한 만둣국이라고 해서 가봤음
간은 생각보다 있었고
국... 더보기"
13092552,뉴만두집,강남,한식,3.9,540,,,"만두피 두툼하니 맛있네요. 수제비에 만두소 싸 먹듯 쫀득히 씹히는 밀가루 반죽 맛이 좋았습니다. 숙주, 두부, 고기 향이 전부 제각각 강하면서 잘 조화된 맛입니다. 초밥에도 ... 더보기"
13092552,뉴만두집,강남,한식,3.9,540,,,"가게 위치가 좀 어려웠고, 오랜시간은 아니지만 웨이팅이 있었습니다. 가게 내부가 살짝 혼잡해서 정신없었지만 슴슴하면서 깔끔하고 시원한 국물에 ... 더보기"
13092552,뉴만두집,강남,한식,3.9,540,,,"국물에서 떡볶이 맛이 나요 신기
고추전보다는 녹두전이 더 맛납니다
하나에 만두 여섯개 나오니까 두명이서 가시는 분들은... 더보기"
13092552,뉴만두집,강남,한식,3.9,540,,,"맛있고 가끔 생각나는 맛이에요, 근데 15000원?은 좀 비싼거 같아요. 그리구 주인할머니랑 지배인 이라시던 할머니 너무 불친절하고 불쾌해요. 이것때매 다시 갈지 모르겠어요."
13092552,뉴만두집,강남,한식,3.9,540,,,"워낙 유명하길래 궁금해서 방문했습니다.
궁금증은 해결됐는데... 기대가 너무 컸던 건지 솔직히 가격대비 맛은 잘 모르겠어요.
만두국 ... 더보기"
13092552,뉴만두집,강남,한식,3.9,540,,,분위기
13092552,뉴만두집,강남,한식,3.9,540,,,가성비
13092552,뉴만두집,강남,한식,3.9,540,,,사진/영상 후기만 보기
13092552,뉴만두집,강남,한식,3.9,540,,,2026.04.24.
13092552,뉴만두집,강남,한식,3.9,540,,,2026.01.28.
13092552,뉴만두집,강남,한식,3.9,540,,,2026.01.23.
13092552,뉴만두집,강남,한식,3.9,540,,,2026.01.04.
13092552,뉴만두집,강남,한식,3.9,540,,,2025.12.17.
13092552,뉴만두집,강남,한식,3.9,540,,,2025.10.22.
13092552,뉴만두집,강남,한식,3.9,540,,,2025.10.14.
13092552,뉴만두집,강남,한식,3.9,540,,,2025.10.03.
13092552,뉴만두집,강남,한식,3.9,540,,,2025.08.02.
13092552,뉴만두집,강남,한식,3.9,540,,,2025.05.31.
13092552,뉴만두집,강남,한식,3.9,540,,,2025.05.19.
13092552,뉴만두집,강남,한식,3.9,540,,,2025.02.04.
13092552,뉴만두집,강남,한식,3.9,540,,,2024.10.29.
13092552,뉴만두집,강남,한식,3.9,540,,,2024.09.26.
13092552,뉴만두집,강남,한식,3.9,540,,,2024.07.31.
13092552,뉴만두집,강남,한식,3.9,540,,,2024.06.28.
13092552,뉴만두집,강남,한식,3.9,540,,,2024.05.26.
13092552,뉴만두집,강남,한식,3.9,540,,,2024.04.13.
13092552,뉴만두집,강남,한식,3.9,540,,,2024.03.09.
13092552,뉴만두집,강남,한식,3.9,540,,,2024.02.16.
12418029,을밀대 강남점,강남,한식,3.6,376,,,"맛은 다른 평양냉면에 비해 특별하다는 생각은 안들었어요. 
그에 비해 가격이 비싸다는 생각이 들었습니다."
12418029,을밀대 강남점,강남,한식,3.6,376,,,"서울 올라오고나서 평양냉면은 처음 맛본다
정말 처음 먹어보는 냉면 맛인듯
첨이라 그런지 이게 맛있는건지 없느건지 오묘한... 더보기"
12418029,을밀대 강남점,강남,한식,3.6,376,,,"Hmmmmm
살얼음있는 평냉은 처음입니다
국물을 벌컥벌컥 마시기 힘들어서 살얼음 불호

소 뿐만아니라 약간... 더보기"
12418029,을밀대 강남점,강남,한식,3.6,376,,,그냥 최악 이 퀄리티 수육 소자 50000원 말이 안 되고 면도 메밀맛 1도 안 납니다. 음식에 돈 잘 쓰고 맛있으면 비싸다는 말 안 하는데 이건 파시면 안 되는 음식을 파는 것 같아요. 평양냉면이 자주... 더보기
12418029,을밀대 강남점,강남,한식,3.6,376,,,평냉 처음도전기 데이터가없어 4점 드립니다
12418029,을밀대 강남점,강남,한식,3.6,376,,,맛있어요 재방문 의사 있습니다
12418029,을밀대 강남점,강남,한식,3.6,376,,,"뭔가 내안의 근본....평냉
강남에 거의유일하기땨문에 망하면안됨"
12418029,을밀대 강남점,강남,한식,3.6,376,,,"혈중평양농도가 떨어졌을 때 빠르게 수혈할 수 있는 곳. 강남에 여기가 남아있어서 다행이다.

수정- 2025.09.09
돌고 돌아 결국 여기다.... 더보기"
12418029,을밀대 강남점,강남,한식,3.6,376,,,나 평냉 좋아하나
12418029,을밀대 강남점,강남,한식,3.6,376,,,"처음엔 그냥그랬는데 
먹다보면 고기육수가 진하게 올라와서 맛있게 먹었어용"
12418029,을밀대 강남점,강남,한식,3.6,376,,,비냉 진짜 노맛입니다. 비냉은 절대 먹지마세요.
12418029,을밀대 강남점,강남,한식,3.6,376,,,베스트는 아니지만…. 무난한 평냉집
12418029,을밀대 강남점,강남,한식,3.6,376,,,"2번째 평냉 경험
을밀대 본점 평냉이 괜찮다는 이야기를 듣고 강남점 또한 기대하고 방문하였으나 개인적으로 실패.
일단 물냉의 육수는 육향 특유... 더보기"
12418029,을밀대 강남점,강남,한식,3.6,376,,,역시 을밀대!!
12418029,을밀대 강남점,강남,한식,3.6,376,,,예전에 비해서 맛이 새콤해지고 가벼워짐
12418029,을밀대 강남점,강남,한식,3.6,376,,,평냉 초보자도 맛있게 먹을 을밀대 😻
12418029,을밀대 강남점,강남,한식,3.6,376,,,"맛 별로 서비스도 별로임 먹어본 평냉집 중에 특별한 맛은 아니었고 비냉은 진짜 별로였음 그냥 양념만 많이 뿌린다고 맛있는 것도 아닌데 밸런스가 안 맞음 다신 안 갈 것 같음
10시... 더보기"
12418029,을밀대 강남점,강남,한식,3.6,376,,,변햇니
12418029,을밀대 강남점,강남,한식,3.6,376,,,"최고의 해장음식
그만 올라라 🙌"
12418029,을밀대 강남점,강남,한식,3.6,376,,,"거냉…! 을 시키는 것이 참 중요한 집이죠.. 
처음 가서 물냉면 시켰을때와는 차원이 다른 맛입니다.. 
가격이 좀 있지만 양이 많습니다 그래서인지 ... 더보기"
12418029,을밀대 강남점,강남,한식,3.6,376,,,분위기
12418029,을밀대 강남점,강남,한식,3.6,376,,,사진/영상 후기만 보기
12418029,을밀대 강남점,강남,한식,3.6,376,,,2026.05.01.
12418029,을밀대 강남점,강남,한식,3.6,376,,,2026.03.07.
12418029,을밀대 강남점,강남,한식,3.6,376,,,2026.01.01.
12418029,을밀대 강남점,강남,한식,3.6,376,,,2025.12.16.
12418029,을밀대 강남점,강남,한식,3.6,376,,,2025.10.09.
12418029,을밀대 강남점,강남,한식,3.6,376,,,2025.10.08.
12418029,을밀대 강남점,강남,한식,3.6,376,,,2025.09.16.
12418029,을밀대 강남점,강남,한식,3.6,376,,,2025.09.09.
12418029,을밀대 강남점,강남,한식,3.6,376,,,2025.09.05.
12418029,을밀대 강남점,강남,한식,3.6,376,,,2025.09.03.
12418029,을밀대 강남점,강남,한식,3.6,376,,,2025.07.29.
12418029,을밀대 강남점,강남,한식,3.6,376,,,2025.05.09.
12418029,을밀대 강남점,강남,한식,3.6,376,,,2025.03.22.
12418029,을밀대 강남점,강남,한식,3.6,376,,,2025.03.15.
12418029,을밀대 강남점,강남,한식,3.6,376,,,2025.03.03.
12418029,을밀대 강남점,강남,한식,3.6,376,,,2025.02.27.
12418029,을밀대 강남점,강남,한식,3.6,376,,,2024.12.21.
12418029,을밀대 강남점,강남,한식,3.6,376,,,2024.10.05.
12418029,을밀대 강남점,강남,한식,3.6,376,,,2024.08.12.
12418029,을밀대 강남점,강남,한식,3.6,376,,,2024.08.02.
14569639,이도곰탕 본점,강남,한식,4.1,363,,,맛있어요👍
14569639,이도곰탕 본점,강남,한식,4.1,363,,,"•방문일자: 2025년 9월
•주문메뉴: 곰탕 쌀면곰탕 수육
•맛/가격: 더하고 뺄 필요없이 딱 간이 맞게 나오는 육수는 걸쭉하지 않지만 진하면서도 잡내가 없다. 기본 곰탕은 ... 더보기"
14569639,이도곰탕 본점,강남,한식,4.1,363,,,깔끔하고 맑은 국물🤗 한입 하자마자 전날 술을 마시고 올 걸 후회했읍니다..최고 보양 하구갑니당☺️☺️
14569639,이도곰탕 본점,강남,한식,4.1,363,,,"탕은 굿
김치는 맛없음
종가집/비비고 김치가 훨 맛있음"
14569639,이도곰탕 본점,강남,한식,4.1,363,,,"맛있어요~ 곰탕에서 고기 잡내 안나고 밥 or 쌀국수 메뉴가 각각 있어서 좋앗어요.
명태회무침도 별미에여"
14569639,이도곰탕 본점,강남,한식,4.1,363,,,국물이 좋아요 주변에 있다면 추천할 식당
14569639,이도곰탕 본점,강남,한식,4.1,363,,,"화장실에 비누비치 : O
위생 : O
맛 : 굿
특이사항 :노포 분위기인데 큰 볼륨의 발... 더보기"
14569639,이도곰탕 본점,강남,한식,4.1,363,,,맥주파인 아버지와 처음으로 소주한잔 했습니다..
14569639,이도곰탕 본점,강남,한식,4.1,363,,,"깔끔한 국물의 토렴식 곰탕. 양지를 사용했고, 간이 살짝 강해 추가적인 조미료가 필요없다."
14569639,이도곰탕 본점,강남,한식,4.1,363,,,"밥이 말아져서 나오는 곰탕입니다!
간은 제 입맛엔 좀 센 편이었으나 짠 것까진 아니었어요
맛있었습니다!"
14569639,이도곰탕 본점,강남,한식,4.1,363,,,"특먹었음 
맛은 무척 깔끔한맛
가격이 있어서 가성비는 떨어지는... 더보기"
14569639,이도곰탕 본점,강남,한식,4.1,363,,,"아조씨 역삼 탐방,,
강남,, 전통의 곰탕집,,, 방문,,,

좋은 점: 주차 공간 넓고,,, 가게도 넓고,,, 식사하기,,... 더보기"
14569639,이도곰탕 본점,강남,한식,4.1,363,,,"슴슴하면서 담백한 맛, 깔끔하며 육향이 잘 나서 좋았다. 추운 겨울에 해장으로 든든하게 먹었다. 
밥이 말아져 나와서 밥알에 육수가 잘 배었다.... 더보기"
14569639,이도곰탕 본점,강남,한식,4.1,363,,,완전 불친절하네요.. 바쁘다고 손님 째려보고 짜증내셔서 기분이 너무 나빠요
14569639,이도곰탕 본점,강남,한식,4.1,363,,,하동관 생각나는 집. 음식 빨리 나와서 회전율 매우 빠르고 웨이팅 금방 빠져요. 하동관에 비해 간은 좀 쎕니다. 근데 곰탕 고기는 더 맛있음.
14569639,이도곰탕 본점,강남,한식,4.1,363,,,"* 재방문의사 있음.
1)주차는 vallet, 요금 3,000원
2)한우수육 49,000원
- 처음 나왔을 때 양이... 더보기"
14569639,이도곰탕 본점,강남,한식,4.1,363,,,"국밥을 별로 안 좋아하는데 담백하니 맛있더라구여 반찬도 금방금방 가져다 주시고요. 명태회무침도 먹었는데 양이 좀 적은게 아쉽네요. 추가로 주차는 식당 이용객에 한해서 무료로 해줘야 하는게 아닌가요..ㅠ 3000원 받는거 너무 합니다,,"
14569639,이도곰탕 본점,강남,한식,4.1,363,,,"수육에 맥주 한 잔. 
마지막에 장국수 사리 추가 추천해요.
곰탕은 최근 가격 추이를 보면 무난한 편이고 맛도 무난."
14569639,이도곰탕 본점,강남,한식,4.1,363,,,맛있어요 김치도 맛있어요
14569639,이도곰탕 본점,강남,한식,4.1,363,,,분위기
14569639,이도곰탕 본점,강남,한식,4.1,363,,,사진/영상 후기만 보기
14569639,이도곰탕 본점,강남,한식,4.1,363,,,2025.09.12.
14569639,이도곰탕 본점,강남,한식,4.1,363,,,2025.08.19.
14569639,이도곰탕 본점,강남,한식,4.1,363,,,2025.07.20.
14569639,이도곰탕 본점,강남,한식,4.1,363,,,2025.07.10.
14569639,이도곰탕 본점,강남,한식,4.1,363,,,2025.02.16.
14569639,이도곰탕 본점,강남,한식,4.1,363,,,2025.01.25.
14569639,이도곰탕 본점,강남,한식,4.1,363,,,2025.01.19.
14569639,이도곰탕 본점,강남,한식,4.1,363,,,2025.01.11.
14569639,이도곰탕 본점,강남,한식,4.1,363,,,2025.01.09.
14569639,이도곰탕 본점,강남,한식,4.1,363,,,2024.12.20.
14569639,이도곰탕 본점,강남,한식,4.1,363,,,100
14569639,이도곰탕 본점,강남,한식,4.1,363,,,2024.12.19.
14569639,이도곰탕 본점,강남,한식,4.1,363,,,2024.12.15.
14569639,이도곰탕 본점,강남,한식,4.1,363,,,2024.11.02.
14569639,이도곰탕 본점,강남,한식,4.1,363,,,2024.10.09.
14569639,이도곰탕 본점,강남,한식,4.1,363,,,2024.09.28.
14569639,이도곰탕 본점,강남,한식,4.1,363,,,2024.08.24.
14569639,이도곰탕 본점,강남,한식,4.1,363,,,2024.06.22.
14569639,이도곰탕 본점,강남,한식,4.1,363,,,2024.05.22.
1511737742,돝고기506,강남,한식,3.5,323,,,"고기 대박!!
직원분이 가게에 대해
친절히 설명해 주셔서 좋았어요... 더보기"
1511737742,돝고기506,강남,한식,3.5,323,,,"맛있어요~
직원분들이 너무 친절해여엉~"
1511737742,돝고기506,강남,한식,3.5,323,,,첫 방문이였는데 구워주시는분이 맛있게 잘 구워주셨습니다 다음에 또 방문 할게요 ㅎㅎ
1511737742,돝고기506,강남,한식,3.5,323,,,"이전하고 다시 방문했습니다
숙성육은 여전히 맛있었고 특히 볶음밥은 꼭드세요!"
1511737742,돝고기506,강남,한식,3.5,323,,,식사전에 서버분에게 팁 먼저 드리고 부틱 드린다했는데 고기 다굽고 반찬 리필 부탁 드리니 그이후로 테이블 방문 안함 다른 직원분께도 반찬 리필 부탁 했는데 식사 끝날때까지 반찬 안왔네요 맛은 쏘쏘 했... 더보기
1511737742,돝고기506,강남,한식,3.5,323,,,무난~ 넓어보였는데 생각보다 좀 너무 정신이 없긴하네요
1511737742,돝고기506,강남,한식,3.5,323,,,가격에 비해ㅠ
1511737742,돝고기506,강남,한식,3.5,323,,,"웬만하면 806은 ... 진짜 꼬리꼬리한거 좋아하시는
분만
드세요"
1511737742,돝고기506,강남,한식,3.5,323,,,"육즙이 풍부하며 부드러움 최강!
초벌해서 테이블에서 쎈 불에 살짝 구워 딱~
고기 맛과 질은 좋으나 반찬이나 사이드의 밸런스가 아쉬움 고기를 더 ... 더보기"
1511737742,돝고기506,강남,한식,3.5,323,,,"삼겹살 별로… 질겨요ㅠ 딱딱
목살이 훠어얼씬 맛있었어요
또 갈 거 ... 더보기"
1511737742,돝고기506,강남,한식,3.5,323,,,음 다 너무 어중간해요 맛있는것도 아니고 싼것도 아니고 분위기가 좋은것도 아니고 친절한것도 아니고 구성 자체도 그냥 여기저기서 인기있는 메뉴 모은 느낌..
1511737742,돝고기506,강남,한식,3.5,323,,,삼겹살은 지방과 살코기 비율이 기가 막히게 좋아서 느끼하지도 않고 맛있게 잘 먹었어요. 한 점 먹는 순간 이 곳의 인기 많을 수 밖에 없겠구나 하고 인정하게 되더라구요. 목살... 더보기
1511737742,돝고기506,강남,한식,3.5,323,,,"룸이있어서 너무좋아요 룸티는 붙지만ᆢ
고기 맛있어요^^"
1511737742,돝고기506,강남,한식,3.5,323,,,"오후 5시쯤 방문 했는데 테이블 당 1인분씩만 시킬 수 있다는 삼겹살은 이미 품절이었다. 그래서 일반 목살, 삼겹살 이렇게 주문했는데, 목살은 생각보다 기름기와 육즙이 많아서 신기했고, 적당히 맛... 더보기"
1511737742,돝고기506,강남,한식,3.5,323,,,"진짜... 진짜 맛있습니다... 숙성해서 그런가? 육즙이 미쳤고, 황홀해 미치는 줄 ㅠ 가격에 비해 양이 적긴 해서 회식장소로 오면 좋을 것 같습니다..ㅎㅎ 트러플볶음밥도 진짜 추천합니다. 트러플 향이 솔솔 나고 치즈도 듬뿍. 존.맛."
1511737742,돝고기506,강남,한식,3.5,323,,,정말 맛있었어요! 가격이 사악하지만 또 가고싶습니다ㅠ
1511737742,돝고기506,강남,한식,3.5,323,,,"고기가 좋고 숙성도 잘되어있어서 너무 맛있었습니다!

볶음밥은 보는재미도 있고 고르곤졸라 맛이여서 좋았어요"
1511737742,돝고기506,강남,한식,3.5,323,,,불이 너무 뜨거워서 고기가 빨리 읽는데 항정살과 늑간살 특수 부위는 안구워주는 고기라고 합니다.  참고하세요.  고기 못 굽는 편이라 고기 뜨거운데 고기 뒤집느라고 고기 구울 때 제대로 먹지 못하고 연기도 ... 더보기
1511737742,돝고기506,강남,한식,3.5,323,,,"비싸긴 진짜 비싸네요
치즈볶음밥 맛있어요 고기도 괜찮고 근데 넘비쌈"
1511737742,돝고기506,강남,한식,3.5,323,,,분위기
1511737742,돝고기506,강남,한식,3.5,323,,,사진/영상 후기만 보기
1511737742,돝고기506,강남,한식,3.5,323,,,2026.02.21.
1511737742,돝고기506,강남,한식,3.5,323,,,2026.02.20.
1511737742,돝고기506,강남,한식,3.5,323,,,2026.02.11.
1511737742,돝고기506,강남,한식,3.5,323,,,2025.12.13.
1511737742,돝고기506,강남,한식,3.5,323,,,2025.12.10.
1511737742,돝고기506,강남,한식,3.5,323,,,2025.07.19.
1511737742,돝고기506,강남,한식,3.5,323,,,2025.03.30.
1511737742,돝고기506,강남,한식,3.5,323,,,2024.05.18.
1511737742,돝고기506,강남,한식,3.5,323,,,2024.04.18.
1511737742,돝고기506,강남,한식,3.5,323,,,2024.02.17.
1511737742,돝고기506,강남,한식,3.5,323,,,2024.02.14.
1511737742,돝고기506,강남,한식,3.5,323,,,2024.01.27.
1511737742,돝고기506,강남,한식,3.5,323,,,2023.09.10.
1511737742,돝고기506,강남,한식,3.5,323,,,2023.08.26.
1511737742,돝고기506,강남,한식,3.5,323,,,2023.05.05.
1511737742,돝고기506,강남,한식,3.5,323,,,2023.03.11.
1511737742,돝고기506,강남,한식,3.5,323,,,2023.02.04.
1511737742,돝고기506,강남,한식,3.5,323,,,2022.11.25.
27261403,능라도 강남점,강남,한식,3.8,246,,,"2.5점
- 굳이 따지자면 더 슴슴쪽 스타일
평소에 평냉 좋아하는사람이면 괜찮지만 평냉 처... 더보기"
27261403,능라도 강남점,강남,한식,3.8,246,,,"와 진짜 비싸긴한데 어복쟁반 진짜 넘 맛났습니다! 
백목이버섯 노루궁둥이버섯 등 좋은 버섯들도 있고, 쑥갓이 주에다가, 와 고기가 진짜 도톰한테 녹는다싶고 ... 더보기"
27261403,능라도 강남점,강남,한식,3.8,246,,,"어복쟁반 왤케 맛있지
온면보다는 냉면이 더 맛남
만두도 안짜고 맛... 더보기"
27261403,능라도 강남점,강남,한식,3.8,246,,,어복쟁반을 처음 먹어봤다. 쑥갓이 대부분이고 그위에 고기가 몇점 얹어져있는데 11만원.. 너무하다. 쑥갓향이 너무 쎄서 다른 음식 맛은 약하다. 만두랑 육회 녹두지짐이는 맛있었다. 서빙은 약간 어설프다. 친절한 느낌은 아님.
27261403,능라도 강남점,강남,한식,3.8,246,,,가격이 높아서 그렇지 국물도 면도 다 맛있게 잘 먹었습니다!!!! 이제는 평냉 16000원 만두 반접시 3알 9000원 입니다!!!
27261403,능라도 강남점,강남,한식,3.8,246,,,맛은 있는데 가격이 이제 1.6이라서 흠.... 그래도 가끔은 올지도? 육향 진하고염도 적당하고 입에 딱 맞긴 했어용
27261403,능라도 강남점,강남,한식,3.8,246,,,"평냉치고 생각보다 맛있었어요!!
재방문의사 있음!!"
27261403,능라도 강남점,강남,한식,3.8,246,,,지단이 독특한 맛있는 평양냉면
27261403,능라도 강남점,강남,한식,3.8,246,,,"특색있는 맛은 아니지만 무난하게 먹을만함
계란 지단 올라간 평냉은 처음인데 생각보다 괜찮았다"
27261403,능라도 강남점,강남,한식,3.8,246,,,나쁘지않은 평냉
27261403,능라도 강남점,강남,한식,3.8,246,,,너무 맛있다.
27261403,능라도 강남점,강남,한식,3.8,246,,,음식 다 맛있어요!! 특히 만두가 제잏 맛있었습니다!
27261403,능라도 강남점,강남,한식,3.8,246,,,"평양냉면 5번 정도 먹어봤는데 염도는 중간 정도 같아요. 엄청 맛있다까지는 잘 모르겠어요. 어복쟁반 고기 식감은 그냥 그랬지만 담백하게 맛있었어요!
근데 손님 별로 없었고 직원들이 바쁘지 않았는데 호... 더보기"
27261403,능라도 강남점,강남,한식,3.8,246,,,"(6월방문) 평냉의 고기가 맛있었어요 딴것도 좋았던듯
온반?도 맛있었음"
27261403,능라도 강남점,강남,한식,3.8,246,,,모든 메뉴가 담백하게 맛있어요
27261403,능라도 강남점,강남,한식,3.8,246,,,"슴슴한 맛이 중독성 있겠다.

낮술 먹으며 떠드는 인간들 없었다면... 더보기"
27261403,능라도 강남점,강남,한식,3.8,246,,,제일로 좋아하는 평양냉면 집🩷🩷 여기만 오면 완냉함
27261403,능라도 강남점,강남,한식,3.8,246,,,맛있는데 비싸고 웨이팅때문에 1점뺌 ㅠ
27261403,능라도 강남점,강남,한식,3.8,246,,,분위기
27261403,능라도 강남점,강남,한식,3.8,246,,,사진/영상 후기만 보기
27261403,능라도 강남점,강남,한식,3.8,246,,,2026.04.20.
27261403,능라도 강남점,강남,한식,3.8,246,,,2026.02.28.
27261403,능라도 강남점,강남,한식,3.8,246,,,2026.02.25.
27261403,능라도 강남점,강남,한식,3.8,246,,,2025.11.12.
27261403,능라도 강남점,강남,한식,3.8,246,,,2025.08.28.
27261403,능라도 강남점,강남,한식,3.8,246,,,2025.06.27.
27261403,능라도 강남점,강남,한식,3.8,246,,,2025.05.27.
27261403,능라도 강남점,강남,한식,3.8,246,,,2025.04.07.
27261403,능라도 강남점,강남,한식,3.8,246,,,2025.01.02.
27261403,능라도 강남점,강남,한식,3.8,246,,,2024.11.21.
27261403,능라도 강남점,강남,한식,3.8,246,,,2024.09.25.
27261403,능라도 강남점,강남,한식,3.8,246,,,2024.09.17.
27261403,능라도 강남점,강남,한식,3.8,246,,,2024.09.14.
27261403,능라도 강남점,강남,한식,3.8,246,,,2024.08.28.
27261403,능라도 강남점,강남,한식,3.8,246,,,2024.08.16.
27261403,능라도 강남점,강남,한식,3.8,246,,,2024.08.12.
27261403,능라도 강남점,강남,한식,3.8,246,,,2024.02.12.
27261403,능라도 강남점,강남,한식,3.8,246,,,2023.11.13.
27261403,능라도 강남점,강남,한식,3.8,246,,,2023.11.07.
27261403,능라도 강남점,강남,한식,3.8,246,,,2023.09.04.
2142723351,해담채 강남점,강남,한식,4.1,158,,,"맛있게 잘 먹었습니다 
반찬 정갈해서 좋아요"
2142723351,해담채 강남점,강남,한식,4.1,158,,,"점심부터 푸짐하게 기분좋게먹고잇어요 
프라이빗+친절 + 재료깔끔
강남에위치한 식당으론 가격 합당"
2142723351,해담채 강남점,강남,한식,4.1,158,,,"해물찜 엄청엄청  맛있어요!!!
낙지도 서비스도 주셔서
2명이서 먹는데 배가 엄청... 더보기"
2142723351,해담채 강남점,강남,한식,4.1,158,,,"1인 3만4천원? 분위기와 각방인점 감안하고 한정식집이니 어느 정도 이해는 하지만 비싼건 맞음. 광어세꼬시에 연어 도미 몇점이 메인. 꼬시래기와 묵은지, 갓절임에 곁들여 싸먹는게... 더보기"
2142723351,해담채 강남점,강남,한식,4.1,158,,,"술집..  그냥 술마지러 모이는 술집.
가족끼리 저녁식사를 멋지게 하려고 기대한 내의 착각.
물론 가격을 ... 더보기"
2142723351,해담채 강남점,강남,한식,4.1,158,,,최고임
2142723351,해담채 강남점,강남,한식,4.1,158,,,물가기 올라서 예전의 코스대비 많이 부실해진게 아쉽네요. 그래도 여전히 좋은재료.
2142723351,해담채 강남점,강남,한식,4.1,158,,,정갈한게 중요한 분과 함께가기에 너무 좋은 곳이었어요!
2142723351,해담채 강남점,강남,한식,4.1,158,,,"아쉬웠습니다.
음식 맛은 사실 기대하지 않았고
개별 방이 장점이라 예약하고 방문하였는데

... 더보기"
2142723351,해담채 강남점,강남,한식,4.1,158,,,"조금만 부지런하다면 추가 금액없이 룸에서 식사가능
그렇게 비싸진 않다
해초류가 이에 끼지만 어쩔수없잖아"
2142723351,해담채 강남점,강남,한식,4.1,158,,,특정식 먹었습니다. 맛이 없진 않은데 그렇다고 특별하게 맛이 뛰어나진 않아요. 그래도 그 위치에 그 가격에 서비스는 굉장히 만족했습니다.
2142723351,해담채 강남점,강남,한식,4.1,158,,,상견례
2142723351,해담채 강남점,강남,한식,4.1,158,,,가격은 비싼 편이지만 음식도 괜찮고 별도룸이 있어 모임하기 좋습니다.
2142723351,해담채 강남점,강남,한식,4.1,158,,,다른 지점보다 서비스와 퀄리티가 많이 떨어짐
2142723351,해담채 강남점,강남,한식,4.1,158,,,글쎄... 후기 평가가 좋아서 갔는데 너무 엉망이었네요 점심정식을 4명 시켰는데 돈이 아까웠고 기분 잡쳐서 나왔네요 다시는 안갑니다 생선구이는 다 부서져 나오고 정말 이런 걸 그돈주고 먹어야 하... 더보기
2142723351,해담채 강남점,강남,한식,4.1,158,,,분위기
2142723351,해담채 강남점,강남,한식,4.1,158,,,가성비
2142723351,해담채 강남점,강남,한식,4.1,158,,,사진/영상 후기만 보기
2142723351,해담채 강남점,강남,한식,4.1,158,,,2026.04.15.
2142723351,해담채 강남점,강남,한식,4.1,158,,,2026.01.24.
2142723351,해담채 강남점,강남,한식,4.1,158,,,2025.10.26.
2142723351,해담채 강남점,강남,한식,4.1,158,,,2025.04.17.
2142723351,해담채 강남점,강남,한식,4.1,158,,,2023.02.13.
2142723351,해담채 강남점,강남,한식,4.1,158,,,2021.06.01.
2142723351,해담채 강남점,강남,한식,4.1,158,,,2026.03.10.
2142723351,해담채 강남점,강남,한식,4.1,158,,,2026.01.28.
2142723351,해담채 강남점,강남,한식,4.1,158,,,2024.11.14.
2142723351,해담채 강남점,강남,한식,4.1,158,,,2024.07.08.
2142723351,해담채 강남점,강남,한식,4.1,158,,,2023.11.28.
2142723351,해담채 강남점,강남,한식,4.1,158,,,2023.11.26.
2142723351,해담채 강남점,강남,한식,4.1,158,,,2023.05.03.
2142723351,해담채 강남점,강남,한식,4.1,158,,,2023.01.08.
2142723351,해담채 강남점,강남,한식,4.1,158,,,2021.11.02.
2142723351,해담채 강남점,강남,한식,4.1,158,,,2025.12.18.
2142723351,해담채 강남점,강남,한식,4.1,158,,,2025.08.05.
2142723351,해담채 강남점,강남,한식,4.1,158,,,2025.04.24.
2142723351,해담채 강남점,강남,한식,4.1,158,,,2024.12.20.
2142723351,해담채 강남점,강남,한식,4.1,158,,,2024.12.05.
26565017,진대감 선릉점,강남,한식,4.7,2058,,,"사장님께서 직접 하나하나 정성스럽게 구워주시고, 가장 맛있는 타이밍에 먹을 수 있도록 챙겨주셔서 정말 만족스러웠습니다... 더보기"
26565017,진대감 선릉점,강남,한식,4.7,2058,,,입에서진짜살살 녹음 ㅜㅜㅜㅜ차돌박이삼합 먹으면 극락가요
26565017,진대감 선릉점,강남,한식,4.7,2058,,,"진대감 선릉점은 회식으로도 가족식사로도 갔던 맛집인데 역시나 또 맛있어요! 
차돌삼합 구성도 좋고 사이드 메뉴까지 완벽해요😋✨ 한점 한점 구워서 올려주시니 너무 편하게 먹을 수 있어요"
26565017,진대감 선릉점,강남,한식,4.7,2058,,,"차돌삼합은 역시 진대감 선릉점이었어요! 
진짜 너무너무 맛있고 사장님도 너무 친절하셔서 
계란찜에 찌게에 볶음밥까지  너무 맛... 더보기"
26565017,진대감 선릉점,강남,한식,4.7,2058,,,"차돌삼합의 다양한 맛을 제대로 느낄 수 있는 선릉맛집, 진대감 선릉점입니다.
하나하나 다 구워서 꿀조합으로 서비스해주시는 스탭분들 덕분에 더 맛있게 먹을 수 있... 더보기"
26565017,진대감 선릉점,강남,한식,4.7,2058,,,"하나하나 직접 다해주셔서 먹기 편하고 
편하고 맛잇게먹었어요"
26565017,진대감 선릉점,강남,한식,4.7,2058,,,차돌 삼합은 처음이었는데 첫입 먹자마자 미친맛. 시래기 장아찌같은데 조합이 너무 좋음. 다른 조합도 대여섯가지 직접 구워서 싸서 주셔서 먹기 편함. 볶음밥도 맛있음. 다... 더보기
26565017,진대감 선릉점,강남,한식,4.7,2058,,,"이모카세 느낌으로 사장님깨서 직접 고기를 다 구워서 맛있는 조합으로 삼합을 딱 만들어줘요.
회식 장소로도 정말 좋은게 고기를 따로 굽지 않아도 되니깐 추천!! 둘러보면... 더보기"
26565017,진대감 선릉점,강남,한식,4.7,2058,,,"집에서 해먹는것보다 맛있는 차돌삼합은 처음입니다
관자도 너무 부드럽고 차돌삼합의 먹조화가 아주 좋습니다"
26565017,진대감 선릉점,강남,한식,4.7,2058,,,"한우차돌+관자 조합을 먹고 싶어서 방문한 진대감 선릉점! 역시 한우 차돌 삼합은 진대감이 원조네요!! 직접 구워주시고, 오마카세처럼 삼합으로 총 9가지 방법으로 만들어주셨는데 너무 맛있어요😍😍 선릉 직장인 맛집으로 추천합니다🙌"
26565017,진대감 선릉점,강남,한식,4.7,2058,,,진대감 유명해서 궁금하긴 했는데 처음 방문해 봤어요. 생각 이상으로 진짜 맛있고 다 구워서 맛있는 조합으로 만들어주셔서 차돌박이 오마카세같은 느낌이에요. 서비스 계란찜이랑 사이드메뉴도 맛있고 사장님이 유쾌하시고 정말 친절하세요
26565017,진대감 선릉점,강남,한식,4.7,2058,,,"직접 구워주시면서 조합을 싸주시니까 엄청 편했어요!
그리구 맛도 있었구요!!
회사 동료 데려간건데 맛나게 먹어서 뿌듯했어요:)"
26565017,진대감 선릉점,강남,한식,4.7,2058,,,차돌삼합 첨 먹었는데 너무 맛있고 직원분들 사장님 모두 다 친절하세요!
26565017,진대감 선릉점,강남,한식,4.7,2058,,,"진대감 선릉점에서 정말 만족스러운 식사였어요! 대표 메뉴인 한우차돌삼합을 먹었는데, 신선한 차돌박이와 관자를 다양한 수제 반찬들과 함께 즐길 수 있어서 좋았어요. 직원분이 직접 구워주시고 ... 더보기"
26565017,진대감 선릉점,강남,한식,4.7,2058,,,"진대감 선릉점 항상 오는곳이지만 사장님도 너무 친절😚 어느 지점보다 갈때마다 반갑게 맞아주셔서 맛도 대응도 친절해주셔서 찾게되는 8년단골💓💓
맛도 좋... 더보기"
26565017,진대감 선릉점,강남,한식,4.7,2058,,,"차돌박이 구워주시고,
알아서 맛있는 조합으로 다 만들어주셔서
먹기 너무너무 편했습니다👍... 더보기"
26565017,진대감 선릉점,강남,한식,4.7,2058,,,"먹는 내내 다 구워주시고 곁들임 반찬 설명해주시면서
살뜰하게 챙겨주시는데 진짜 대접 받는 기분들어 더 맛나게
즐겼어요, 먹어도 먹어도... 더보기"
26565017,진대감 선릉점,강남,한식,4.7,2058,,,진짜 차돌삼합이 너무 맛있고 전골에 볶음밥까지 최고였어요👍👍👍 사장님 너무 친절하시고 직원분들도 다들 친절하게 응대해주셨습니다 ㅎㅎ 무조건 재방문할거 같아요
26565017,진대감 선릉점,강남,한식,4.7,2058,,,"소고기 회식장소를 찾고 계시다면 강력 추천드리는 맛집
언제 먹어도 너무 맛있게 편하게 즐길 수있습니다.
직... 더보기"
26565017,진대감 선릉점,강남,한식,4.7,2058,,,완죤맛탱!!! 오늘 고기 품절한번 내보자~~~~
26565017,진대감 선릉점,강남,한식,4.7,2058,,,분위기
26565017,진대감 선릉점,강남,한식,4.7,2058,,,가성비
26565017,진대감 선릉점,강남,한식,4.7,2058,,,사진/영상 후기만 보기
26565017,진대감 선릉점,강남,한식,4.7,2058,,,2026.04.26.
26565017,진대감 선릉점,강남,한식,4.7,2058,,,2026.03.14.
26565017,진대감 선릉점,강남,한식,4.7,2058,,,2026.02.07.
26565017,진대감 선릉점,강남,한식,4.7,2058,,,2026.01.27.
26565017,진대감 선릉점,강남,한식,4.7,2058,,,2026.01.15.
26565017,진대감 선릉점,강남,한식,4.7,2058,,,2025.12.10.
26565017,진대감 선릉점,강남,한식,4.7,2058,,,2025.12.01.
26565017,진대감 선릉점,강남,한식,4.7,2058,,,2025.11.18.
26565017,진대감 선릉점,강남,한식,4.7,2058,,,2025.11.04.
26565017,진대감 선릉점,강남,한식,4.7,2058,,,2025.10.18.
26565017,진대감 선릉점,강남,한식,4.7,2058,,,2025.08.27.
26565017,진대감 선릉점,강남,한식,4.7,2058,,,2025.08.16.
26565017,진대감 선릉점,강남,한식,4.7,2058,,,2025.06.26.
26565017,진대감 선릉점,강남,한식,4.7,2058,,,2025.05.23.
26565017,진대감 선릉점,강남,한식,4.7,2058,,,2025.05.13.
26565017,진대감 선릉점,강남,한식,4.7,2058,,,2025.04.29.
26565017,진대감 선릉점,강남,한식,4.7,2058,,,2025.04.28.
26565017,진대감 선릉점,강남,한식,4.7,2058,,,2025.04.27.
26565017,진대감 선릉점,강남,한식,4.7,2058,,,2025.03.26.
26565017,진대감 선릉점,강남,한식,4.7,2058,,,2025.03.20.
8475048,한일관 압구정점,강남,한식,3.4,144,,,"일단 된장찌개는 1인 이상이면 무조건 고기도 맛있고 다맜있는데 하지만 후식인 오미자 차 같은게너무달았고 공기밥이 양이너무적어서 솔직히4.5인데4점 만돼서 ㅠㅠ
일단 맛있으니 꼭 한번 가보는걸추천!"
8475048,한일관 압구정점,강남,한식,3.4,144,,,외국에서 친구가 와서 같이 갔는데 예전에는 엄청 맜있었는데 이번인 맛이 무난했던것 같아요ㅠㅠ
8475048,한일관 압구정점,강남,한식,3.4,144,,,"손님 모시고 룸에서 식사하기 좋다
그외 다소 많이 애매"
8475048,한일관 압구정점,강남,한식,3.4,144,,,내입에는 음식이 정말 잘 맞고 좋은데 반찬이랑 서비스는 살짝 아쉬움. 사람이 많아서 그런것 같기도함
8475048,한일관 압구정점,강남,한식,3.4,144,,,점심식사하러 종종 오는데 맛있어요 적당히 조용해서 대화하기도 좋아요
8475048,한일관 압구정점,강남,한식,3.4,144,,,"맛있고 정갈하고 손님 모시기 최고.
찬과 탕은 포장해오기 좋네요.낙지볶음 너무 맛있습니다."
8475048,한일관 압구정점,강남,한식,3.4,144,,,등심불고기 상차림 먹었는데 불고기는 무난하고 먼저 나온 이 세 요리는 다 맛이 없더라
8475048,한일관 압구정점,강남,한식,3.4,144,,,"갈비탕 정말 다 먹을때까지 따뜻해서 맛있게 먹었어요. 
국물도 육향이 너무 무겁지 않고 깔끔해서 집에서 만든것 같았어요. 
반찬들도 깔끔하고 안짜고 ... 더보기"
8475048,한일관 압구정점,강남,한식,3.4,144,,,"한일관은 명동, 종로 시절 어렸을때부터 다녀서인지 마음의 고향같은 곳압니다
압구정으로 옮기고는 자주는 못가지만 추억이 가득한 곳이라 그런지 서울 대표 음식점으로 소개할 만한 그런 곳입니다"
8475048,한일관 압구정점,강남,한식,3.4,144,,,"고기 먹기까지는 다 좋았는데 식사로 냉면 먹는 순간 입맛 버렸네요.. 냉면이 깔끔한 맛이 있어야하는데 텁텁한 맛이 있네요 국물은..먹지마요..으으..
그리고 오랜만에 만난 아버지하... 더보기"
8475048,한일관 압구정점,강남,한식,3.4,144,,,"적당한 가격대에 너무 시끄럽지 않은 곳에서 식사하고 싶어서 방문
음식 슴슴하니 맛있음
다 먹었는지 물어보지도 않고 치우고 다음 메뉴... 더보기"
8475048,한일관 압구정점,강남,한식,3.4,144,,,가격대와 명성을 보고 그래도 적정수준은 기대했는데 좀 번잡하다. 식기류에 비해 테이블이 약간 좁고 테이블 간 간격도 넘 가까움. 거기다 대단한 서비스까진 안 바라도 직원들이 좀더 능률적이... 더보기
8475048,한일관 압구정점,강남,한식,3.4,144,,,직원분들도 친절하시고 맛있어요
8475048,한일관 압구정점,강남,한식,3.4,144,,,한정식은 부담스럽고 조용히 식사가 필요한 자리였는데 만족스러웠습니다. 주변 식당들에 비해 가격도 저렴하고 음식도 삼삼해서 외국인 친구도 좋아했습니다. 갈비탕은 인기 메뉴인데 저녁에 품절되어 아쉬... 더보기
8475048,한일관 압구정점,강남,한식,3.4,144,,,1인 7만원이란 가격에 가족들 모임으로는 괜찮은 거 같아요~ 5층이었는데 저희 테이블 뿐만 아니라 대부분 어르신들 모시고 와서 밥 먹는 분위기였어용~
8475048,한일관 압구정점,강남,한식,3.4,144,,,"불고기 점심 상차림 주문했습니다
정말 서비스 엉망입니다
주문 불가인 메뉴도 상당하고 
음식마다 슴슴합... 더보기"
8475048,한일관 압구정점,강남,한식,3.4,144,,,분위기
8475048,한일관 압구정점,강남,한식,3.4,144,,,사진/영상 후기만 보기
8475048,한일관 압구정점,강남,한식,3.4,144,,,2025.10.07.
8475048,한일관 압구정점,강남,한식,3.4,144,,,2025.03.22.
8475048,한일관 압구정점,강남,한식,3.4,144,,,2024.09.23.
8475048,한일관 압구정점,강남,한식,3.4,144,,,2024.08.01.
8475048,한일관 압구정점,강남,한식,3.4,144,,,2023.10.09.
8475048,한일관 압구정점,강남,한식,3.4,144,,,2023.03.20.
8475048,한일관 압구정점,강남,한식,3.4,144,,,2022.09.15.
8475048,한일관 압구정점,강남,한식,3.4,144,,,2026.02.20.
8475048,한일관 압구정점,강남,한식,3.4,144,,,2024.11.27.
8475048,한일관 압구정점,강남,한식,3.4,144,,,2024.08.18.
8475048,한일관 압구정점,강남,한식,3.4,144,,,2023.06.24.
8475048,한일관 압구정점,강남,한식,3.4,144,,,2023.06.12.
8475048,한일관 압구정점,강남,한식,3.4,144,,,2023.05.16.
8475048,한일관 압구정점,강남,한식,3.4,144,,,2022.08.19.
8475048,한일관 압구정점,강남,한식,3.4,144,,,2022.05.26.
8475048,한일관 압구정점,강남,한식,3.4,144,,,2022.05.21.
8475048,한일관 압구정점,강남,한식,3.4,144,,,2022.05.17.
8475048,한일관 압구정점,강남,한식,3.4,144,,,2022.03.12.
8475048,한일관 압구정점,강남,한식,3.4,144,,,2022.02.14.
8475048,한일관 압구정점,강남,한식,3.4,144,,,2022.01.01.
1503746075,창고43 강남점,강남,한식,3.5,263,,,깔끔했음
1503746075,창고43 강남점,강남,한식,3.5,263,,,비싸지만 맛나요! 대접할 일 있을때 강추!
1503746075,창고43 강남점,강남,한식,3.5,263,,,"전체적인 음식 퀄리티가 좋았습니다. 한 가지 아쉬운 점은, 사전에 예약을 했는데 사람들이 가장 많이 지나가는 입구 쪽의 자리를 잡아주셔서 시끌거렸습니다."
1503746075,창고43 강남점,강남,한식,3.5,263,,,서비스 친절하고 맛도 좋았습니다.
1503746075,창고43 강남점,강남,한식,3.5,263,,,"양은 적지만 고기가 좋네요
입에서 살살 맛있습니다 
굿굿굿"
1503746075,창고43 강남점,강남,한식,3.5,263,,,"설화등심, 새우, 살치살 맛있어용
식당 규모에 비해 직원 수가 적은듯
고기 흐름이 끊김"
1503746075,창고43 강남점,강남,한식,3.5,263,,,서비스도 좋고 가게 분위기도 좋은데 난 기대보단 고기 맛은 그냥 그랬음
1503746075,창고43 강남점,강남,한식,3.5,263,,,"ㅡㅡㅡ2024.08 세번째 방문 ㅡㅡㅡ 1.5점
갈수록 실망감이 커짐. 개인적으로는 안 갈 듯
반찬은 여전히 괜찮으나 메인이 최악임... 더보기"
1503746075,창고43 강남점,강남,한식,3.5,263,,,"고기도 맛있고 분위기도 고급스럽고 
직원분도 친철하구
리뷰작성하니 육회도 정량으... 더보기"
1503746075,창고43 강남점,강남,한식,3.5,263,,,"별 하나도 아까운 곳입니다. 이곳에서 회사 송년회를 했습니다. 

행사 당일, 미리 약속된 내용을 지키지 않아 클레임을 하니, 대화... 더보기"
1503746075,창고43 강남점,강남,한식,3.5,263,,,"고기가 진짜 너무 질김
돈값 못함
점심에 가서 세트 먹었는데... 더보기"
1503746075,창고43 강남점,강남,한식,3.5,263,,,"점심 식사 추천
홀이 넓고 주차 가능
가격... 더보기"
1503746075,창고43 강남점,강남,한식,3.5,263,,,"새우살 맛있었고, 다른 안심, 설화등심도 맛있었어요. 다만 다른 한우집보다 맛있냐 했을 때는 그냥그래요. 제 기준 좀 질겼던 것 같아요. 된장말이랑 볶음밥도 먹었는데 볶음밥보다는 된장말이가 더 제 취향이었습니다!"
1503746075,창고43 강남점,강남,한식,3.5,263,,,가성비 맛있습니다~♡
1503746075,창고43 강남점,강남,한식,3.5,263,,,굿굿!!
1503746075,창고43 강남점,강남,한식,3.5,263,,,친절하세요ㅎㅎ 잘먹었습니다
1503746075,창고43 강남점,강남,한식,3.5,263,,,된찌밥이 진짜 별미
1503746075,창고43 강남점,강남,한식,3.5,263,,,"불친절, 반찬이 특색없음 

특히 깍두기볶음밥 최... 더보기"
1503746075,창고43 강남점,강남,한식,3.5,263,,,분위기
1503746075,창고43 강남점,강남,한식,3.5,263,,,가성비
1503746075,창고43 강남점,강남,한식,3.5,263,,,사진/영상 후기만 보기
1503746075,창고43 강남점,강남,한식,3.5,263,,,2024.07.27.
1503746075,창고43 강남점,강남,한식,3.5,263,,,2024.05.30.
1503746075,창고43 강남점,강남,한식,3.5,263,,,홀예약(한우구이 메뉴)
1503746075,창고43 강남점,강남,한식,3.5,263,,,2024.01.26.
1503746075,창고43 강남점,강남,한식,3.5,263,,,2024.01.16.
1503746075,창고43 강남점,강남,한식,3.5,263,,,2023.12.19.
1503746075,창고43 강남점,강남,한식,3.5,263,,,2025.12.10.
1503746075,창고43 강남점,강남,한식,3.5,263,,,2025.11.23.
1503746075,창고43 강남점,강남,한식,3.5,263,,,2024.08.22.
1503746075,창고43 강남점,강남,한식,3.5,263,,,2024.08.02.
1503746075,창고43 강남점,강남,한식,3.5,263,,,2023.12.21.
1503746075,창고43 강남점,강남,한식,3.5,263,,,2023.05.27.
1503746075,창고43 강남점,강남,한식,3.5,263,,,2025.08.27.
1503746075,창고43 강남점,강남,한식,3.5,263,,,2025.06.04.
1503746075,창고43 강남점,강남,한식,3.5,263,,,2025.02.09.
1503746075,창고43 강남점,강남,한식,3.5,263,,,2024.08.16.
1503746075,창고43 강남점,강남,한식,3.5,263,,,2023.08.10.
1503746075,창고43 강남점,강남,한식,3.5,263,,,2023.04.06.
1503746075,창고43 강남점,강남,한식,3.5,263,,,2022.08.05.
1503746075,창고43 강남점,강남,한식,3.5,263,,,2022.03.02.
1503746075,창고43 강남점,강남,한식,3.5,263,,,2021.12.05.
7891890,별양집,강남,한식,4.4,156,,,"-별양집
-서울 강남구 역삼동 700-33
-1991년생 곱창집
-맛은 있는데 비싸긴허... 더보기"
7891890,별양집,강남,한식,4.4,156,,,"오래된 맛집인데 여전하네요
발렛도 되고 편해요"
7891890,별양집,강남,한식,4.4,156,,,"가게 이전 전부터 10년 넘게 다니는 곳

가격은 많이 올랐지만 맛은 여전~"
7891890,별양집,강남,한식,4.4,156,,,"양이 좀 적고 가성비 안나오지만 
맛으론 깔게없다"
7891890,별양집,강남,한식,4.4,156,,,"대창이랑 양도 맛있는데 여기는 소갈비가 최고
둘이 가서 소갈비 3 대창 1 먹으면 얼마나 맛있게요?"
7891890,별양집,강남,한식,4.4,156,,,"진짜 야구선수 맛집같음
비싸서 내 돈으론 안올 거 같은디 진짜 맛있긴 함 ㅋㅋㅋㅋㅋ"
7891890,별양집,강남,한식,4.4,156,,,회사 앞이라 자주 오는 곳인데 항상 맛있고 친절하세요! 대창이랑 대창 덮밥이 진짜 맛있어요
7891890,별양집,강남,한식,4.4,156,,,"식당이 아주 넓고 홀/룸 모두 있어요
룸 예약시 3만원 차지 / 콜키지 2만원
음식가격은 확... 더보기"
7891890,별양집,강남,한식,4.4,156,,,음.. 이게 6마넌? 🥲 앞에 불에 꾸워먹는게 아니고 꾸워져서 나옴.. 글고 밑반찬도 거의없음. 일하시는 이모들 불친절
7891890,별양집,강남,한식,4.4,156,,,"유명하긴 특양이 유명한데, 가격 생각하면 개인적으론 오발탄이 더 낫다고 느꼈음. 근데 이 집은 갈비가 너무 맛있었음!!! 정말 비싼데 가게 어수선하고 시끄러운 분위기나 이런거 생각하면 아쉬움"
7891890,별양집,강남,한식,4.4,156,,,BTS' favorite place! hope to see the stars next time!! i like the gopchang here. I will come again!!
7891890,별양집,강남,한식,4.4,156,,,"I'm Latina, and my experience of eating bowels at this restaurant was delicious😍😍😍😍😍😍😍"
7891890,별양집,강남,한식,4.4,156,,,별로입니다. 비추천합니다...
7891890,별양집,강남,한식,4.4,156,,,비싼거 빼고는 다 좋아요
7891890,별양집,강남,한식,4.4,156,,,맛있어서 자주찾던 곳인데 오늘 갑자기 바로 구워주는게 아니라 구워져서 나오는 시스템이 됨. 그에 따라 막창 너무 질겨졌고 대창은 기름덩어리가 되어버림. 특양은 맛있었음.
7891890,별양집,강남,한식,4.4,156,,,하이볼과 함께 양대창을 즐겨요
7891890,별양집,강남,한식,4.4,156,,,혼자가서 싫어할까봐 눈치보는데 안쪽 따뜻한자리로 오라그래서 감동... 맛도 핵맛있음. 밥보다 대창이 많음.
7891890,별양집,강남,한식,4.4,156,,,대창덮밥 먹고싶을때 혼자라도 찾아가는곳. 기름진 대창과 양념과 야채들이 어우러져서 정말 맛있게 먹었습니다.
7891890,별양집,강남,한식,4.4,156,,,"특양구이.. 정말 부드럽고 탱글하고 맛있어요..🥹
연기가 밑으로 빠지는 구조라 공기도 아주아주 쾌적합니다."
7891890,별양집,강남,한식,4.4,156,,,분위기
7891890,별양집,강남,한식,4.4,156,,,사진/영상 후기만 보기
7891890,별양집,강남,한식,4.4,156,,,2026.02.28.
7891890,별양집,강남,한식,4.4,156,,,별양집 예약하기
7891890,별양집,강남,한식,4.4,156,,,2025.11.26.
7891890,별양집,강남,한식,4.4,156,,,2025.10.04.
7891890,별양집,강남,한식,4.4,156,,,2025.03.31.
7891890,별양집,강남,한식,4.4,156,,,2025.02.03.
7891890,별양집,강남,한식,4.4,156,,,2025.01.25.
7891890,별양집,강남,한식,4.4,156,,,2024.12.25.
7891890,별양집,강남,한식,4.4,156,,,2024.04.06.
7891890,별양집,강남,한식,4.4,156,,,2023.09.23.
7891890,별양집,강남,한식,4.4,156,,,2023.06.30.
7891890,별양집,강남,한식,4.4,156,,,2023.05.27.
7891890,별양집,강남,한식,4.4,156,,,2026.02.13.
7891890,별양집,강남,한식,4.4,156,,,2026.01.02.
7891890,별양집,강남,한식,4.4,156,,,2025.05.15.
7891890,별양집,강남,한식,4.4,156,,,2025.04.08.
7891890,별양집,강남,한식,4.4,156,,,2024.08.26.
7891890,별양집,강남,한식,4.4,156,,,2024.01.28.
7891890,별양집,강남,한식,4.4,156,,,2023.11.13.
7891890,별양집,강남,한식,4.4,156,,,2023.11.07.
7891890,별양집,강남,한식,4.4,156,,,2023.04.28.
2032952073,일품진진수라 선릉점,강남,한식,4.6,669,,,"상견례장소로 방문했다가, 중요한 일정으로 두번째 방문하는 일품진진수라에요
한정식 코스요리로 정갈하고 깔끔하며 음식이 맛있어요 구성이 알차서 가족연회행사로도 추천합니다!"
2032952073,일품진진수라 선릉점,강남,한식,4.6,669,,,"항상 맛집을 방문하기 좋아하는 누나와 같이 좋은 시간을 보냈네요.

맛에 대한 식견을 가진 누님과 제대로 음식에 대한 설명을 들... 더보기"
2032952073,일품진진수라 선릉점,강남,한식,4.6,669,,,다양한 메뉴구성 한식의 모든것을 즐기고 온 것 같아요 메뉴 하나하나 정성 가득 맛있었고 양도 많아서 충분히 즐기고 왔습니다 추천해요
2032952073,일품진진수라 선릉점,강남,한식,4.6,669,,,"VIP 접대나 중요한 미팅 있을 때 고민 없이 예약해도 되는 곳입니다. 수라상 코스 먹었는데 해산물(숙성회, 전복)부터 고기(갈비살구이, 보쌈, 육회)까지 구성이 정말 알차고 음식 간이 자극적이지 않아 훌륭합니다.... 더보기"
2032952073,일품진진수라 선릉점,강남,한식,4.6,669,,,분위기도 차분하고 음식들 맛도 다 좋았어요~
2032952073,일품진진수라 선릉점,강남,한식,4.6,669,,,음식퀄리티와 분위기 서비스까지 모두만족스러웠던 한정식 맛집입니다 수라상코스로 먹었는데 구성하나하니정성이 느껴지고 특히 갈비탕 진짜 맛있어요 직원분들 응대도 세심해서 전체적으로 대접받는 느낌이었습니다
2032952073,일품진진수라 선릉점,강남,한식,4.6,669,,,"선릉역 한정식 맛집 일품진진수라 선릉점
어머님 모시고 다녀왔는데 분위기부터 음식까지 정말 만족스러웠어요.
코스 구성이 정갈하고 부담 ... 더보기"
2032952073,일품진진수라 선릉점,강남,한식,4.6,669,,,다음에는 부모님 모시고 또 올 맛집 !
2032952073,일품진진수라 선릉점,강남,한식,4.6,669,,,"특별한 날이여서 남편과 갔는데 상견례자리로도 손색이 없을것 같아요.
다음엔 우리가족 상견례자리로 방문도 하고 가족모임도 하면 좋겠다는 생각이 ~
음식 종류도 맛도 모두 좋아요."
2032952073,일품진진수라 선릉점,강남,한식,4.6,669,,,가게내부가 참 청결하고 깔끔해서 기분좋게 식사하고 왔습니다:)
2032952073,일품진진수라 선릉점,강남,한식,4.6,669,,,부모님 모시고 맛있는 거 먹으러 방문했어요. 상견례하기 딱 좋은 한정식당입니다 ㅎㅎ
2032952073,일품진진수라 선릉점,강남,한식,4.6,669,,,고급 한정식 찾으시면 진진수라 추천드립니다. 실제로 가보니 상견례많이 하는거 같더라구요 분위기가 고급스럽고 음식도 정갈하게 맛있게 나와서 중요한 모임 하면 좋을거같아요 난상 코스 먹었는데 강추입니다. ㅎㅎ
2032952073,일품진진수라 선릉점,강남,한식,4.6,669,,,상견례로 다녀왔는데 맛 서비스 모든 부면에서 만족스럽습니다. 다음에 모임 있을 때 꼭 들릴께요.
2032952073,일품진진수라 선릉점,강남,한식,4.6,669,,,한정식 거하게 먹고 왔네용 룸으로 돼있고 음식도 정갈하게 나와서 대접하기에도 좋은것 같아요!!
2032952073,일품진진수라 선릉점,강남,한식,4.6,669,,,이제 상견례 장소 하면 여기부터 생각날듯하네요 깔끔하게 잘 나오고 더할나위 없이 푸짐해요
2032952073,일품진진수라 선릉점,강남,한식,4.6,669,,,"상견례 맛집인 진진수라🖤 예전에 가족 상견례 했을 때 넘 친절하고 맛있어서 다음 모임에도 오려고 미리 와봤어요~😀 따뜻한 계절죽부터 모양도 예쁜 구절판, 쫀득한맛이 일품이었던 숙성회... 더보기"
2032952073,일품진진수라 선릉점,강남,한식,4.6,669,,,코스 알차고 맛있어요 퀄리티좋고 분위기도 고급스러워요 선릉근처 회식 가족모임으로 추천해요
2032952073,일품진진수라 선릉점,강남,한식,4.6,669,,,음식이 자극적이지 않고 정갈해서 부모님과 식사하기 좋은곳. 점심시간 피크타임 제외하곤 지하주차장 편하게 이용 가능해서 서울치고 주차도 편리함!
2032952073,일품진진수라 선릉점,강남,한식,4.6,669,,,"진진수라 선릉점 난상 코스 먹었는데 음식 구성이 정말 알차고 맛있었어요.
처음부터 끝까지 요리가 정갈하게 나오고 한식 코스 퀄리티가 좋아 만족했어요.
홀에서 먹었는데도 조용하고 좌석 간격이 넓어서 ... 더보기"
2032952073,일품진진수라 선릉점,강남,한식,4.6,669,,,"난상 코스로 식사했습니다.
코스구성이 너무 풍성하고 어느 하나 거를것없이 맛있었어요.
간이 싱겁지도 짜지도않고 딱좋았습니다^^
룸이 너무... 더보기"
2032952073,일품진진수라 선릉점,강남,한식,4.6,669,,,분위기
2032952073,일품진진수라 선릉점,강남,한식,4.6,669,,,사진/영상 후기만 보기
2032952073,일품진진수라 선릉점,강남,한식,4.6,669,,,2026.04.26.
2032952073,일품진진수라 선릉점,강남,한식,4.6,669,,,2026.04.21.
2032952073,일품진진수라 선릉점,강남,한식,4.6,669,,,2026.04.20.
2032952073,일품진진수라 선릉점,강남,한식,4.6,669,,,2026.04.16.
2032952073,일품진진수라 선릉점,강남,한식,4.6,669,,,2026.04.15.
2032952073,일품진진수라 선릉점,강남,한식,4.6,669,,,2026.04.13.
2032952073,일품진진수라 선릉점,강남,한식,4.6,669,,,2026.03.23.
2032952073,일품진진수라 선릉점,강남,한식,4.6,669,,,2026.03.20.
2032952073,일품진진수라 선릉점,강남,한식,4.6,669,,,2026.03.17.
2032952073,일품진진수라 선릉점,강남,한식,4.6,669,,,2026.03.16.
2032952073,일품진진수라 선릉점,강남,한식,4.6,669,,,2026.03.15.
2032952073,일품진진수라 선릉점,강남,한식,4.6,669,,,2026.03.12.
2032952073,일품진진수라 선릉점,강남,한식,4.6,669,,,2026.03.07.
2032952073,일품진진수라 선릉점,강남,한식,4.6,669,,,2026.02.24.
2032952073,일품진진수라 선릉점,강남,한식,4.6,669,,,2026.02.21.
2032952073,일품진진수라 선릉점,강남,한식,4.6,669,,,2026.02.19.
2032952073,일품진진수라 선릉점,강남,한식,4.6,669,,,2026.01.29.
2032952073,일품진진수라 선릉점,강남,한식,4.6,669,,,2026.01.26.
2032952073,일품진진수라 선릉점,강남,한식,4.6,669,,,2026.01.23.
13102233,세종한우 학동역점,강남,한식,3.8,299,,,"가성비 좋은 한우 맛집 (정육식당)
지금 2번째로 방문하는건데도 맛도 좋고 고기 질도 좋아요
창사림비 별도로 인당 4천원! 하지만 반찬 퀄리티 괜찮고 좋음!"
13102233,세종한우 학동역점,강남,한식,3.8,299,,,"정육점보다 싼 정육식당 👍
2025-6 전화 받는 아줌마가 꽃등심 100g 12,500이래서 가보니 17,000이라서 좀 실망했지만 (꽃등심은 12,500원 맞음)숯불... 더보기"
13102233,세종한우 학동역점,강남,한식,3.8,299,,,"강남근방소고기넘버원
투뿔한우짱짱맨

... 더보기"
13102233,세종한우 학동역점,강남,한식,3.8,299,,,"강남 소고기계의 유니클로, 다이소 , 올리브영이다
고기배터지게 먹었는데 4인기준 30만원 나온거같다 
고기질도 하이퀄리티다. 꽃등심 알등심... 더보기"
13102233,세종한우 학동역점,강남,한식,3.8,299,,,농협안심한우랑 고기질은비슷함 2인이서 배부르게먹으면 상차림비해서 13~15나옴 서비스 괜찮음 가다가가끔 재수없으면 자리 키오스크없는데 부르면 바로옴  리뷰보면 200g씩 소량 사고싶은사람은 다른데가시길 꽃등심은기... 더보기
13102233,세종한우 학동역점,강남,한식,3.8,299,,,정육점 직원 진짜 불친절함 고기사는데 왜 돈내고 눈치보게 만드는지...? 기본200g부터 판다고 써있는데  꽂등심은 600g이상만 있길래 이건 200g씩 판매 안하시냐 물었을 뿐인데 안된다고 200g대로 ... 더보기
13102233,세종한우 학동역점,강남,한식,3.8,299,,,"대접받고 싶으면 강강술래, 고기만 좋으면 된다하면 여기오세요. 개인적으로는 채끝이 좋았어요. 물냉면도 괜찮습니다."
13102233,세종한우 학동역점,강남,한식,3.8,299,,,최고의 맛과 시설이었습니다 또 갈게요
13102233,세종한우 학동역점,강남,한식,3.8,299,,,육회는 꼭 시키슈. 짱맛. 가성비 나이스
13102233,세종한우 학동역점,강남,한식,3.8,299,,,"고기 퀄러티가 좋네요, 다른 고급 한우집 보다 큰 차이 없습니다 ... 더보기"
13102233,세종한우 학동역점,강남,한식,3.8,299,,,"역시 세종한우! 

한우땡길땐 고민없이 여기 옵니다 

남녀 커플 고기 8... 더보기"
13102233,세종한우 학동역점,강남,한식,3.8,299,,,"한우 땡기면 오는 집
강남에서 이가격에 이 정도 퀄리티의 한우? 
안 올 이유가 없음"
13102233,세종한우 학동역점,강남,한식,3.8,299,,,"가성비 너무 괜찮고
생각보다 웨이팅도 빨리빠짐"
13102233,세종한우 학동역점,강남,한식,3.8,299,,,최고급 한우맛은 아니고 적당한가격에 적당한 품질.당연히 수입육보다는 윗품질
13102233,세종한우 학동역점,강남,한식,3.8,299,,,니만 알고싶다 아무도 오지마라....^^
13102233,세종한우 학동역점,강남,한식,3.8,299,,,소고기 맛있음. 부채살 진짜 사랑해 ㅜㅜ
13102233,세종한우 학동역점,강남,한식,3.8,299,,,"다시 돌아온 세종한우, 여전히 최고입니다!"
13102233,세종한우 학동역점,강남,한식,3.8,299,,,"너무맛있고 양도좋음
살치살 갈비살 꽃등심먹었는데
꽃등심은별로였... 더보기"
13102233,세종한우 학동역점,강남,한식,3.8,299,,,가성비
13102233,세종한우 학동역점,강남,한식,3.8,299,,,분위기
13102233,세종한우 학동역점,강남,한식,3.8,299,,,사진/영상 후기만 보기
13102233,세종한우 학동역점,강남,한식,3.8,299,,,2026.02.23.
13102233,세종한우 학동역점,강남,한식,3.8,299,,,2025.08.08.
13102233,세종한우 학동역점,강남,한식,3.8,299,,,2025.07.27.
13102233,세종한우 학동역점,강남,한식,3.8,299,,,2025.03.02.
13102233,세종한우 학동역점,강남,한식,3.8,299,,,2025.01.16.
13102233,세종한우 학동역점,강남,한식,3.8,299,,,2024.11.15.
13102233,세종한우 학동역점,강남,한식,3.8,299,,,2024.06.28.
13102233,세종한우 학동역점,강남,한식,3.8,299,,,2024.02.23.
13102233,세종한우 학동역점,강남,한식,3.8,299,,,2023.12.04.
13102233,세종한우 학동역점,강남,한식,3.8,299,,,2022.12.18.
13102233,세종한우 학동역점,강남,한식,3.8,299,,,2025.08.31.
13102233,세종한우 학동역점,강남,한식,3.8,299,,,2025.01.22.
13102233,세종한우 학동역점,강남,한식,3.8,299,,,2024.09.26.
13102233,세종한우 학동역점,강남,한식,3.8,299,,,2024.05.05.
13102233,세종한우 학동역점,강남,한식,3.8,299,,,2023.12.06.
13102233,세종한우 학동역점,강남,한식,3.8,299,,,2023.07.07.
13102233,세종한우 학동역점,강남,한식,3.8,299,,,2023.06.22.
13102233,세종한우 학동역점,강남,한식,3.8,299,,,2023.06.19.
13102233,세종한우 학동역점,강남,한식,3.8,299,,,2023.05.09.
13102233,세종한우 학동역점,강남,한식,3.8,299,,,2022.09.27.
1424086789,스시마이우 강남CGV점,강남,일식,4.3,185,,,"스시마이우 고터에서 맛있게먹어서 
집 근처 강남점도 갔습니다.
리뷰? 안 봤죠. 제가 멍청했던 겁니다.

레일... 더보기"
1424086789,스시마이우 강남CGV점,강남,일식,4.3,185,,,직원분들도 친절하시고 초밥이 진짜 맛있어요~~ 육회사시미도 맛있었어용
1424086789,스시마이우 강남CGV점,강남,일식,4.3,185,,,"급한 일정 때문에 들렀는데 
빠르고 맛있게 만들어주셨어요 😊
#인생초밥 #스시마이우"
1424086789,스시마이우 강남CGV점,강남,일식,4.3,185,,,"회들이 다 신선하고 쫀득쫀득하니 맛있습니다!

오랜만에 다시 왔는데 여전히 맛있네요"
1424086789,스시마이우 강남CGV점,강남,일식,4.3,185,,,시원하고 맛있어요 친절하시구요!!!!
1424086789,스시마이우 강남CGV점,강남,일식,4.3,185,,,맛있어요!
1424086789,스시마이우 강남CGV점,강남,일식,4.3,185,,,너무 맛있게 잘먹고 갑니다ㅎㅎ
1424086789,스시마이우 강남CGV점,강남,일식,4.3,185,,,"스시 종류도 많고, 비리지 않아서 좋아요! 직원분들께서도 친절하셔서, 행복한 한끼 먹고 갑니다~~"
1424086789,스시마이우 강남CGV점,강남,일식,4.3,185,,,"맛있어요 회전도 좋아서 먹고싶은거 다 먹을수 있으니 좋네요 ㅎㅎ 
배고플때오면 대형사고!"
1424086789,스시마이우 강남CGV점,강남,일식,4.3,185,,,"뭐먹을지 고민하다 리뷰보고 이끌려 들어왔는데, 높은 별점기대에 부응하는 맛이었어요"
1424086789,스시마이우 강남CGV점,강남,일식,4.3,185,,,연어맛있어요!!👍👍👍
1424086789,스시마이우 강남CGV점,강남,일식,4.3,185,,,스시마이우 인기쟁이세트 강추!!!
1424086789,스시마이우 강남CGV점,강남,일식,4.3,185,,,신선하고 맛잇어요!
1424086789,스시마이우 강남CGV점,강남,일식,4.3,185,,,너무 맛있고 가성비 좋은 회전초밥집이예요!!
1424086789,스시마이우 강남CGV점,강남,일식,4.3,185,,,가성비
1424086789,스시마이우 강남CGV점,강남,일식,4.3,185,,,분위기
1424086789,스시마이우 강남CGV점,강남,일식,4.3,185,,,사진/영상 후기만 보기
1424086789,스시마이우 강남CGV점,강남,일식,4.3,185,,,2026.04.24.
1424086789,스시마이우 강남CGV점,강남,일식,4.3,185,,,2026.03.21.
1424086789,스시마이우 강남CGV점,강남,일식,4.3,185,,,2025.12.16.
1424086789,스시마이우 강남CGV점,강남,일식,4.3,185,,,2025.09.08.
1424086789,스시마이우 강남CGV점,강남,일식,4.3,185,,,2025.08.29.
1424086789,스시마이우 강남CGV점,강남,일식,4.3,185,,,2025.08.24.
1424086789,스시마이우 강남CGV점,강남,일식,4.3,185,,,2024.09.01.
1424086789,스시마이우 강남CGV점,강남,일식,4.3,185,,,2024.08.30.
1424086789,스시마이우 강남CGV점,강남,일식,4.3,185,,,2024.08.25.
1424086789,스시마이우 강남CGV점,강남,일식,4.3,185,,,2024.08.22.
1424086789,스시마이우 강남CGV점,강남,일식,4.3,185,,,2024.08.20.
1424086789,스시마이우 강남CGV점,강남,일식,4.3,185,,,2024.08.12.
1424086789,스시마이우 강남CGV점,강남,일식,4.3,185,,,2024.07.26.
1424086789,스시마이우 강남CGV점,강남,일식,4.3,185,,,2024.07.25.
1424086789,스시마이우 강남CGV점,강남,일식,4.3,185,,,2024.07.24.
1424086789,스시마이우 강남CGV점,강남,일식,4.3,185,,,2024.06.21.
1424086789,스시마이우 강남CGV점,강남,일식,4.3,185,,,2024.06.02.
1424086789,스시마이우 강남CGV점,강남,일식,4.3,185,,,2024.05.19.
19381618,갓포아키 도산공원점,강남,일식,4.3,81,,,분위기 좋고 비싸고 맛있어요 생각남 ㅠ
19381618,갓포아키 도산공원점,강남,일식,4.3,81,,,친구랑 둘이 방문 했는데 너무 맛있게 잘먹었습니다분위기도 좋고 직원들도 친절하게 설명을 잘해주십니다
19381618,갓포아키 도산공원점,강남,일식,4.3,81,,,"친구들한테 추천 받아서 방문하게됐는데
분위기도 너무 좋고 직원들도 친절하신데
무엇보다 음식이 너무 맛있어요 ~~"
19381618,갓포아키 도산공원점,강남,일식,4.3,81,,,"음식, 서비스 단언컨데 강남 1등입니다 ! 
가족 친구 누구와 가도 만족할듯해요"
19381618,갓포아키 도산공원점,강남,일식,4.3,81,,,"✔️캐치테이블에서 당일 예약 후 방문했고 직원들은 친절했어요
✔️약간 어두운 분위기라 집중해서 차분하게 대화 ... 더보기"
19381618,갓포아키 도산공원점,강남,일식,4.3,81,,,맛있습니다 서비스 좋구요 재방문 자주하게되는 여전한 맛집입니다.
19381618,갓포아키 도산공원점,강남,일식,4.3,81,,,오랜만에 방문했지만 아키는 한결같이 최고네요! 음식 하나하나 다 너무 맛있었고 서버분들 너무 친절하셔서 기분좋게 식사했습다! 또 가고싶어요~
19381618,갓포아키 도산공원점,강남,일식,4.3,81,,,"메뉴도 다양하고 맛도 좋고 콜키지도되요!!
직원분들 친절하셔서 기분좋은 자리였습니다~재방문할께요!"
19381618,갓포아키 도산공원점,강남,일식,4.3,81,,,"진짜 다맛있었어요..!!!!!
고등어봉초밥이랑 모듬사시미가 특히 맛있었어요!!
참치는 넘 맛있어서 추가했어요. 입에서 ... 더보기"
19381618,갓포아키 도산공원점,강남,일식,4.3,81,,,그냥. 나쁘지도 좋지도 않다
19381618,갓포아키 도산공원점,강남,일식,4.3,81,,,"맛있는데 가격땜에 하나 뺌
사시미3인 8.9 후토마키 한줄 2.5
소주는 안팔고 일품진로 화요 팔아요"
19381618,갓포아키 도산공원점,강남,일식,4.3,81,,,"맛은 있지만 가격이 좀쎈편입니다.
특별한 날에 가기 좋은 거 같습니다!"
19381618,갓포아키 도산공원점,강남,일식,4.3,81,,,개맛있음
19381618,갓포아키 도산공원점,강남,일식,4.3,81,,,현준이형이 좋아하는 최애 맛집
19381618,갓포아키 도산공원점,강남,일식,4.3,81,,,"정갈한 맛집, 분위기 좋았고 깔끔한 맛 특히 후토마키는 자꾸 생각나는 맛"
19381618,갓포아키 도산공원점,강남,일식,4.3,81,,,분위기
19381618,갓포아키 도산공원점,강남,일식,4.3,81,,,가성비
19381618,갓포아키 도산공원점,강남,일식,4.3,81,,,사진/영상 후기만 보기
19381618,갓포아키 도산공원점,강남,일식,4.3,81,,,2025.09.05.
19381618,갓포아키 도산공원점,강남,일식,4.3,81,,,2025.07.05.
19381618,갓포아키 도산공원점,강남,일식,4.3,81,,,2024.11.22.
19381618,갓포아키 도산공원점,강남,일식,4.3,81,,,2024.08.12.
19381618,갓포아키 도산공원점,강남,일식,4.3,81,,,2024.05.20.
19381618,갓포아키 도산공원점,강남,일식,4.3,81,,,2025.11.17.
19381618,갓포아키 도산공원점,강남,일식,4.3,81,,,2024.07.09.
19381618,갓포아키 도산공원점,강남,일식,4.3,81,,,2024.07.04.
19381618,갓포아키 도산공원점,강남,일식,4.3,81,,,2024.07.03.
19381618,갓포아키 도산공원점,강남,일식,4.3,81,,,2024.06.27.
19381618,갓포아키 도산공원점,강남,일식,4.3,81,,,2024.06.13.
19381618,갓포아키 도산공원점,강남,일식,4.3,81,,,2024.06.10.
19381618,갓포아키 도산공원점,강남,일식,4.3,81,,,2024.05.13.
19381618,갓포아키 도산공원점,강남,일식,4.3,81,,,2024.03.18.
19381618,갓포아키 도산공원점,강남,일식,4.3,81,,,2022.08.31.
19381618,갓포아키 도산공원점,강남,일식,4.3,81,,,2022.04.19.
19381618,갓포아키 도산공원점,강남,일식,4.3,81,,,2022.04.03.
19381618,갓포아키 도산공원점,강남,일식,4.3,81,,,2022.03.08.
19381618,갓포아키 도산공원점,강남,일식,4.3,81,,,2021.11.26.
19381618,갓포아키 도산공원점,강남,일식,4.3,81,,,2021.09.09.
1614493196,참치공방 강남점,강남,일식,3.8,296,,,"좋은 분위기에 식사가 가능하고
신선도와 퀄리티가 좋았습니다."
1614493196,참치공방 강남점,강남,일식,3.8,296,,,친구와 잘 먹고 갑니다.
1614493196,참치공방 강남점,강남,일식,3.8,296,,,"다른참치집도 가봣는데 여기가 젤 친절하고 맛잇네요 ㅎ
리필할때도 퀄리티가 똑같아서 좋앗어요
식사가 근데 알밥이 다떨어져서 못먹은거는 아쉬웟어요 😢"
1614493196,참치공방 강남점,강남,일식,3.8,296,,,무난합니다. 그냥 가격 생각하면 나쁘지 않은 것 같기도
1614493196,참치공방 강남점,강남,일식,3.8,296,,,참치회 싱싱하고 밑반찬도 다양하게 나와요 ㅎㅎ 근데 사람 너무 많아서 조용한 분위기 원하시면 미리 룸으로 예약하는게 좋을 것 같습니다
1614493196,참치공방 강남점,강남,일식,3.8,296,,,"가족모임이 있어서 룸으로 예약.
그냥 쏘쏘. 
해동된 참치를 줬으면 좋았을 뻔.
먹으면서 녹은 참치 냎... 더보기"
1614493196,참치공방 강남점,강남,일식,3.8,296,,,비리고 해동도 덜 되어있어서 이빨 시려움 배꼽살부터 먹었는데 비린 맛이 올라와서 당황함 무한리필인데 리필도 안했음^^ 그냥 이 가격으로 다른 집 가는게 낫다
1614493196,참치공방 강남점,강남,일식,3.8,296,,,"아래 리뷰까지 보니 리뷰 알바를 쓰시는 것 같긴 한데, 아무튼 저는 점심에 와서 초밥을 먹었고 강남에서 이 가격에 이 정도 양과 퀄리티면 별 5개 충분하다고 생각합니다. 친절함도 괜찮았어요."
1614493196,참치공방 강남점,강남,일식,3.8,296,,,무한리필 좋아요
1614493196,참치공방 강남점,강남,일식,3.8,296,,,참치 리필집 중 괜찮았음. 스끼다시는 적지만 참치맛 꽤 좋은듯.
1614493196,참치공방 강남점,강남,일식,3.8,296,,,점심 회덮밥 너무 으리으리하다 ㅎ
1614493196,참치공방 강남점,강남,일식,3.8,296,,,"점심 회덮밥 가성비 최고
회가 많이 들어 있어서 회만먹어도  배불
반찬도 맛있구요"
1614493196,참치공방 강남점,강남,일식,3.8,296,,,직원분들 너무 친절하시고 조아여 참치도 맛있어요
1614493196,참치공방 강남점,강남,일식,3.8,296,,,"가성비 괜찮음
홀은 너무 정신없어서 시장 같긴함"
1614493196,참치공방 강남점,강남,일식,3.8,296,,,회식하러왔따가 너무맛있어서 부모님데리고 먹고갑니다 ㅎㅎ 대박나세영
1614493196,참치공방 강남점,강남,일식,3.8,296,,,"26. 4. 16. 기준 점심 혼밥 불가능으로 바뀜.

2023. 6. 24. 친구하고 방문
직장 동료들하고 점심먹으러 종종 가는 곳 중 한 곳이라 이번에 친... 더보기"
1614493196,참치공방 강남점,강남,일식,3.8,296,,,무한리필인데 퀄리티 너무좋은거아닌가요 ㅋㅋㅋㅋ 맛있네염
1614493196,참치공방 강남점,강남,일식,3.8,296,,,가성비
1614493196,참치공방 강남점,강남,일식,3.8,296,,,분위기
1614493196,참치공방 강남점,강남,일식,3.8,296,,,사진/영상 후기만 보기
1614493196,참치공방 강남점,강남,일식,3.8,296,,,2025.01.31.
1614493196,참치공방 강남점,강남,일식,3.8,296,,,2025.01.30.
1614493196,참치공방 강남점,강남,일식,3.8,296,,,2024.03.12.
1614493196,참치공방 강남점,강남,일식,3.8,296,,,2026.03.02.
1614493196,참치공방 강남점,강남,일식,3.8,296,,,2023.05.06.
1614493196,참치공방 강남점,강남,일식,3.8,296,,,2023.05.04.
1614493196,참치공방 강남점,강남,일식,3.8,296,,,2025.11.23.
1614493196,참치공방 강남점,강남,일식,3.8,296,,,2025.01.19.
1614493196,참치공방 강남점,강남,일식,3.8,296,,,2024.10.03.
1614493196,참치공방 강남점,강남,일식,3.8,296,,,2024.01.13.
1614493196,참치공방 강남점,강남,일식,3.8,296,,,2023.07.18.
1614493196,참치공방 강남점,강남,일식,3.8,296,,,2021.09.11.
1614493196,참치공방 강남점,강남,일식,3.8,296,,,2020.11.13.
1614493196,참치공방 강남점,강남,일식,3.8,296,,,2020.09.24.
1614493196,참치공방 강남점,강남,일식,3.8,296,,,2020.09.16.
1614493196,참치공방 강남점,강남,일식,3.8,296,,,2020.07.26.
1614493196,참치공방 강남점,강남,일식,3.8,296,,,2018.08.19.
1614493196,참치공방 강남점,강남,일식,3.8,296,,,2026.04.21.
1614493196,참치공방 강남점,강남,일식,3.8,296,,,2026.04.17.
1614493196,참치공방 강남점,강남,일식,3.8,296,,,2026.04.10.
16875542,가나돈까스의집,강남,일식,2.9,363,,,명성에 비해서는...
16875542,가나돈까스의집,강남,일식,2.9,363,,,"평범쓰 새우튀김은 흠
돈까스보다 생선까스가 맛있어요"
16875542,가나돈까스의집,강남,일식,2.9,363,,,모듬까스 맛남. 고추가 산처럼 쌓여있어서 양껏 먹을 수 있음. 전보다 주차가 불편해졌지만 기사식당으로 사랑받는 이유는 충분히 알 수 있음
16875542,가나돈까스의집,강남,일식,2.9,363,,,"위생 문제 없음
친절함"
16875542,가나돈까스의집,강남,일식,2.9,363,,,"고추도 주고 소스도 특이하고
구성은 괜찮은데
고기자체가 질기고 
기... 더보기"
16875542,가나돈까스의집,강남,일식,2.9,363,,,푸짐해요.
16875542,가나돈까스의집,강남,일식,2.9,363,,,주변에 먹을 곳이 없어서 그런가… 왜 사람이 많고 인기가 많은지 모르겠음. 특별한 메리트가 없는데 가격이 너무 비쌈. 쿰쿰한 냄새나는 싸구려 중국산 공장 김치 + 누가 어떻게 먹었는지 모를 산더미 오이고추… ... 더보기
16875542,가나돈까스의집,강남,일식,2.9,363,,,"맛은 둘째치고 강남에 먹을 곳이 없어서 다 쓰러저가는 상가 지하에 있어서 이해하려했는데요

상가주차장에 내가 주차하는데 할아버지가 천... 더보기"
16875542,가나돈까스의집,강남,일식,2.9,363,,,"어.. 맛이..없어요 별로… 
맛집이라고 추천받아서 갔는데 실망

이른 점심시간에 가서... 더보기"
16875542,가나돈까스의집,강남,일식,2.9,363,,,"주차는 내가 했는데 왜 주차비를 받으시는지 ,,, 옛날만큼 맛있지는 않지만 먹을만 합니다."
16875542,가나돈까스의집,강남,일식,2.9,363,,,"양이 엄청 많습니다. 고기도 경양식 치고는 볼륨감 있구요. 맛은 평범해서 경양식 돈까스를 좋아하시는게 아니라면 찾아가서 먹을 정도는 아니고, 근처에 있으면 갈만합니다."
16875542,가나돈까스의집,강남,일식,2.9,363,,,먹고나면 생각나는 돈까스 맛집
16875542,가나돈까스의집,강남,일식,2.9,363,,,"메뉴보다 1천원 올랐음
테이블에 김치국물자국에..
수저통에 국물등 튐자국이 너무많음"
16875542,가나돈까스의집,강남,일식,2.9,363,,,맛있어요~👍
16875542,가나돈까스의집,강남,일식,2.9,363,,,"함박정식, 김치찌개 주문했습니다
처음으로나오는 고추 정말맛있어요 아삭해서 샐러드같습니다.찍어먹는 쌈장도 맛있습니다
함... 더보기"
16875542,가나돈까스의집,강남,일식,2.9,363,,,지하에 위치해있고 가격은 좀 나갑니다. 맛은 쏘쏘
16875542,가나돈까스의집,강남,일식,2.9,363,,,"맛은 그럭저럭 괜찮은데, 줄서면서 정신없는
분위기에서 먹을 정도의 맛집은 아닌! 아삭이 고추 반찬과 돈까스의 조합이 인상적이었다."
16875542,가나돈까스의집,강남,일식,2.9,363,,,돈까스 너무 맛있어요 ㅎㅎ
16875542,가나돈까스의집,강남,일식,2.9,363,,,가성비
16875542,가나돈까스의집,강남,일식,2.9,363,,,사진/영상 후기만 보기
16875542,가나돈까스의집,강남,일식,2.9,363,,,2026.04.22.
16875542,가나돈까스의집,강남,일식,2.9,363,,,2026.04.16.
16875542,가나돈까스의집,강남,일식,2.9,363,,,2025.09.14.
16875542,가나돈까스의집,강남,일식,2.9,363,,,2025.06.28.
16875542,가나돈까스의집,강남,일식,2.9,363,,,2025.03.27.
16875542,가나돈까스의집,강남,일식,2.9,363,,,2024.05.28.
16875542,가나돈까스의집,강남,일식,2.9,363,,,2024.05.23.
16875542,가나돈까스의집,강남,일식,2.9,363,,,2024.02.01.
16875542,가나돈까스의집,강남,일식,2.9,363,,,2024.01.03.
16875542,가나돈까스의집,강남,일식,2.9,363,,,2023.10.12.
16875542,가나돈까스의집,강남,일식,2.9,363,,,2023.02.03.
16875542,가나돈까스의집,강남,일식,2.9,363,,,2022.10.21.
16875542,가나돈까스의집,강남,일식,2.9,363,,,2025.06.05.
16875542,가나돈까스의집,강남,일식,2.9,363,,,2025.02.21.
16875542,가나돈까스의집,강남,일식,2.9,363,,,2025.02.03.
16875542,가나돈까스의집,강남,일식,2.9,363,,,2024.09.21.
16875542,가나돈까스의집,강남,일식,2.9,363,,,2024.07.08.
16875542,가나돈까스의집,강남,일식,2.9,363,,,2023.10.08.
16875542,가나돈까스의집,강남,일식,2.9,363,,,2023.08.25.
16875542,가나돈까스의집,강남,일식,2.9,363,,,2023.07.13.
1989327162,나이스샤워 역삼점,강남,일식,4,114,,,맛있습니다! 점심시간에 와서 앞에 6팀 있길래 포기할까 고민했는데 회전률이 빨라서 10-15분정도 기다리고 바로 들어갔습니다~ 텐동을 그렇게 좋아하는 편은 아닌데 너무 맛있었어요! 콘샐러드도 양 많습니다
1989327162,나이스샤워 역삼점,강남,일식,4,114,,,바삭바삭 맛있게 잘 먹었습니다~
1989327162,나이스샤워 역삼점,강남,일식,4,114,,,"오무라안보단 덜짠데 더 달아요
오무라안보다 튀김옷이 얇아서 좋고
오무라안은 기본찬으로 주는 김치가 없어서 아쉬웠어요"
1989327162,나이스샤워 역삼점,강남,일식,4,114,,,텐동 먹고 싶을 때 방문하는 맛집! 여기만한데가 없어요! 아나고텐동 추천합니다~~!
1989327162,나이스샤워 역삼점,강남,일식,4,114,,,"샤워텐동 구성 좋음
양도 괜찮고 간도 좋았는데 다만 튀김 요리라 먹다보면 느끼하긴 함
텐동 여러군데 가봤지만 메뉴가 가진 어쩔 수 없는 특성같기도"
1989327162,나이스샤워 역삼점,강남,일식,4,114,,,회사 근처라 점심먹으러갔는데 첫입 먹자마자 너무 맛있어서 깜작 놀랐어요. 가격에 비해 너무 맛있어요!!
1989327162,나이스샤워 역삼점,강남,일식,4,114,,,"강남역, 역삼역에서 유명한 단골 텐동 맛집입니다.
겉바속촉을 확실하게 느낄 수 있고, 여기 텐동소스도 정말 맛나요.
점심때 직장인들이 가성비 좋은 ... 더보기"
1989327162,나이스샤워 역삼점,강남,일식,4,114,,,"샤워텐동으로 점심 너무 맛있게 식사했어요~
스테이는 좀 있으니 참조~"
1989327162,나이스샤워 역삼점,강남,일식,4,114,,,"맛있고 텐동치고 가격도 비싸지 않아서 텐동 먹고싶을 때 자주 가는 집
조금만 더 넓고 웨이팅 덜하면 진짜 좋을 것 같아요ㅠㅠ"
1989327162,나이스샤워 역삼점,강남,일식,4,114,,,맛있어요!
1989327162,나이스샤워 역삼점,강남,일식,4,114,,,"기본적으로 튀김양 적당하고 맛도 괜찬습니다.
밥에 간은 따로 안되어있어 따로 입맛에 맞게 간을 하면 되는데 튀김간이 있어 적당히 간을 맞춰 ... 더보기"
1989327162,나이스샤워 역삼점,강남,일식,4,114,,,"샤워텐동은 신선한 기름으로 튀긴 튀김이 바삭 고소해서 참 맛있었습니다. 밥은 간이 되어있지 않아 취향에 따라 간장소스와 함께 비벼 드셔야 해요.
긴 바석으로만 되어있는 공간이라 다소 좁은... 더보기"
1989327162,나이스샤워 역삼점,강남,일식,4,114,,,튀김은 부드러운편이며 담백한 느낌의 텐동입니다. 튀김 구성도 괜찮고 맛있습니다. 밥에는 간이 안되어있어서 따로 간장 뿌려드시거나 그냥 먹... 더보기
1989327162,나이스샤워 역삼점,강남,일식,4,114,,,이 정도 텐동을 만드는 곳은 흔치 않지. 바삭바삭 잘 튀겼다.
1989327162,나이스샤워 역삼점,강남,일식,4,114,,,회사근처라 회사사람들 두번 데려갔는데 두번 다 만족했어요 바질토마토는 느끼함을 잡아주는 상큼한 맛이고 튀김은 바삭했어요 거리가 조금만 더 가까웠으면 점심때도 갔을텐데 아쉬워요
1989327162,나이스샤워 역삼점,강남,일식,4,114,,,"두번은 가지 않을곳.. 매우실망

라스트 오더가 8시 20분이여서 전날 7시 40분 부터 가게 앞 웨이팅 의자에서 대기... 더보기"
1989327162,나이스샤워 역삼점,강남,일식,4,114,,,"무난무난
튀김 구성이 살짝 아쉬웠네요"
1989327162,나이스샤워 역삼점,강남,일식,4,114,,,맛은 무난하나 주문 후 나오는 시간이 오래 걸려요… 5분만에 먹었는데 점심시간에 먹기에는 촉박하네요ㅠㅠ
1989327162,나이스샤워 역삼점,강남,일식,4,114,,,진짜 너무 맛있었어요! 사장님도 친절하셔서 더욱 좋았습니다! 텐동 좋아하시면 추천합니당
1989327162,나이스샤워 역삼점,강남,일식,4,114,,,점심때는 상당한 대기가 있는 인기있는 텐동집. 저녁시간도 금방 자리 다 차더군요. 텐동 생각나면 한번씩 가는데 튀김 바삭하고 맛있고 가게도 깨끗합니다. 유증기 관리 어떻게 하는지 대단하심!
1989327162,나이스샤워 역삼점,강남,일식,4,114,,,가성비
1989327162,나이스샤워 역삼점,강남,일식,4,114,,,분위기
1989327162,나이스샤워 역삼점,강남,일식,4,114,,,사진/영상 후기만 보기
1989327162,나이스샤워 역삼점,강남,일식,4,114,,,2026.04.04.
1989327162,나이스샤워 역삼점,강남,일식,4,114,,,2026.02.06.
1989327162,나이스샤워 역삼점,강남,일식,4,114,,,2026.03.16.
1989327162,나이스샤워 역삼점,강남,일식,4,114,,,2026.01.07.
1989327162,나이스샤워 역삼점,강남,일식,4,114,,,2026.01.19.
1989327162,나이스샤워 역삼점,강남,일식,4,114,,,2025.12.25.
1989327162,나이스샤워 역삼점,강남,일식,4,114,,,2025.10.19.
1989327162,나이스샤워 역삼점,강남,일식,4,114,,,2026.01.24.
1989327162,나이스샤워 역삼점,강남,일식,4,114,,,2025.07.22.
1989327162,나이스샤워 역삼점,강남,일식,4,114,,,2025.09.01.
1989327162,나이스샤워 역삼점,강남,일식,4,114,,,2025.07.16.
1989327162,나이스샤워 역삼점,강남,일식,4,114,,,2025.06.23.
1989327162,나이스샤워 역삼점,강남,일식,4,114,,,2025.04.08.
1989327162,나이스샤워 역삼점,강남,일식,4,114,,,2025.02.08.
1989327162,나이스샤워 역삼점,강남,일식,4,114,,,2024.04.03.
1989327162,나이스샤워 역삼점,강남,일식,4,114,,,2024.03.07.
1989327162,나이스샤워 역삼점,강남,일식,4,114,,,2024.01.04.
1989327162,나이스샤워 역삼점,강남,일식,4,114,,,2023.08.03.
1989327162,나이스샤워 역삼점,강남,일식,4,114,,,2023.05.28.
1989327162,나이스샤워 역삼점,강남,일식,4,114,,,2023.03.11.
1989327162,나이스샤워 역삼점,강남,일식,4,114,,,2023.02.11.
1989327162,나이스샤워 역삼점,강남,일식,4,114,,,2022.11.30.
1989327162,나이스샤워 역삼점,강남,일식,4,114,,,2026.03.27.
1989327162,나이스샤워 역삼점,강남,일식,4,114,,,2026.03.25.
18324313,미미면가 본점,강남,일식,3.6,440,,,온소바 따뜻한 국물이 겨울에 딱이었구요 성게새우롤도 너무너무 맛있었어요 코지한 가게 분위기도 좋아서 또 오고 싶어용
18324313,미미면가 본점,강남,일식,3.6,440,,,우니 마 냉소바와 새우튀김 먹었는데 어떻게 미슐랭 가게인지 이해가 안 된 경험이었습니다. 소바는 면이건 육수건 특별한것 없고 그렇다고 우니나 마가 독특한  맛을 내는 것도 아니었습니다. 새우튀김 역시 지극히 평범했습니다.
18324313,미미면가 본점,강남,일식,3.6,440,,,"정말 적당한 맛.. 
크게 맛있지도 맛없지도 않음
근데 가로수길에서 이 가격이면 괜찮은듯
새우보다는... 더보기"
18324313,미미면가 본점,강남,일식,3.6,440,,,미쉐린이 주렁주렁
18324313,미미면가 본점,강남,일식,3.6,440,,,"요즘 같은 물가에, 미슐랭 평가된 식당 소바치고 적당한 가격에 적당한 맛이라고 생각된다. 국물이 밍밍하다기엔 꽤 깊고 단정한 맛이라고 생각된다. 하지만 올때마다 면이 너무 아쉽다 ㅠ"
18324313,미미면가 본점,강남,일식,3.6,440,,,"간이 왜이렇죠..
육수가 무맛인 느낌..? 건강한 맛인건가"
18324313,미미면가 본점,강남,일식,3.6,440,,,맛있어요👍
18324313,미미면가 본점,강남,일식,3.6,440,,,소바는 역시 소바전문점에서
18324313,미미면가 본점,강남,일식,3.6,440,,,"-장점: 🍤 새우튀김이 진짜 맛있다.
메밀면이라 그런지 엄청 쫄깃하고 슴슴한 맛이 매력/간을 더 할 수 있어서 좋음
따뜻한 보리차를 줘서 ... 더보기"
18324313,미미면가 본점,강남,일식,3.6,440,,,미미면가! 미쉐린 가이드를 2018년 부터 받아서 이번 기회어 방문하게 되었는데 고등어 온면이랑 아나고 소바가 매우 맛있고 특히 아나고 소바에 있는 우메보시가 특히 맛있어요!... 더보기
18324313,미미면가 본점,강남,일식,3.6,440,,,정말 맛있게 먹었습니다.
18324313,미미면가 본점,강남,일식,3.6,440,,,"미슐랭이 인증한 맛집
깔끔하고 군더더기없는 국물과 바삭한 튀김이 예술"
18324313,미미면가 본점,강남,일식,3.6,440,,,"정말 인생 소바집이에요!
여긴 항상 웨이팅이 있어 잘먹진못해도 한입먹는 ... 더보기"
18324313,미미면가 본점,강남,일식,3.6,440,,,"사악한 가격이지만 신사니까 납득…
허겁지겁 먹다가 혀를 씹었습니다.
주말 오픈 15분 전 즈음... 더보기"
18324313,미미면가 본점,강남,일식,3.6,440,,,무난하고 슴슴해서 오히려 좋음
18324313,미미면가 본점,강남,일식,3.6,440,,,"흠,,, 내가 맛알못인가? 너무 평범한데
튀김은 맛있음"
18324313,미미면가 본점,강남,일식,3.6,440,,,사이드메뉴에 마즙도 있고 붕장어 소바 주문했는데 맛있게 먹었습니다. 하지만 소바라고 해서 저렴하게 한끼 먹을때는 아닌거같아요.
18324313,미미면가 본점,강남,일식,3.6,440,,,전 부터 엄청 좋아하는 소바집인데 전에 비해서 맛 퀄리티가 좀 떨어져요.. 국물도 너무 슴슴하고 우니는 약간 비리네요..
18324313,미미면가 본점,강남,일식,3.6,440,,,"기다려서먹는집
가격이 좀 비싸졌지만 계속 오고싶은곳"
18324313,미미면가 본점,강남,일식,3.6,440,,,웨이팅 할 정도는 아니고 그냥 무난한 곳
18324313,미미면가 본점,강남,일식,3.6,440,,,분위기
18324313,미미면가 본점,강남,일식,3.6,440,,,가성비
18324313,미미면가 본점,강남,일식,3.6,440,,,사진/영상 후기만 보기
18324313,미미면가 본점,강남,일식,3.6,440,,,2026.01.30.
18324313,미미면가 본점,강남,일식,3.6,440,,,2026.01.09.
18324313,미미면가 본점,강남,일식,3.6,440,,,2025.11.09.
18324313,미미면가 본점,강남,일식,3.6,440,,,2025.07.26.
18324313,미미면가 본점,강남,일식,3.6,440,,,2025.07.16.
18324313,미미면가 본점,강남,일식,3.6,440,,,2025.05.26.
18324313,미미면가 본점,강남,일식,3.6,440,,,2025.04.01.
18324313,미미면가 본점,강남,일식,3.6,440,,,2025.02.07.
18324313,미미면가 본점,강남,일식,3.6,440,,,2025.01.09.
18324313,미미면가 본점,강남,일식,3.6,440,,,2024.11.13.
18324313,미미면가 본점,강남,일식,3.6,440,,,2024.10.14.
18324313,미미면가 본점,강남,일식,3.6,440,,,2024.10.07.
18324313,미미면가 본점,강남,일식,3.6,440,,,2024.05.18.
18324313,미미면가 본점,강남,일식,3.6,440,,,2024.05.05.
18324313,미미면가 본점,강남,일식,3.6,440,,,2024.04.30.
18324313,미미면가 본점,강남,일식,3.6,440,,,2024.04.29.
18324313,미미면가 본점,강남,일식,3.6,440,,,2024.04.19.
18324313,미미면가 본점,강남,일식,3.6,440,,,2024.02.14.
913979606,참치공방 선릉점,강남,일식,4.4,248,,,"분위기와 맛 모두 좋았습니다. 
몇 번 방문한 적이 있는데 항상 만족스러웠다기에 일행에게 추... 더보기"
913979606,참치공방 선릉점,강남,일식,4.4,248,,,"특참치 36,0 먹었어요. 참치도 괜찮고 리필도 똑같이 나오고 반찬들듀 맛있어요~ 저녁시간엔 좀 시끄럽긴한데 룸 안내받아서 잘 먹고 왔네요!~"
913979606,참치공방 선릉점,강남,일식,4.4,248,,,미쳤어요 왜안가 얼른가요!!!!!! 또갈게요!!
913979606,참치공방 선릉점,강남,일식,4.4,248,,,밋있어요 쾌적하고 깔끔해요
913979606,참치공방 선릉점,강남,일식,4.4,248,,,시내에서 제일 믿고 가는 참치 체인점. 이춘복에서 참치공방으로 갈아탄지 5년 됐어요. 스페셜 이상 단계를 드시는걸 추천합니다. 그 이하로는 크게 기대하지 마세요.
913979606,참치공방 선릉점,강남,일식,4.4,248,,,가성비와 친절면에서 훌륭하네요
913979606,참치공방 선릉점,강남,일식,4.4,248,,,"너모 맛있어요ㅎㅎ
갓성비!
일하시는 직원 아주머니
너무... 더보기"
913979606,참치공방 선릉점,강남,일식,4.4,248,,,다양한 부위를 먹을수있어서 좋은거같아요 ㅎㅎ 신선해보이고 맛있습니당
913979606,참치공방 선릉점,강남,일식,4.4,248,,,너무신선하네요 ㅎㅎ 잘먹고갑니다 회식때와서 알게된곳인데 친구랑도자주오는듯요 ㅎㅎ
913979606,참치공방 선릉점,강남,일식,4.4,248,,,"선릉역 근처라 찾기 편하고 룸이 있어 모임에 제격이네요. 맛과 분위기, 가성비까지 모두 만족스러웠습니다."
913979606,참치공방 선릉점,강남,일식,4.4,248,,,들어갔을때 인테리어가 너무 깔끔했고 직원분들이 친절하게맞이해주셔서 기분좋게 먹을수있었어요 ㅎㅎ
913979606,참치공방 선릉점,강남,일식,4.4,248,,,"참치공방 선릉점, 가성비 좋고 분위기도 훌륭해요! 다음에 또 올게요 😊"
913979606,참치공방 선릉점,강남,일식,4.4,248,,,"선릉에서 참치 먹고 싶을 때 꼭 생각나는 곳이에요. 여러 부위가 다양하게 나와서 매번 새로운 맛을 느낄 수 있고, 무한리필인데 퀄리티가 전혀 떨어지지 않아요. 직원분들도 친절하고, 인테리어도 깔끔해서 데이트 장소로도 좋았어요 :)"
913979606,참치공방 선릉점,강남,일식,4.4,248,,,"프라이빗한 공간에서 식사할 수 있고
참치도 리필도 잘 되고 전체적으로 너무잘나와서
만족스런 저녁시간이 되었네요😊😊"
913979606,참치공방 선릉점,강남,일식,4.4,248,,,"일정하게 좋고 신선한 퀄리티로 제공되어 좋고
회식하기에 좋은 공간도 있었네요 😊"
913979606,참치공방 선릉점,강남,일식,4.4,248,,,"지인이 선릉역에 참치먹기 좋은 곳이라고 추천했네요~
리필도 잘되고 부위도 다양해서
첨먹어보는 부위도 먹어보고 좋은 식사였어요 👍"
913979606,참치공방 선릉점,강남,일식,4.4,248,,,"식사공간도 좋았고 참치도 잘 나와서
만족스러웠네요 분위기 내야하는 날에도
오기 좋겠단 생각이 들었네요😁"
913979606,참치공방 선릉점,강남,일식,4.4,248,,,"리필도 같은 느낌으로 주시는 게 좋았어요
리필이라고 해서 냄새나거나 퀄리티 별로지 않았네요"
913979606,참치공방 선릉점,강남,일식,4.4,248,,,"지인이 좋다고 추천해줬는데 참치 신선하면서
스키다시나 리필도 잘 해주셔서 만족"
913979606,참치공방 선릉점,강남,일식,4.4,248,,,분위기
913979606,참치공방 선릉점,강남,일식,4.4,248,,,가성비
913979606,참치공방 선릉점,강남,일식,4.4,248,,,사진/영상 후기만 보기
913979606,참치공방 선릉점,강남,일식,4.4,248,,,2024.02.01.
913979606,참치공방 선릉점,강남,일식,4.4,248,,,2023.05.10.
913979606,참치공방 선릉점,강남,일식,4.4,248,,,2026.03.31.
913979606,참치공방 선릉점,강남,일식,4.4,248,,,2023.04.24.
913979606,참치공방 선릉점,강남,일식,4.4,248,,,2021.06.16.
913979606,참치공방 선릉점,강남,일식,4.4,248,,,2020.11.15.
913979606,참치공방 선릉점,강남,일식,4.4,248,,,2020.08.14.
913979606,참치공방 선릉점,강남,일식,4.4,248,,,2020.01.17.
913979606,참치공방 선릉점,강남,일식,4.4,248,,,2026.04.18.
913979606,참치공방 선릉점,강남,일식,4.4,248,,,2026.03.21.
913979606,참치공방 선릉점,강남,일식,4.4,248,,,2026.01.23.
913979606,참치공방 선릉점,강남,일식,4.4,248,,,2026.01.14.
913979606,참치공방 선릉점,강남,일식,4.4,248,,,2025.11.12.
913979606,참치공방 선릉점,강남,일식,4.4,248,,,2025.10.15.
913979606,참치공방 선릉점,강남,일식,4.4,248,,,2025.09.16.
913979606,참치공방 선릉점,강남,일식,4.4,248,,,2025.08.07.
913979606,참치공방 선릉점,강남,일식,4.4,248,,,2025.07.15.
913979606,참치공방 선릉점,강남,일식,4.4,248,,,2025.06.20.
913979606,참치공방 선릉점,강남,일식,4.4,248,,,2025.05.22.
15270381,스시선수,강남,일식,4.5,77,,,"6개월 아기랑 갔는데 룸도 있어서 좋았고
발렛도 돼서 편하고 좋았어요
맛도 물... 더보기"
15270381,스시선수,강남,일식,4.5,77,,,"28만원 디너에 고등어, 청어만 가득. 사케 100만원 어치 먹었는데도 식사 마무리에 부족한 스시 없냐 물어보지도 않는 특이한 곳(물론 더먹을 생각도 없었음) 맛이 이렇게 보통인데..가격 무엇?! 가성비 최악"
15270381,스시선수,강남,일식,4.5,77,,,강남 스시야는 이번이 처음인데 확실히 차원이 다르네요. 메뉴도 독창적이고 맛도 좋고 쉐프님을 비롯한 직원분들의 서비스도 훌륭합니다. 디너 오마카세가 1인 30만원으로 가격은 후덜덜하지만 받은 대접을 감안하면 수긍할 수 있습니다.
15270381,스시선수,강남,일식,4.5,77,,,"프라이빗한 공간에서
싱싱한 해산물 재료로 만든
여러가지 맛있는 음식을 맛볼 ... 더보기"
15270381,스시선수,강남,일식,4.5,77,,,"리드 좋고 역시 전통의 하이엔드 스시야 느낌?
원체 단 것 좋아하고 애기 입맛이라 카스테라도 참 좋아함.. 
우니가 변동이 좀 있어... 더보기"
15270381,스시선수,강남,일식,4.5,77,,,정말 맛있다
15270381,스시선수,강남,일식,4.5,77,,,"특별한 날 가기 좋은곳. 점심 스시세트, 지라시세트, 사시미세트 모두 맛있네요"
15270381,스시선수,강남,일식,4.5,77,,,벌써 이런 스시야를 오다니.. 이제 다른데 어떻게 가죠ㅠ 진짜 맛있어요 접객도 최고였습니다.
15270381,스시선수,강남,일식,4.5,77,,,짱맛!!!
15270381,스시선수,강남,일식,4.5,77,,,조용히~맛나게 먹고 왔네요~^^
15270381,스시선수,강남,일식,4.5,77,,,"이걸 왜 안 적었징ㅎㅎ 
오마카세 수준급 
사시미에다가 라임이랑 바질 뿌려주는데 그게 그렇게 잘 어울릴 수가 없다"
15270381,스시선수,강남,일식,4.5,77,,,"오래 가는덴 이유가 있다 
유지되는 퀄리티
무조건 바좌석에서 오마카세 먹... 더보기"
15270381,스시선수,강남,일식,4.5,77,,,전반적으로 만족
15270381,스시선수,강남,일식,4.5,77,,,"대식가인 편인데,
배를 터트리려고 작정하듯 마구 준다 ㅋㅋㅋㅋㅋ"
15270381,스시선수,강남,일식,4.5,77,,,여러군데 가봐도 그냥 난 여기가 탑이더라.
15270381,스시선수,강남,일식,4.5,77,,,"1. 전반적으로 만족
2. 전통스시에 창의적 해석한 요리까지 밸런스 좋음."
15270381,스시선수,강남,일식,4.5,77,,,특별한날 찾기 좋은곳. 맛있고 가격대비 좋은 퀄리티인것같아요
15270381,스시선수,강남,일식,4.5,77,,,너무짱맛
15270381,스시선수,강남,일식,4.5,77,,,정성껏 만든 맛에 기념일에는 꼭 가는 편
15270381,스시선수,강남,일식,4.5,77,,,"존맛,,"
15270381,스시선수,강남,일식,4.5,77,,,분위기
15270381,스시선수,강남,일식,4.5,77,,,사진/영상 후기만 보기
15270381,스시선수,강남,일식,4.5,77,,,2026.02.15.
15270381,스시선수,강남,일식,4.5,77,,,2023.05.03.
15270381,스시선수,강남,일식,4.5,77,,,2024.12.26.
15270381,스시선수,강남,일식,4.5,77,,,2024.03.22.
15270381,스시선수,강남,일식,4.5,77,,,2022.09.28.
15270381,스시선수,강남,일식,4.5,77,,,2021.12.31.
15270381,스시선수,강남,일식,4.5,77,,,2021.12.12.
15270381,스시선수,강남,일식,4.5,77,,,2020.10.08.
15270381,스시선수,강남,일식,4.5,77,,,2020.07.25.
15270381,스시선수,강남,일식,4.5,77,,,2017.02.11.
15270381,스시선수,강남,일식,4.5,77,,,2016.03.09.
15270381,스시선수,강남,일식,4.5,77,,,2026.04.26.
15270381,스시선수,강남,일식,4.5,77,,,2025.07.29.
15270381,스시선수,강남,일식,4.5,77,,,2025.07.03.
15270381,스시선수,강남,일식,4.5,77,,,2025.02.23.
15270381,스시선수,강남,일식,4.5,77,,,2024.05.10.
15270381,스시선수,강남,일식,4.5,77,,,2023.06.30.
15270381,스시선수,강남,일식,4.5,77,,,2022.12.25.
15270381,스시선수,강남,일식,4.5,77,,,2022.08.16.
15270381,스시선수,강남,일식,4.5,77,,,2021.08.31.
13573425,기세끼 논현점,강남,일식,4,160,,,해산물도 듬뿍 들어있어서 사이드 메뉴랑 같이 먹으니 한 끼 식사로도 충분합니다.
13573425,기세끼 논현점,강남,일식,4,160,,,논현역 룸 술집 기세끼! 참치타다끼부터 나베까지 모든 안주가 완벽했어요. 직원분들도 친절하셔서 기분 좋게 식사 마쳤습니다.
13573425,기세끼 논현점,강남,일식,4,160,,,논현동 영동시장에서 조용히 술 마시고 싶을 때 무조건 오는 기세끼! 전 좌석 프라이빗 룸이라 방해받지 않고 대화하기 너무 좋아요.
13573425,기세끼 논현점,강남,일식,4,160,,,퇴근하고 동료들이랑 가볍게 한잔하거나 모임 하기 딱입니다
13573425,기세끼 논현점,강남,일식,4,160,,,조명이 은은해서 예뻐 보이는 조명이에요! 룸이라 주변 눈치 안 보고 대화 집중하기 좋아서 소개팅 2차로 완전 추천해요.  진짜 맛있으니까 꼭 시켜보세요!
13573425,기세끼 논현점,강남,일식,4,160,,,식재료가 신선하고 간이 세지 않아 술과 곁들이기에 참 좋습니다. 논현동에서 품격 있게 한잔하고 싶을 때 들러보시길.
13573425,기세끼 논현점,강남,일식,4,160,,,"안주 종류가 진짜 어마무시 
고민하다 시킨 수제비짬뽕탕 ~ 맛있었습니다!
해물 베이스라 국물이 진짜 깊고... 더보기"
13573425,기세끼 논현점,강남,일식,4,160,,,"비주얼 부터 합격 산더미처럼 쌓인 숙주에 가쓰오부시 맛 조합 좋아여 ㅎ 비주얼만큼이나 맛도 깊고 담백해서 술이 술술들어감😋
안주 하나하나 퀄리티가 높아서 친구랑 잘먹었습니다! 실패 없는 안주 맛집~~~"
13573425,기세끼 논현점,강남,일식,4,160,,,"요즘 젊은 친구들만 가는 시끄러운 곳이 많아 걱정했는데, 여기는 분위기가 차분해서 좋습니다. 사케 추천해주신 것도 아주 좋았고 요리들이 하나같이 수준급이라  다시 오고 싶네요."
13573425,기세끼 논현점,강남,일식,4,160,,,솔직히 이자카야 안주 다 거기서 거기라 생각했는데 여기는 요리 수준임. 비주얼부터 압도적이고 재료도 신선한 게 느껴져요. 논현동 올 때마다 여기만 올 듯요.
13573425,기세끼 논현점,강남,일식,4,160,,,"논현동에서 술자리 하기 좋은 집입니다 
메뉴판을 보면 선택지가 많아 인원수나 분위기에 맞춰 주문하기 편해요 ㅎ
여기 오면 회 자주 먹는데 모듬회 맛있어요 ㅎㅎ"
13573425,기세끼 논현점,강남,일식,4,160,,,"문어계란말이 독특한 메뉴가 은근 술안주로 좋네요 
계란말이속 문어가 식감이 좋아요! 
계란도 퍽퍽하지않고 촉촉 ... 더보기"
13573425,기세끼 논현점,강남,일식,4,160,,,안주 종류가 워낙 많아서 고민하다가 깐풍기 시켰는데 겉바속촉 제대로네요. 다른 요리들도 궁금해지는 맛
13573425,기세끼 논현점,강남,일식,4,160,,,논현동에서 안주 맛집 찾으시면 여깁니다! 로제 떡볶이 시켰는데 소스가 꾸덕꾸덕하고 진해서 웬만한 전문점보다 맛있어요.
13573425,기세끼 논현점,강남,일식,4,160,,,룸이라 아늑하고 은은한 조명이 분위기를 살려줘서 넘 좋았습니다! 음식도 전체적으로 깔끔하구요 사시미 퀄이 진짜 좋았어요 술집 답지않게 신선도 너무 좋고 맛도 좋았구요 메뉴가 다양해서 선택지가 많은점도 장점이예요~~
13573425,기세끼 논현점,강남,일식,4,160,,,"안주 메뉴가 진짜 다양해서 결정 장애 올 뻔했어요 ㅋㅋ 사시미부터 탕, 튀김까지 다 있어서 1차, 2차 옮길 필요 없이 여기서 끝내도 될 정도!"
13573425,기세끼 논현점,강남,일식,4,160,,,"상차림부터 깔끔하게 잘 나오고 명란회무침 맛있어요 ! 
명란 특유의 짭짤함에 회무침이 더해져서 술안주로 딱 좋은 조합이네요 
룸 구성이 다양해서 자리 잡기 좋은곳이예욯ㅎㅎ"
13573425,기세끼 논현점,강남,일식,4,160,,,"꾸덕꾸덕한 소스가 닭고기랑 찰떡이고, 같이 나오는 빵에 소스 듬뿍 찍어 먹으면 그냥 기절각 ㅠㅠ 안주가 맛있어서 술이 술술 들어가는 날이었습니다."
13573425,기세끼 논현점,강남,일식,4,160,,,오징어치즈떡볶이 궁금해서 먹어봤는데 오징어랑 떡볶이가 생각보다 궁합이 좋네용! 매콤한데 치즈가 맵기를 잘잡아주고 오징어랑 맛도 잘어울려요! 안주로 좋았습니당 편하게 한잔하기 좋은 곳~~~
13573425,기세끼 논현점,강남,일식,4,160,,,"안주 퀄 남다른집! 
종류가 진짜 많아요 ㅋㅋ 타코와사비 술안주로 무난하고 깔끔히 맛있었습니당 메뉴가 여러 가지라 다음엔 다른 안주도 먹어보러 오려구요~"
13573425,기세끼 논현점,강남,일식,4,160,,,가성비
13573425,기세끼 논현점,강남,일식,4,160,,,분위기
13573425,기세끼 논현점,강남,일식,4,160,,,사진/영상 후기만 보기
13573425,기세끼 논현점,강남,일식,4,160,,,2026.04.02.
13573425,기세끼 논현점,강남,일식,4,160,,,2026.04.01.
13573425,기세끼 논현점,강남,일식,4,160,,,2026.02.05.
13573425,기세끼 논현점,강남,일식,4,160,,,2026.02.04.
13573425,기세끼 논현점,강남,일식,4,160,,,2026.01.31.
13573425,기세끼 논현점,강남,일식,4,160,,,2026.01.30.
13573425,기세끼 논현점,강남,일식,4,160,,,2026.01.28.
13573425,기세끼 논현점,강남,일식,4,160,,,2026.01.27.
13573425,기세끼 논현점,강남,일식,4,160,,,2026.01.23.
13573425,기세끼 논현점,강남,일식,4,160,,,2026.01.22.
13573425,기세끼 논현점,강남,일식,4,160,,,2026.01.20.
13573425,기세끼 논현점,강남,일식,4,160,,,2026.01.16.
13573425,기세끼 논현점,강남,일식,4,160,,,2026.01.14.
13573425,기세끼 논현점,강남,일식,4,160,,,2026.01.11.
13573425,기세끼 논현점,강남,일식,4,160,,,2026.01.10.
27440495,136길 육미,강남,일식,3.8,384,,,규 야끼우동? 진짜 미친맛.. 또 생각나서 침 흘려요
27440495,136길 육미,강남,일식,3.8,384,,,회사 근처라서 자주 가는데 맛있어요! 저녁약속에 딱입니당 대신 양 부족할 수 있어서 2인 3메뉴 필수... 메밀김밥 모두가 반한 맛이에요 난반두 맛있고 우동사리가... 되게 싱기해요 쫀딕쫀득한 느낌... 주기적으로 매번 가 주는 곳입니당
27440495,136길 육미,강남,일식,3.8,384,,,"친절하시고, 음식 다 맛있고, 최고입니다. 처음에 주시는 양배추부터 맛있어요ㅋㅋㅋㅋ"
27440495,136길 육미,강남,일식,3.8,384,,,"오픈런으로 먹었어요
한번에 같이 안 나오고, 하나 나오고~ 이야기 하다보면 하나 또 나오는 식이였습니다
저... 더보기"
27440495,136길 육미,강남,일식,3.8,384,,,진짜 왠만하면 좋게 진행하는 편인데.. 내가 제일 좋아하던 식당인데... 이젠 정말 아무도 못데려감.  음식맛이 너무 실망스럽고 명란우동스파게티는 무슨 국물을 한가득 나오고 이물관련 클레임 했는데 말로... 더보기
27440495,136길 육미,강남,일식,3.8,384,,,좋아하는 곳이라 오랜만에 방문햇더니 그냥 닫혀있네요 인스타나 맵어플에 쉰다고 공지라도 해놓던가 언제 오픈도 안써져있으니 가실분 전화 해보고 가세요 헛걸음함
27440495,136길 육미,강남,일식,3.8,384,,,"오랜만에 방문
새우튀김메밀김밥, 카레우동 맛있어요
또 가고 싶은 집"
27440495,136길 육미,강남,일식,3.8,384,,,여기는 제가 제일로 좋아하는 식당입니다..... 안알려지길 바랬지만 더욱 잘됐으면 하는 마음에 리뷰를 남깁니다...
27440495,136길 육미,강남,일식,3.8,384,,,"⭐️3.8/5

🥢하야시 라이스  :
크리미한 토마토 하이라... 더보기"
27440495,136길 육미,강남,일식,3.8,384,,,"웨이팅없이 들어감👍 음식은 진짜 맛있었어요ㅠ
치킨난반에 볶음우동 메밀김밥 먹고왔어요^^
(반주도 살짝ㅋ) 바쁜시간이 몰아쳐서 그런지 배달이 계속 들어오고.. 배달... 더보기"
27440495,136길 육미,강남,일식,3.8,384,,,"추천 메뉴 치킨난반 메밀김밥


치킨난반

가라아게에 타... 더보기"
27440495,136길 육미,강남,일식,3.8,384,,,"배고프지않은 상태에서 갔는데도 너무 맛있어요 
메밀김밥은 생각보다 더 부드러워서 놀랐고요 
근처에 모임있으면 여기로 와야겠어요"
27440495,136길 육미,강남,일식,3.8,384,,,"그냥 메밀김밥보다 새우튀김 들어있는게 더 나은 거 같아요
가성비는 별로..
메밀김밥보다 카레라이스가 더 맛있었어요... 더보기"
27440495,136길 육미,강남,일식,3.8,384,,,"염
김밥 맛있음"
27440495,136길 육미,강남,일식,3.8,384,,,"맛있습니다.
마셰코 애청자에다가 최강록님 얘기듣고 방문한건데 그 명성에 맞는 음식점이었다고 생각함
기본 서비스로 주는 밑반찬부터 ... 더보기"
27440495,136길 육미,강남,일식,3.8,384,,,"136길 육미 최강록 셰프가 운영 안한지 
6-7년은 넘었습니다.
여기서 최강록 ... 더보기"
27440495,136길 육미,강남,일식,3.8,384,,,최강록 셰프의 메밀김밥은 식감이 너무 부드러워서 계속 생각납니다. 닭다리 조림 바질을 곁들인은 옥수수 가루가 식감을 돋아주어서 좋은데 대파랑 바질이 좀 더 많이 들어있으면 좋았을 것 같습니다!
27440495,136길 육미,강남,일식,3.8,384,,,메밀김밥이랑 장어솥밥 맛있어용
27440495,136길 육미,강남,일식,3.8,384,,,오랜만에 들렀는데 여전히 맛있네요. 메밀김밥 최고오
27440495,136길 육미,강남,일식,3.8,384,,,메밀김밥은 역시 맛있다 근데 카레우덩은 특별하지 않구요 단점은 주문시 음식 나오는 데 20분 이상 걸림 ㅠ
27440495,136길 육미,강남,일식,3.8,384,,,분위기
27440495,136길 육미,강남,일식,3.8,384,,,가성비
27440495,136길 육미,강남,일식,3.8,384,,,사진/영상 후기만 보기
27440495,136길 육미,강남,일식,3.8,384,,,2025.08.14.
27440495,136길 육미,강남,일식,3.8,384,,,2025.06.16.
27440495,136길 육미,강남,일식,3.8,384,,,2025.03.08.
27440495,136길 육미,강남,일식,3.8,384,,,2024.08.08.
27440495,136길 육미,강남,일식,3.8,384,,,2024.06.27.
27440495,136길 육미,강남,일식,3.8,384,,,2023.07.08.
27440495,136길 육미,강남,일식,3.8,384,,,2026.04.13.
27440495,136길 육미,강남,일식,3.8,384,,,2026.04.06.
27440495,136길 육미,강남,일식,3.8,384,,,2026.01.20.
27440495,136길 육미,강남,일식,3.8,384,,,2026.01.09.
27440495,136길 육미,강남,일식,3.8,384,,,2025.10.01.
27440495,136길 육미,강남,일식,3.8,384,,,2025.08.28.
27440495,136길 육미,강남,일식,3.8,384,,,2025.06.15.
27440495,136길 육미,강남,일식,3.8,384,,,2024.05.17.
27440495,136길 육미,강남,일식,3.8,384,,,2023.09.19.
27440495,136길 육미,강남,일식,3.8,384,,,2022.02.12.
27440495,136길 육미,강남,일식,3.8,384,,,2022.02.08.
27440495,136길 육미,강남,일식,3.8,384,,,2021.10.27.
27440495,136길 육미,강남,일식,3.8,384,,,2021.08.24.
27440495,136길 육미,강남,일식,3.8,384,,,2021.07.10.
27415522,와라야키 쿠이신보,강남,일식,3.7,88,,,"이것저것 많이 잘먹고 나옴. 
안주 맛은 있음
가성비... 더보기"
27415522,와라야키 쿠이신보,강남,일식,3.7,88,,,"**내돈내산 / 협찬아님 / 지인아님 / 그냥 무수히 많은 방문자 중에 감탄하고 온 사람 중 1명임**

그토록 갈구했던 이상적인 주점... 더보기"
27415522,와라야키 쿠이신보,강남,일식,3.7,88,,,"찐친 엄빠 카드찬스 제대로 쓴 맛집
하이볼과 히레사케
그리고... 더보기"
27415522,와라야키 쿠이신보,강남,일식,3.7,88,,,맛은있는데 겁나 오래걸리고 비쌈.. 근데 맛있음 ㅠ
27415522,와라야키 쿠이신보,강남,일식,3.7,88,,,가격은 싼 편은 아니지만 접객은 아주 좋은 곳. 음식 맛도 좋음. 사케 종류별 코멘트에 감동. 재방문 의사 있음: 누구 데려오기 좋은 곳.
27415522,와라야키 쿠이신보,강남,일식,3.7,88,,,환장함
27415522,와라야키 쿠이신보,강남,일식,3.7,88,,,"맛있다!
정말 조금 아쉬운 점을 꼽자면... 프리미엄 하이볼이 좀 밍밍하고, 일반 하이볼은 레몬 맛이 너무 쎄다.... 술맛이 안남...."
27415522,와라야키 쿠이신보,강남,일식,3.7,88,,,"여기가 맛없다고 하는 사람들은 어디 미슐랭 투스타 이상만 가셨엇나? 안주 너무 맛잇고 분위기 최고
친절함 최고! 사케 최규ㅠㅠ"
27415522,와라야키 쿠이신보,강남,일식,3.7,88,,,역시 타다끼만큼은 최고
27415522,와라야키 쿠이신보,강남,일식,3.7,88,,,"타다키 진짜 맛있고 숯불구이도 맛있다 
양에 비해 비싼건 맞지만 너무 맛있어서 5점"
27415522,와라야키 쿠이신보,강남,일식,3.7,88,,,오랫동안 가고 싶어서 갔는데 약간 숯불향이 되게 강해요ㅋㅋㅋ연어+불을 먹는 기분 오니기리도 불에서 조꼼 놀다온 아이같구 ㅋㅋㅋ호불호가 갈... 더보기
27415522,와라야키 쿠이신보,강남,일식,3.7,88,,,웨이팅 걸려고 오픈 하기 5분전부터 가서 이름 올리고 문앞에서 기다리는데 가져간 우산 가게 안 우산꽂이에 넣어뒀다고 굳이 굳이 나와서 들고 나가라고 싸가지 없게 말하던 그 직원 진짜 잊을수가 없네요.어디 다른곳 가서... 더보기
27415522,와라야키 쿠이신보,강남,일식,3.7,88,,,"참치타다끼랑 오차즈케 너무 맛있어요
오차즈케 두번시켜먹음 ㅜ"
27415522,와라야키 쿠이신보,강남,일식,3.7,88,,,2차로 갔는데.. 맛없다기보다는 꼬치종류가 다 고기를 말아놔서 그맛이 그맛이고.. 그냥 쪼그만 플레이트에 사진찍으러 가는 곳 느낌.
27415522,와라야키 쿠이신보,강남,일식,3.7,88,,,명란 구이가 여자 엄지손톱 크기.. 근데 가격은 만원도 안되는데 근데 두께가 진짜 얇은ㅋㅋㅋ 맛이 없는 집은 아닌거 같은데 주문 하는거마다 코로나 영업시간 단축으로 재고를 안 들여놔서 주문 자체가 안된다는 ... 더보기
27415522,와라야키 쿠이신보,강남,일식,3.7,88,,,"참치 볏짚 타다끼 살살 녹습니다. 비싸긴 한데,, 향긋하니 술안주 베스트 메뉴예요. 기분 내고 싶은 날 종종 갈 듯요."
27415522,와라야키 쿠이신보,강남,일식,3.7,88,,,"가성비 보다는 맛이 
중요한데 고노와다, 참치뱃살타다키, 초당옥수수구이등 음식들이 썩 맛있다고 느끼지 못했어요."
27415522,와라야키 쿠이신보,강남,일식,3.7,88,,,타다키 최고 사랑해오
27415522,와라야키 쿠이신보,강남,일식,3.7,88,,,"참치회 부드럽다. 치즈 숯불구이 안주로 딱이다.
진저 하이볼 달달구리
담에 타다끼 먹으러와야지"
27415522,와라야키 쿠이신보,강남,일식,3.7,88,,,"내가 가본 이자카야중 정말 최악입니다
아카미 타다끼는 다랑어 핏물비릿함 가라아게는 안에가 안익고 너무커서 여튼 다신가일 없으요"
27415522,와라야키 쿠이신보,강남,일식,3.7,88,,,분위기
27415522,와라야키 쿠이신보,강남,일식,3.7,88,,,사진/영상 후기만 보기
27415522,와라야키 쿠이신보,강남,일식,3.7,88,,,2024.05.23.
27415522,와라야키 쿠이신보,강남,일식,3.7,88,,,2024.05.13.
27415522,와라야키 쿠이신보,강남,일식,3.7,88,,,2024.01.20.
27415522,와라야키 쿠이신보,강남,일식,3.7,88,,,2023.09.30.
27415522,와라야키 쿠이신보,강남,일식,3.7,88,,,2026.01.13.
27415522,와라야키 쿠이신보,강남,일식,3.7,88,,,2025.02.26.
27415522,와라야키 쿠이신보,강남,일식,3.7,88,,,2025.01.27.
27415522,와라야키 쿠이신보,강남,일식,3.7,88,,,2024.05.27.
27415522,와라야키 쿠이신보,강남,일식,3.7,88,,,2023.10.26.
27415522,와라야키 쿠이신보,강남,일식,3.7,88,,,2023.06.21.
27415522,와라야키 쿠이신보,강남,일식,3.7,88,,,2023.06.11.
27415522,와라야키 쿠이신보,강남,일식,3.7,88,,,2023.01.13.
27415522,와라야키 쿠이신보,강남,일식,3.7,88,,,2022.06.07.
27415522,와라야키 쿠이신보,강남,일식,3.7,88,,,2022.02.24.
27415522,와라야키 쿠이신보,강남,일식,3.7,88,,,2021.12.20.
27415522,와라야키 쿠이신보,강남,일식,3.7,88,,,2021.08.12.
27415522,와라야키 쿠이신보,강남,일식,3.7,88,,,2021.06.20.
27415522,와라야키 쿠이신보,강남,일식,3.7,88,,,2020.07.06.
27415522,와라야키 쿠이신보,강남,일식,3.7,88,,,2020.06.20.
27415522,와라야키 쿠이신보,강남,일식,3.7,88,,,2026.04.19.
1493770873,오레노이키루미치 압구정본점,강남,일식,4.3,181,,,"역대 먹어본 라멘중 가히 비쥬얼에 처음 압도당하고 맛에도 압도당했습니다
처음 먹어본 지로라멘 입문에 적합한 가게였던... 더보기"
1493770873,오레노이키루미치 압구정본점,강남,일식,4.3,181,,,"일본 현지의 맛을 그대로 느낄 수있네요!
한가지 아쉬운점은 '우롱차'가 없다는 점이네요…"
1493770873,오레노이키루미치 압구정본점,강남,일식,4.3,181,,,진짜 너무맛있다 ㅠㅠㅠ
1493770873,오레노이키루미치 압구정본점,강남,일식,4.3,181,,,너무 맛있어요 ❤️❤️❤️❤️❤️
1493770873,오레노이키루미치 압구정본점,강남,일식,4.3,181,,,비행기값보다 싸다!
1493770873,오레노이키루미치 압구정본점,강남,일식,4.3,181,,,일단 평점이 높은 건 리뷰이벤트가 있어서고요ㅠㅜ (카맵에 5점 남리면 계란 줌) 기대하고 갔는데 실망했습니다.. 일단 남자직원이 불친절하고 아부라 마시로 시키면 별도의 그릇에 주는 거 찾아보고 간 건데... 더보기
1493770873,오레노이키루미치 압구정본점,강남,일식,4.3,181,,,"먹으러 자주 와요
맛있습니다~!"
1493770873,오레노이키루미치 압구정본점,강남,일식,4.3,181,,,맛있어요 같이 마시는 쌩맥도 👍
1493770873,오레노이키루미치 압구정본점,강남,일식,4.3,181,,,"진하고 맛있어요!
근데 이렇게 라멘이 오래걸리는곳은 처음..
20분정도 ... 더보기"
1493770873,오레노이키루미치 압구정본점,강남,일식,4.3,181,,,진한 돼지뼈 국물이 넘맛있어용❤️
1493770873,오레노이키루미치 압구정본점,강남,일식,4.3,181,,,지로라면 먹고 싶을때 자주 방문하고 있어요! 친절하고 맛있어요! 한국에서 지로라멘 먹을 수 있는 곳이 많지 않은데 강남에 이런 곳이 있어서 너무 좋아요!!
1493770873,오레노이키루미치 압구정본점,강남,일식,4.3,181,,,너무 너무 친절하고 양도 많아요!
1493770873,오레노이키루미치 압구정본점,강남,일식,4.3,181,,,"우연히 이끌려 들어온 라멘집인데, 처음 먹어보는 신선함이네요. 맛있습니다 국물이 진해요"
1493770873,오레노이키루미치 압구정본점,강남,일식,4.3,181,,,"저녁에 아홉시쯤 가서 그런지 아부라소바와 토마토라멘은 솔드아웃이었고요
뭔가 전체적으로 특이한 식감의 면을 못 따라오는 발란스..?
원래... 더보기"
1493770873,오레노이키루미치 압구정본점,강남,일식,4.3,181,,,많이 짜긴한데 지로가 원래 이렇다니까 머... 양은 많음
1493770873,오레노이키루미치 압구정본점,강남,일식,4.3,181,,,맛잇습니다!!!! 근처 볼일잇으면 또올게요
1493770873,오레노이키루미치 압구정본점,강남,일식,4.3,181,,,양이 진짜 많고 친절합니다 굳
1493770873,오레노이키루미치 압구정본점,강남,일식,4.3,181,,,양이 진짜 많음. 맛도 진하고 한데.. 느끼함을 잡을게 없음. 생강도 달다. 근데 바닥이 너무 지저분하고 미끄러워서 넘어질뻔. 통로도 비좁아서 들어아고 나가기도 불편.... 더보기
1493770873,오레노이키루미치 압구정본점,강남,일식,4.3,181,,,가성비
1493770873,오레노이키루미치 압구정본점,강남,일식,4.3,181,,,분위기
1493770873,오레노이키루미치 압구정본점,강남,일식,4.3,181,,,사진/영상 후기만 보기
1493770873,오레노이키루미치 압구정본점,강남,일식,4.3,181,,,2026.04.30.
1493770873,오레노이키루미치 압구정본점,강남,일식,4.3,181,,,2026.04.27.
1493770873,오레노이키루미치 압구정본점,강남,일식,4.3,181,,,2026.04.26.
1493770873,오레노이키루미치 압구정본점,강남,일식,4.3,181,,,2026.04.20.
1493770873,오레노이키루미치 압구정본점,강남,일식,4.3,181,,,2026.04.17.
1493770873,오레노이키루미치 압구정본점,강남,일식,4.3,181,,,2026.04.05.
1493770873,오레노이키루미치 압구정본점,강남,일식,4.3,181,,,2026.03.26.
1493770873,오레노이키루미치 압구정본점,강남,일식,4.3,181,,,2026.03.21.
1493770873,오레노이키루미치 압구정본점,강남,일식,4.3,181,,,2026.03.15.
1493770873,오레노이키루미치 압구정본점,강남,일식,4.3,181,,,2026.03.14.
1493770873,오레노이키루미치 압구정본점,강남,일식,4.3,181,,,2026.03.01.
1493770873,오레노이키루미치 압구정본점,강남,일식,4.3,181,,,2026.02.27.
1493770873,오레노이키루미치 압구정본점,강남,일식,4.3,181,,,2026.02.18.
1493770873,오레노이키루미치 압구정본점,강남,일식,4.3,181,,,2026.02.15.
1493770873,오레노이키루미치 압구정본점,강남,일식,4.3,181,,,2026.02.10.
10030025,후지,강남,일식,4.8,133,,,"연배있으신 분들이 좋아할만한
룸식 일식집입니다.
제 입맛에는 ... 더보기"
10030025,후지,강남,일식,4.8,133,,,"SNS에서 절여지지 않은 순수한 고급 맛집
개인적으로 우니가 제일 좋았고, 고래고기 또한 멜젓이랑 잘어울려서 거부감 없이 접할 수 있었음 독도새우는 이전에 먹었... 더보기"
10030025,후지,강남,일식,4.8,133,,,진짜 너무너무 맛있습니다. 기본 매뉴도 고퀄이고 메인 디쉬는 말할 것도 없네요♡ 사진은 기본메뉴인 전복입니다!
10030025,후지,강남,일식,4.8,133,,,"대단한 곳입니다. 인당 20만원대로 고가입니다만, 맛과 서비스로는 웬만한 고급 호텔보다 훨씬 낫네요. 

사시미 한참 먹다가, 크랩이 ... 더보기"
10030025,후지,강남,일식,4.8,133,,,대게 코스요리 1등이길래 가봤습니다. 대게는 그렇다치고 중간중간 젠사이도 그렇고 고래고기도 그렇고 정말 황홀하네요. 여러 대게집이나 스시야 도장깨기 좋아하는데 후지 왜 이제 알게되서 왔나 싶습니다.... 더보기
10030025,후지,강남,일식,4.8,133,,,친절한 서비스와 훌륭한 안주 덕분에 진짜 좋은 시간 보냈어요!! 재방문 의사 있습니다!
10030025,후지,강남,일식,4.8,133,,,인당 20만원짜리 코스요리. 음식보다도 룸이 많이서 프라이빗하게 즐기기 좋구. 무엇보다 친절하고 서비스가 좋으시네요. 와서 직접 소맥 말아주셨습니다ㅎㅎ
10030025,후지,강남,일식,4.8,133,,,친절하시고 모든 음식이 맛있었음
10030025,후지,강남,일식,4.8,133,,,맛있어요
10030025,후지,강남,일식,4.8,133,,,말이 필요 없음.
10030025,후지,강남,일식,4.8,133,,,점심가성비가 대단하네요
10030025,후지,강남,일식,4.8,133,,,가격값 합니다 존맛..
10030025,후지,강남,일식,4.8,133,,,King Crab & さしみ
10030025,후지,강남,일식,4.8,133,,,너무 맛있어요
10030025,후지,강남,일식,4.8,133,,,이자카야분이기가나요
10030025,후지,강남,일식,4.8,133,,,"강남에서 가격대비 최고이며,
맛은 최고급 수준입니다.
웬만한 오마... 더보기"
10030025,후지,강남,일식,4.8,133,,,분위기
10030025,후지,강남,일식,4.8,133,,,사진/영상 후기만 보기
10030025,후지,강남,일식,4.8,133,,,2025.10.03.
10030025,후지,강남,일식,4.8,133,,,2024.05.09.
10030025,후지,강남,일식,4.8,133,,,2023.12.09.
10030025,후지,강남,일식,4.8,133,,,2022.12.03.
10030025,후지,강남,일식,4.8,133,,,2022.09.08.
10030025,후지,강남,일식,4.8,133,,,2022.07.16.
10030025,후지,강남,일식,4.8,133,,,2022.01.21.
10030025,후지,강남,일식,4.8,133,,,2025.09.05.
10030025,후지,강남,일식,4.8,133,,,2024.07.30.
10030025,후지,강남,일식,4.8,133,,,2023.07.13.
10030025,후지,강남,일식,4.8,133,,,2023.06.08.
10030025,후지,강남,일식,4.8,133,,,2022.10.10.
10030025,후지,강남,일식,4.8,133,,,2021.12.27.
10030025,후지,강남,일식,4.8,133,,,2021.09.28.
10030025,후지,강남,일식,4.8,133,,,2021.06.20.
10030025,후지,강남,일식,4.8,133,,,2025.05.02.
10030025,후지,강남,일식,4.8,133,,,2023.12.01.
10030025,후지,강남,일식,4.8,133,,,2023.01.08.
10030025,후지,강남,일식,4.8,133,,,2022.10.11.
13119179,큰물참치 강남점,강남,일식,3.7,135,,,"참치 초밥에 와사비가 너무 많이 들어가서 먹으면서 거의 눈물 흘릴정도였어요…
서비스로 알밥 주신다고도하고 까먹고.. 여러모로 정신 없는 경험"
13119179,큰물참치 강남점,강남,일식,3.7,135,,,참치 맛집입니다
13119179,큰물참치 강남점,강남,일식,3.7,135,,,"☆★ 더 자세한 내용은 ""번지길드 블로그"" 검색하여 찾아보면 됩니다 ★☆ 
... 더보기"
13119179,큰물참치 강남점,강남,일식,3.7,135,,,"올드한 참치집
트렌디함은 없고, 해동력도 그저 그래요
이모님들이 할아버님들한테만 친절하시네요.."
13119179,큰물참치 강남점,강남,일식,3.7,135,,,다이아몬드 먹었어요! 넘나 친절하구 맛있음. 재방문 의사 백퍼천퍼
13119179,큰물참치 강남점,강남,일식,3.7,135,,,"근처 참치집 중에 요리도 제일 잘나왔고 넓고 깔끔해서 좋았어요

마감시간 다 되어서 갔는데도 친절하셨어요"
13119179,큰물참치 강남점,강남,일식,3.7,135,,,"강남역에서 가장 맛있는 참치집!
항상 친절하시고 특히 참치 퀄리티가 너무 좋아요! ㅎㅎ
강남역 회식 코스 찾으시는 분들에게 강추에요!!"
13119179,큰물참치 강남점,강남,일식,3.7,135,,,방문할때마다 느끼는건데 인테리어가 멋찌고 매장내 분위기도 좋고 깨끗하네요~ 그리고 중요한건 참치맛이 최고인것 같네요~직원분들도 친절하셔서 마음 편히 잘 먹고갑니다
13119179,큰물참치 강남점,강남,일식,3.7,135,,,"여기 직원분들 엄청 친절하시고…
저는 갠적으로 룸도 짱좋았어요 ㅋㅋ! 
참치도… 진짜 저같은 경우는 ㅋㅋ 이런 참치는... 더보기"
13119179,큰물참치 강남점,강남,일식,3.7,135,,,"일부러 프라이빗하게 할 이야기가 있어 점심부터 참치집 간 거였는데, 갑자기 룸 문을 열더니 낮잠용 이불을 꺼내가는 곳ㅋㅋㅋㅋㅋㅋ 낮잠이불 두는 룸 ... 더보기"
13119179,큰물참치 강남점,강남,일식,3.7,135,,,"친구들 모임장소로 자주간다.
룸도 있고 소규모로 먹기 딱 좋다."
13119179,큰물참치 강남점,강남,일식,3.7,135,,,"참치회덮밥  참치가 아주 별로입니다
먹다남은건지 색깔도 변해있고 이런걸... 더보기"
13119179,큰물참치 강남점,강남,일식,3.7,135,,,가지마세요..
13119179,큰물참치 강남점,강남,일식,3.7,135,,,회식장소
13119179,큰물참치 강남점,강남,일식,3.7,135,,,굿굿굿굿굿이에오 참치실장님 굿 예쁜이모도 센스있고 생선조림? 맛있어요 참치가 젤 맛나고요
13119179,큰물참치 강남점,강남,일식,3.7,135,,,완전 분위기 좋아서 여기 돈생기면 무조건 온답니다!!!
13119179,큰물참치 강남점,강남,일식,3.7,135,,,지나치게 가게가 원하는 메뉴를 손님에게 권해서 불쾌했습니다.
13119179,큰물참치 강남점,강남,일식,3.7,135,,,"꼭 예약 같은거 하고 가세요 
그냥가면 프론트에서 15분정도 방치해 두니까요
안내도 없고 뭣도 없습니다"
13119179,큰물참치 강남점,강남,일식,3.7,135,,,모밀정식 얼만가요??
13119179,큰물참치 강남점,강남,일식,3.7,135,,,분위기
13119179,큰물참치 강남점,강남,일식,3.7,135,,,사진/영상 후기만 보기
13119179,큰물참치 강남점,강남,일식,3.7,135,,,2025.09.17.
13119179,큰물참치 강남점,강남,일식,3.7,135,,,2024.09.06.
13119179,큰물참치 강남점,강남,일식,3.7,135,,,2023.11.08.
13119179,큰물참치 강남점,강남,일식,3.7,135,,,2023.05.12.
13119179,큰물참치 강남점,강남,일식,3.7,135,,,2022.08.23.
13119179,큰물참치 강남점,강남,일식,3.7,135,,,2022.05.20.
13119179,큰물참치 강남점,강남,일식,3.7,135,,,2022.05.11.
13119179,큰물참치 강남점,강남,일식,3.7,135,,,2021.12.19.
13119179,큰물참치 강남점,강남,일식,3.7,135,,,2021.12.13.
13119179,큰물참치 강남점,강남,일식,3.7,135,,,2021.09.04.
13119179,큰물참치 강남점,강남,일식,3.7,135,,,2021.08.23.
13119179,큰물참치 강남점,강남,일식,3.7,135,,,2021.01.27.
13119179,큰물참치 강남점,강남,일식,3.7,135,,,2025.08.29.
13119179,큰물참치 강남점,강남,일식,3.7,135,,,2025.04.13.
13119179,큰물참치 강남점,강남,일식,3.7,135,,,2024.06.14.
13119179,큰물참치 강남점,강남,일식,3.7,135,,,2023.10.13.
13119179,큰물참치 강남점,강남,일식,3.7,135,,,2023.09.16.
13119179,큰물참치 강남점,강남,일식,3.7,135,,,2023.05.04.
13119179,큰물참치 강남점,강남,일식,3.7,135,,,2022.11.11.
13119179,큰물참치 강남점,강남,일식,3.7,135,,,2022.07.11.
1950857675,오레노라멘 강남점,강남,일식,4.2,1299,,,"명성에 비하면 평범함 
라멘보다는 삼계탕 먹는것 같아서 비호
직원분들은 친절하심

+ 이후로 5... 더보기"
1950857675,오레노라멘 강남점,강남,일식,4.2,1299,,,닭육수라그런지 뒷맛이 깔끔하고 맛있었습니다 .
1950857675,오레노라멘 강남점,강남,일식,4.2,1299,,,엄청 맛있었고 직원분들이 아주 다 친절하셨어요 여기서 라멘은 처음 먹어봤는데 계란 맛있고 국물도 좋았어용 갈색 고명은 오독오독한 식감이라 이름을 모르겠지만 제 스타일은 아니었어요 근데 그거 빼고 다 맛있었어요
1950857675,오레노라멘 강남점,강남,일식,4.2,1299,,,느끼한 거 못드시면 매운걸로 드세요
1950857675,오레노라멘 강남점,강남,일식,4.2,1299,,,넓고 테이블 많음. 주문한 토리파이탄은 담백한 느낌이 드는 기본에 충실한 맛.
1950857675,오레노라멘 강남점,강남,일식,4.2,1299,,,"맛잇진않음
일본라멘 한국판 순한맛같음
여기는 많이왓엇음
이젠 밍... 더보기"
1950857675,오레노라멘 강남점,강남,일식,4.2,1299,,,메뉴가 상당히 빨리 나오고 무료로 면추가 밥추가도 돼서 좋았습니다! 테이블도 넓직하고 직원분들이 친절하고 무엇보다 메뉴가 너무 맛있어서 좋았어요!
1950857675,오레노라멘 강남점,강남,일식,4.2,1299,,,"속이 든든하고 맛있어요 저 꼬들한거 저거 식감 좋아요 ㅎㅎ밥이랑 면,국물 무한리필인데 저는 한그릇만 뚝딱해도 배불렀어요 🤤"
1950857675,오레노라멘 강남점,강남,일식,4.2,1299,,,오레노라멘은 항상 맛있음
1950857675,오레노라멘 강남점,강남,일식,4.2,1299,,,"닭육수라 약간 느끼함을 품은 감칠맛

면, 육수 리필이 되서 좋았으나
파,... 더보기"
1950857675,오레노라멘 강남점,강남,일식,4.2,1299,,,점심저녁시간대 웨이팅 필수지만 갠적으로 기다려도 먹을만한 맛입니당 굿
1950857675,오레노라멘 강남점,강남,일식,4.2,1299,,,바쁜 시간대에 갔음에도 불구하고 홀직원분의 친절한 접객이 인상적이었습니다.라멘은 닭육수 베이스여서 담백하고 특이한 점은 요청하면 고수를 준비해 주십니다.라멘에 고수 조합.특별하네요.
1950857675,오레노라멘 강남점,강남,일식,4.2,1299,,,"맛 : 중상
가성비 : 상
친절도 : 상"
1950857675,오레노라멘 강남점,강남,일식,4.2,1299,,,평범해요 찾아갈 정도는 아닌 거 같아요
1950857675,오레노라멘 강남점,강남,일식,4.2,1299,,,"리필되는게 좋았다
개인적으로 카라빠이탄이 매운맛이 안물리고 좋았음"
1950857675,오레노라멘 강남점,강남,일식,4.2,1299,,,맛있어용
1950857675,오레노라멘 강남점,강남,일식,4.2,1299,,,"맛나요!
서비스 아쉬운점은
더운날씨에 안에 빈자리 많은데 밖에서 줄서야해서 조금 ㅠㅠ!! 라멘은 맛잇어요"
1950857675,오레노라멘 강남점,강남,일식,4.2,1299,,,"8.5(화) 18:00
오늘도 맛있게 잘 먹었습니다 !

7.28(월) ... 더보기"
1950857675,오레노라멘 강남점,강남,일식,4.2,1299,,,너무 맛있어서 강남 갈때마다 먹규싶어요
1950857675,오레노라멘 강남점,강남,일식,4.2,1299,,,닭에서 좋지 않은 냄새가 나서 아쉬웠던 점 빼고는 괜찮았어요.
1950857675,오레노라멘 강남점,강남,일식,4.2,1299,,,가성비
1950857675,오레노라멘 강남점,강남,일식,4.2,1299,,,분위기
1950857675,오레노라멘 강남점,강남,일식,4.2,1299,,,사진/영상 후기만 보기
1950857675,오레노라멘 강남점,강남,일식,4.2,1299,,,2026.03.24.
1950857675,오레노라멘 강남점,강남,일식,4.2,1299,,,2026.03.16.
1950857675,오레노라멘 강남점,강남,일식,4.2,1299,,,2026.02.07.
1950857675,오레노라멘 강남점,강남,일식,4.2,1299,,,2026.01.03.
1950857675,오레노라멘 강남점,강남,일식,4.2,1299,,,2025.12.31.
1950857675,오레노라멘 강남점,강남,일식,4.2,1299,,,2025.12.20.
1950857675,오레노라멘 강남점,강남,일식,4.2,1299,,,2025.11.30.
1950857675,오레노라멘 강남점,강남,일식,4.2,1299,,,2025.11.25.
1950857675,오레노라멘 강남점,강남,일식,4.2,1299,,,2025.11.23.
1950857675,오레노라멘 강남점,강남,일식,4.2,1299,,,2025.11.14.
1950857675,오레노라멘 강남점,강남,일식,4.2,1299,,,2025.11.03.
1950857675,오레노라멘 강남점,강남,일식,4.2,1299,,,2025.10.20.
1950857675,오레노라멘 강남점,강남,일식,4.2,1299,,,2025.10.19.
1950857675,오레노라멘 강남점,강남,일식,4.2,1299,,,2025.09.23.
1950857675,오레노라멘 강남점,강남,일식,4.2,1299,,,2025.09.14.
1950857675,오레노라멘 강남점,강남,일식,4.2,1299,,,2025.08.26.
1950857675,오레노라멘 강남점,강남,일식,4.2,1299,,,2025.08.05.
1950857675,오레노라멘 강남점,강남,일식,4.2,1299,,,2025.07.17.
1950857675,오레노라멘 강남점,강남,일식,4.2,1299,,,2025.06.23.
10972091,홍명,강남,중식,3.6,644,,,"친일파놈 혀가 매우 저렴했구나...
간짜장 이정도 못볶음 문닫아야지
근데 서빙하는 조선족은 왜케 불쾌... 더보기"
10972091,홍명,강남,중식,3.6,644,,,"갓볶은 간짜장
맛좋아 딱좋아 ☺️"
10972091,홍명,강남,중식,3.6,644,,,"맛은 깔끔하면서 담백한편이라 괜찮았음. 탕수육 고기도 두툼한건 좋았지만.. 서빙할때 툭툭 치면서 지나가는점, 분명 수제군만두 없다고 했으면서 옆테이블이 물어볼때는 있다고 했는데.. 좀 불쾌함"
10972091,홍명,강남,중식,3.6,644,,,"맛은 있는데 생양파가 너무 맵고 속쓰려요.. 블루리본이라서 기대했는데 대단한 맛인지는 모르겠어요 물도 그냥 생수 마시고 싶은데 쟈스민 물이여서,,,,,별로,,그냥 근처 중국집 갈래요 재방문은 의사는 없습니다."
10972091,홍명,강남,중식,3.6,644,,,"간짜장 좋네요.
탕수육도 괜찮은데 가격생각하면 이 정도는 나와줘야 합니다.
수제군만두가 너무 아쉬운데, 만들고 시간이 지난다음에 서빙되... 더보기"
10972091,홍명,강남,중식,3.6,644,,,"평일 저녁 6시에 웨이팅 걸고 약 한시간 기다렸음
웨이팅은 가서 작성하는 시스템이라 좀 빡세고 
제... 더보기"
10972091,홍명,강남,중식,3.6,644,,,"다 ,, 맛없어요 돈 너무 아깝고 당장이라도 환불 받고 싶다
그냥 동네 짜장면집이 더 맛있어요"
10972091,홍명,강남,중식,3.6,644,,,"제일 추천하고 시그니처인 메뉴를먹었는데 맛있었습니다. 양은 확실히 좀 적고, 재료도 좋고 맛은 작은차이로 좀더 고급스런맛이난다? 그런느낌이었습니다. 근데 가격이 좀 ... 더보기"
10972091,홍명,강남,중식,3.6,644,,,"간짜장 양파가 거의 생양파라 되게 매워요
간짜장은 그저그런데 짬뽕이 진짜 맛있네욤"
10972091,홍명,강남,중식,3.6,644,,,"기대를 많이해서 그런지 그렇게 맛있는 건 모르겠네요
간짜장은 너무 달았어요.."
10972091,홍명,강남,중식,3.6,644,,,"맛있음
근데 양 개적음
성인 남자는 무조건 적음 그냥 두 개 시켜서 먹어도 될 ... 더보기"
10972091,홍명,강남,중식,3.6,644,,,"맛있습니다. 그런데 양이 많이 부족합니다.  
제가 많이 먹는편이 아닌데도 양이 모자라서 면을 추가했으니 대부분의 남자들은 건더기를 다 먹어도 부족하다고 느낄겁니다."
10972091,홍명,강남,중식,3.6,644,,,"음식은 너무 좋았고 맛있었어요 다만 서비스 하는 것 보면 불편해서 먹고 싶어지지는 않았어요 

어느 한분 어르신이 들어왔는데 아마 착각... 더보기"
10972091,홍명,강남,중식,3.6,644,,,"맛있는 간짜장임

양파가 조금더 익었다면
양이 조금더 많았다면 무조건 5점일텐... 더보기"
10972091,홍명,강남,중식,3.6,644,,,상당히 수준급의 중화요리 식당입니다. 거의 한달 이상 전에 6인 룸으로 예약을 해뒀습니다. 룸은 1인당 최소 5만원의 미니멈차지가 붙었으니... 더보기
10972091,홍명,강남,중식,3.6,644,,,웨이팅 생각보다 금방 빠지고 뻑뻑한 간짜장 맛좋음 살면서 먹어본 간짜장중에 3등정도 함 가격은 뭐 강남이니까...
10972091,홍명,강남,중식,3.6,644,,,"일반 짜장은 약간 옛날짜장 맛
기본에 충실하지만 맛은 뒤지지 않음

근데 간짜장이 ... 더보기"
10972091,홍명,강남,중식,3.6,644,,,요리만 먹었는데 좀 칩니다
10972091,홍명,강남,중식,3.6,644,,,한창 붐비는 시간 피해서 갔더니 5분도 안돼서 이름 불려서 입장할 수 있었습니다. 간짜장하고 짬뽕 시켰었는데 맛있는 건 두말하면 입 ... 더보기
10972091,홍명,강남,중식,3.6,644,,,분위기
10972091,홍명,강남,중식,3.6,644,,,가성비
10972091,홍명,강남,중식,3.6,644,,,사진/영상 후기만 보기
10972091,홍명,강남,중식,3.6,644,,,2026.04.01.
10972091,홍명,강남,중식,3.6,644,,,2026.03.25.
10972091,홍명,강남,중식,3.6,644,,,2026.03.06.
10972091,홍명,강남,중식,3.6,644,,,2026.02.26.
10972091,홍명,강남,중식,3.6,644,,,2026.02.20.
10972091,홍명,강남,중식,3.6,644,,,2025.12.22.
10972091,홍명,강남,중식,3.6,644,,,2025.12.07.
10972091,홍명,강남,중식,3.6,644,,,2025.11.19.
10972091,홍명,강남,중식,3.6,644,,,2025.11.02.
10972091,홍명,강남,중식,3.6,644,,,2025.07.30.
10972091,홍명,강남,중식,3.6,644,,,2025.07.20.
10972091,홍명,강남,중식,3.6,644,,,2025.07.10.
10972091,홍명,강남,중식,3.6,644,,,2025.07.09.
10972091,홍명,강남,중식,3.6,644,,,2025.06.29.
10972091,홍명,강남,중식,3.6,644,,,2025.05.11.
10972091,홍명,강남,중식,3.6,644,,,2025.03.23.
10972091,홍명,강남,중식,3.6,644,,,2025.03.20.
10972091,홍명,강남,중식,3.6,644,,,2025.02.26.
10972091,홍명,강남,중식,3.6,644,,,2025.02.20.
24010315,골드피쉬딤섬퀴진,강남,중식,4,1501,,,"맛있게 잘 먹었어요~ 금붕어 모양 딤섬도 귀여웠고 특히 노란 건 노른자맛이 나서 재밌었습니다
재방문해서 이번에 못 먹은 다른 메뉴들도 먹고 싶네요 ㅎㅎ"
24010315,골드피쉬딤섬퀴진,강남,중식,4,1501,,,남자친구랑 가족이랑 직장동료들이랑 세네번갔는데 갈때마다 극찬받은 딤섬맛집. 딤섬덕후의 개큰추천
24010315,골드피쉬딤섬퀴진,강남,중식,4,1501,,,"딤섬, 무떡 맛있어요. 다음에도 올 듯.
근데 리뷰 이벤트 있으니 참고하세요"
24010315,골드피쉬딤섬퀴진,강남,중식,4,1501,,,운이 좋아 주말에 바로 입장 했지만 다음엔 미리 예약하고 와야할 것 같아요.. 음식 전반적으로 다 맛있었습니다!  다음에 재방문 하고싶어요!!!👍🔥
24010315,골드피쉬딤섬퀴진,강남,중식,4,1501,,,솔직히 가격대비 평범
24010315,골드피쉬딤섬퀴진,강남,중식,4,1501,,,"계속 생각나는 딤섬 맛집. 쇼마이, 소룡표 진짜 맛있어요! 소룡표의 깊고 진한 맛이 계속 생각나요. 마파두부는 코스메뉴로만 있어서 못먹어서 아쉬웠는데 다음에는 코스로 꼭 먹어봐야겠어요. 볶음밥도 고슬고슬하니 정말 맛있게 먹었습니다."
24010315,골드피쉬딤섬퀴진,강남,중식,4,1501,,,"소룡포, 새우딤섬, 무떡볶음, 골피우육면, 쇼마이 먹었습니다.

무떡볶음은 무인데 감자식감에 특이하니 아주 맛있었습니다.
새우딤... 더보기"
24010315,골드피쉬딤섬퀴진,강남,중식,4,1501,,,평이 안좋네..전 좋아해소 일년에 한두번 꼭 가요^^ 좀 비싸서 자주는 못가지만ㅎㅎ 하가우 존맛 무떡볶음 존맛 근데 이거말고 존맛이라할만한건 없는게 약간 문제입니다
24010315,골드피쉬딤섬퀴진,강남,중식,4,1501,,,직원분들 모두 다 친절하시고 너무 맛있지만 개개개개개개비쌉니다…! 너무 비싸요… ㅠㅠ
24010315,골드피쉬딤섬퀴진,강남,중식,4,1501,,,"<추천메뉴>
- 소룡포: 육즙이 가득가득... 수저에 육즙 톡 터트려서 호로록 마시고 생강 올려서 먹으면 ... 더보기"
24010315,골드피쉬딤섬퀴진,강남,중식,4,1501,,,2025.04.13
24010315,골드피쉬딤섬퀴진,강남,중식,4,1501,,,새우춘권>구채교>쇼마이>>>>>>>>기타 다른집 딤섬
24010315,골드피쉬딤섬퀴진,강남,중식,4,1501,,,"간장에서 초파리시체가 나와서 그 이후로 입맛이 뚝..
딤섬도 기대했던거보다는 쏘쏘 소룡포만 맛났음
가격대비 실망"
24010315,골드피쉬딤섬퀴진,강남,중식,4,1501,,,"맛있는 딤섬을 먹을 수 있는 곳!
특히 하가우랑 쇼마이 새우 춘권 너무 맛있었어요!!
무떡볶음도 처... 더보기"
24010315,골드피쉬딤섬퀴진,강남,중식,4,1501,,,"금붕어모양은 예쁘고 귀엽지만 그 가격 낼정도는 아니구요.소룡포,구채교,새우딤섬,쇼마이 먹었는데 구채교가 진짜 맛있었고 나머지도 전체적으로 다 맛있었습니다.새우춘권도 꽤 맛있었습니다.주차는 ... 더보기"
24010315,골드피쉬딤섬퀴진,강남,중식,4,1501,,,딤섬 맛집… 가지튀김과 오향장육도 굿
24010315,골드피쉬딤섬퀴진,강남,중식,4,1501,,,"소룡포,동그란거,새우딤섬,우육면 먹음.
동그란거라는게 메뉴이름임 갠적으론 이게 제일 신박하고 맛있었음.
일단 피가 쫀득쫀득해서 먹는 식감... 더보기"
24010315,골드피쉬딤섬퀴진,강남,중식,4,1501,,,"소룡포, 마요새우, 계란볶음밥 시켰는데 다 맛있었어요!!
마요새우가 대봑 맛있음👍🏽 분위기도 좋음
재방문 의사O"
24010315,골드피쉬딤섬퀴진,강남,중식,4,1501,,,맛있어요 깍두기같이 생긴 무떡볶음이 젤 맛있었어요! 긍데 솔직히 좀 비싸욬ㅋㅋㅋㅋㅠㅠ셋이상 가서 얌차세트 2인이랑 다른메뉴 두개정도 시키면 딱일거 같네용
24010315,골드피쉬딤섬퀴진,강남,중식,4,1501,,,비싸긴 한데 맛있음 예약하고 가는거 추천
24010315,골드피쉬딤섬퀴진,강남,중식,4,1501,,,분위기
24010315,골드피쉬딤섬퀴진,강남,중식,4,1501,,,가성비
24010315,골드피쉬딤섬퀴진,강남,중식,4,1501,,,사진/영상 후기만 보기
24010315,골드피쉬딤섬퀴진,강남,중식,4,1501,,,2026.04.24.
24010315,골드피쉬딤섬퀴진,강남,중식,4,1501,,,2026.02.05.
24010315,골드피쉬딤섬퀴진,강남,중식,4,1501,,,2026.01.31.
24010315,골드피쉬딤섬퀴진,강남,중식,4,1501,,,2026.01.18.
24010315,골드피쉬딤섬퀴진,강남,중식,4,1501,,,2025.09.30.
24010315,골드피쉬딤섬퀴진,강남,중식,4,1501,,,2025.07.14.
24010315,골드피쉬딤섬퀴진,강남,중식,4,1501,,,2025.05.15.
24010315,골드피쉬딤섬퀴진,강남,중식,4,1501,,,2025.05.01.
24010315,골드피쉬딤섬퀴진,강남,중식,4,1501,,,2025.04.28.
24010315,골드피쉬딤섬퀴진,강남,중식,4,1501,,,2025.04.19.
24010315,골드피쉬딤섬퀴진,강남,중식,4,1501,,,2025.04.13.
24010315,골드피쉬딤섬퀴진,강남,중식,4,1501,,,2025.04.03.
24010315,골드피쉬딤섬퀴진,강남,중식,4,1501,,,2025.02.16.
24010315,골드피쉬딤섬퀴진,강남,중식,4,1501,,,2025.02.10.
24010315,골드피쉬딤섬퀴진,강남,중식,4,1501,,,2025.02.02.
24010315,골드피쉬딤섬퀴진,강남,중식,4,1501,,,2025.01.23.
24010315,골드피쉬딤섬퀴진,강남,중식,4,1501,,,2025.01.04.
24010315,골드피쉬딤섬퀴진,강남,중식,4,1501,,,2025.01.02.
24010315,골드피쉬딤섬퀴진,강남,중식,4,1501,,,2024.12.01.
24010315,골드피쉬딤섬퀴진,강남,중식,4,1501,,,2024.10.07.
7815078,대가방 본점,강남,중식,3.3,543,,,"짬뽕이 생각보다 슴슴한데 감칠맛 있어서 맛있었습니다
탕수육은 너무 유명해서 말할것고 없고 🤤 
약간 꿀꽈배기 먹는 느낌도 있어요"
7815078,대가방 본점,강남,중식,3.3,543,,,"26.2.7 첫방문> 짬뽕밥 14,000₩ 넘나 질겨서 건져낸 주꾸미가 아쉬웠지만, 국물에서 느끼함이나 잡냄새가 1 도 없음. 그게 바로 기술과 정성인 듯."
7815078,대가방 본점,강남,중식,3.3,543,,,"자리 옮기고 더 맛있어졌어요 특히 탕수육...!!
마파두부는 단맛이 적어서 호불호 갈릴듯 합니다"
7815078,대가방 본점,강남,중식,3.3,543,,,"대가탕면 - 굴짬뽕에 가까움. 국물은 그닥..
물만두 - 조리잘됨. 맛있음."
7815078,대가방 본점,강남,중식,3.3,543,,,"짬뽕 존맛
팔보채 탕수육(바삭바삭은 굿굿) 소소
짜장면 보통
군만두가 ... 더보기"
7815078,대가방 본점,강남,중식,3.3,543,,,"해물 짜장이랑 백짬뽕은 다시 방문해서 먹고 싶을 정도로 기본에 충실하고 맛있습니다
다만 탕수육은 오래된 기름에서 나오는 그 탁한 향과... 더보기"
7815078,대가방 본점,강남,중식,3.3,543,,,탕수육이 바삭바삭~ 맛있다옹. 우육탕면 느끼하지 않고 깔끔한 맛이다옹. 평일 점심에 갔는데 웨이팅 좀 있었다옹.
7815078,대가방 본점,강남,중식,3.3,543,,,탕수육 정말 맛있어요
7815078,대가방 본점,강남,중식,3.3,543,,,"탕수육 맛있다고해서 갔는데
비싸기만하고 맛이없어요..
차라리 짬뽕은 좀 괜찮네요"
7815078,대가방 본점,강남,중식,3.3,543,,,탕수육 완전 맛았어요
7815078,대가방 본점,강남,중식,3.3,543,,,"런치 코스 39,000 인데, 그냥 무난한 맛과 서비스네요. 왜 미쉐린인지는 잘 모르겧네요."
7815078,대가방 본점,강남,중식,3.3,543,,,대가탕면은 쏘쏘였지만 탕수육이 진짜 핵맛도리.... 탕수육 위해서 재방문 의사 천프로 있음.. 글고 서버분들이랑 사장님 완전 친절하셔서 기분 좋게 식사할 수 있었어요👍🏻
7815078,대가방 본점,강남,중식,3.3,543,,,탕수육 예술임
7815078,대가방 본점,강남,중식,3.3,543,,,요리는 진짜 마싰는데 (특히 탕수육) 해물짜장 진짜 진짜 맛없어요......왜케 국물 맹탕에 비린내.. 그냥짜장 짬뽕 대가탕몈도 다 그닥
7815078,대가방 본점,강남,중식,3.3,543,,,연말모임으로 친구들과 방문하였습니다. 양은 적당하였으며 룸에서 5명에서 식사했는데 룸에 벨이 따로 없어 주문하는데 조금은 불편했지만 음식이 맛있어 괜찮은 방문이었다 말할 수 있을것 같습니다.
7815078,대가방 본점,강남,중식,3.3,543,,,"웨이팅 있고, 가격은 좀 비싸지만
친절하고 맛 괜찮습니다."
7815078,대가방 본점,강남,중식,3.3,543,,,탕수육 먹으면서 맛동산 과자가 생각났음 한번쯤 먹어볼만함
7815078,대가방 본점,강남,중식,3.3,543,,,"탕수육은 국내최고 라고 말하고 싶습니다
참고로 부먹 스타일 이구요
... 더보기"
7815078,대가방 본점,강남,중식,3.3,543,,,"맛있었어요 탕수육 엄청 바삭해요 근데 양은 적네요
짜장은 평범한 맛이에요 짬뽕 국물은 좋네요"
7815078,대가방 본점,강남,중식,3.3,543,,,탕수육 굳
7815078,대가방 본점,강남,중식,3.3,543,,,분위기
7815078,대가방 본점,강남,중식,3.3,543,,,사진/영상 후기만 보기
7815078,대가방 본점,강남,중식,3.3,543,,,2026.03.08.
7815078,대가방 본점,강남,중식,3.3,543,,,2026.02.08.
7815078,대가방 본점,강남,중식,3.3,543,,,2025.10.10.
7815078,대가방 본점,강남,중식,3.3,543,,,2025.09.30.
7815078,대가방 본점,강남,중식,3.3,543,,,2025.09.22.
7815078,대가방 본점,강남,중식,3.3,543,,,2025.07.30.
7815078,대가방 본점,강남,중식,3.3,543,,,2025.07.03.
7815078,대가방 본점,강남,중식,3.3,543,,,2025.06.25.
7815078,대가방 본점,강남,중식,3.3,543,,,2025.06.16.
7815078,대가방 본점,강남,중식,3.3,543,,,2025.06.03.
7815078,대가방 본점,강남,중식,3.3,543,,,2025.01.22.
7815078,대가방 본점,강남,중식,3.3,543,,,2024.07.06.
7815078,대가방 본점,강남,중식,3.3,543,,,2024.06.05.
7815078,대가방 본점,강남,중식,3.3,543,,,2024.03.01.
7815078,대가방 본점,강남,중식,3.3,543,,,2023.12.31.
7815078,대가방 본점,강남,중식,3.3,543,,,2023.08.13.
7815078,대가방 본점,강남,중식,3.3,543,,,2022.12.22.
7815078,대가방 본점,강남,중식,3.3,543,,,2022.11.06.
7815078,대가방 본점,강남,중식,3.3,543,,,2022.10.27.
7815078,대가방 본점,강남,중식,3.3,543,,,2022.10.11.
1770731230,팀호완 삼성점,강남,중식,3.4,872,,,"걍 걍 걍 그래요 중국 근무 19년차 홍콩도 많이 갔었는데
걍 걍 한번정도"
1770731230,팀호완 삼성점,강남,중식,3.4,872,,,진짜 친절하시고 맛있습니다
1770731230,팀호완 삼성점,강남,중식,3.4,872,,,"직장인들  점심시간이라 손님이 많아서
그런가? 음식이 두서없이, 넘 빨리나와 정신없이  먹음
후식 ... 더보기"
1770731230,팀호완 삼성점,강남,중식,3.4,872,,,"맛은 좋았으면 빠른 서비스가 인상적이네요.
겨울인데 따뜻한 차가 준비되면 더욱 좋겠습니다.
별도 요청해서 마실 수는 있었습니다."
1770731230,팀호완 삼성점,강남,중식,3.4,872,,,아주아주마싯다
1770731230,팀호완 삼성점,강남,중식,3.4,872,,,"친절은 기본, 가족모임, 친구모임에 딱 좋은곳
맛도 훌륭한 팀호완^^"
1770731230,팀호완 삼성점,강남,중식,3.4,872,,,전반적으로맛아쉬웠댜
1770731230,팀호완 삼성점,강남,중식,3.4,872,,,"토요일 4시경 입장 웨이팅은 없었다

한국에서 첫 방문!
대만에서... 더보기"
1770731230,팀호완 삼성점,강남,중식,3.4,872,,,맛있어용 ㅎㅎ 알바생들은 불친절.. 주말 오후 3시 기준 웨이팅 5팀 있었습니다~
1770731230,팀호완 삼성점,강남,중식,3.4,872,,,"친절하시고 맛도 있습니다.
저 튀긴 번은 그냥 그랬어요"
1770731230,팀호완 삼성점,강남,중식,3.4,872,,,"맛은 있음 근데 딤딤섬보다 너무 비쌈
요새 냉동 딤섬도 잘나오는데
챠슈바오번 빼고는 딱히 매력 없음"
1770731230,팀호완 삼성점,강남,중식,3.4,872,,,"여자친구 : ●●●●○
담섬사랑단 입장에서 말하는데 창펀은 모든 인류가 먹었으면 좋겠음 너무 맛있었음 
가격... 더보기"
1770731230,팀호완 삼성점,강남,중식,3.4,872,,,"딤섬 전문이지만 딤섬 맛은 다 그저 그랬음. 내용물도 적고 식감, 육즙다 부족한 상태. 우육면은 고기가 질겼음. 차슈바오번은 겉이 달달하고 안은 고기로 찬 찐빵 같은 스타일, 일반적으로 먹는 바오랑은 아에 다름."
1770731230,팀호완 삼성점,강남,중식,3.4,872,,,난 별로임. ㅠㅠ
1770731230,팀호완 삼성점,강남,중식,3.4,872,,,"하가우 O 맛있어요, 근데 딤섬안에 육즙이 있지 않나요? 그냥 건조한 만두긴했요
핫칠리새우 X  냉동식품 맛
홍콩식 완탕... 더보기"
1770731230,팀호완 삼성점,강남,중식,3.4,872,,,"두번밖에 안가봤지만
약 10여종의 메뉴를 맛보았을때 
대부분 맛은... 더보기"
1770731230,팀호완 삼성점,강남,중식,3.4,872,,,"홍콩식 완탕면, 하가우, 소롱포, 홍콩식 우육면보다
기대하지 않았던 사천식 완탕과 연잎밥이 정말 맛있었음.
가격대에 비해 양이 적은 건 아쉽지만 이 두 메뉴 먹으러 갈 가치가 있다."
1770731230,팀호완 삼성점,강남,중식,3.4,872,,,분위기
1770731230,팀호완 삼성점,강남,중식,3.4,872,,,사진/영상 후기만 보기
1770731230,팀호완 삼성점,강남,중식,3.4,872,,,2025.10.05.
1770731230,팀호완 삼성점,강남,중식,3.4,872,,,팀호완 삼성점 룸 예약
1770731230,팀호완 삼성점,강남,중식,3.4,872,,,2025.06.11.
1770731230,팀호완 삼성점,강남,중식,3.4,872,,,팀호완 삼성점 홀 예약
1770731230,팀호완 삼성점,강남,중식,3.4,872,,,2025.05.05.
1770731230,팀호완 삼성점,강남,중식,3.4,872,,,2025.03.07.
1770731230,팀호완 삼성점,강남,중식,3.4,872,,,2025.02.19.
1770731230,팀호완 삼성점,강남,중식,3.4,872,,,2025.01.11.
1770731230,팀호완 삼성점,강남,중식,3.4,872,,,2024.09.21.
1770731230,팀호완 삼성점,강남,중식,3.4,872,,,2024.04.11.
1770731230,팀호완 삼성점,강남,중식,3.4,872,,,2024.03.20.
1770731230,팀호완 삼성점,강남,중식,3.4,872,,,팀호완 삼성점 [룸]
1770731230,팀호완 삼성점,강남,중식,3.4,872,,,2026.04.21.
1770731230,팀호완 삼성점,강남,중식,3.4,872,,,2026.04.20.
1770731230,팀호완 삼성점,강남,중식,3.4,872,,,2026.03.28.
1770731230,팀호완 삼성점,강남,중식,3.4,872,,,2026.03.18.
1770731230,팀호완 삼성점,강남,중식,3.4,872,,,2026.02.04.
1770731230,팀호완 삼성점,강남,중식,3.4,872,,,2025.12.30.
1770731230,팀호완 삼성점,강남,중식,3.4,872,,,2025.12.29.
1770731230,팀호완 삼성점,강남,중식,3.4,872,,,2025.11.22.
1770731230,팀호완 삼성점,강남,중식,3.4,872,,,2025.11.21.
1770731230,팀호완 삼성점,강남,중식,3.4,872,,,2025.09.30.
1770731230,팀호완 삼성점,강남,중식,3.4,872,,,2025.08.08.
260283466,구구당,강남,중식,3.6,3356,,,분위기는 좋은데 뭔가 음식이 맛있는 편은 아니에요 . 특히 튀김들 너무 별로 ㅠㅠㅠ 다시 안 갈뜻 ??
260283466,구구당,강남,중식,3.6,3356,,,"가족식사모임으로 왔는데 맛있어요. ❤️
시그니처 메뉴 주문. 
홍콩파스타, 치킨샤오멘, 멘보샤 맛있게 먹고 갑니다 ... 더보기"
260283466,구구당,강남,중식,3.6,3356,,,"평점이 왜 높은지 이해가 잘 안됌
멘보샤 - 겉딱속딱 그냥 어묵맛
새우볶음밥 - 중국... 더보기"
260283466,구구당,강남,중식,3.6,3356,,,"꿔바로우랑 토스트는 쏘쏘 
나머지 음식들은 맛있었음
특히 왕새우탕면 맛있음"
260283466,구구당,강남,중식,3.6,3356,,,맛도 좋고 분위기 굳굳
260283466,구구당,강남,중식,3.6,3356,,,"분위기가 이야기하기 좋았고, 음식점은 그냥 흔한 요즘 음식점 같았어요~"
260283466,구구당,강남,중식,3.6,3356,,,"홀 안내하시는 남성 직원분 어투가 좀 불친절한 감이 있었습니다. 스테이크는 가격 대비 고기 양이 너무 적고 잘게 잘라 영 먹는 맛이 안 났고, 버섯 소이 파스타는 맛있었습니다. 사진에는... 더보기"
260283466,구구당,강남,중식,3.6,3356,,,"홍콩파스타,꿔바로우,파이황과,새우볶음밥,토스트,밀크티주문했습니다.
구아바음료는 자몽 복숭아에이드같았어요 맛있었습니다
흑당밀크티 달고맛있었어요
대... 더보기"
260283466,구구당,강남,중식,3.6,3356,,,솔직히 무난한데 알고있는 맛잇는 무난함이라 또 갈 듯
260283466,구구당,강남,중식,3.6,3356,,,"전 꿔바로우는 제 스탈 아니었고, 마라 파스타, 볶음밥 다 마라 맛 나서 좋았어요. 
지난 번 방문에는 무슨 치킨 텐더 있는 누들 시켰던 것 같은데
그것보단 나은듯..
... 더보기"
260283466,구구당,강남,중식,3.6,3356,,,(★3.5) 웨이팅해서 먹을정도의 맛집은 아닌듯
260283466,구구당,강남,중식,3.6,3356,,,꿔바로우 존맛
260283466,구구당,강남,중식,3.6,3356,,,꽃빵을 써비스로 쥬셔서 잘먹었습니다!! 생각보다 맛있어요
260283466,구구당,강남,중식,3.6,3356,,,퓨전st이라 향신료 약한 사람도 무난하게 먹을수 있음 골목 깊숙이 있어서 약간 헤맬수 있음
260283466,구구당,강남,중식,3.6,3356,,,"개성있는 음식, 메뉴판에 맥주한잔 없는 찐 밥집. 이럴거면 오픈주방에 술병은 왜 늘어놓으셨나요 ㅎ"
260283466,구구당,강남,중식,3.6,3356,,,"맛은 괜찮았어요
지하에서 먹었는데 날벌레 너무 많고 마감을 일찍하네요"
260283466,구구당,강남,중식,3.6,3356,,,"친구들이랑 다녀왔는데 다들 푸파했어요
짱맛있어요
특히 홍콩파스타???? 가만두지 못함ㅋ"
260283466,구구당,강남,중식,3.6,3356,,,전반적으로 맛있게 먹었습니다. 꿔바로우는 새콤빠진 달달st.
260283466,구구당,강남,중식,3.6,3356,,,가게도 넓직해서 쾌적하구 (1층보다는 지하가 더 쾌적한듯 개인적으로) 모든 메뉴 다 실패없이 맛있었어요 마라 크림 파스타 토핑도 큼직하고 우육탕면 고기도 부드럽고 좋았네용! 꿔바로우는 쏘쏘...!
260283466,구구당,강남,중식,3.6,3356,,,분위기
260283466,구구당,강남,중식,3.6,3356,,,가성비
260283466,구구당,강남,중식,3.6,3356,,,사진/영상 후기만 보기
260283466,구구당,강남,중식,3.6,3356,,,2026.04.03.
260283466,구구당,강남,중식,3.6,3356,,,2026.01.26.
260283466,구구당,강남,중식,3.6,3356,,,2025.11.21.
260283466,구구당,강남,중식,3.6,3356,,,2025.10.09.
260283466,구구당,강남,중식,3.6,3356,,,2025.09.28.
260283466,구구당,강남,중식,3.6,3356,,,2025.04.04.
260283466,구구당,강남,중식,3.6,3356,,,2025.03.31.
260283466,구구당,강남,중식,3.6,3356,,,2025.03.29.
260283466,구구당,강남,중식,3.6,3356,,,2025.02.23.
260283466,구구당,강남,중식,3.6,3356,,,2025.01.16.
260283466,구구당,강남,중식,3.6,3356,,,2025.01.12.
260283466,구구당,강남,중식,3.6,3356,,,2025.01.10.
260283466,구구당,강남,중식,3.6,3356,,,2025.01.04.
260283466,구구당,강남,중식,3.6,3356,,,2024.08.25.
260283466,구구당,강남,중식,3.6,3356,,,2024.08.11.
260283466,구구당,강남,중식,3.6,3356,,,2024.06.15.
260283466,구구당,강남,중식,3.6,3356,,,2024.04.09.
260283466,구구당,강남,중식,3.6,3356,,,2023.11.25.
260283466,구구당,강남,중식,3.6,3356,,,2023.08.15.
12140312,몽중헌 청담점,강남,중식,3.7,302,,,"가격에 비례한 맛!!! 잘만든 맛있는 중식이에요 ㅎㅎ
베이징덕은 중국에서 먹던 것 보다는 맛은 떨어지지만.. 다른 요리들은 너무너무 맛있어요 ㅎㅎ 특히 짬뽕!! 마무리로 해장도 싹 가능해요 ... 더보기"
12140312,몽중헌 청담점,강남,중식,3.7,302,,,"재료가 신선 , 푸짐했고 딤섬은 그냥 그랬어요
후식 맛있어요"
12140312,몽중헌 청담점,강남,중식,3.7,302,,,가족모임으로 예약하고 방문했어요~ 코스별로 음식들이 전반적으로 모두 맛있고 깔끔했어요! 룸이 잘 되어있어서 가족모임하기 좋았습니다!
12140312,몽중헌 청담점,강남,중식,3.7,302,,,맛은 당연히 있지만 가격과 서비스를 생각하면…
12140312,몽중헌 청담점,강남,중식,3.7,302,,,전반적으로 맛이 나쁘지는 않았는데 조금 느끼했습니다. 딤섬은 생각보다 퍽퍽했고 우육면은 느끼했습니다. 짜장면이랑 짬뽕이 제일 괜찮았던거 같아요.
12140312,몽중헌 청담점,강남,중식,3.7,302,,,"한우 일품 짜장면
꾸덕하게 잘 볶아진 춘장과 양파, 새우, 해삼, 소고기. 거기에 식감 좋게 잘 익힌 면과 아주 조화롭게 잘 어우러짐. ... 더보기"
12140312,몽중헌 청담점,강남,중식,3.7,302,,,"딤섬이 확실히 피가 쫄깃하고 분위기도 조용해서 좋았어요
직원분들도 전부 친절하시고 깔끔해서 굿굿

마... 더보기"
12140312,몽중헌 청담점,강남,중식,3.7,302,,,무성의와 최고의 불친절한 서비스로 음식맛도 떨어지게 하는 고오급 중식 딤섬 레스토랑. 절대 안가렵니다
12140312,몽중헌 청담점,강남,중식,3.7,302,,,"맛, 분위기 그리고 서비스까지 몽중헌 청담점이 최고인 것 같습니다! 덕분에 아버지랑 맛있게 식사 한 끼 먹을 수 있었습니다!"
12140312,몽중헌 청담점,강남,중식,3.7,302,,,몽중헌은 역시 맛있어용
12140312,몽중헌 청담점,강남,중식,3.7,302,,,이전 후에 처음 가봄. 진짜 오랜만에 갔는데도 맛 나이스. 더 친절해짐.
12140312,몽중헌 청담점,강남,중식,3.7,302,,,튀김요리 나오는데 30분 넘게걸림. 튀김이 밀려서 죄송하다는데 그럼 면요리나 밥 시킨거나 먼저 주시지...원래 요리먼저 나가고 식사 나간다는데 융통성 제로네요 ㅋㅋ 일부러 배고프게 만들어서 맛있게 먹... 더보기
12140312,몽중헌 청담점,강남,중식,3.7,302,,,"샤오롱바오랑 짬뽕이 진짜 맛있네요
북경오리는 기대에 비해 그닥이었습니다
전반적으로 분... 더보기"
12140312,몽중헌 청담점,강남,중식,3.7,302,,,찾아와서 먹을 만한 정도는 아님
12140312,몽중헌 청담점,강남,중식,3.7,302,,,"맛은 있었지만 서비스가 최악입니다. 직원들은 모두 바쁜지 제 시야에는 보이지도 않고 어향가지 새우를 시킨지 거의 2~30분이 걸린 것 같습니다 그래도 먹은 마라소롱포, 하교, 어향가지 새우, 우육탕면, 짬뽕 모두 맛있었지만 다시는 오고싶지않네요"
12140312,몽중헌 청담점,강남,중식,3.7,302,,,지하에 있는 매장인데 분위기가 좋고 맛도 상당합니다 특히 기본 반찬으로 주는 단무지가 너무 맛있네요 기본 찬으로 땅콩을 주는 것도 신기합니다 샤오롱바오는 별로였는데 다른 것들은 다 맛있었... 더보기
12140312,몽중헌 청담점,강남,중식,3.7,302,,,"인테리어멋지고 맛도있어요 양도많습니다
데이트하기좋아요"
12140312,몽중헌 청담점,강남,중식,3.7,302,,,존맛탱이에요
12140312,몽중헌 청담점,강남,중식,3.7,302,,,코스요리 맛있어요. 발렛주차도되요.
12140312,몽중헌 청담점,강남,중식,3.7,302,,,"최악중에 최악. 
손님이 거의 없는데 자기들끼리 아이패드 들고 다니면서 한 3분 가량을 세워놈. 자기들 시스템에 손님이 맞혀야 된다는... 더보기"
12140312,몽중헌 청담점,강남,중식,3.7,302,,,분위기
12140312,몽중헌 청담점,강남,중식,3.7,302,,,사진/영상 후기만 보기
12140312,몽중헌 청담점,강남,중식,3.7,302,,,2026.01.08.
12140312,몽중헌 청담점,강남,중식,3.7,302,,,2025.11.27.
12140312,몽중헌 청담점,강남,중식,3.7,302,,,2025.04.20.
12140312,몽중헌 청담점,강남,중식,3.7,302,,,2025.04.15.
12140312,몽중헌 청담점,강남,중식,3.7,302,,,2025.01.27.
12140312,몽중헌 청담점,강남,중식,3.7,302,,,2025.01.09.
12140312,몽중헌 청담점,강남,중식,3.7,302,,,2024.09.20.
12140312,몽중헌 청담점,강남,중식,3.7,302,,,2024.02.26.
12140312,몽중헌 청담점,강남,중식,3.7,302,,,2023.11.04.
12140312,몽중헌 청담점,강남,중식,3.7,302,,,2023.10.03.
12140312,몽중헌 청담점,강남,중식,3.7,302,,,2023.09.01.
12140312,몽중헌 청담점,강남,중식,3.7,302,,,2023.07.02.
12140312,몽중헌 청담점,강남,중식,3.7,302,,,2023.04.15.
12140312,몽중헌 청담점,강남,중식,3.7,302,,,2023.02.12.
12140312,몽중헌 청담점,강남,중식,3.7,302,,,2023.01.21.
12140312,몽중헌 청담점,강남,중식,3.7,302,,,2025.05.06.
12140312,몽중헌 청담점,강남,중식,3.7,302,,,2024.04.14.
12140312,몽중헌 청담점,강남,중식,3.7,302,,,2021.05.22.
12140312,몽중헌 청담점,강남,중식,3.7,302,,,2020.01.27.
12140312,몽중헌 청담점,강남,중식,3.7,302,,,2019.11.01.
25155819,파크루안 역삼점,강남,중식,3.7,297,,,요리류는 무난하게 맛있고. 식사류는 보통
25155819,파크루안 역삼점,강남,중식,3.7,297,,,맛있고 분위기 좋아요 유린기 맛있음
25155819,파크루안 역삼점,강남,중식,3.7,297,,,존맛이고 대친절
25155819,파크루안 역삼점,강남,중식,3.7,297,,,"짜장면이 정말 맛있었고 게살유산슬..? 이름 뭐더라 그건 소소, 마파는 맛없었으요
마파두부는 소스 좀 더 넉넉하게 해주셔야할 것 같아요~ 소스도 적고 밍밍했습니다.
그럼에도 음식은 좀 늦게나왔으나 분위기가 좋아 재방문 의사 있습니다"
25155819,파크루안 역삼점,강남,중식,3.7,297,,,회사 회식으로 감. 맛은 그냥.. 무난했는데 아무리 제일 싼 코스 시켰다지만 탕수육 두 알도 안 나오고 고추잡채에 꽃빵은 고기가 두 가닥밖에 들어있지 않아서 좀 많이... 더보기
25155819,파크루안 역삼점,강남,중식,3.7,297,,,"69,000원짜리 코스! 맛 별로! 코스 말고 단품으로 드세여코스요리"
25155819,파크루안 역삼점,강남,중식,3.7,297,,,"짬뽕 맛있네요. 맛있어야 하는 가격이지만
찹쌀탕수육은 쏘쏘"
25155819,파크루안 역삼점,강남,중식,3.7,297,,,조미료 빠진 건강한 맛 하지만 맛이 없는 것도 아니고 양도 푸짐함 셋이와서 두개 시키면 딱 좋을 것 같음.
25155819,파크루안 역삼점,강남,중식,3.7,297,,,재료부터 굉장히 신선하고 맛있어요. 가격대비 음식 품질이 좋은 곳
25155819,파크루안 역삼점,강남,중식,3.7,297,,,"이런 놀라운 레스토랑 느낌의 중식당은 처음 입니다
지인분 덕분에 정말 행복한 음식을 대접받았네요
다음에 또 가겠습니다!"
25155819,파크루안 역삼점,강남,중식,3.7,297,,,"행사 진행을 위해 사전답사를 갔을 때부터 응대가 조금 퉁명스럽게 느껴졌습니다.
예약 관련 문의를 드릴 때도 친절한 느낌보다는 ‘형식... 더보기"
25155819,파크루안 역삼점,강남,중식,3.7,297,,,가격대가 좀 있고 분위기가 좋아서 손님 접대가 좋음
25155819,파크루안 역삼점,강남,중식,3.7,297,,,"회식으로 갔는데 손님 응대가 좋습니다. 센스도 있으시구요.
다만 음식 맛은 그렇게까지 맛있는 편은 아니었습니다. 무난하게 괜찮은 정도였어요."
25155819,파크루안 역삼점,강남,중식,3.7,297,,,"접객이 참 좋음. 친근한데 또 정중한데 근데 친근하고 정감가는.... 촌놈이라 그런가 이런 접객은 첨이라서 넘 좋았음
음식맛도 좋음. 사실 이미 기분 만땅좋은상태여서 맛없어도 맛있다고 생각했을듯"
25155819,파크루안 역삼점,강남,중식,3.7,297,,,"맛은 있지만 가성비는 없음
대체적으로 느끼하지않고 깔끔한 편
종업원분들도 다들 착하셨... 더보기"
25155819,파크루안 역삼점,강남,중식,3.7,297,,,갈비탕짬뽕 개존맛 ㅠㅠ 흑흑
25155819,파크루안 역삼점,강남,중식,3.7,297,,,"직원분들 친절하고, 음식들은 무난합니다.
회식 위주로 많이들 식사하시는 거 같고,
회사원들이 많다보니 가격은...ㅠㅠ"
25155819,파크루안 역삼점,강남,중식,3.7,297,,,지하같지않은 지하 통창으로 잔디와 나무가 잘 조성되어 눈이 즐거운 장소로 음식맛도 좋았다코스요리 코스요리
25155819,파크루안 역삼점,강남,중식,3.7,297,,,분위기
25155819,파크루안 역삼점,강남,중식,3.7,297,,,사진/영상 후기만 보기
25155819,파크루안 역삼점,강남,중식,3.7,297,,,2025.07.20.
25155819,파크루안 역삼점,강남,중식,3.7,297,,,2024.05.22.
25155819,파크루안 역삼점,강남,중식,3.7,297,,,2023.12.19.
25155819,파크루안 역삼점,강남,중식,3.7,297,,,2023.10.31.
25155819,파크루안 역삼점,강남,중식,3.7,297,,,2023.03.23.
25155819,파크루안 역삼점,강남,중식,3.7,297,,,2025.04.06.
25155819,파크루안 역삼점,강남,중식,3.7,297,,,2024.12.16.
25155819,파크루안 역삼점,강남,중식,3.7,297,,,2022.09.20.
25155819,파크루안 역삼점,강남,중식,3.7,297,,,2022.06.24.
25155819,파크루안 역삼점,강남,중식,3.7,297,,,2019.09.24.
25155819,파크루안 역삼점,강남,중식,3.7,297,,,2026.03.13.
25155819,파크루안 역삼점,강남,중식,3.7,297,,,2026.02.04.
25155819,파크루안 역삼점,강남,중식,3.7,297,,,2025.10.17.
25155819,파크루안 역삼점,강남,중식,3.7,297,,,2025.06.22.
25155819,파크루안 역삼점,강남,중식,3.7,297,,,2025.01.24.
25155819,파크루안 역삼점,강남,중식,3.7,297,,,2024.10.23.
25155819,파크루안 역삼점,강남,중식,3.7,297,,,2024.10.15.
25155819,파크루안 역삼점,강남,중식,3.7,297,,,2024.10.10.
25155819,파크루안 역삼점,강남,중식,3.7,297,,,2024.07.10.
25155819,파크루안 역삼점,강남,중식,3.7,297,,,2024.05.17.
791775664,천미미 신사점,강남,중식,4.1,219,,,짬뽕국물 찐해서 좋아요 맛있어용
791775664,천미미 신사점,강남,중식,4.1,219,,,"탕수육 먹으러 다시 방문하고 싶은 곳!
코스도 생각보다 너무 괜찮아요. 겹치는 메뉴없이 잘 나옵니다.
탕수육 촉촉하고 이렇... 더보기"
791775664,천미미 신사점,강남,중식,4.1,219,,,정말 맛있었던 중식당! 추천합니다😊
791775664,천미미 신사점,강남,중식,4.1,219,,,품격있는 중식집입니다. 탕수육이 다른집과는 완전 다릅니다. 고기비율이 90%에요. 최고입니다.
791775664,천미미 신사점,강남,중식,4.1,219,,,짬뽕 꽤 맛있는데 국물이좀 미지근하게 나오고 핵심을 관통하는 맛이조금 부족해서 아쉬웠지만  다음에 기회되면 또 오고싶음
791775664,천미미 신사점,강남,중식,4.1,219,,,기억하십시오 볶음밥이 ♪♩♪♩임
791775664,천미미 신사점,강남,중식,4.1,219,,,"와+：콜키 병당1만,10명이상서 코스요리로 3개 나왔는데 콜키포함 인당 7만 가까이 나와서 요리 비싼편인듯
팔보... 더보기"
791775664,천미미 신사점,강남,중식,4.1,219,,,혼밥하러 와도 눈치주지 않고 친절한 매니저? 님 감사합니다 그리고 저 머리 길다고 묻지도 않았는데 머리끈 가져다 주시는 사장님의 섬세함에 감동했습니다. 조리도 바로 하신 건지 너무 맛있어요 주변에 중국집 많은데도 여기 오는 이유에옹👍
791775664,천미미 신사점,강남,중식,4.1,219,,,"꿔바로우, 군만두, 짜장면을 먹으러 왔는데 다른 테이블에 서빙하시는 모습을 보고 음식 양이 많은 것 같아서 짜장면은 두그릇이 아닌 한그릇만 주문했는데 센스있게 두그릇으로 배분해서 주셔서 감동이었습니다😍"
791775664,천미미 신사점,강남,중식,4.1,219,,,"쫄깃쫄깃 매콤한 잡채와 
고슬고슬한 볶음밥을 동시에. . 
목요일 요일메뉴라 가격도 9,0... 더보기"
791775664,천미미 신사점,강남,중식,4.1,219,,,갓볶은 간짜장이 아니고 그냥 만들어 놓은 짜장을 부어주는 느낌입니다. 해물 간짜장만 있고 일반 간짜장이 없어 아쉽습니다. 명성에 비하여 많이 아쉬웠어요.
791775664,천미미 신사점,강남,중식,4.1,219,,,"최악이에요. 
볶음밥에서 담배냄새 나요. 계란부터 먹는 편인데 계란 상태가 좀 특이하길래 그런갑다 먹고 딱 볶음밥을 먹으니 너무 타서 쓰... 더보기"
791775664,천미미 신사점,강남,중식,4.1,219,,,짬뽕 드세요 여러분…
791775664,천미미 신사점,강남,중식,4.1,219,,,"요리가 정말 맛있어요!
생맥주도 함께 마실수 있어서 최고!!!"
791775664,천미미 신사점,강남,중식,4.1,219,,,"어린이날 특집 
인생짬뽕
놀래버... 더보기"
791775664,천미미 신사점,강남,중식,4.1,219,,,이렇게 맛있어도 되나요 신사역 사실 은근 먹을 곳 없는데 여기 가기를 잘했어요 분위기도 좋아서 데이트 장소로도 좋고 맛도 굿 그리고 직원분이 친절한 것도 나이스 ㅠㅠ 고급스러운 분위기에서... 더보기
791775664,천미미 신사점,강남,중식,4.1,219,,,"비밀의숲 검찰 사람들이 방문할듯한-
천가지의 아름다운 맛을 선사한다는-
고급 중화요리 전문점- 천미미
▶개인적인 생각 '... 더보기"
791775664,천미미 신사점,강남,중식,4.1,219,,,전체적으로 맛있음. 짬뽕탕도 굳
791775664,천미미 신사점,강남,중식,4.1,219,,,"콜키지가 공짜라 좋긴 합니다만, 만에 하나 잔이라도 깨트리면 3만원입니다. 코스트코잔이 3만원입니다."
791775664,천미미 신사점,강남,중식,4.1,219,,,가성비
791775664,천미미 신사점,강남,중식,4.1,219,,,분위기
791775664,천미미 신사점,강남,중식,4.1,219,,,사진/영상 후기만 보기
791775664,천미미 신사점,강남,중식,4.1,219,,,2025.12.07.
791775664,천미미 신사점,강남,중식,4.1,219,,,2024.09.10.
791775664,천미미 신사점,강남,중식,4.1,219,,,2024.09.01.
791775664,천미미 신사점,강남,중식,4.1,219,,,2024.02.08.
791775664,천미미 신사점,강남,중식,4.1,219,,,2023.10.22.
791775664,천미미 신사점,강남,중식,4.1,219,,,2023.07.12.
791775664,천미미 신사점,강남,중식,4.1,219,,,2023.04.10.
791775664,천미미 신사점,강남,중식,4.1,219,,,2023.03.14.
791775664,천미미 신사점,강남,중식,4.1,219,,,2025.10.22.
791775664,천미미 신사점,강남,중식,4.1,219,,,2025.09.12.
791775664,천미미 신사점,강남,중식,4.1,219,,,2025.08.04.
791775664,천미미 신사점,강남,중식,4.1,219,,,2023.11.17.
791775664,천미미 신사점,강남,중식,4.1,219,,,2023.10.09.
791775664,천미미 신사점,강남,중식,4.1,219,,,2023.08.30.
791775664,천미미 신사점,강남,중식,4.1,219,,,2023.04.02.
791775664,천미미 신사점,강남,중식,4.1,219,,,2022.05.05.
791775664,천미미 신사점,강남,중식,4.1,219,,,2020.10.27.
791775664,천미미 신사점,강남,중식,4.1,219,,,2020.07.10.
791775664,천미미 신사점,강남,중식,4.1,219,,,2019.10.02.
10252806,대려도,강남,중식,3.8,110,,,"팩트체크\ “분위기 좋고 친절하나 그만큼 비싼 음식값‘

맛
깐풍기와 삼선해물짬뽕... 더보기"
10252806,대려도,강남,중식,3.8,110,,,"예전에는 대려도만 있었는데 이제는 2층에 대려도가 있고 1층은 카페가 있다. 테이블간 간격이 좁다!
최애는 빠스찹쌀떡! 엄청 달다. 찹쌀떡을 튀긴 후 설탕코팅을 했는데 안에는 또 설탕범벅이... 더보기"
10252806,대려도,강남,중식,3.8,110,,,짜장면 최고입니다. 입에 넣는 순간 '그래 짜장면은 이런 맛이었어' 하고 감탄하게 됩니다.
10252806,대려도,강남,중식,3.8,110,,,친절하고 분위기가 좋음 짜장면 맛은 무난
10252806,대려도,강남,중식,3.8,110,,,"4.8만 코스 요리에서 푸석한 배를 주는 건 참 ㅋㅋ

코스는 무조건 통일 해야 함. 뭐 달라고... 더보기"
10252806,대려도,강남,중식,3.8,110,,,깔끔하고 고급스러우면서 기본 메뉴는 부담스럽지 않은 가격.
10252806,대려도,강남,중식,3.8,110,,,해물누룽지탕 굿
10252806,대려도,강남,중식,3.8,110,,,음식은 맛이 괜찮았으나 서비스가 별로. 서빙하는 사람이 볶음밥 가져다주며 계란국을 쏟았는데 사과도 없음. 심지어 좋게 양파에 국물이 들어가서 바꿔주면 안되냐고 했는데 말 끝나기도 전에 가버림.  대단한... 더보기
10252806,대려도,강남,중식,3.8,110,,,"건물을 새로 올리니 음식도 함께 업그레이드 되었다.
양장피, 라조기, 탕수육 먹었는데 탕수육만 조금 노말....식사메뉴도 맛있어짐"
10252806,대려도,강남,중식,3.8,110,,,"깐쇼새우, 기스면 맛있다 
분위기도 좋넹"
10252806,대려도,강남,중식,3.8,110,,,"불친절해요. 유리로 된 고추기름통 입구가 깨져있었는데 직원분, 점주님 모두 나몰라라하셨어요. 듣는둥 마는둥하셔서 황당했습니다. 거의 5년째 단골이었는데 참 아쉽습니다."
10252806,대려도,강남,중식,3.8,110,,,맛이 많이 변했음 정말 자주갔었는데 너무 아쉽다
10252806,대려도,강남,중식,3.8,110,,,가격대비 맛은 글쎄?
10252806,대려도,강남,중식,3.8,110,,,개좋음
10252806,대려도,강남,중식,3.8,110,,,짬뽕도 훌륭하지만 튀김 요리를 정말 잘하는 것 같습니다. 군만두를 서비스가 아닌 주문을 하는 유일한 중국집입니다. 특히 빠스와 찹쌀떡은 정말 맛있어 아는 사람들에게 강추를 하는 메뉴입니다!
10252806,대려도,강남,중식,3.8,110,,,대접하기 좋은 곳
10252806,대려도,강남,중식,3.8,110,,,"군만두는 메뉴에서 빼시죠. 비비고보다 맛없는데18,000 씩이나 함. 분위기 제외하면 재방문의사
없음"
10252806,대려도,강남,중식,3.8,110,,,맛있긴한데 과거 독보적일 때의 그 퀄과 맛일까 약간 의문.
10252806,대려도,강남,중식,3.8,110,,,분위기는 강남스럽고 매우 훌륭함. 하지만 그 외에는 평범. 아 가격은 비범
10252806,대려도,강남,중식,3.8,110,,,근처에 갈만한 적당한 식당이 없는데 법카로 먹기 좋은 가격 맛은 모르겠다 그냥 무난
10252806,대려도,강남,중식,3.8,110,,,분위기
10252806,대려도,강남,중식,3.8,110,,,사진/영상 후기만 보기
10252806,대려도,강남,중식,3.8,110,,,2025.07.12.
10252806,대려도,강남,중식,3.8,110,,,2024.10.27.
10252806,대려도,강남,중식,3.8,110,,,2024.10.10.
10252806,대려도,강남,중식,3.8,110,,,2024.09.23.
10252806,대려도,강남,중식,3.8,110,,,2024.10.22.
10252806,대려도,강남,중식,3.8,110,,,2024.01.05.
10252806,대려도,강남,중식,3.8,110,,,2021.02.01.
10252806,대려도,강남,중식,3.8,110,,,2020.01.12.
10252806,대려도,강남,중식,3.8,110,,,2017.07.16.
10252806,대려도,강남,중식,3.8,110,,,2016.12.16.
10252806,대려도,강남,중식,3.8,110,,,2026.04.06.
10252806,대려도,강남,중식,3.8,110,,,2026.02.25.
10252806,대려도,강남,중식,3.8,110,,,2026.02.01.
10252806,대려도,강남,중식,3.8,110,,,2025.08.27.
10252806,대려도,강남,중식,3.8,110,,,2025.06.21.
10252806,대려도,강남,중식,3.8,110,,,2025.06.07.
10252806,대려도,강남,중식,3.8,110,,,2025.03.03.
10252806,대려도,강남,중식,3.8,110,,,2024.10.01.
10252806,대려도,강남,중식,3.8,110,,,2024.07.17.
10252806,대려도,강남,중식,3.8,110,,,2024.06.03.
18283045,마담밍 선릉점,강남,중식,4.4,240,,,"기대가 컸던 탓일까 
추천받은 탕수육과 짬뽕 모두 soso
짜장면을 먹을걸 그랬나.."
18283045,마담밍 선릉점,강남,중식,4.4,240,,,존맛이네
18283045,마담밍 선릉점,강남,중식,4.4,240,,,"직원분들은 좀 불친절하시고 매장 분위기도 좋진 않지만, 짬뽕이 진짜 맛있습니다..
해물이 엄청 많아서 끝까지 면이랑 같이 먹을수 있어요!"
18283045,마담밍 선릉점,강남,중식,4.4,240,,,"점심시간대에 1인도 받아주시고
짬뽕 맛있어요
가성비 좋은듯요"
18283045,마담밍 선릉점,강남,중식,4.4,240,,,워낙 유명한 선릉쪽 중식 맛집. 여기를 유명하게 만든 시그니쳐 메뉴 냉짬뽕(중국냉면 아님). 우리가 흔히 아는 짬뽕을 차게 만든게 아니고 맛 자체가 정통 짬뽕스타일이 아니다. 라유 맛이 많이 나고 중국 느낌이 ... 더보기
18283045,마담밍 선릉점,강남,중식,4.4,240,,,"근 십여년 전에
지하에 있을때 몇번 가서 냉짬뽕 처음 먹은게 엊그제같은데
오늘 근처 간 김에 오랜만에 ... 더보기"
18283045,마담밍 선릉점,강남,중식,4.4,240,,,"블루리본도 많고 했는데 냉짬뽕은 소문만큼 맛있지는 않아서 아쉬웠음
탕수육이 맛있고 바쁜데도 친절하심"
18283045,마담밍 선릉점,강남,중식,4.4,240,,,"처음 방문했고 짬뽕과 냉짬뽕 시켰습니다.
개인적으로 짬뽕 너무 취향저격이었고요.
다 먹어갈 무렵 짬뽕에 말아먹을 밥과 냉... 더보기"
18283045,마담밍 선릉점,강남,중식,4.4,240,,,직원분들도 친절하시고 음식이 정말 맛있어요! 항상 실망시키지 않는 곳
18283045,마담밍 선릉점,강남,중식,4.4,240,,,"세번정도 갔는데
오늘 짜장면은 면이 불었음 😢 
중화냉면 은 S... 더보기"
18283045,마담밍 선릉점,강남,중식,4.4,240,,,짜장면 꿔바로우 중국식 냉면 다 맛있었고 냉면은 1단계만 해도 충분히 매울 듯!
18283045,마담밍 선릉점,강남,중식,4.4,240,,,"중국냉면 땅콩베이스가 엄청진하다 
주문시 서비스되는 찹쌀빵도 독특!"
18283045,마담밍 선릉점,강남,중식,4.4,240,,,"냉짬뽕 1단계도 충분, 2단계 매움
한번 먹어본걸로 끝, 다음번엔 짜장면이나 짬뽕 먹을 예정"
18283045,마담밍 선릉점,강남,중식,4.4,240,,,짬뽕 냉면은 약간 매운데 중화냉면이랑 같이 섞어먹으면 딱 좋았어요! 시원하고 맛있었어요. 직원분들도 친절했습니다
18283045,마담밍 선릉점,강남,중식,4.4,240,,,짬뽕냉면 한 번쯤 경험하긴 괜찮음. 엄청 맛잇진 않음 근데 서비스가 ㄷㄷ 점원분들 계속 면 좀 더드릴까요 물어보는 것도 감탄했는데 거의 한 그릇 양의 면을 더 주심 서비스 대박
18283045,마담밍 선릉점,강남,중식,4.4,240,,,맛밍!!!!!!
18283045,마담밍 선릉점,강남,중식,4.4,240,,,직원분들이 친절하시고 주문한 메뉴 다 맛있었어요!
18283045,마담밍 선릉점,강남,중식,4.4,240,,,맛있밍
18283045,마담밍 선릉점,강남,중식,4.4,240,,,몇년 연속 블루리본이길래 궁금했는데 좋았습니다! 탕수육도 맛있고 볶음밥도 철판에 나와 따뜻함이 유지되어 좋았네용
18283045,마담밍 선릉점,강남,중식,4.4,240,,,탕수육 쫠깃쫠깃쫠깃쫠깃우오ㅏ!!!냉짬뽕은  처음 먹어보는 맛이었는데 깊은맛은 없어서 약간 아쉬웠어요. 근데 여기 직원분들 친절 대박!! 옆 테이블 할아버지할머니 많이 챙겨주시는거보고 ... 더보기
18283045,마담밍 선릉점,강남,중식,4.4,240,,,가성비
18283045,마담밍 선릉점,강남,중식,4.4,240,,,분위기
18283045,마담밍 선릉점,강남,중식,4.4,240,,,사진/영상 후기만 보기
18283045,마담밍 선릉점,강남,중식,4.4,240,,,2026.04.16.
18283045,마담밍 선릉점,강남,중식,4.4,240,,,2026.02.14.
18283045,마담밍 선릉점,강남,중식,4.4,240,,,2025.10.09.
18283045,마담밍 선릉점,강남,중식,4.4,240,,,2025.07.22.
18283045,마담밍 선릉점,강남,중식,4.4,240,,,2025.07.15.
18283045,마담밍 선릉점,강남,중식,4.4,240,,,2025.05.29.
18283045,마담밍 선릉점,강남,중식,4.4,240,,,2025.05.22.
18283045,마담밍 선릉점,강남,중식,4.4,240,,,2025.04.30.
18283045,마담밍 선릉점,강남,중식,4.4,240,,,2025.04.21.
18283045,마담밍 선릉점,강남,중식,4.4,240,,,2025.03.12.
18283045,마담밍 선릉점,강남,중식,4.4,240,,,2024.08.24.
18283045,마담밍 선릉점,강남,중식,4.4,240,,,2024.08.16.
18283045,마담밍 선릉점,강남,중식,4.4,240,,,2024.07.19.
18283045,마담밍 선릉점,강남,중식,4.4,240,,,2024.07.07.
18283045,마담밍 선릉점,강남,중식,4.4,240,,,2024.04.24.
18283045,마담밍 선릉점,강남,중식,4.4,240,,,2024.04.11.
18283045,마담밍 선릉점,강남,중식,4.4,240,,,2024.04.06.
18283045,마담밍 선릉점,강남,중식,4.4,240,,,2024.03.15.
18283045,마담밍 선릉점,강남,중식,4.4,240,,,2023.12.14.
18283045,마담밍 선릉점,강남,중식,4.4,240,,,2023.10.20.
1262079557,송쉐프 본점,강남,중식,3.6,177,,,"음식이 정갈하고 맛있어요
모두가 친절하세요"
1262079557,송쉐프 본점,강남,중식,3.6,177,,,"연말모임으로 룸 예약해서 먹었습니다.
분할되어 있는 룸에서 시끌벅적하게 먹기 좋았고, 음식도 준수합니다."
1262079557,송쉐프 본점,강남,중식,3.6,177,,,"카맵 후기가 불친절하다는 얘기가 많아서 의아하네요ㅠ 저는 애매한 시간에 방문해서 그랬는지는 모르겠지만 1인 식사 가능했고, 이모님들 모두 친절하셨어요! 간짜장 재료가 풍부하고 면발도 맛있네요ㅎㅎ 호사로웠습니다 저는 추천!"
1262079557,송쉐프 본점,강남,중식,3.6,177,,,여기 짬뽕 짜장 볶은짬뽕 진짜진짜 맛있음. 그 중식 특유의 헤비하고 기름진 맛있음임ㅇㅇ 그래서 먹고나서 속편한 타입의 음식들은 아니긴 함.. 하지만 양도 많고 진짜 맛있음👍 그리... 더보기
1262079557,송쉐프 본점,강남,중식,3.6,177,,,"꿔바로우 가격이 너무 비싸서 고민됐고 양이 가격만큼은 많지는 않았지만, 먹고 너무 맛있었어요. 콩가루 뿌려진게 생각보다 별미.
전체적으로 가격이 조금 있는 느낌이지만... 더보기"
1262079557,송쉐프 본점,강남,중식,3.6,177,,,오랜만에 들렀는데..예나 지금이나 맛이며 친절이며 변함없이 훌륭합니다.앞으로도 쭈욱 번창하세요. 💯👍❤️😁
1262079557,송쉐프 본점,강남,중식,3.6,177,,,"디너코스 먹었는데 솔직히 음식 하나하나는 그냥 그랬다..
근데 게살볶음은 유명한 이유가 있음
만약 또 가게 되면 게살볶음만 단품으로 시켜서... 더보기"
1262079557,송쉐프 본점,강남,중식,3.6,177,,,진짜 대존맛…..
1262079557,송쉐프 본점,강남,중식,3.6,177,,,"구워놓은지 한 3시간은 지나 보이는 계란 후라이를 내어주는곳. 
볶음밥도 그럭저럭"
1262079557,송쉐프 본점,강남,중식,3.6,177,,,"단체 갔을 때 많이 시키라고 눈치 주는 거 싫음.
둘이 갔을 땐 편안함.
게살스프 예아"
1262079557,송쉐프 본점,강남,중식,3.6,177,,,"👍 음식이 전반적으로 재료를 아낌없이 넣어준다. 탕수육은 고기가 가득 씹히고 짬뽕에도 토실한 해산물과 고기가 들어가있다.

👎 요리류... 더보기"
1262079557,송쉐프 본점,강남,중식,3.6,177,,,"직원분들이 친절하고 볶음짜장이 꽤 맛있는데요, 송쉐프 장안점에서 먹었던 감동적인 볶음짜장에 비하면 뭔가 아쉽습니다. 요 근방에서 맛있는 중국집인 건 확실합니다."
1262079557,송쉐프 본점,강남,중식,3.6,177,,,자장면 안좋아하는데 친구들 다 데려와서 맛보여쥬고싶음
1262079557,송쉐프 본점,강남,중식,3.6,177,,,"♥️객관적 맛 평가
탕수육 33,000원 (⭐️⭐️⭐️⭐️⭐)
가격이 조금 비쌈. 소스 깔끔함. 소... 더보기"
1262079557,송쉐프 본점,강남,중식,3.6,177,,,"콜키지 비용은 현금으로 받는다는 이상한 가게. 현금이 없다고 하니까 계좌이체로 받음.

룸에서 식사했고 전화로 확인했을 때 콜키지 병당 만원이며 인당 5만원 이상 ... 더보기"
1262079557,송쉐프 본점,강남,중식,3.6,177,,,"어향동고 맛은 있으나
그냥 딱 정말 무난한 맛이었어요
삼선볶음밥은 맛도있고 양도 많았어요!"
1262079557,송쉐프 본점,강남,중식,3.6,177,,,"중국집은 짜장면이 맛있으면 저한테는 최고인데 이곳은 난자완스,게살삼슬 다 맛있네요. 대신 가격은 안싸요.
주차는 발리파킹으로만 가능해요."
1262079557,송쉐프 본점,강남,중식,3.6,177,,,"간짜장. 무난하게 맛있음
중국냉면. 새콤달콤 여름철 별미
탕수육. 튀김옷이 과하지않고 고기가 튼실하게 들어가있음"
1262079557,송쉐프 본점,강남,중식,3.6,177,,,"2025.11.22 옛날짬뽕, 삼선간짜장
탕수육을 먹었어야 했나. 
분명 재료는 낭낭한데 맛이...... 더보기"
1262079557,송쉐프 본점,강남,중식,3.6,177,,,분위기
1262079557,송쉐프 본점,강남,중식,3.6,177,,,사진/영상 후기만 보기
1262079557,송쉐프 본점,강남,중식,3.6,177,,,2026.01.03.
1262079557,송쉐프 본점,강남,중식,3.6,177,,,2025.12.07.
1262079557,송쉐프 본점,강남,중식,3.6,177,,,2025.09.18.
1262079557,송쉐프 본점,강남,중식,3.6,177,,,2025.01.17.
1262079557,송쉐프 본점,강남,중식,3.6,177,,,2024.12.04.
1262079557,송쉐프 본점,강남,중식,3.6,177,,,2024.11.29.
1262079557,송쉐프 본점,강남,중식,3.6,177,,,2024.11.05.
1262079557,송쉐프 본점,강남,중식,3.6,177,,,2024.06.23.
1262079557,송쉐프 본점,강남,중식,3.6,177,,,2024.03.26.
1262079557,송쉐프 본점,강남,중식,3.6,177,,,2024.01.05.
1262079557,송쉐프 본점,강남,중식,3.6,177,,,2023.09.08.
1262079557,송쉐프 본점,강남,중식,3.6,177,,,2023.04.22.
1262079557,송쉐프 본점,강남,중식,3.6,177,,,2023.02.25.
1262079557,송쉐프 본점,강남,중식,3.6,177,,,2022.12.16.
1262079557,송쉐프 본점,강남,중식,3.6,177,,,2022.09.22.
1262079557,송쉐프 본점,강남,중식,3.6,177,,,2022.09.12.
1262079557,송쉐프 본점,강남,중식,3.6,177,,,2026.01.16.
1262079557,송쉐프 본점,강남,중식,3.6,177,,,2025.12.28.
1262079557,송쉐프 본점,강남,중식,3.6,177,,,2025.11.27.
980076754,인량 훠궈,강남,중식,4.3,680,,,가물치훠궈 처음먹어봤는데 진짜 맛있었어요!! 쫀득하고 감칠맛나는게 생각나서 또먹으러가야겠어요 ㅋㅋ 글구 사장님이 넘 친절하셔서 감동받고갑니다
980076754,인량 훠궈,강남,중식,4.3,680,,,엄청엄청 친절함. 백탕이 맛있었음!
980076754,인량 훠궈,강남,중식,4.3,680,,,"육수가 엄청 진하고 현지에서 먹는 맛이에요..!
예약도 잘되고 깔끔하고 좋습니다"
980076754,인량 훠궈,강남,중식,4.3,680,,,"굉장히 다양한 훠궈 브랜드를 이용했지만 
이정도로 친근하면서도 전문적인 접객은 참 오랜만에 겪었습니다. 브레이크 직전 방문했는데도 최선을 다... 더보기"
980076754,인량 훠궈,강남,중식,4.3,680,,,"가격이 조금 있지만 깔끔하고 좌석 간격도 넓고
3인부터 룸 예약 가능하고 좋아요"
980076754,인량 훠궈,강남,중식,4.3,680,,,좋아요 자주는 못 가지만 갓탕이 늘 생각납니다ㅜㅜ
980076754,인량 훠궈,강남,중식,4.3,680,,,훠궈 넘 맛있었어요! 토마토탕🥰 직원분들도 친절했어요! 담에  또 먹으러 올게요
980076754,인량 훠궈,강남,중식,4.3,680,,,맛있어용
980076754,인량 훠궈,강남,중식,4.3,680,,,"일단 복작복작하지 않고 깔끔하고 홀 넓고 모임하기 좋은 공간이라는 것에서 합격.. 
가격대가 있긴한데 하이디라오는 저렴하긴 하지만 너무 다닥다닥 붙고 정신 ... 더보기"
980076754,인량 훠궈,강남,중식,4.3,680,,,조금 비싸긴 하지만.. 내부 정말 깨끗하고 훠궈 맛있어요
980076754,인량 훠궈,강남,중식,4.3,680,,,"📍강남 훠궈맛집 인량훠궈
가물치를 얇게 포 떠서 먹는 가물치 훠궈가 시그니처인데
직원분이 직접 데쳐주셔서 더 편... 더보기"
980076754,인량 훠궈,강남,중식,4.3,680,,,고민할 필요가 없는 최고의 훠궈집. 국물 맛부터 남다르다
980076754,인량 훠궈,강남,중식,4.3,680,,,"하이디라오보다 맛있고 조용하고 차분해서 좋습니다
서비스도 좋고 맛도 좋아요 특히 가물치 백탕 깔끔하고 구수하고 맛있어요"
980076754,인량 훠궈,강남,중식,4.3,680,,,"분위기 좋고 깔끔한 인생 훠궈집 --- ●인량훠궈 ●

<분위기>
훠궈를 좋아하는 두 남녀의 첫 데이트, 소개팅... 더보기"
980076754,인량 훠궈,강남,중식,4.3,680,,,"몇 달 전 방문하고 기억이 좋아서 다시 방문하였는데 역시나 대만족입니다.
섬세한 직원들의 서비스가 좋았고 대접하는 분에게도 푸짐한 한상을 드릴 수 있는 느낌이 나서 종종 애용합니다 ."
980076754,인량 훠궈,강남,중식,4.3,680,,,"지인대접할자리 강남에서 찾다가 발견한 맛집!!
무엇보다 지인들 만족도가 최상이었다는것!!
신선한재료와 고급스런 메뉴들로 한것 기분 뿜뿜하... 더보기"
980076754,인량 훠궈,강남,중식,4.3,680,,,친절하고 맛있지만 그리 특별한 맛은 아니고 가격이 비싸다 국물이 특별한것도 아니다. 다른 훠궈집 샤브샤브집 가도 이보다 싼가격에 충분히 맛있게 먹을수 있다. 사진은 무려 3인분 (9만3천원) 의 양.
980076754,인량 훠궈,강남,중식,4.3,680,,,맛있어요
980076754,인량 훠궈,강남,중식,4.3,680,,,"내 국내 최애 훠궈집
고급 훠궈집 정말 많이 생겼지만 여기를 뛰어넘는 곳은 없는듯 가물치 베이스 육수는 백탕도 깊은 맛이 느껴짐. 가물치 샤브샤브는 꼭 주문해보시길 추천"
980076754,인량 훠궈,강남,중식,4.3,680,,,분위기
980076754,인량 훠궈,강남,중식,4.3,680,,,사진/영상 후기만 보기
980076754,인량 훠궈,강남,중식,4.3,680,,,2026.04.03.
980076754,인량 훠궈,강남,중식,4.3,680,,,2026.02.17.
980076754,인량 훠궈,강남,중식,4.3,680,,,2025.09.17.
980076754,인량 훠궈,강남,중식,4.3,680,,,2025.07.21.
980076754,인량 훠궈,강남,중식,4.3,680,,,2025.01.22.
980076754,인량 훠궈,강남,중식,4.3,680,,,2025.01.08.
980076754,인량 훠궈,강남,중식,4.3,680,,,2024.11.06.
980076754,인량 훠궈,강남,중식,4.3,680,,,2023.10.28.
980076754,인량 훠궈,강남,중식,4.3,680,,,2023.10.26.
980076754,인량 훠궈,강남,중식,4.3,680,,,2023.10.02.
980076754,인량 훠궈,강남,중식,4.3,680,,,2023.02.16.
980076754,인량 훠궈,강남,중식,4.3,680,,,2026.04.09.
980076754,인량 훠궈,강남,중식,4.3,680,,,2026.02.22.
980076754,인량 훠궈,강남,중식,4.3,680,,,2025.11.12.
980076754,인량 훠궈,강남,중식,4.3,680,,,2025.04.06.
980076754,인량 훠궈,강남,중식,4.3,680,,,2024.09.30.
980076754,인량 훠궈,강남,중식,4.3,680,,,2024.09.21.
980076754,인량 훠궈,강남,중식,4.3,680,,,2024.08.12.
980076754,인량 훠궈,강남,중식,4.3,680,,,2024.05.05.
980076754,인량 훠궈,강남,중식,4.3,680,,,2023.05.30.
25550206,아방궁,강남,중식,3.6,239,,,짬뽕 맛있음. 튀김 잘함. 분위기 어수선함.
25550206,아방궁,강남,중식,3.6,239,,,"자리가 카운터 옆이라 아쉬웠음 
간짜장은 역시 잘함
짬뽕국물은1천원
강... 더보기"
25550206,아방궁,강남,중식,3.6,239,,,"The food was delicious. The sweet and sour power was very  bc crispy and I loved how the sauce was on the side. One dish I definitely recommend is the Jjajangmyeon, we got the portion for two and it was huge."
25550206,아방궁,강남,중식,3.6,239,,,"이게 어떻게 멘보샤입니까 새보샤지!!!!!!!!! 
너무맛있어요 ㅠㅠ 제발 또가고 또가세요"
25550206,아방궁,강남,중식,3.6,239,,,"2차로 고량주+탕수육+팔보채+물만두 먹으러 왔습니다. 파티션 설치되어있는 조용한 곳으로 안내받아서 좋았습니다. 팔보채는 재료가 굉장히 신선했고, 탕수육은 튀김옷이... 더보기"
25550206,아방궁,강남,중식,3.6,239,,,이 근방에서 젤 마싯름 ㅠ
25550206,아방궁,강남,중식,3.6,239,,,친절하시구요 삼선짜장면이 진짜 기본에 충실한 맛이라서 좋습니다!!
25550206,아방궁,강남,중식,3.6,239,,,삼선간짜장 맛있어요. 찹쌀탕수육은 밑간이 거의 안되어있고 고기도 두툼하지 않았습니다. 튀김옷은 일반탕수육이랑 뭐가 다른걸까 의구심이 들게하는 수준이었어요. 심지어 일반탕수육보다 비싼 4만원짜리 음식이라 비추입니다.
25550206,아방궁,강남,중식,3.6,239,,,무난무난 먹을만해요
25550206,아방궁,강남,중식,3.6,239,,,짬뽕과 짜장이 상상하는 맛 그대로인곳
25550206,아방궁,강남,중식,3.6,239,,,"룸이 있어서 너무 좋아요! 친구들끼리나
회식장소로 추천..  요리10개가까이 먹어봤는데
실패한게 없네요😋"
25550206,아방궁,강남,중식,3.6,239,,,"이딴게 강남에 있나 싶을 정도의 분위기
별점이 이게 말이 되나?
점심시간에 착석해서 3... 더보기"
25550206,아방궁,강남,중식,3.6,239,,,걍 먹을만 함 근데 서빙하는 아줌마 불친절
25550206,아방궁,강남,중식,3.6,239,,,#NAME?
25550206,아방궁,강남,중식,3.6,239,,,"눈물날뻔했어요@@ 옛날에 중국집에서 가족외식할때 먹었던 맛이였어요!! 추억의 맛에 퀄리티는 고급스러운 최고의 강남역 중식당이네요!! 예약안했으면 어쩔뻔했나 싶을정도로 모임, 회식 룸마다 만석에 역... 더보기"
25550206,아방궁,강남,중식,3.6,239,,,짬뽕 양도 많고 맛있네요
25550206,아방궁,강남,중식,3.6,239,,,"간짜장도 짬뽕도 맛있어요
어제 맛있어서 오늘도 왔어요"
25550206,아방궁,강남,중식,3.6,239,,,"차돌짬뽕 13,000원 혼밥.
양 충분하고 맛 괜찮았어요."
25550206,아방궁,강남,중식,3.6,239,,,아방궁 넘나 맛있는 것...
25550206,아방궁,강남,중식,3.6,239,,,가성비
25550206,아방궁,강남,중식,3.6,239,,,분위기
25550206,아방궁,강남,중식,3.6,239,,,사진/영상 후기만 보기
25550206,아방궁,강남,중식,3.6,239,,,2026.04.09.
25550206,아방궁,강남,중식,3.6,239,,,2025.10.27.
25550206,아방궁,강남,중식,3.6,239,,,2025.10.04.
25550206,아방궁,강남,중식,3.6,239,,,2025.08.14.
25550206,아방궁,강남,중식,3.6,239,,,2025.07.26.
25550206,아방궁,강남,중식,3.6,239,,,2025.04.07.
25550206,아방궁,강남,중식,3.6,239,,,2025.03.15.
25550206,아방궁,강남,중식,3.6,239,,,2024.08.30.
25550206,아방궁,강남,중식,3.6,239,,,2023.08.03.
25550206,아방궁,강남,중식,3.6,239,,,2023.07.27.
25550206,아방궁,강남,중식,3.6,239,,,2023.04.03.
25550206,아방궁,강남,중식,3.6,239,,,2023.01.03.
25550206,아방궁,강남,중식,3.6,239,,,2026.03.12.
25550206,아방궁,강남,중식,3.6,239,,,2026.03.01.
25550206,아방궁,강남,중식,3.6,239,,,2026.01.27.
25550206,아방궁,강남,중식,3.6,239,,,2026.01.15.
25550206,아방궁,강남,중식,3.6,239,,,2025.07.23.
25550206,아방궁,강남,중식,3.6,239,,,2025.03.03.
25550206,아방궁,강남,중식,3.6,239,,,2024.09.29.
25550206,아방궁,강남,중식,3.6,239,,,2024.09.14.
11026324,공리 강남구청역점,강남,중식,4.4,737,,,"근본있는집! 강남구청근처에서 중식먹고싶으면 무조건 공리로 와요~ 홀도 넓고 쾌적해요 계란후라이+삼선간짜장 강추!!
#강남구청역중식 #삼성동중식"
11026324,공리 강남구청역점,강남,중식,4.4,737,,,"이 동네에 이런 곳 없습니다. 간짜장, 짬뽕 모두 맛있어요. 청담에서 중식은 공리!

#강남구청역중식 #논현동중식"
11026324,공리 강남구청역점,강남,중식,4.4,737,,,"대한민국에는 공리
강남에는 공리 
짜장은... 더보기"
11026324,공리 강남구청역점,강남,중식,4.4,737,,,와 처음왔는데 짬뽕 국물이 제가ㅜ일반적으로 알던 짬뽕국물과 다르네요. 엄청 Thick하다고 할까요? 맛 밸런스도 너무 좋습니다. 담에는 굴짬뽕도 먹어봐야겠어요. 왜 사람이 많은지 알겠어요. 앞으로 회사점심때 자주 들릴거 같아요.
11026324,공리 강남구청역점,강남,중식,4.4,737,,,"#강남구청역중식 #논현동중식 #학동역중식 #삼성동중식 

항상 사람많아서 먹긴 어렵지만 ... 더보기"
11026324,공리 강남구청역점,강남,중식,4.4,737,,,주차 좀 붎편하지만 찐 맛집 인정!
11026324,공리 강남구청역점,강남,중식,4.4,737,,,"회사 근처 중국집이 맛집이라 너무 좋아요.
점심때마다 메뉴 바꿔가며 먹는 재미로 회사 다닙니다.
특히 기본메뉴인 자장면, 간짜장, 짬뽕 모두 가성비 좋고 맛있어요!"
11026324,공리 강남구청역점,강남,중식,4.4,737,,,"지나가다가 배고파서 들어왔는데 분위기도 좋구, 음식도 빨리 나와요! 회사 사람들이랑 와도 좋을 것 같습니다!"
11026324,공리 강남구청역점,강남,중식,4.4,737,,,최고최고 👍👍👍👍👍🥰
11026324,공리 강남구청역점,강남,중식,4.4,737,,,"여기 짜장면 너무 맛있어요! 
2주에 한번씩은 꼭 가는 맛집입니다
짜장면이 양도 많고 소스가 맛있어서 추천드려요
그... 더보기"
11026324,공리 강남구청역점,강남,중식,4.4,737,,,깡풍동고 처음 먹어봤는데 쫄깃하고 깐풍 소스가 있어 진짜 맛있어요!!!
11026324,공리 강남구청역점,강남,중식,4.4,737,,,"다른 주변 중국집보다 훨씬 맛있는 것 같습니다! 

너무 잘 먹고갑니다!!"
11026324,공리 강남구청역점,강남,중식,4.4,737,,,해물 얼탕면 맛있습니다
11026324,공리 강남구청역점,강남,중식,4.4,737,,,"#강남구청역중식 #논현동중식 #학동역중식
#삼성동중식

맨날 오고싶은데... 더보기"
11026324,공리 강남구청역점,강남,중식,4.4,737,,,"오늘같이 추운날 공리 삼선짬뽕밥이면
딱입니다. 너무 맛있고 항상 친절하세요
강추입니다!!!!"
11026324,공리 강남구청역점,강남,중식,4.4,737,,,여기 찐맛집이라고 추천받아서 지난번에도 오고 따로 재방문해서 왔습니다! 볶음밥이랑 짜장면 너무 맛있고 바로 만들어주셔서 따뜻하고 불맛났어요!
11026324,공리 강남구청역점,강남,중식,4.4,737,,,매장도 깔끔하고 볶음밥이랑 짜장면이 너무 맛있습니다! 여기 근처 중식당은 여기가 최고인듯! 자주 올께요 ^^
11026324,공리 강남구청역점,강남,중식,4.4,737,,,강남구청역 공리에서 삼선볶음밥 꼭 드세요~ 양도많고 맛고있고 가게 직원분들이 친절해서 회사 점심시간마다 찾아서 먹습니다~~
11026324,공리 강남구청역점,강남,중식,4.4,737,,,자주오는데 재료도 신선하고 가게도 청결하고 종업원분들도 친절하고 맛도 좋고 최고에요
11026324,공리 강남구청역점,강남,중식,4.4,737,,,짬뽕이랑 짜장면 완죤 맛도리입니당 😋😋 볶음밥두 맛있구 양이 대박 많아여!!
11026324,공리 강남구청역점,강남,중식,4.4,737,,,분위기
11026324,공리 강남구청역점,강남,중식,4.4,737,,,가성비
11026324,공리 강남구청역점,강남,중식,4.4,737,,,사진/영상 후기만 보기
11026324,공리 강남구청역점,강남,중식,4.4,737,,,2026.04.23.
11026324,공리 강남구청역점,강남,중식,4.4,737,,,2026.03.27.
11026324,공리 강남구청역점,강남,중식,4.4,737,,,2026.03.17.
11026324,공리 강남구청역점,강남,중식,4.4,737,,,2026.02.26.
11026324,공리 강남구청역점,강남,중식,4.4,737,,,2026.02.02.
11026324,공리 강남구청역점,강남,중식,4.4,737,,,2026.01.18.
11026324,공리 강남구청역점,강남,중식,4.4,737,,,2026.01.09.
11026324,공리 강남구청역점,강남,중식,4.4,737,,,2026.01.07.
11026324,공리 강남구청역점,강남,중식,4.4,737,,,2026.01.06.
11026324,공리 강남구청역점,강남,중식,4.4,737,,,2026.01.03.
11026324,공리 강남구청역점,강남,중식,4.4,737,,,2025.12.29.
11026324,공리 강남구청역점,강남,중식,4.4,737,,,2025.12.18.
11026324,공리 강남구청역점,강남,중식,4.4,737,,,2025.12.17.
11026324,공리 강남구청역점,강남,중식,4.4,737,,,2025.12.04.
11026324,공리 강남구청역점,강남,중식,4.4,737,,,2025.12.03.
11026324,공리 강남구청역점,강남,중식,4.4,737,,,2025.11.29.
11026324,공리 강남구청역점,강남,중식,4.4,737,,,2025.11.25.
11026324,공리 강남구청역점,강남,중식,4.4,737,,,2025.11.20.
11026324,공리 강남구청역점,강남,중식,4.4,737,,,2025.11.16.
11026324,공리 강남구청역점,강남,중식,4.4,737,,,2025.11.12.
528537292,훠궈나라 강남점,강남,중식,3.6,475,,,"훠궈 처음 먹었는데 넘 맛있었습니다:) 
선생님께서소개 해주셔서 같이 식사 하러 갔는데 야채도 신선하고 고기도 넉넉하더라고용! 다만 식사 시간이 정해져 ... 더보기"
528537292,훠궈나라 강남점,강남,중식,3.6,475,,,"인생훠궈!! 맛있고 깔끔하게 관리해주셔서 좋아요~ 강남 갈때 자주 갑니다 빙홍차랑 꿀조합!
환경부담금 미리 포함해서 결제하는것도 없어져서 더 좋네용"
528537292,훠궈나라 강남점,강남,중식,3.6,475,,,"종류가 아주 많아서 좋아요!
가격도 착하고 음식도 맛있어요!"
528537292,훠궈나라 강남점,강남,중식,3.6,475,,,종류가 많진 않지만 있을건 다있음 조용하고 가격저렴 직원들 친절 재방문의사ok
528537292,훠궈나라 강남점,강남,중식,3.6,475,,,국물최고
528537292,훠궈나라 강남점,강남,중식,3.6,475,,,강남역에서 제일 맛있는 훠궈 샤브샤브 무한리필집! 친구들도 다 좋아하고 마라 땡길때 자주 갑니다. 고기도 좋고 소스도 좋고 기본탕도 다 맛있어요! 저는 홍탕 버섯탕 강추!ㅎㅎ
528537292,훠궈나라 강남점,강남,중식,3.6,475,,,"같이 간 일행 두 명 다 배탈남……
죽을꺼같어요……."
528537292,훠궈나라 강남점,강남,중식,3.6,475,,,"가성비 굳 물론 하이디라오보다 맛은 떨어지지만 가격4배 치고 강남물가치면 완전 굿임 
버섯탕이랑 마라탕은 하이디라오랑 비슷한거같기도한데 야채나 고기 신선도가 덜... 더보기"
528537292,훠궈나라 강남점,강남,중식,3.6,475,,,훠궈는 항상 여기로 먹으러 와요!! 무한리필은 맛이 별로인 곳이 많아서 잘 안가는데 여기는 진짜 넘 맛있어요👍👍 재료도 신선하고 종류도 많아서 오늘도 잘 먹고 갑니다😍 홍탕토마토탕 조합 완전 굿!!
528537292,훠궈나라 강남점,강남,중식,3.6,475,,,"혼자는 무한미니훠궈드세요^^
안내도 안하고 돈 더 받음ㅜ"
528537292,훠궈나라 강남점,강남,중식,3.6,475,,,맛있음
528537292,훠궈나라 강남점,강남,중식,3.6,475,,,하이디라오대비 가성비 좋게 잘먹었고 채소들도 대채로 상태좋았습니다
528537292,훠궈나라 강남점,강남,중식,3.6,475,,,"엄청나게 맛있지도 않고 맛없지도 않음
위생도 괜찮은듯
무한리필이라 좋음."
528537292,훠궈나라 강남점,강남,중식,3.6,475,,,"강남에 이 가격에 훠궈무한리필?! 가성비 생각해서 먹는다면, “그럼 그렇지..” 하고 나올곳.
일단 고기가 질기고 메뉴가 다양하지 않음. 위생상태도 안좋음."
528537292,훠궈나라 강남점,강남,중식,3.6,475,,,가성비 좋은 무한 리필 훠궈 집.
528537292,훠궈나라 강남점,강남,중식,3.6,475,,,홍탕이너무얼얼해서 먹기가너무힘들엇는데토마토탕은맛잇게먹엇어요
528537292,훠궈나라 강남점,강남,중식,3.6,475,,,강추 제일 깔끔해요
528537292,훠궈나라 강남점,강남,중식,3.6,475,,,"사진은 개떡같지만 딱 훠궈에 집중해서 먹기 좋아요..! 
무한리필이라서 더 좋아요 ㅠㅠ"
528537292,훠궈나라 강남점,강남,중식,3.6,475,,,"토마토탕 굿
재료가 다양하진 않고 두부가 없음.....💀"
528537292,훠궈나라 강남점,강남,중식,3.6,475,,,"최고 진짜 깨끗한 무한리필 훠궈👍👍
마장소스도 내스타일✨️
깔끔하고 쾌적한 가성비 최고🧡"
528537292,훠궈나라 강남점,강남,중식,3.6,475,,,가성비
528537292,훠궈나라 강남점,강남,중식,3.6,475,,,분위기
528537292,훠궈나라 강남점,강남,중식,3.6,475,,,사진/영상 후기만 보기
528537292,훠궈나라 강남점,강남,중식,3.6,475,,,2025.08.14.
528537292,훠궈나라 강남점,강남,중식,3.6,475,,,2021.08.05.
528537292,훠궈나라 강남점,강남,중식,3.6,475,,,2026.03.06.
528537292,훠궈나라 강남점,강남,중식,3.6,475,,,2026.03.05.
528537292,훠궈나라 강남점,강남,중식,3.6,475,,,2026.02.18.
528537292,훠궈나라 강남점,강남,중식,3.6,475,,,2026.01.13.
528537292,훠궈나라 강남점,강남,중식,3.6,475,,,2025.09.13.
528537292,훠궈나라 강남점,강남,중식,3.6,475,,,2025.03.22.
528537292,훠궈나라 강남점,강남,중식,3.6,475,,,2025.03.20.
528537292,훠궈나라 강남점,강남,중식,3.6,475,,,2025.02.06.
528537292,훠궈나라 강남점,강남,중식,3.6,475,,,2025.01.01.
528537292,훠궈나라 강남점,강남,중식,3.6,475,,,2024.11.06.
528537292,훠궈나라 강남점,강남,중식,3.6,475,,,2024.02.26.
528537292,훠궈나라 강남점,강남,중식,3.6,475,,,2023.11.08.
528537292,훠궈나라 강남점,강남,중식,3.6,475,,,100
528537292,훠궈나라 강남점,강남,중식,3.6,475,,,2023.07.04.
528537292,훠궈나라 강남점,강남,중식,3.6,475,,,2023.05.19.
528537292,훠궈나라 강남점,강남,중식,3.6,475,,,2023.05.13.
528537292,훠궈나라 강남점,강남,중식,3.6,475,,,2022.12.09.
528537292,훠궈나라 강남점,강남,중식,3.6,475,,,2026.02.02.
528537292,훠궈나라 강남점,강남,중식,3.6,475,,,2026.01.12.
24041168,시추안하우스 삼성점,강남,중식,3.3,202,,,"데스크 직원들이 친절하고, 새우요리가 정말 괜찮았습니다."
24041168,시추안하우스 삼성점,강남,중식,3.3,202,,,"정통 사천요리전문점_

맵찔이인 저는 덜덜 떨면서 갔지만 의외로 안 매운 메뉴... 더보기"
24041168,시추안하우스 삼성점,강남,중식,3.3,202,,,"사천요리 맛있었습니다. 게살스프, 동파육, 사천식 소프트크랩튀김, 탕탕면 주문했는데, 송이게살스프 맛있었고, 사천식 크랩 맛있었어요. 동파육은 이미 만들어놓은것을 serving한 느낌이어서 실망이었습니다 (그래서 별 1개 ... 더보기"
24041168,시추안하우스 삼성점,강남,중식,3.3,202,,,통후추 칠리새우 튀김 8pcs(3.2만원). 간장 베이스 소스 맛인데 달콤한 맛이 강하다. 간장치킨 생각하면 되는 맛. 요리류는 이 가격에 이 분위기면 합리적이다 싶은데 식사류는 그닥이다. 스완라탕면은 감칠 맛이 안 느... 더보기
24041168,시추안하우스 삼성점,강남,중식,3.3,202,,,맛이 없진 않으나 특별한 맛은 잘 모르겠슴.
24041168,시추안하우스 삼성점,강남,중식,3.3,202,,,"시추안의 맵고도 자극적인 짠맛을 찾는다면 강추 
짠맛의 강도가 음식 부분마다 달라 서프라이즈!
그나마 후식으로 나오는게 다소 위안이라 1점"
24041168,시추안하우스 삼성점,강남,중식,3.3,202,,,딴건 맛 기억안나고 짜장은 5점 베리굿굿
24041168,시추안하우스 삼성점,강남,중식,3.3,202,,,배달원을아주호구로보네
24041168,시추안하우스 삼성점,강남,중식,3.3,202,,,"점심 시간에 갔는데 손님 몰렸다고 음식 받기까지 한시간 넘게 걸렸습니다

12시 예약이고 음식 받은건 1시... 더보기"
24041168,시추안하우스 삼성점,강남,중식,3.3,202,,,마시뜸  여기 향신료 향이 강해서 좋음 ㅎㅎㅎ
24041168,시추안하우스 삼성점,강남,중식,3.3,202,,,맛있고 친절하심 자리 넓어서 회사 회식으로 좋음
24041168,시추안하우스 삼성점,강남,중식,3.3,202,,,점점 짠 맛이 강해짐
24041168,시추안하우스 삼성점,강남,중식,3.3,202,,,갈릭유니짜장 너무 맛있어요. 또 갈 의향 있습니다.
24041168,시추안하우스 삼성점,강남,중식,3.3,202,,,분위기
24041168,시추안하우스 삼성점,강남,중식,3.3,202,,,사진/영상 후기만 보기
24041168,시추안하우스 삼성점,강남,중식,3.3,202,,,2025.03.28.
24041168,시추안하우스 삼성점,강남,중식,3.3,202,,,2025.02.02.
24041168,시추안하우스 삼성점,강남,중식,3.3,202,,,2024.12.15.
24041168,시추안하우스 삼성점,강남,중식,3.3,202,,,2024.05.03.
24041168,시추안하우스 삼성점,강남,중식,3.3,202,,,2023.09.26.
24041168,시추안하우스 삼성점,강남,중식,3.3,202,,,2023.08.06.
24041168,시추안하우스 삼성점,강남,중식,3.3,202,,,2022.11.27.
24041168,시추안하우스 삼성점,강남,중식,3.3,202,,,2023.07.01.
24041168,시추안하우스 삼성점,강남,중식,3.3,202,,,2022.08.10.
24041168,시추안하우스 삼성점,강남,중식,3.3,202,,,2018.08.03.
24041168,시추안하우스 삼성점,강남,중식,3.3,202,,,2016.03.09.
24041168,시추안하우스 삼성점,강남,중식,3.3,202,,,2026.01.17.
24041168,시추안하우스 삼성점,강남,중식,3.3,202,,,2025.08.01.
24041168,시추안하우스 삼성점,강남,중식,3.3,202,,,2025.07.18.
24041168,시추안하우스 삼성점,강남,중식,3.3,202,,,2024.12.22.
24041168,시추안하우스 삼성점,강남,중식,3.3,202,,,2024.10.30.
24041168,시추안하우스 삼성점,강남,중식,3.3,202,,,2024.10.21.
24041168,시추안하우스 삼성점,강남,중식,3.3,202,,,2024.09.06.
24041168,시추안하우스 삼성점,강남,중식,3.3,202,,,2024.07.19.
24041168,시추안하우스 삼성점,강남,중식,3.3,202,,,2024.04.19.
10954377,가담,강남,중식,3.2,287,,,두번째 방문이고 중간에 몇번왔었는데 웨이팅 때문에 포기했다가 오늘 운좋게 30분 대기하고 먹었어요~ 시그니처 메뉴인 고추탕수육이 정말 맛있고 함께 들어있는 누룽지도 너무 맛있어요! 짜장면은 무난... 더보기
10954377,가담,강남,중식,3.2,287,,,요리에 강하고 식사는 평범한 집
10954377,가담,강남,중식,3.2,287,,,"대기 감안하고 방문 필요 또는 미리 예약하세요

고추탕수육과 잡... 더보기"
10954377,가담,강남,중식,3.2,287,,,"너무 기대를 하고갔나봐요 메뉴는 이전요리를 다먹지않으면 안나오는지 말하니깐 나와요
사장님 추천인 난자완스가 제일 별로였고 유명... 더보기"
10954377,가담,강남,중식,3.2,287,,,맛있습니다.
10954377,가담,강남,중식,3.2,287,,,"요리에서의 임팩트를 식사까지 이어갔다면 정말 좋았을텐데
굳이 찾아올 맛은 아님"
10954377,가담,강남,중식,3.2,287,,,"기대를 많이 해서 그런지 인상 깊지는 않았음,,,찾아가서 먹을 맛은 아닌거 같음"
10954377,가담,강남,중식,3.2,287,,,근본 중국집
10954377,가담,강남,중식,3.2,287,,,"자극적이지 않은 맛, 짬뽕밥 속 해물도 다양해서 좋았다."
10954377,가담,강남,중식,3.2,287,,,"《콧대는 높지만...》
임팩트는 없지만 안정적... 더보기"
10954377,가담,강남,중식,3.2,287,,,"어릴 때부터 먹어온 담백하고 부담없는 맛. 
중식 먹고 속 편하기 어려운데 그걸 해냄"
10954377,가담,강남,중식,3.2,287,,,싸가지없는 사장. 별볼일없는 맛. 쓰레기같은 접객 태도.
10954377,가담,강남,중식,3.2,287,,,"고추탕수육, 삼선짬뽕 주문
맛있게 먹긴했는데 뭔가..뭔가... 너무 기대를 했는지 기다리면서까지 먹을 정도는 아닌 것 같당... 게다... 더보기"
10954377,가담,강남,중식,3.2,287,,,분위기
10954377,가담,강남,중식,3.2,287,,,사진/영상 후기만 보기
10954377,가담,강남,중식,3.2,287,,,2025.11.20.
10954377,가담,강남,중식,3.2,287,,,2025.10.25.
10954377,가담,강남,중식,3.2,287,,,2025.07.16.
10954377,가담,강남,중식,3.2,287,,,100
10954377,가담,강남,중식,3.2,287,,,2025.06.29.
10954377,가담,강남,중식,3.2,287,,,2025.04.26.
10954377,가담,강남,중식,3.2,287,,,2025.03.23.
10954377,가담,강남,중식,3.2,287,,,2025.03.03.
10954377,가담,강남,중식,3.2,287,,,2025.02.03.
10954377,가담,강남,중식,3.2,287,,,2024.12.05.
10954377,가담,강남,중식,3.2,287,,,2024.11.22.
10954377,가담,강남,중식,3.2,287,,,2024.08.04.
10954377,가담,강남,중식,3.2,287,,,2024.06.09.
10954377,가담,강남,중식,3.2,287,,,2023.11.03.
10954377,가담,강남,중식,3.2,287,,,2023.03.18.
10954377,가담,강남,중식,3.2,287,,,2023.03.15.
10954377,가담,강남,중식,3.2,287,,,2025.08.27.
10954377,가담,강남,중식,3.2,287,,,2025.08.17.
10954377,가담,강남,중식,3.2,287,,,2025.08.02.
10954377,가담,강남,중식,3.2,287,,,2025.06.21.
10954377,가담,강남,중식,3.2,287,,,2025.06.02.
23999472,불이아 역삼점,강남,중식,4.1,353,,,"쏘쏘, 백탕은 무슨맛인지 모르겠음"
23999472,불이아 역삼점,강남,중식,4.1,353,,,"[서울/역삼]
중식 빨간국물 잘 안 먹는데 맛있게 매운 맛이라 퍼먹음
볶음밥이 맛있다. 진짜 맛있다
소스 선택지... 더보기"
23999472,불이아 역삼점,강남,중식,4.1,353,,,"홍탕은 괜찮았는데 마라맛이 약함
백탕은 무슨 맛인지 잘 모르겠음"
23999472,불이아 역삼점,강남,중식,4.1,353,,,"홍탕 맛있게 매콤해서 좋았어요 
직원분 친절하세요"
23999472,불이아 역삼점,강남,중식,4.1,353,,,우선 맛있다. 그냥 맛있다. 재방문 여러번 하고 싶을만큼 맛있다. 다만 직원 호출이랑 주문이 좀 원활하게 안 되고 뭔가 가게가 단가에 비해 어수선~한데 그래도 언제든 훠궈 땡기면 생각나는 집 중 하나
23999472,불이아 역삼점,강남,중식,4.1,353,,,"가격은 다소 있는 편이지만 하이디라오에 비해 납득가능한 가격이라고 느껴집니다!:)
꿔바로우가 맛있다고 들었는데 전에 방문... 더보기"
23999472,불이아 역삼점,강남,중식,4.1,353,,,"훠거 러버라면 좋아할 맛
유린기 등 요리도 맛있음"
23999472,불이아 역삼점,강남,중식,4.1,353,,,맛은 있는데 한국식에 익숙한 분이라면 낯설 수 있을것 같아요. 양도 많이주시는데 그만큼 비쌉니나. 회식장소로 좋을 거 같아요.
23999472,불이아 역삼점,강남,중식,4.1,353,,,소고기정식 진짜 맛있음
23999472,불이아 역삼점,강남,중식,4.1,353,,,"다른 최애 훠궈집이 구성, 맛, 친절도 면에서 월등히 좋아서 내심 비교되긴 했지만 그래도 맛도 괜찮고 분위기도 좋았어요 :)"
23999472,불이아 역삼점,강남,중식,4.1,353,,,"리뷰가 왜 좋지? 홀 위생 교육을 하던지 위생점검 나가주셔야 될듯합니다
1. 탕 조리용으로 배치된 통에 쓰던 수저 들어있는 거 배치해줌
2.... 더보기"
23999472,불이아 역삼점,강남,중식,4.1,353,,,"갈때마다 행복해져서 오는곳♡
빠스도 아주 맛나요"
23999472,불이아 역삼점,강남,중식,4.1,353,,,"일단 붐비거나 시끄러운 동네가 아니라서 좋음
룸도 많아서 미리 예약하면 모임하기 용의하고 무엇보다 맛있다❤️ 
단, 꿔바로우는 2번 시도 모... 더보기"
23999472,불이아 역삼점,강남,중식,4.1,353,,,"회식하러 갔어요
아주 맛있슴다"
23999472,불이아 역삼점,강남,중식,4.1,353,,,"점심특선 괜찮은데 가격이 저렴한 편은 아니나 식기구가 예쁘고 가게 내부도 중국느낌이 나서 괜찮아요
마라맛은 강하... 더보기"
23999472,불이아 역삼점,강남,중식,4.1,353,,,"가격이 좀 비싸긴하나 훠궈 맛있어요
직원들도 친절합니다"
23999472,불이아 역삼점,강남,중식,4.1,353,,,"백탕이랑 토마토탕 시킴. 별도로 공기밥, 꽃빵튀김도 추가함. 처음엔 양이 좀 적게 나와서 뭘 더 시킬까했는데 먹고 나니 배불렀음 .. 원래 토마토탕 좋아하는 사람인데 백탕국물이 너무 맛있었음. 홍탕도 궁금한 집"
23999472,불이아 역삼점,강남,중식,4.1,353,,,"훠궈 왠만하면 좋아하는데...
양고기는 냄새가 심하고 백탕도 약간 비릿..
홍탕, 소고기는 맛있게 먹었습니다  
야... 더보기"
23999472,불이아 역삼점,강남,중식,4.1,353,,,분위기
23999472,불이아 역삼점,강남,중식,4.1,353,,,사진/영상 후기만 보기
23999472,불이아 역삼점,강남,중식,4.1,353,,,2026.03.25.
23999472,불이아 역삼점,강남,중식,4.1,353,,,2026.03.23.
23999472,불이아 역삼점,강남,중식,4.1,353,,,2025.08.13.
23999472,불이아 역삼점,강남,중식,4.1,353,,,2025.05.21.
23999472,불이아 역삼점,강남,중식,4.1,353,,,2025.03.30.
23999472,불이아 역삼점,강남,중식,4.1,353,,,2024.09.09.
23999472,불이아 역삼점,강남,중식,4.1,353,,,2024.07.10.
23999472,불이아 역삼점,강남,중식,4.1,353,,,2024.05.20.
23999472,불이아 역삼점,강남,중식,4.1,353,,,2023.05.03.
23999472,불이아 역삼점,강남,중식,4.1,353,,,2023.01.15.
23999472,불이아 역삼점,강남,중식,4.1,353,,,2022.10.11.
23999472,불이아 역삼점,강남,중식,4.1,353,,,2025.11.22.
23999472,불이아 역삼점,강남,중식,4.1,353,,,2025.01.23.
23999472,불이아 역삼점,강남,중식,4.1,353,,,2023.10.12.
23999472,불이아 역삼점,강남,중식,4.1,353,,,2023.06.29.
23999472,불이아 역삼점,강남,중식,4.1,353,,,2022.10.17.
23999472,불이아 역삼점,강남,중식,4.1,353,,,2022.08.22.
23999472,불이아 역삼점,강남,중식,4.1,353,,,2021.03.29.
23999472,불이아 역삼점,강남,중식,4.1,353,,,2021.03.15.
735898829,홍보각,강남,중식,4.4,453,,,"지금까지 먹어본 짬뽕 중에 제일 맛있었음!! 엄청 특별하진 않은데 자극적이지 않고 부드러움
먹어도 살 안찔 것 같은 기분.. 팔진탕면은 간장계란밥 ... 더보기"
735898829,홍보각,강남,중식,4.4,453,,,"건강한 맛.
평일 저녁에 방문했는데 여경래 셰프가 중간에 나오셔서 식사는 입에 맞는지 테이블 한번씩 도시더라구요. 손님들이 사진 요... 더보기"
735898829,홍보각,강남,중식,4.4,453,,,"좋은 재료들의 맛이 풍부하게 느껴지는 짬뽕이 무척 좋았음. 
시그니처 메뉴라고 소개받은 ‘모자새우‘도 나쁘지 않았는데, 아주 특이/특별한 느낌은 아니었음."
735898829,홍보각,강남,중식,4.4,453,,,"머리카락인지 털인지 알 수 없는 이물질이 들어간 짬뽕을 내놓고는, 마치 인심 쓰는 듯 20% 디스카운트를 해주겠다고 생색내는 어처구니없는 곳... 더보기"
735898829,홍보각,강남,중식,4.4,453,,,송이를 위시한 야채의 깔끔함이 느껴지는 메뉴 구성. 그 중 단연 돋보이는 짬뽕.
735898829,홍보각,강남,중식,4.4,453,,,"분위기며 직원분 친절이며 완벽합니다 ㅎㅎ
여경래 쉐프님 보고싶었지만 못봐서 아쉬워용 ㅠ-ㅠ
깔끔한 짬뽕과 사르르 녹는 탕수육의 대박적인 중식당!!"
735898829,홍보각,강남,중식,4.4,453,,,"셰프와 직원들의 노고를 흠잡고 싶은 생각은 없으나 이 가격이 적정한가에 대해서는 의문을 가지게 되네요.
맛은 있었으나 가격과 매치된다고 생각하... 더보기"
735898829,홍보각,강남,중식,4.4,453,,,"마치 잘만든 애호박고추장짬뽕 느낌이에요.
전혀 맵지 않고 모든 재료가 조화롭습니다.
가격이 터무니 없이 비싼거 같진 않습니다."
735898829,홍보각,강남,중식,4.4,453,,,소스를 머금고도 바삭바삭함의 미덕을 아는 튀김이란 얼마나 아름다운가. 탕수육은 쫀듹하고 소스들이 산뜻하고 입에 감겨요. 너무 달지 않은 딱 좋... 더보기
735898829,홍보각,강남,중식,4.4,453,,,여경래셰프님 해물누룽지탕과 탕수육 익힘정도가 굿입니다요굿굿긋👍🏻
735898829,홍보각,강남,중식,4.4,453,,,짬뽕. 새우요리 맛집. 망고새우도 정말 맛있음. 다만 동파육은 좀 질기네요. 아! 기스면은 절대 드시지 마세요. 동네중국집보다 못 함.
735898829,홍보각,강남,중식,4.4,453,,,"탕수육, 모자새우, 짬뽕 시켜먹음. 학생이라 코스 먹기엔 조금 부담스러워서 후기들 엄청 많이 찾아보고 고심끝에 세가지 고름. 탕수육은 맛있는 탕수육 맛. 기대가 컸는지 생각보다 평범하게 느껴졌음... 더보기"
735898829,홍보각,강남,중식,4.4,453,,,그냥저냥 건강한ㅁ맛
735898829,홍보각,강남,중식,4.4,453,,,"경연 때 선보이셨던 두반장소꼬리찜 

“눈 감고 드셔세요~ 이게 절 집에 보... 더보기"
735898829,홍보각,강남,중식,4.4,453,,,"흑백요리사 여경래 셰프 노보텔앰버서더 강남 
런치 14만원 코스- 불도장, 모자새우, 산향전복찜, 부용게살, 두반갈비찜, 식사, 후식 구성되어있는데 불도장 모... 더보기"
735898829,홍보각,강남,중식,4.4,453,,,"내부 인테리어는 깔끔. 하지만 호텔 자체가 그리 그레이드가 높은 호텔이 아니어서인지 호텔 중식이라는 느낌보다는 깔끔한 중식집이라는 느낌. 

가격은 중식집 치고는 ... 더보기"
735898829,홍보각,강남,중식,4.4,453,,,"양이 많음. 가족, 단체모임 하기 좋음. 맛은 이 정도 가격대 중식당이면 이런 정도는 하는 것 같은데..?"
735898829,홍보각,강남,중식,4.4,453,,,양이 많아서 충분히 배불렀고 재료를 안아낀 느낌이 들고 맛있으나 새로움 이런 느낌은 아닌 정통 중식 느낌
735898829,홍보각,강남,중식,4.4,453,,,"여경래 셰프님의 홍보각입니다.
해물누룽지탕의 경우 해물 익힘 정도가 인상깊었습니다.
어느것 하나 질기게 오버쿡 되지 않고 완벽하게 조리되었는데, ... 더보기"
735898829,홍보각,강남,중식,4.4,453,,,분위기
735898829,홍보각,강남,중식,4.4,453,,,사진/영상 후기만 보기
735898829,홍보각,강남,중식,4.4,453,,,2026.04.24.
735898829,홍보각,강남,중식,4.4,453,,,2026.03.14.
735898829,홍보각,강남,중식,4.4,453,,,2025.11.02.
735898829,홍보각,강남,중식,4.4,453,,,2025.08.28.
735898829,홍보각,강남,중식,4.4,453,,,2025.08.12.
735898829,홍보각,강남,중식,4.4,453,,,2025.07.25.
735898829,홍보각,강남,중식,4.4,453,,,2025.07.10.
735898829,홍보각,강남,중식,4.4,453,,,2025.07.07.
735898829,홍보각,강남,중식,4.4,453,,,2025.06.14.
735898829,홍보각,강남,중식,4.4,453,,,2025.05.26.
735898829,홍보각,강남,중식,4.4,453,,,2025.04.08.
735898829,홍보각,강남,중식,4.4,453,,,2025.03.04.
735898829,홍보각,강남,중식,4.4,453,,,2024.11.07.
735898829,홍보각,강남,중식,4.4,453,,,2024.10.11.
735898829,홍보각,강남,중식,4.4,453,,,2024.10.08.
735898829,홍보각,강남,중식,4.4,453,,,2026.01.10.
735898829,홍보각,강남,중식,4.4,453,,,2025.12.30.
735898829,홍보각,강남,중식,4.4,453,,,2025.08.22.
735898829,홍보각,강남,중식,4.4,453,,,2025.04.06.
735898829,홍보각,강남,중식,4.4,453,,,2025.02.07.
909184198,몽중헌 대치점,강남,중식,3.8,168,,,"페럼타워점에서 너무 맛있어서 강추해서 짜장면 먹였는데 여긴왜이리 간이안돼있지,,,,"
909184198,몽중헌 대치점,강남,중식,3.8,168,,,"새우딤섬미침
다른건 그냥그냥"
909184198,몽중헌 대치점,강남,중식,3.8,168,,,"룸을 예약해서 코스 요리를 먹었는데 맛있었습니다. 직원분들도 전반적으로 친절했지만, 몇 분은 조금 불친절해서 아쉬웠어요."
909184198,몽중헌 대치점,강남,중식,3.8,168,,,"딤섬에 육즙은 좋은데 들어있는 만두소가 아쉬웠어요. 
짜장, 짬뽕은 깔끔한 맛 입니다. 재료도 좋고 간도 딱입니다."
909184198,몽중헌 대치점,강남,중식,3.8,168,,,"상견례를 위해 예약했는데
세심하게 배려해주시고 분위기도 너무 좋았습니다 ㅎㅎ
덕분에 얘기하느라 시간가는줄 몰랐네요"
909184198,몽중헌 대치점,강남,중식,3.8,168,,,"가격이 사악하지만
맛있게먹었어요"
909184198,몽중헌 대치점,강남,중식,3.8,168,,,#NAME?
909184198,몽중헌 대치점,강남,중식,3.8,168,,,룸에서 먹었는데 분위기는 좋으나 맛은 별로엿어요
909184198,몽중헌 대치점,강남,중식,3.8,168,,,맛있다고 하긴 어려운데 그냥 무난함. 주말에 가면 전부 다 가족모임 중임. 자 우리 다 화이팅!!!!
909184198,몽중헌 대치점,강남,중식,3.8,168,,,"체인점의 한계 음식 종류는 다양한데

가격에 비해서 맛은 별로 였습니다.
일반 중국음식... 더보기"
909184198,몽중헌 대치점,강남,중식,3.8,168,,,딤섬이랑 짬뽕이 맛있었음 사람은 많지만 룸이 잘되어있어 조용히 모임하기 좋았다
909184198,몽중헌 대치점,강남,중식,3.8,168,,,"스페셜 코스로 먹었어요 이토록 다채롭고 화려한게,,, 중식의 정수를 제대로 맛보고 옵니다.

아뮤즈로 ... 더보기"
909184198,몽중헌 대치점,강남,중식,3.8,168,,,"좋은 재료 저자극 고급진 중식당.
직원 친절, 창가 자리 좋음."
909184198,몽중헌 대치점,강남,중식,3.8,168,,,가격대가 조금 있지만 특별한 날에 한번쯤 들러보면 좋을 거 같네요. 음식은 대체적으로 다 깔끔하고 맛있었어요!!
909184198,몽중헌 대치점,강남,중식,3.8,168,,,"내부 인테리어와 분위기, 그리고 맛은 뛰어났지만 가격이 생각보다 상당히 비쌌던 (역시 동네 물가가 ㄷㄷㄷ) 중식집.
메뉴는 고급중식당답... 더보기"
909184198,몽중헌 대치점,강남,중식,3.8,168,,,"대화에 집중하느라 음식 사진은 제대로 못 찍어 이 모양이지만, 비싼 만큼 메뉴 하나 하나 흠 잡을 데 없이 맛있는 곳이죠. 룸이 따로 있어 가족 모임이나 손님 접대하기 좋고, 인테리어나 스탭들의 접객도 훌륭합니다."
909184198,몽중헌 대치점,강남,중식,3.8,168,,,가족모임 코스요리 추천!♥
909184198,몽중헌 대치점,강남,중식,3.8,168,,,비싼데 맛있다
909184198,몽중헌 대치점,강남,중식,3.8,168,,,카운터 여성분 친절. 맛은 나쁘지않구 부모님 모시고 오면 좋아할 음식들이 많아용 매장도 넓고 분위기 좋아서 굿
909184198,몽중헌 대치점,강남,중식,3.8,168,,,황지향기린구 라는 딤섬이 겉은 바삭하고 속은 새우살이 탱탱해서 맛있었음. 일행들은 소룡포를 맛있어함. 중새우(칠리맛) 달콤했고 다같이 만족스럽게 먹음. 소매라는 딤섬은 ... 더보기
909184198,몽중헌 대치점,강남,중식,3.8,168,,,분위기
909184198,몽중헌 대치점,강남,중식,3.8,168,,,사진/영상 후기만 보기
909184198,몽중헌 대치점,강남,중식,3.8,168,,,2026.01.03.
909184198,몽중헌 대치점,강남,중식,3.8,168,,,2025.12.30.
909184198,몽중헌 대치점,강남,중식,3.8,168,,,2025.12.08.
909184198,몽중헌 대치점,강남,중식,3.8,168,,,2025.06.21.
909184198,몽중헌 대치점,강남,중식,3.8,168,,,2025.02.15.
909184198,몽중헌 대치점,강남,중식,3.8,168,,,2025.01.13.
909184198,몽중헌 대치점,강남,중식,3.8,168,,,2024.12.23.
909184198,몽중헌 대치점,강남,중식,3.8,168,,,2023.10.03.
909184198,몽중헌 대치점,강남,중식,3.8,168,,,2023.09.17.
909184198,몽중헌 대치점,강남,중식,3.8,168,,,2023.06.09.
909184198,몽중헌 대치점,강남,중식,3.8,168,,,2022.12.27.
909184198,몽중헌 대치점,강남,중식,3.8,168,,,2025.12.20.
909184198,몽중헌 대치점,강남,중식,3.8,168,,,2025.11.10.
909184198,몽중헌 대치점,강남,중식,3.8,168,,,2025.07.17.
909184198,몽중헌 대치점,강남,중식,3.8,168,,,2024.06.18.
909184198,몽중헌 대치점,강남,중식,3.8,168,,,2024.05.07.
909184198,몽중헌 대치점,강남,중식,3.8,168,,,2024.03.30.
909184198,몽중헌 대치점,강남,중식,3.8,168,,,2024.02.02.
909184198,몽중헌 대치점,강남,중식,3.8,168,,,2023.12.30.
909184198,몽중헌 대치점,강남,중식,3.8,168,,,2023.07.10.
25115599,한성양갈비양꼬치 강남점,강남,중식,3.5,116,,,"1. 사람 정말정말 많고 정신없움 그나마 방으로 배정되서 테이블 두개 뿐이라 살아남음

2. 양꼬치는 양 특유 향이 거의 없... 더보기"
25115599,한성양갈비양꼬치 강남점,강남,중식,3.5,116,,,"진짜 최악의 양꼬치집 누가 사준다 해도 절때 안감 

세상 불친절 오자마자 여자끼리만 와서 그런지 무시하고 3명이라... 더보기"
25115599,한성양갈비양꼬치 강남점,강남,중식,3.5,116,,,"나쁘지 않음
맛있어요 매장이 바쁘고 시끄러워서 이모님이 친절하진 않음"
25115599,한성양갈비양꼬치 강남점,강남,중식,3.5,116,,,"맛있음 !! 가게는 약간 정신없는편
어향가지 껍질벗겨주는곳 첨봄 (신기 , 맛남)
화장실이 좀 불편 ㅠ"
25115599,한성양갈비양꼬치 강남점,강남,중식,3.5,116,,,양꼬치. 꿔바로우. 양갈비. 무슨 설명이 더 필요한가
25115599,한성양갈비양꼬치 강남점,강남,중식,3.5,116,,,"양꼬치맛평범, 가지요리맛좋음, 손님이 많아 서비스질은 아쉬운편, 그리고 주문을 못알아들어서 다른걸내오심"
25115599,한성양갈비양꼬치 강남점,강남,중식,3.5,116,,,"예약 안하면 대기가 많음.
양고기는 호주산이라 되어 있음. 그래서인가... 냄새도 없고 만족스러움. 
2026.03"
25115599,한성양갈비양꼬치 강남점,강남,중식,3.5,116,,,"주차가 되는 강남 양꼬치집 ㅋㅋㅋ

양갈비가 있길래 주문했는데 양냄새가…ㅠㅠㅠㅠ
양꼬치는 양념이... 더보기"
25115599,한성양갈비양꼬치 강남점,강남,중식,3.5,116,,,"꿔바로우 ㅠㅠ넘 맛있음 양꼬치는 말모말모
어향가지 후기가 좋아서 시켯는... 더보기"
25115599,한성양갈비양꼬치 강남점,강남,중식,3.5,116,,,"2023.09.16. 방문
부장님 추천으로 친한 동생하고 간 양꼬치집. 맛은 있다. 친절함은 그냥 일반 음식점 수준이고 사람많고 너무 시끄러워서 대화할때 소리를 키워야 한다는게 단점."
25115599,한성양갈비양꼬치 강남점,강남,중식,3.5,116,,,"양꼬치는 해동이 덜 되어서 양념이 이리저리 뭉쳐있지만, 맛은 무난하다. 근데 여기는 지삼선이 찐이다. 튀김과 볶음의 경계선에 있는 가지랑 감자에 양념이 착 붙어서 미치게한다."
25115599,한성양갈비양꼬치 강남점,강남,중식,3.5,116,,,맛있습니다. 어향가지도 괜찮아요.
25115599,한성양갈비양꼬치 강남점,강남,중식,3.5,116,,,"양꼬치, 장아찌, 쯔란 등등 모두 맛이 부족해요....
솔직히 4점대 받을 만한 음식집은 아니구요.. 3점대가 적당한 것 같습니다."
25115599,한성양갈비양꼬치 강남점,강남,중식,3.5,116,,,2시쯤에가서 사람도 없고 너무 맛있게 잘먹었어용
25115599,한성양갈비양꼬치 강남점,강남,중식,3.5,116,,,"양꼬치 질도 괜찮고 맛있기는 한데 서빙하시는 분 한분이 엄청 잔소리가 심하심
한분은 되게 친절하신데 다른분은 계속 대화하는데 끼어들고 말투도 반말투로 던지... 더보기"
25115599,한성양갈비양꼬치 강남점,강남,중식,3.5,116,,,"맛집이네요!!

친절하시고, 양고기 정석같은 집"
25115599,한성양갈비양꼬치 강남점,강남,중식,3.5,116,,,처음먹어봤는데 맛있어요! 서빙해주시는 분이 자꾸 잔소리(?)하셔서 대화하는 중간에 자꾸 끊겨서 조굼 불편했네요 ㅠㅠ 그래도 다 맛있었습니다!
25115599,한성양갈비양꼬치 강남점,강남,중식,3.5,116,,,정말 맛있어요
25115599,한성양갈비양꼬치 강남점,강남,중식,3.5,116,,,가성비
25115599,한성양갈비양꼬치 강남점,강남,중식,3.5,116,,,분위기
25115599,한성양갈비양꼬치 강남점,강남,중식,3.5,116,,,사진/영상 후기만 보기
25115599,한성양갈비양꼬치 강남점,강남,중식,3.5,116,,,2026.03.25.
25115599,한성양갈비양꼬치 강남점,강남,중식,3.5,116,,,2025.05.27.
25115599,한성양갈비양꼬치 강남점,강남,중식,3.5,116,,,2024.08.07.
25115599,한성양갈비양꼬치 강남점,강남,중식,3.5,116,,,2024.06.01.
25115599,한성양갈비양꼬치 강남점,강남,중식,3.5,116,,,2024.04.15.
25115599,한성양갈비양꼬치 강남점,강남,중식,3.5,116,,,2024.04.11.
25115599,한성양갈비양꼬치 강남점,강남,중식,3.5,116,,,2023.03.11.
25115599,한성양갈비양꼬치 강남점,강남,중식,3.5,116,,,2026.03.23.
25115599,한성양갈비양꼬치 강남점,강남,중식,3.5,116,,,2025.05.01.
25115599,한성양갈비양꼬치 강남점,강남,중식,3.5,116,,,2025.01.11.
25115599,한성양갈비양꼬치 강남점,강남,중식,3.5,116,,,2024.12.06.
25115599,한성양갈비양꼬치 강남점,강남,중식,3.5,116,,,2024.06.02.
25115599,한성양갈비양꼬치 강남점,강남,중식,3.5,116,,,2023.10.11.
25115599,한성양갈비양꼬치 강남점,강남,중식,3.5,116,,,2022.09.14.
25115599,한성양갈비양꼬치 강남점,강남,중식,3.5,116,,,2022.05.28.
25115599,한성양갈비양꼬치 강남점,강남,중식,3.5,116,,,2022.03.12.
25115599,한성양갈비양꼬치 강남점,강남,중식,3.5,116,,,2021.12.03.
25115599,한성양갈비양꼬치 강남점,강남,중식,3.5,116,,,2021.10.22.
25115599,한성양갈비양꼬치 강남점,강남,중식,3.5,116,,,2020.11.07.
25115599,한성양갈비양꼬치 강남점,강남,중식,3.5,116,,,2018.10.20.
66544493,일일향 압구정1호점,강남,중식,3.1,158,,,"짬뽕 맹탕.. 해물 거의 없음, 마파두부 딱딱 그냥 맛이 없는 집이에요"
66544493,일일향 압구정1호점,강남,중식,3.1,158,,,탕수육 고기 두툼하니 맛있음
66544493,일일향 압구정1호점,강남,중식,3.1,158,,,매우 별로
66544493,일일향 압구정1호점,강남,중식,3.1,158,,,잡채볶음밥 최애
66544493,일일향 압구정1호점,강남,중식,3.1,158,,,어향동고랑 짬뽕 볶음밥 먹었는데 짬뽕 볶음밥 어향동고 너무 맛있었어용
66544493,일일향 압구정1호점,강남,중식,3.1,158,,,"진짜 맛있네요 간짜장에 물이안생김 ㄷㄷ
시금치덮밥 신개념 메뉴인데 너무 맛있... 더보기"
66544493,일일향 압구정1호점,강남,중식,3.1,158,,,"장: 어향동고는 맛있고 가격만큼의 값어치를 하고 잡채밥은 괜찮은 편
단: 갑오징어 쟁반짜장은 면이 불어서 나오고 갑오징어나 다른 양념이 거의 없다 가격이... 더보기"
66544493,일일향 압구정1호점,강남,중식,3.1,158,,,짬뽕에 해산물이 많기는 했는데 주로 오징어로만 들어가 있어서 좀 아쉬웠습니다. 맛은 좋았습니다.
66544493,일일향 압구정1호점,강남,중식,3.1,158,,,재오픈 한듯하네요  잘먹고 갑니다  친철하고  맛있음
66544493,일일향 압구정1호점,강남,중식,3.1,158,,,여기 맛있는데 평이 안좋은 이유가 뭘까 S랭크
66544493,일일향 압구정1호점,강남,중식,3.1,158,,,가게측에서 후기 남기라고 해서 남깁니다. (소고기) 피망 볶음이 43000원이라는데 피망만 들어가고 손이 그렇게 큰편도 아닌데 소고기는 솔직히 보이지도 않아서 잘못나온 거 같아서 의아한 마음에... 더보기
66544493,일일향 압구정1호점,강남,중식,3.1,158,,,"짜장면 너무 맛있는데.
금방 나오고 친절하고.^^
짬뽕국물은 추가 2천원.... 더보기"
66544493,일일향 압구정1호점,강남,중식,3.1,158,,,이게 13500원 짜리 삼선볶음밥 곱빼기 라는게 믿겨지지 않는다. 곱빼기면 1000원추가가 국룰인데 1500원 추가 했음 많이 라도 줘야지 무슨 동네 9000원 삼선볶음밥 하는거 보고 와서 배워라. 우리집 분당구 ... 더보기
66544493,일일향 압구정1호점,강남,중식,3.1,158,,,일일향은 역시 간짜장과 탕슉이졍~
66544493,일일향 압구정1호점,강남,중식,3.1,158,,,어향동고 정말 끝내줍니다
66544493,일일향 압구정1호점,강남,중식,3.1,158,,,어향동고! 이 음식 먹으러 일일향 본점 방문!
66544493,일일향 압구정1호점,강남,중식,3.1,158,,,어향동고 맛있당
66544493,일일향 압구정1호점,강남,중식,3.1,158,,,"어향동고(3.5만원), 옛날볶음밥(7500원), 옛날짬뽕(7500원). 주말 저녁 예약은 만석인데 대기가 그리 길지는 않은 편. 어향동고가 시그너처 메뉴. 통통한 새우살과 바삭한 튀김 그리고 느끼한 맛 잡아주는 매콤함까지 좋았다. 볶음밥과 짬뽕은 평범했음."
66544493,일일향 압구정1호점,강남,중식,3.1,158,,,압구정에서 그래도 가성비임 근데 탕수육맛이 예전보다는 영.. 아직 볶음밥은 맛있음
66544493,일일향 압구정1호점,강남,중식,3.1,158,,,간짜장은 맛있는데  마파두부덮밥..ㅋㅋ 먹지마세요 짜기만 하고 돈 아까움
66544493,일일향 압구정1호점,강남,중식,3.1,158,,,분위기
66544493,일일향 압구정1호점,강남,중식,3.1,158,,,사진/영상 후기만 보기
66544493,일일향 압구정1호점,강남,중식,3.1,158,,,2025.12.06.
66544493,일일향 압구정1호점,강남,중식,3.1,158,,,2024.08.16.
66544493,일일향 압구정1호점,강남,중식,3.1,158,,,2024.07.30.
66544493,일일향 압구정1호점,강남,중식,3.1,158,,,2024.07.01.
66544493,일일향 압구정1호점,강남,중식,3.1,158,,,2023.09.05.
66544493,일일향 압구정1호점,강남,중식,3.1,158,,,2022.10.07.
66544493,일일향 압구정1호점,강남,중식,3.1,158,,,2022.08.25.
66544493,일일향 압구정1호점,강남,중식,3.1,158,,,2026.01.14.
66544493,일일향 압구정1호점,강남,중식,3.1,158,,,2025.09.15.
66544493,일일향 압구정1호점,강남,중식,3.1,158,,,2023.09.07.
66544493,일일향 압구정1호점,강남,중식,3.1,158,,,2022.03.17.
66544493,일일향 압구정1호점,강남,중식,3.1,158,,,2021.09.28.
66544493,일일향 압구정1호점,강남,중식,3.1,158,,,2021.06.08.
66544493,일일향 압구정1호점,강남,중식,3.1,158,,,2021.01.16.
66544493,일일향 압구정1호점,강남,중식,3.1,158,,,2019.10.28.
66544493,일일향 압구정1호점,강남,중식,3.1,158,,,2017.08.19.
66544493,일일향 압구정1호점,강남,중식,3.1,158,,,2016.03.10.
66544493,일일향 압구정1호점,강남,중식,3.1,158,,,2026.02.15.
66544493,일일향 압구정1호점,강남,중식,3.1,158,,,2026.02.05.
948434557,호신각,강남,중식,4.4,225,,,"오 이 동네에서 이 가격에 이 맛이라니,,,!!! 쟁반짜장 면 얇아서 취저!!! 삼선짬뽕 해산물 푸짐하고 맛나유 국물만 조금 더 뜨거우면 완벽할덧,,,"
948434557,호신각,강남,중식,4.4,225,,,여기 진짜임. 말 길게 안합니다.
948434557,호신각,강남,중식,4.4,225,,,"맛이 있네염
짬뽕도 밥도 차는 좀 차요. ㅋㅋㅋ
겁나 바쁘지만 줄 건 다 주는"
948434557,호신각,강남,중식,4.4,225,,,상권 생각했을 때 가격도 괜찮고 맛도 기본기가 좋습니다.
948434557,호신각,강남,중식,4.4,225,,,짬뽕국물 요청했는데 주셔서 땡큐베리~ 탕슉 고기 실하누
948434557,호신각,강남,중식,4.4,225,,,오랜만에 먹은 짱 마싯는 동네짬뽕💕
948434557,호신각,강남,중식,4.4,225,,,얼큰하게 짬뽕 잘 먹었어요 해물이 아주그냥 잔뜩 들어가있어서 푸짐했고 진한 육수 맛이 최고였어요!!
948434557,호신각,강남,중식,4.4,225,,,"음식이 아주 깔끔하고 맛있었다
짬뽕밥은 해장용으로 훌륭
사장님의 친... 더보기"
948434557,호신각,강남,중식,4.4,225,,,"2번째 방문입니다😊
잘 보이는 자리라 그런지 직원 분들이 안 바쁠 땐 단무지도 스윽 갖다 주시고, 가위 필요한지 계속 케어해주셨어요!
저녁... 더보기"
948434557,호신각,강남,중식,4.4,225,,,"어향우육, 깐풍기, 광동게살, 깐쇼새우 먹었음.
요리 나오는 속도가 빠르고, 튀김류가 맛있음"
948434557,호신각,강남,중식,4.4,225,,,탕수육하고 고량주 먹었는데 꿀맛! 탕수육 튀김옷은 얇고 고기는 육즙 있더라구요ㅎ 굴짬뽕은 조금 싱거웠지만 별미구요~ 고추쟁반짜장도 맛있었어요ㅎ
948434557,호신각,강남,중식,4.4,225,,,"바삭바삭하고 맛있었어요. 
짜장면도 식후에 너무 안 텁텁해지고 좋았습니다.
즉, 자극적인 느낌이 없어서 좋았어요"
948434557,호신각,강남,중식,4.4,225,,,"갑오징어 한마리 들어가고 전복도 큼직하고 부드러웠습니다. 보기에도 좋았고 먹을만 했습니다.
맛은 자극적이지 않다 라는 표현이 더 가까울듯 합니다.
잘 먹... 더보기"
948434557,호신각,강남,중식,4.4,225,,,히밥도 극찬한 그 맛집! 탕수육 소스가 인위적이지 않고 고기 질이 너무 좋아서 계속 들어가요.
948434557,호신각,강남,중식,4.4,225,,,와.. 윤기 좔좔 흐르는 비주얼 보소 📸 인스타 각 안 잡을 수가 없네.
948434557,호신각,강남,중식,4.4,225,,,짬뽕 국물에서 불 맛 확 나는 게 웍질 제대로 하시는 주방장님이 계신 듯.
948434557,호신각,강남,중식,4.4,225,,,"2.5점
특별하지않아요. 
맛,양,청결도 모두 평범합니다."
948434557,호신각,강남,중식,4.4,225,,,짜장면 소스가 묽지 않고 꾸덕꾸덕해서 면에 잘 배어듦. 기본기가 탄탄한 집.
948434557,호신각,강남,중식,4.4,225,,,"이사오고 중식 맛있는곳 못찾아 헤매고 있었는데 드디어 찾음... 면류부터 탕수육까지 다 합격 !
음식도 빠르게 나오고 직... 더보기"
948434557,호신각,강남,중식,4.4,225,,,가성비
948434557,호신각,강남,중식,4.4,225,,,분위기
948434557,호신각,강남,중식,4.4,225,,,사진/영상 후기만 보기
948434557,호신각,강남,중식,4.4,225,,,2026.04.25.
948434557,호신각,강남,중식,4.4,225,,,2026.04.05.
948434557,호신각,강남,중식,4.4,225,,,2026.03.24.
948434557,호신각,강남,중식,4.4,225,,,2026.03.23.
948434557,호신각,강남,중식,4.4,225,,,2026.02.15.
948434557,호신각,강남,중식,4.4,225,,,2026.02.14.
948434557,호신각,강남,중식,4.4,225,,,2026.01.01.
948434557,호신각,강남,중식,4.4,225,,,2025.07.07.
948434557,호신각,강남,중식,4.4,225,,,2025.06.28.
948434557,호신각,강남,중식,4.4,225,,,2025.04.01.
948434557,호신각,강남,중식,4.4,225,,,2023.12.07.
948434557,호신각,강남,중식,4.4,225,,,2023.01.18.
948434557,호신각,강남,중식,4.4,225,,,2026.04.26.
948434557,호신각,강남,중식,4.4,225,,,2026.04.04.
948434557,호신각,강남,중식,4.4,225,,,2026.03.20.
948434557,호신각,강남,중식,4.4,225,,,2026.03.11.
948434557,호신각,강남,중식,4.4,225,,,2026.02.23.
948434557,호신각,강남,중식,4.4,225,,,2026.02.18.
948434557,호신각,강남,중식,4.4,225,,,2026.02.13.
948434557,호신각,강남,중식,4.4,225,,,2026.02.06.
2001311524,중화백반 강남구청점,강남,중식,4.7,501,,,"학동역에서도 가깝고 매장 앞 주차 (2대) 도 가능해서 편하게 방문할 수 있었어요! 직원분들도 친절하시고 음식들 모두 맛있었습니다. 😋
중화 국밥이 특히 맛있어서 추천하고 싶어용!"
2001311524,중화백반 강남구청점,강남,중식,4.7,501,,,"강남구청역맛집 중화백반강남구청점 다녀왔어요! 황태 백짬뽕 국물이 깊고 깔끔해서 인상적이었고, 갓 짜장 후라이도 담백하고 맛있어요. 매장 분위기도 좋아서 단체회식이나 가족모임, 데이트 장소로 추천합니다"
2001311524,중화백반 강남구청점,강남,중식,4.7,501,,,"중화국밥이 먹고 싶어서 찾아간 중화백반 강남구청점🍜 짬뽕에 볶음밥이 말아져있어서 맛없을수가 없는 조합이에요..🤍 한그릇 뚝딱 했더니 배가 터짐ㅋㅋㅋ
다음에도 또 먹고 싶어요"
2001311524,중화백반 강남구청점,강남,중식,4.7,501,,,"분위기부터 맛까지 전부 다 만족스러웠어요!
특히 탕수육이 너무너무 맛있어서 담에 부모님이랑 함께 오고싶어요ㅎㅎ
간짜장... 더보기"
2001311524,중화백반 강남구청점,강남,중식,4.7,501,,,"강남구청역 근처에서 중식당 찾다가 방문했는데 음식이 전체적으로 다 맛있어요!!
남편이 탕수육만 아니였으면
짜장면에 밥 비벼 먹고싶다할 정돜ㅋㅋㅋ로 존맛!!
오랜만에 ... 더보기"
2001311524,중화백반 강남구청점,강남,중식,4.7,501,,,강남구청역 중화백반 매장깔끔하고 직원분들 친절해요 마파두부.깐풍기시켜먹었는데 매콤하니 맛있네요 마파두부는 마라향도 나고 맛나게 먹고왔어요
2001311524,중화백반 강남구청점,강남,중식,4.7,501,,,"강남구민으로서 여기 원래도 짜장면집 맛있게 하는 곳으로 유명했는데 체인점으로 바뀌었네요 ㅎㅎ 많은 사람들이 알게되어서 넘 좋아욤 범창하세요
(추가: 사장님이 가게 앞에 담배피는 사람들 쫓아내서 조아욤)"
2001311524,중화백반 강남구청점,강남,중식,4.7,501,,,맛있음!!
2001311524,중화백반 강남구청점,강남,중식,4.7,501,,,체인점이라 얕봤는데 여기 짜장이 보통내기가아닙니다
2001311524,중화백반 강남구청점,강남,중식,4.7,501,,,간짜장 마파두부 어향동고 중화국밥 존맛탱
2001311524,중화백반 강남구청점,강남,중식,4.7,501,,,맛있게 먹고 가요. 번창하세요^^
2001311524,중화백반 강남구청점,강남,중식,4.7,501,,,"갓짜장 그저 갓 ㅠ 감칠맛 장난 아니네여
회사 근처라 가끔 가는데 점심식사 하기 좋아용"
2001311524,중화백반 강남구청점,강남,중식,4.7,501,,,"룸이 좋고 주차도 발렛  편해서 모임 여러번 한곳인데
연말이라 룸 자리가 금방 예약차네요.
너무 맛있고 분위기 좋고 모임하기도 너무 프라이빗해요."
2001311524,중화백반 강남구청점,강남,중식,4.7,501,,,"등심탕수육 정말 크고 맛있습니다!!!
전체적으로 맛있긴 하지만 등심탕수육 후회없는 선택이었습니다~! 매장도 깔끔하고 직원분들도 매우 친절해서 기분좋게 식사하고 왔습니다~!"
2001311524,중화백반 강남구청점,강남,중식,4.7,501,,,"회사주변에 새로생긴곳을 가자가자 하다가 이제 가보았어요! 회삿분들과 함께 갔었는데 인테리어도 고급지고 음식도 너무너무 맛있었어요
특히 탕수육이랑 동파육이 너무 맛있어서 다음에 올때 한번 더 목으려구요 ㅎㅎ"
2001311524,중화백반 강남구청점,강남,중식,4.7,501,,,강남구청 근처에서 중식이 먹고 싶어 방문했는데 기대 이상이었습니다. 매장 분위기가 깔끔하고 우드톤 인테리어라 편안하게 식사하기 좋았어요. 짜장면과 탕수육을 주문했는데 짜장은 불향이 은은... 더보기
2001311524,중화백반 강남구청점,강남,중식,4.7,501,,,"학동역 근처 논현동 중식 맛집입니다
새우살 가득한 어향동고 강추예요
소스도 불맛도 최고네요
야채랑 소스가 진짜 맛있어서 꽃빵... 더보기"
2001311524,중화백반 강남구청점,강남,중식,4.7,501,,,얼큰한 짬으로 해장하러 갔어요 주말인데도 사람들이 북적북적하더라구요 국물도 개운하고 맛있어서 좋았습니다 직원분들도 친절해서 기분 좋게 다녀갔네요
2001311524,중화백반 강남구청점,강남,중식,4.7,501,,,"불맛가득한 짬뽕에 볶음밥이 들어가있는 시그니처 메뉴 중화국밥 진짜 너무 맛있어요.
갓 짜장은 고전적인 짜장면에 계란 후라이를 더해 깊고 담백한 맛이 일품이에요^^^
식사류도... 더보기"
2001311524,중화백반 강남구청점,강남,중식,4.7,501,,,"용대리 황태짬뽕이 궁금해서 왔는데 맛있네요...!

맛있는 황태국과... 더보기"
2001311524,중화백반 강남구청점,강남,중식,4.7,501,,,분위기
2001311524,중화백반 강남구청점,강남,중식,4.7,501,,,가성비
2001311524,중화백반 강남구청점,강남,중식,4.7,501,,,사진/영상 후기만 보기
2001311524,중화백반 강남구청점,강남,중식,4.7,501,,,2026.03.21.
2001311524,중화백반 강남구청점,강남,중식,4.7,501,,,2026.03.20.
2001311524,중화백반 강남구청점,강남,중식,4.7,501,,,2026.03.19.
2001311524,중화백반 강남구청점,강남,중식,4.7,501,,,2026.03.08.
2001311524,중화백반 강남구청점,강남,중식,4.7,501,,,2026.01.12.
2001311524,중화백반 강남구청점,강남,중식,4.7,501,,,2025.12.21.
2001311524,중화백반 강남구청점,강남,중식,4.7,501,,,2025.12.16.
2001311524,중화백반 강남구청점,강남,중식,4.7,501,,,2025.07.10.
2001311524,중화백반 강남구청점,강남,중식,4.7,501,,,2025.03.10.
2001311524,중화백반 강남구청점,강남,중식,4.7,501,,,2025.01.20.
2001311524,중화백반 강남구청점,강남,중식,4.7,501,,,2024.12.17.
2001311524,중화백반 강남구청점,강남,중식,4.7,501,,,2024.11.19.
2001311524,중화백반 강남구청점,강남,중식,4.7,501,,,2026.03.25.
2001311524,중화백반 강남구청점,강남,중식,4.7,501,,,2026.03.09.
2001311524,중화백반 강남구청점,강남,중식,4.7,501,,,2026.03.07.
2001311524,중화백반 강남구청점,강남,중식,4.7,501,,,2026.01.25.
1655913908,서래향 수서점,강남,중식,4.5,652,,,"아름다우신 여성 종업원께서 너무 친절히 대해주셔서, 가족식사가 넘 즐거웠어요. 코스식사도 다채롭고,식사(짜장면)도 넘 좋았어요 감사해요"
1655913908,서래향 수서점,강남,중식,4.5,652,,,"런치코스 A로 식사했는데 구성 알차고 맛이 안정적이에요.
브레이크타임 없어서 시간 맞추기 편하고, 룸이 넓어 모임하기 좋았습니다. SRT 수서역·삼성서울병원 근처라 접근성도 좋아요 👍"
1655913908,서래향 수서점,강남,중식,4.5,652,,,"여자 성인 2 방문해서
탕수육이랑 쟁반짜장 주문했어요

쟁잔짜장은 적... 더보기"
1655913908,서래향 수서점,강남,중식,4.5,652,,,"점심 코스 먹었는데 양은 매우 적습니다! 단품은 양 많아
보여요! 주차는 맞은편 건물 아이파크 주차장에 하셔야 햐요"
1655913908,서래향 수서점,강남,중식,4.5,652,,,"조용하고 깔끔한 룸, 넓은 테이블, 음식 퀄리티까지 굿"
1655913908,서래향 수서점,강남,중식,4.5,652,,,"중식 좋아해서 많이 다녀봤는데 수서에서 이런 퀄리티라니 놀랍네용ㅎㅎ
단독룸 있어서 연말 데이트도 가능한 분위기! 조용한 룸에서 편하게 식사했어요."
1655913908,서래향 수서점,강남,중식,4.5,652,,,유린기 존맛탱.. 양파랑 조합 최고였습니다ㅎㅎ 😊 그리고 냉이짬뽕도 같이 주문했는데 이거 봄 음식으로 유행되겠는데요?! 맛있어요
1655913908,서래향 수서점,강남,중식,4.5,652,,,부모님 모시고 식사하고 왔었는데 음식도 빨리 나오고. 위치도 역이랑 가까워서 접근성 좋더라고요. 저도 부모님도 맛있게 드셨습니다 추천!❤️❤️
1655913908,서래향 수서점,강남,중식,4.5,652,,,수서에서 잘하는 중식당 없는데 여기 잘하네요 텅수육 겉바속촉 지대로.. 프라이빗해서 좋았어요!! 회식할 때 좋을듯 :)
1655913908,서래향 수서점,강남,중식,4.5,652,,,"수서역 맛집
강남중식당 맛집

서래향 좋아하는데 수서점도 있었네?
역... 더보기"
1655913908,서래향 수서점,강남,중식,4.5,652,,,"음식 메뉴들도 크게 실패 없는 맛 룸있어서 좋았어요
탕수육을 좋아하는데 여러 중국집을 다녀봤지만 여기가 제일 맛있었어요 ㅎㅎ"
1655913908,서래향 수서점,강남,중식,4.5,652,,,"분위기가아늑하고 음식 퀄리티 좋았읍니다
룸있어서 편하게 음식먹고 시간보낼 수있었읍니다.
참 맛있었내요^^"
1655913908,서래향 수서점,강남,중식,4.5,652,,,프라이빗룸 덕분에 대화도 잘 되고 분위기 아주 좋았어요. 요리들도 전체적으로 깔끔하고 짠맛 없어서 부모님 모시고 와도 좋을 것같아서 연말에 또 오려고요~!!
1655913908,서래향 수서점,강남,중식,4.5,652,,,음식이 일단 깔끔하게 잘 나오고 맛도 좋습니다
1655913908,서래향 수서점,강남,중식,4.5,652,,,"수서역 근처에서 연말 모임 찾는다면 무조건 여기임
중화요리 퀄리티도 믿고 먹는 맛 자주 가요~"
1655913908,서래향 수서점,강남,중식,4.5,652,,,프라이빗룸 덕분에 송년회하기 넘 좋았던 중식당💖 어향동고 여기가 찐이네요!!
1655913908,서래향 수서점,강남,중식,4.5,652,,,가격 대비 퀄리티 좋음 룸도 깔끔하고 음식도 정성 들여 나온 느낌이라 만족 😋
1655913908,서래향 수서점,강남,중식,4.5,652,,,외식하러 갔는데 프라이빗룸이 있어 다른 테이블 신경 안 쓰고 편하게 먹고 왔습니다. 중식 메뉴 맛 균형 잘 잡혀 있고 직원분들도 친절했어요
1655913908,서래향 수서점,강남,중식,4.5,652,,,"비즈니스 룸에서 미팅 후 식사까지 했습니다. 음식 수준이 높고 직원 응대도 세심하네요
연말·연초 비즈니스 자리 잡기 정말 괜찮은 곳입니다"
1655913908,서래향 수서점,강남,중식,4.5,652,,,음식 구성 잘나오고 맛있어요 수서역 근처에서 중식 찾으면 무조건 여기가셈
1655913908,서래향 수서점,강남,중식,4.5,652,,,분위기
1655913908,서래향 수서점,강남,중식,4.5,652,,,가성비
1655913908,서래향 수서점,강남,중식,4.5,652,,,사진/영상 후기만 보기
1655913908,서래향 수서점,강남,중식,4.5,652,,,2026.03.22.
1655913908,서래향 수서점,강남,중식,4.5,652,,,2026.03.03.
1655913908,서래향 수서점,강남,중식,4.5,652,,,2026.02.06.
1655913908,서래향 수서점,강남,중식,4.5,652,,,2026.01.27.
1655913908,서래향 수서점,강남,중식,4.5,652,,,2025.12.24.
1655913908,서래향 수서점,강남,중식,4.5,652,,,2025.12.23.
1655913908,서래향 수서점,강남,중식,4.5,652,,,2026.03.13.
1655913908,서래향 수서점,강남,중식,4.5,652,,,2026.01.22.
1655913908,서래향 수서점,강남,중식,4.5,652,,,2025.12.22.
1655913908,서래향 수서점,강남,중식,4.5,652,,,2025.12.18.
1655913908,서래향 수서점,강남,중식,4.5,652,,,2025.12.17.
26572124,울프강스테이크하우스 청담점,강남,양식,3.7,1403,,,돈 많으면 맨날 이런거 먹을 수 있는건가요? 아니면 맨날 이런거 먹어도 지겨워서 얼큰한 라면이 땡길까요? 무튼 스테이크는 맛있었다 다른데를 안먹어봐서 ... 더보기
26572124,울프강스테이크하우스 청담점,강남,양식,3.7,1403,,,"예약이 풀이라 워크인으로가서 바에 앉았고
바에 계시던 직원분 너무 친절하셔서 첫방문에 만족스러운 식사 했습니다 :> 오랜만에 맛있는 스테이크 먹었습니다"
26572124,울프강스테이크하우스 청담점,강남,양식,3.7,1403,,,"세계적인 스테이크 전문점
고기 굽기나 퀄 매우 훌륭함"
26572124,울프강스테이크하우스 청담점,강남,양식,3.7,1403,,,"지인의 기획으로 첫 울프강에 문을 두드려 봤다. 
스테이크도 맛있지만 (안심은 굽기 실패) 
해산물 요리까지 풍족."
26572124,울프강스테이크하우스 청담점,강남,양식,3.7,1403,,,가격대비  드라마틱하진않음~쏘쏘
26572124,울프강스테이크하우스 청담점,강남,양식,3.7,1403,,,"한국에서 열화되었다 하더라도 스테이크 맛은 당연히 있다. 오로지 스테이크를 즐기기 위해 갔고, 만족스러... 더보기"
26572124,울프강스테이크하우스 청담점,강남,양식,3.7,1403,,,스테이크매니아로서 전세계를 떠돌아다니며 먹어본 스테이크하우스중 단연 최... 더보기
26572124,울프강스테이크하우스 청담점,강남,양식,3.7,1403,,,"이가격에 이맛이면 두번은 안갑니다~
경험치로 한번정도는 가볼맛ㅋ
지굼 김치랑라묜먹으러갑미댜 ㅋ"
26572124,울프강스테이크하우스 청담점,강남,양식,3.7,1403,,,"코스 하나하나 맛있게 먹었습니다. 
분위기도 좋고 서비스도 좋아서 즐거운 식사시간이였습니다!"
26572124,울프강스테이크하우스 청담점,강남,양식,3.7,1403,,,"가난한 대학생으로서의 한줄평은
와 멋지다 와비싸다 오 괜찮네
입니다"
26572124,울프강스테이크하우스 청담점,강남,양식,3.7,1403,,,맛은 있었는데 내부가 너무 추웠어요… 덜덜 떨며 먹는 스테이크😱🥶
26572124,울프강스테이크하우스 청담점,강남,양식,3.7,1403,,,"스테이크 울프강 먹고나면 다른곳 가기힘들어요
사이드 등등 가격은 나가지만 그만큼 가치가 있습니다
별하나 뺀 이유는 .. 첫방문시 그날은 거하게 먹으려고 할땐 직원이 눈... 더보기"
26572124,울프강스테이크하우스 청담점,강남,양식,3.7,1403,,,분위기 좋고 스테이크도 맛있어서 생일날 또 오고 싶어요🤍
26572124,울프강스테이크하우스 청담점,강남,양식,3.7,1403,,,"맛은 괜찮음, 그런데 전체적으로 직원들이 친절하다는 느낌을 못 받음 친절 교육 좀 받아야 할듯. 그리고 주방에서 일하는 사람이 건물 옆에서 담배피는데 그런 사람이 요리하는걸 먹는 다는게 역겨움."
26572124,울프강스테이크하우스 청담점,강남,양식,3.7,1403,,,분위기
26572124,울프강스테이크하우스 청담점,강남,양식,3.7,1403,,,사진/영상 후기만 보기
26572124,울프강스테이크하우스 청담점,강남,양식,3.7,1403,,,2025.07.05.
26572124,울프강스테이크하우스 청담점,강남,양식,3.7,1403,,,[가정의달 신규코스할인] THE PRIME 코스
26572124,울프강스테이크하우스 청담점,강남,양식,3.7,1403,,,2024.08.28.
26572124,울프강스테이크하우스 청담점,강남,양식,3.7,1403,,,울프강스테이크하우스 일반예약
26572124,울프강스테이크하우스 청담점,강남,양식,3.7,1403,,,2026.02.10.
26572124,울프강스테이크하우스 청담점,강남,양식,3.7,1403,,,2026.01.17.
26572124,울프강스테이크하우스 청담점,강남,양식,3.7,1403,,,2026.01.11.
26572124,울프강스테이크하우스 청담점,강남,양식,3.7,1403,,,2025.12.10.
26572124,울프강스테이크하우스 청담점,강남,양식,3.7,1403,,,2025.11.17.
26572124,울프강스테이크하우스 청담점,강남,양식,3.7,1403,,,2025.10.18.
26572124,울프강스테이크하우스 청담점,강남,양식,3.7,1403,,,2025.08.11.
26572124,울프강스테이크하우스 청담점,강남,양식,3.7,1403,,,2025.07.25.
26572124,울프강스테이크하우스 청담점,강남,양식,3.7,1403,,,2025.06.30.
26572124,울프강스테이크하우스 청담점,강남,양식,3.7,1403,,,2025.05.29.
26572124,울프강스테이크하우스 청담점,강남,양식,3.7,1403,,,2025.05.12.
26572124,울프강스테이크하우스 청담점,강남,양식,3.7,1403,,,2025.05.04.
26572124,울프강스테이크하우스 청담점,강남,양식,3.7,1403,,,2025.03.14.
26572124,울프강스테이크하우스 청담점,강남,양식,3.7,1403,,,2025.02.14.
26572124,울프강스테이크하우스 청담점,강남,양식,3.7,1403,,,2025.01.23.
26572124,울프강스테이크하우스 청담점,강남,양식,3.7,1403,,,2024.12.26.
26572124,울프강스테이크하우스 청담점,강남,양식,3.7,1403,,,2024.08.19.
26572124,울프강스테이크하우스 청담점,강남,양식,3.7,1403,,,2024.06.02.
1124684582,어거스트힐 강남점,강남,양식,3.5,2235,,,"기념일이라 예약하고 들렸습니다
분위기도 좋고 직원분들이 상당히 친절하십니다
토마호크 셋트를 먹었는데 2명이서 먹... 더보기"
1124684582,어거스트힐 강남점,강남,양식,3.5,2235,,,"분위기가 좋았네요
퀘사디아 맛있었어요
오렌지 에이드도 좋았구요
그... 더보기"
1124684582,어거스트힐 강남점,강남,양식,3.5,2235,,,"소개팅 맛집ㅋㅋㅋㅋ 친구들이랑 갔는데 양 옆, 뒤까지 서라운드 소개팅 중이었음
메뉴도 맛도 무난무난"
1124684582,어거스트힐 강남점,강남,양식,3.5,2235,,,"너무맛있었구 런치세트 젤 싼거먹었는대두
양도 겁나 많구 배불러서 남겼습니다🤣🤣 
모든직원분들이 친절하고 최고의 서비스였습니다🩷"
1124684582,어거스트힐 강남점,강남,양식,3.5,2235,,,가성비 최고에 깔끔하고 분위기 있어서 좋았어요! 개인적으로 리조또 좋아하는데 여기 리조또는 한 방이 없고 느끼한 느낌이 나서 아쉬웠고 (그래도 맛있었어요) 그라탕과 스테이크가 찐이었습니다. 옆 테이블은 소개팅도 하더라구요 추천!
1124684582,어거스트힐 강남점,강남,양식,3.5,2235,,,분위기 좋고 새우파스타에 새우가 많고 맛있어요
1124684582,어거스트힐 강남점,강남,양식,3.5,2235,,,"점심식사로 여러번 방문했어요. 
함박스테이크, 버터뭐시기라이스, 새우토마토 파스타 먹어봤는데 개인적으론 토마토파스타가 가장 괜찮습니다. 메뉴당 14,000원인데.... 더보기"
1124684582,어거스트힐 강남점,강남,양식,3.5,2235,,,"가성비는 아니고 분위기좋고 맛도 좋고 괜찮은 식사를 즐기고싶을때 가면 좋을듯.
소개팅이나 커플들은 가능하면 2층으로, 가족이나 모임은 1층에 자리배치해주는듯 (1층,2층 서로 다보이는 구조이지만)"
1124684582,어거스트힐 강남점,강남,양식,3.5,2235,,,"해산물이 매우 크고 싱싱하다. 
메뉴들도 전반적으로 맛있다."
1124684582,어거스트힐 강남점,강남,양식,3.5,2235,,,"추운 날씨에 무심코 들어갔는데, 첫끼임에도 불구하고 도저히 입에 넣지 못함….

만약 다이어트를 하고 싶다... 더보기"
1124684582,어거스트힐 강남점,강남,양식,3.5,2235,,,"코스 (15.6-) 먹었어요
맛은 괜찮았는데 메인이 스테이크뿐이라 조금 아쉬워요
파스타라도 코스에 포함이었다면 가성비도 좋았을 것 같은데 살짝 아... 더보기"
1124684582,어거스트힐 강남점,강남,양식,3.5,2235,,,가게 분위기가 너무 좋아서 사진도 잘 나와요~! 그리고 음식 나오자마자 향기로워서.. 푸파할 생각에 침샘.
1124684582,어거스트힐 강남점,강남,양식,3.5,2235,,,"맛있어요 스테이크도 괜찮았도 파스타도 좋았습니다
다만 직원 수가 부족하고 친절하지 않으세요"
1124684582,어거스트힐 강남점,강남,양식,3.5,2235,,,"맛있어요 네이버 예약하면 주는 양배추가 킥 입맛 싹 
직원인지 알바분들은 친절하진 않아요"
1124684582,어거스트힐 강남점,강남,양식,3.5,2235,,,작년 크리스마스 때 갔는데 까먹고 있다가 이제 씀. 네이버 예약하니 폴라로이드 사진 찍어줬고 크리스마스 같은 날 가기에 분위기는 좋음. 층마다 인테리어가 달라요. 가격이 19만원 정도로 사악한데 맛은 가격에 비해 그저 그럼
1124684582,어거스트힐 강남점,강남,양식,3.5,2235,,,분위기
1124684582,어거스트힐 강남점,강남,양식,3.5,2235,,,가성비
1124684582,어거스트힐 강남점,강남,양식,3.5,2235,,,사진/영상 후기만 보기
1124684582,어거스트힐 강남점,강남,양식,3.5,2235,,,2025.12.14.
1124684582,어거스트힐 강남점,강남,양식,3.5,2235,,,2025.11.27.
1124684582,어거스트힐 강남점,강남,양식,3.5,2235,,,2025.11.16.
1124684582,어거스트힐 강남점,강남,양식,3.5,2235,,,2025.08.19.
1124684582,어거스트힐 강남점,강남,양식,3.5,2235,,,2024.12.14.
1124684582,어거스트힐 강남점,강남,양식,3.5,2235,,,2024.09.06.
1124684582,어거스트힐 강남점,강남,양식,3.5,2235,,,2024.08.25.
1124684582,어거스트힐 강남점,강남,양식,3.5,2235,,,2024.05.14.
1124684582,어거스트힐 강남점,강남,양식,3.5,2235,,,2024.03.06.
1124684582,어거스트힐 강남점,강남,양식,3.5,2235,,,2024.03.01.
1124684582,어거스트힐 강남점,강남,양식,3.5,2235,,,2024.02.02.
1124684582,어거스트힐 강남점,강남,양식,3.5,2235,,,2024.01.16.
1124684582,어거스트힐 강남점,강남,양식,3.5,2235,,,2023.07.09.
1124684582,어거스트힐 강남점,강남,양식,3.5,2235,,,2023.05.07.
1124684582,어거스트힐 강남점,강남,양식,3.5,2235,,,2022.12.23.
1124684582,어거스트힐 강남점,강남,양식,3.5,2235,,,2026.04.15.
1124684582,어거스트힐 강남점,강남,양식,3.5,2235,,,2025.10.18.
1124684582,어거스트힐 강남점,강남,양식,3.5,2235,,,2025.08.31.
1124684582,어거스트힐 강남점,강남,양식,3.5,2235,,,2025.08.25.
2076338271,원스타올드패션드 햄버거,강남,양식,4,448,,,고기와 치즈의 강렬함이 느껴지는 패티멜트. 바삭함이 끝까지 살아있는 어니언링.
2076338271,원스타올드패션드 햄버거,강남,양식,4,448,,,고기 패티라던가 언니언링 튀김 정도를 보면 비싸지 않고 완전 맛있었어요! 친절함은 그냥 보통 이었던 것 같습니다! 다만 버거랑 어니언링이랑 먹다보면 살짝 느끼할 수도 있어서 코올슬로 같은 거 있음 더 좋긴 할 듯 합니... 더보기
2076338271,원스타올드패션드 햄버거,강남,양식,4,448,,,"일요일 12시쯤에 30분정도 대기하다가 먹었습니다. 포장도 많이들 하시고, 배달도 활발하더라구요, 패티멜트 + 어니언링 먹었고, 패티멜트 번인지 식빵인지 바삭하고 맛있었구요, 패티쪽도 육즙많... 더보기"
2076338271,원스타올드패션드 햄버거,강남,양식,4,448,,,"월요일에 방문, 7시반경 만석이었음
치즈버거, 패티멜트, 고구마감튀 시킴

치즈버거 : 말해뭐해 예전... 더보기"
2076338271,원스타올드패션드 햄버거,강남,양식,4,448,,,"Best burger ever! 
Sarangheyo Onestar!"
2076338271,원스타올드패션드 햄버거,강남,양식,4,448,,,맛은 있지만 가격도 좀 비싸고 경험하기 좋은 집
2076338271,원스타올드패션드 햄버거,강남,양식,4,448,,,완전 미쿡스탈 햄버거. 붸리 솔티하고 쥬시하다. 키오스크가 없어 직접 주문 받는데 아예 멘트를 하신다. 간이 센데 괜찮으시냐고! 간을 조절해 준다는 뜻이다. 세심한 배려가 느껴진다. 요즘은 어디가나 키오스크 주문이라... 더보기
2076338271,원스타올드패션드 햄버거,강남,양식,4,448,,,패티멜트 제일 잘하는집
2076338271,원스타올드패션드 햄버거,강남,양식,4,448,,,진짜 햄버거 파는곳 매봉역 주변 고트 특히 멜티비프는 쓰는중에도 먹고싶음 히든메뉴... 더보기
2076338271,원스타올드패션드 햄버거,강남,양식,4,448,,,"밑에 리뷰들 처럼 마음의 상처
벋을일 많은 곳이니
너무 여리신 분들... 더보기"
2076338271,원스타올드패션드 햄버거,강남,양식,4,448,,,"쉑쉑에 비해 가격도 괜찮고 훨씬 맛있음
패티 육즙도 미쳤는데 육즙이 너무 흘러서 옷에 다 묻은거 빼고는 상당히 만족스러운 버거였음"
2076338271,원스타올드패션드 햄버거,강남,양식,4,448,,,저는 짜고 느끼한게 입맛에 맞아 그동안 7번 방문했습니다. 버거 존맛집 이런거 아니고 그냥 기름지고 야채가 신선한 버거맛입니다. 갈 때마다 굽기가 미둠이였다 웰던이였... 더보기
2076338271,원스타올드패션드 햄버거,강남,양식,4,448,,,"제대로 된 패티멜트를 먹을수 있는곳. 육즙 넘치는 패티가 킥, 짠맛이 강조되어 있고 카라멜라이즈드 양파가 뒤에서 단맛을 끌어올린다. 중간중간 느끼함은 딜피클로 잡아주면 딱. 머쉬룸 버거, 버팔로윙도 강추."
2076338271,원스타올드패션드 햄버거,강남,양식,4,448,,,"햄버거 자체는 맛있음
패티멜트는 느끼한거 잘 먹는 사람 추천
그렇지 않으면 한조각도 ... 더보기"
2076338271,원스타올드패션드 햄버거,강남,양식,4,448,,,"🥪패티멜트는 진짜 짜고 왜 이게 유명한지 모르겠음
🍔원스타디럭스는 맛있음 패티 중량도 많고 미디움으로 구워져서 취향저격 패티멜트를 먹고나서 먹어서 그런가 패티멜트보단 안짜고 간이 딱 좋았다"
2076338271,원스타올드패션드 햄버거,강남,양식,4,448,,,저한테는 짜서 속쓰리고 고기향도 없고 그냥 원래 먹던 브루클린버거 먹을듯요. 야채는 신선해요.
2076338271,원스타올드패션드 햄버거,강남,양식,4,448,,,"1. 토요일 5시쯤 가니까 바로 앉음. 
2. 햄버거는 생각보단 늦게나옴. 좌석이 많지 않아서 음식 빨리나오면 회전률 빠를 것... 더보기"
2076338271,원스타올드패션드 햄버거,강남,양식,4,448,,,"웨이팅 한 30분 했어요.
알바생?초초핸섬..
머쉬룸버거 소스가 좀 짰는데도 맛있었어요. 어니언링도 진짜 맛... 더보기"
2076338271,원스타올드패션드 햄버거,강남,양식,4,448,,,꽤 괜찮은 버거집. 근데 치즈버거에 든 양파랑 피클은 조금 세다 (Overpowering). 고기는 겉면이 바삭하고 속은 부드러운 스타일. 그리고 사실 버거보다... 더보기
2076338271,원스타올드패션드 햄버거,강남,양식,4,448,,,서비스 개 구림 ^^ 1시간 대기하는데 2명을 4명테이블에 2팀이나 앉혀노니까 대기가 안빠짐. 물어볼 겸 더워서 가게 안에 조금 있었는데 밖에 기다리는 곳으로 나가라고 쫒아냄. ^^ 교통정리 최악임... 더보기
2076338271,원스타올드패션드 햄버거,강남,양식,4,448,,,분위기
2076338271,원스타올드패션드 햄버거,강남,양식,4,448,,,가성비
2076338271,원스타올드패션드 햄버거,강남,양식,4,448,,,사진/영상 후기만 보기
2076338271,원스타올드패션드 햄버거,강남,양식,4,448,,,2026.04.13.
2076338271,원스타올드패션드 햄버거,강남,양식,4,448,,,2026.03.23.
2076338271,원스타올드패션드 햄버거,강남,양식,4,448,,,2026.03.22.
2076338271,원스타올드패션드 햄버거,강남,양식,4,448,,,2026.02.08.
2076338271,원스타올드패션드 햄버거,강남,양식,4,448,,,2026.02.07.
2076338271,원스타올드패션드 햄버거,강남,양식,4,448,,,2026.01.21.
2076338271,원스타올드패션드 햄버거,강남,양식,4,448,,,2025.12.29.
2076338271,원스타올드패션드 햄버거,강남,양식,4,448,,,2025.12.09.
2076338271,원스타올드패션드 햄버거,강남,양식,4,448,,,2025.11.29.
2076338271,원스타올드패션드 햄버거,강남,양식,4,448,,,2025.11.09.
2076338271,원스타올드패션드 햄버거,강남,양식,4,448,,,2025.11.06.
2076338271,원스타올드패션드 햄버거,강남,양식,4,448,,,2025.11.05.
2076338271,원스타올드패션드 햄버거,강남,양식,4,448,,,2025.10.23.
2076338271,원스타올드패션드 햄버거,강남,양식,4,448,,,2025.10.15.
2076338271,원스타올드패션드 햄버거,강남,양식,4,448,,,2025.09.26.
2076338271,원스타올드패션드 햄버거,강남,양식,4,448,,,2025.08.09.
2076338271,원스타올드패션드 햄버거,강남,양식,4,448,,,2025.07.07.
2076338271,원스타올드패션드 햄버거,강남,양식,4,448,,,2025.05.31.
2076338271,원스타올드패션드 햄버거,강남,양식,4,448,,,2025.05.29.
2076338271,원스타올드패션드 햄버거,강남,양식,4,448,,,2025.05.27.
12026995,지아니스나폴리 역삼점,강남,양식,4.1,244,,,"식전빵 맛있음. 간을 진짜 잘함. 

파스타도 진한 향이 남. 베수비오 도우 맛있고 토마토 괜찮음. 근데 접혀져 나온건 엥? 뭐지? ... 더보기"
12026995,지아니스나폴리 역삼점,강남,양식,4.1,244,,,"여기는 식전빵이랑 갓구어나오는 피자가 진짜 맛있어요. 그리고 먹다보먄 엄청 배부릅니다…ㅜ
피자도 다 맛있어서 ... 더보기"
12026995,지아니스나폴리 역삼점,강남,양식,4.1,244,,,"한국나폴리피자집중에 원탑 빵도우가 쫄깃
아무래도 나폴리피자는 전통 토마토베이스가 마리게리따나 마리... 더보기"
12026995,지아니스나폴리 역삼점,강남,양식,4.1,244,,,진짜 이게 맛있다고요 ? 😓
12026995,지아니스나폴리 역삼점,강남,양식,4.1,244,,,"직원들이 진짜진짜 불친절해용! 
저희가 혹시 실수한게 있나 싶었는데 식사 중에 옆 테이블 응대하는 거랑 여기 후기 보니 원래 태도가 그런 것 같네요. 맛은 괜찮았습니다"
12026995,지아니스나폴리 역삼점,강남,양식,4.1,244,,,"개인적으로 몇년째 부동의 1위 피자집
식전빵이랑 같이 주는 가미된 올리브유는 
걍 마시고 싶을 정도
... 더보기"
12026995,지아니스나폴리 역삼점,강남,양식,4.1,244,,,감베리 크레마 뭔가 맛있는 차돌된장찌개 생각도 나는데 암튼 좋았고 베수비오 진짜 몇년간 먹어본 화덕피자중 압도적 1위. 특히 깔조네가 돌아버림. 이탈리아 안가봤지만 분위기가 이국적이라 이런 느낌이려나 싶음
12026995,지아니스나폴리 역삼점,강남,양식,4.1,244,,,나폴리 인증 나폴리피자집. 생면의 부드러운 식감이 인상적인 라자냐와 완성도 높은 피자.
12026995,지아니스나폴리 역삼점,강남,양식,4.1,244,,,"식전빵부터 너무 맛있고 피자, 파스타 다 훌륭했어요. 
피자 두조각 남은거 식어서 데워달라고 부탁드렸는데 직원분들 소통실수로 폐기해버렸다고 죄송하다시며 한판 새로 해주셨... 더보기"
12026995,지아니스나폴리 역삼점,강남,양식,4.1,244,,,"순서대로 식전빵-> 문어샐러드-> 라자냐-> 감베로니

식전빵 : 존맛탱. 다음에 피자 시킬려고 함
문어샐러드 :... 더보기"
12026995,지아니스나폴리 역삼점,강남,양식,4.1,244,,,"시끄럽지 않아 이야기 나누기 좋고
피자 도우가 쫀득하고 맛있어요
봉골레랑 리조또는 쏘쏘였습니다... 더보기"
12026995,지아니스나폴리 역삼점,강남,양식,4.1,244,,,"확실히 점심 할인 피자 먹으면 가성비가 좋아요
봉골레는 그냥 그러니 피자 먹는걸... 더보기"
12026995,지아니스나폴리 역삼점,강남,양식,4.1,244,,,"화덕피자 레전드 맛집 ㅜㅜ 
정말 재료가 신선하다는 느낌을 이집에서 느낄 수 있음 
별거... 더보기"
12026995,지아니스나폴리 역삼점,강남,양식,4.1,244,,,"분위기 좋아요. 정통 이탈리아 피자를 먹을수있습니다. 스페인에서 먹어봤던, 올리브 절임도 있네요 ㅋ"
12026995,지아니스나폴리 역삼점,강남,양식,4.1,244,,,처음 온거라 메뉴판 봐도 종류가 너무 많아서 못고를는데 직원분이 오셔서 친절하게 다 알려주시고 어떤게 인기 많은지도 알려주시구 음식도 너무 맛있었는데 직원분들이 너무 친절하셨어요 역시 강남은 강남이네요 앞으로 자주 와야겠네요 : )
12026995,지아니스나폴리 역삼점,강남,양식,4.1,244,,,역삼 최애맛집. 잠깐 이탈리아 갔다올 수 있음. 빵이 진짜 쫀득쫀득해서 맛있습니다.
12026995,지아니스나폴리 역삼점,강남,양식,4.1,244,,,"크림리조또 맛집, 피자는 평타"
12026995,지아니스나폴리 역삼점,강남,양식,4.1,244,,,피자 진짜 나폴리 그 자체입니다 ^^
12026995,지아니스나폴리 역삼점,강남,양식,4.1,244,,,분위기
12026995,지아니스나폴리 역삼점,강남,양식,4.1,244,,,가성비
12026995,지아니스나폴리 역삼점,강남,양식,4.1,244,,,사진/영상 후기만 보기
12026995,지아니스나폴리 역삼점,강남,양식,4.1,244,,,2026.03.24.
12026995,지아니스나폴리 역삼점,강남,양식,4.1,244,,,2026.02.22.
12026995,지아니스나폴리 역삼점,강남,양식,4.1,244,,,2026.02.01.
12026995,지아니스나폴리 역삼점,강남,양식,4.1,244,,,2025.11.10.
12026995,지아니스나폴리 역삼점,강남,양식,4.1,244,,,2025.09.19.
12026995,지아니스나폴리 역삼점,강남,양식,4.1,244,,,2025.08.01.
12026995,지아니스나폴리 역삼점,강남,양식,4.1,244,,,2025.07.26.
12026995,지아니스나폴리 역삼점,강남,양식,4.1,244,,,2025.06.06.
12026995,지아니스나폴리 역삼점,강남,양식,4.1,244,,,2025.05.18.
12026995,지아니스나폴리 역삼점,강남,양식,4.1,244,,,2025.04.17.
12026995,지아니스나폴리 역삼점,강남,양식,4.1,244,,,2025.02.06.
12026995,지아니스나폴리 역삼점,강남,양식,4.1,244,,,2024.12.11.
12026995,지아니스나폴리 역삼점,강남,양식,4.1,244,,,2024.10.23.
12026995,지아니스나폴리 역삼점,강남,양식,4.1,244,,,2024.10.12.
12026995,지아니스나폴리 역삼점,강남,양식,4.1,244,,,2024.04.28.
12026995,지아니스나폴리 역삼점,강남,양식,4.1,244,,,2023.12.13.
12026995,지아니스나폴리 역삼점,강남,양식,4.1,244,,,2023.12.12.
12026995,지아니스나폴리 역삼점,강남,양식,4.1,244,,,2023.12.01.
12026995,지아니스나폴리 역삼점,강남,양식,4.1,244,,,2023.09.22.
12026995,지아니스나폴리 역삼점,강남,양식,4.1,244,,,2023.08.04.
1565367501,쵸이닷,강남,양식,3.5,645,,,"파인다이닝은 그에 맞게 평가할 수 밖에 없는 것 같아요
제 돈주고 재방문하진 않을 것 같아요

맛... 더보기"
1565367501,쵸이닷,강남,양식,3.5,645,,,✨ 쵸이닷 점심 메뉴 4코스(인당 98000원)으로 먹었어요! 스테이크 꽃등심으로 업그레이드하고 이것저것 추가하니 인당 11만... 더보기
1565367501,쵸이닷,강남,양식,3.5,645,,,"파스타와 카르파쵸가 정말 맛있네요. 
메인 디쉬 (생선, 한우 채끝)는 익힘 정도나 맛이 다소 아쉽습니다. 
한 번쯤 경험해볼만한 곳이나 화장실이나 매장크기, 발렛 서비스가 아쉽습니다."
1565367501,쵸이닷,강남,양식,3.5,645,,,맛있읍니다
1565367501,쵸이닷,강남,양식,3.5,645,,,맛있고 분위기 미쳤떠용!! 파인다이닝인데 이가격이면 완잔 혜자인듯👍🏻
1565367501,쵸이닷,강남,양식,3.5,645,,,직원분들 정말 친절함. 점심메뉴라 봉골레 맛을 기대했지만 조개향이 전혀 안나고 소금간이 안되어서 아쉬웠음. 그린티 아이스크림 디져트는 정말 맛났음.
1565367501,쵸이닷,강남,양식,3.5,645,,,"어머니가 입 짧으신 분인데 무조림은 한입 드셔보시더니 바로 시그니쳐 디시 답다고 하셨고 요리 구성, 맛, 프레젠테이션, 서비스 다 너무 좋아하셨어요. 화장실 마저도... 더보기"
1565367501,쵸이닷,강남,양식,3.5,645,,,"최악의 파인다이닝…
감각없는 인테리어.
저렴한 티 팍팍나는 그릇과 수저들... 더보기"
1565367501,쵸이닷,강남,양식,3.5,645,,,여러분의 지갑을 지켜드리기위해 진심으로 애원합니다 적어도 평일런치는 정말 별루임 정말루
1565367501,쵸이닷,강남,양식,3.5,645,,,흑백요리사가 끝난 후 얼마 되지 않아 방문했던 것 같습니다. 방송에 나왔던 음식들을 실제로 접해볼 수 있어서 재미있었습니다. 그리고 첫 메뉴가 나올 때 최현석 셰프님께서 ... 더보기
1565367501,쵸이닷,강남,양식,3.5,645,,,"[장점]
- 분위기 좋음
- 직원 친절함
- 음식 먹을만함
[단점]
- ... 더보기"
1565367501,쵸이닷,강남,양식,3.5,645,,,"냉장고를부탁해 와 흑백요리사를 즐겨보곤ㅎㅏ다가
나도 함 가보까,,? 하면서 캐치테이블로 예약해두고
가게 된 쵸이닷 너무 기대한 탓일까ㅎ... 더보기"
1565367501,쵸이닷,강남,양식,3.5,645,,,채끝으로 업그레이드한 런치는 가격대비 만족도 99점은 줄 수 있을 것 같아요. 이 이상 만족스러울 필요가 있을까 싶을 정도예요. 요새 호텔 뷔페도 이거... 더보기
1565367501,쵸이닷,강남,양식,3.5,645,,,너무 만족스럽게 좋은시간 보내고 갑니다~
1565367501,쵸이닷,강남,양식,3.5,645,,,진짜 맛있었어요
1565367501,쵸이닷,강남,양식,3.5,645,,,처음 갔었던 파인다이닝 첫월급기념으로 갔었는데 그당시는 별로였지만 이곳저곳 다녔는데 여기만큼 재밌는 곳이 없음
1565367501,쵸이닷,강남,양식,3.5,645,,,"아내랑 같이가서 메뉴를 서로 다르게 골라서 2종류씩 먹어봤어요 런치 먹었구요 에피타이저는 라자냐, 샐러드 둘다 괜찮았고 라자냐 매우 좋았습니다 또 먹고싶은 맛. 파스타는 봉골레, 치킨 둘다 좋았고요 메인... 더보기"
1565367501,쵸이닷,강남,양식,3.5,645,,,"최현석 셰프의 봉골레파스타 말모..
요리마다 세심한 디테일에 감동"
1565367501,쵸이닷,강남,양식,3.5,645,,,분위기
1565367501,쵸이닷,강남,양식,3.5,645,,,가성비
1565367501,쵸이닷,강남,양식,3.5,645,,,사진/영상 후기만 보기
1565367501,쵸이닷,강남,양식,3.5,645,,,2026.02.19.
1565367501,쵸이닷,강남,양식,3.5,645,,,2025.12.07.
1565367501,쵸이닷,강남,양식,3.5,645,,,2025.08.16.
1565367501,쵸이닷,강남,양식,3.5,645,,,2025.07.27.
1565367501,쵸이닷,강남,양식,3.5,645,,,2025.05.04.
1565367501,쵸이닷,강남,양식,3.5,645,,,2025.02.11.
1565367501,쵸이닷,강남,양식,3.5,645,,,2024.11.15.
1565367501,쵸이닷,강남,양식,3.5,645,,,2023.03.09.
1565367501,쵸이닷,강남,양식,3.5,645,,,2023.02.01.
1565367501,쵸이닷,강남,양식,3.5,645,,,2026.04.13.
1565367501,쵸이닷,강남,양식,3.5,645,,,2026.02.10.
1565367501,쵸이닷,강남,양식,3.5,645,,,2025.12.21.
1565367501,쵸이닷,강남,양식,3.5,645,,,2025.11.17.
1565367501,쵸이닷,강남,양식,3.5,645,,,2025.10.04.
1565367501,쵸이닷,강남,양식,3.5,645,,,2025.10.01.
1565367501,쵸이닷,강남,양식,3.5,645,,,2025.07.19.
1565367501,쵸이닷,강남,양식,3.5,645,,,2025.06.09.
1565367501,쵸이닷,강남,양식,3.5,645,,,2025.06.01.
1565367501,쵸이닷,강남,양식,3.5,645,,,2025.04.25.
1565367501,쵸이닷,강남,양식,3.5,645,,,2025.03.19.
27129003,알라프리마,강남,양식,4.5,272,,,음식 너무너무 맛있었다… 분위기도 좋앗고 널찍하니 여유로운게 최고! 담당 서버분도 아주 친절하시고 설명 잘 해주심. 파인다이닝에서 펄펄 끓는 핫 디쉬 준건 첨 봤당 여튼 넘 맛있고 좋은 경험!
27129003,알라프리마,강남,양식,4.5,272,,,"사진은 내 입맛에 맞았던 디시만 올려봄 ㅎㅎ...
캐치테이블에도 리뷰 남겼어서 짧게 쓰자면 식당의 위생/청결도는 보통, 서버분의 태도는 매우 마음에 들... 더보기"
27129003,알라프리마,강남,양식,4.5,272,,,생일 점심으루 다녀온 알라프리마 대만족 ❤️
27129003,알라프리마,강남,양식,4.5,272,,,일식 터치감으로 호불호는 갈릴 것 같은데 서비스와 분위기는 너무너무 좋았습니다~!
27129003,알라프리마,강남,양식,4.5,272,,,식사를 넘어서서 음식으로 인해 어떤 경험을 하고 나온  기분이었습니다. 제 안의 맵이 싹 넓어지는 경험을 하고 나올 수 있어요. 식당에서 이런 경험을 하기는 쉽지 않습니다. 단점이 있다면 경험을 위해 치뤄야 하는 가격... 더보기
27129003,알라프리마,강남,양식,4.5,272,,,좋은 경험이었음
27129003,알라프리마,강남,양식,4.5,272,,,"미슐랭 2스타 맛집
남친과 100일이 돼서 다녀왔어요. 런치는 비교적 저렴해서 인당 18만원으로 갔다왔고 덕분에 좋은 추억 만들고 갑니다. 직원분들도 너무... 더보기"
27129003,알라프리마,강남,양식,4.5,272,,,특별한 날 방문하기 딱!! 맛도 서비스도 분위기도 최상입니다
27129003,알라프리마,강남,양식,4.5,272,,,"훌륭한 서비스,
음식은 낫밷
양이 조금 적다"
27129003,알라프리마,강남,양식,4.5,272,,,"일단 크룩을 잔 술로 마실 수 있다는 게 엄청난 메리트예요!

음식도 다 좋았고 바테이블 앞 오픈키... 더보기"
27129003,알라프리마,강남,양식,4.5,272,,,신선하고 특이했지만 감칠맛과 양이 부족해 아쉬웠다 그 외 서비스와 분위기는 만점
27129003,알라프리마,강남,양식,4.5,272,,,내가 막입인가? 맛은 있는데 이 정도인지는 잘 모르겠어요 스테이크와 디저트가 맛있었음
27129003,알라프리마,강남,양식,4.5,272,,,미슐랭2스타 파인다이닝 가게입니다. 동생이 부모님 결혼기념일을 미리 축하해 주기 위해 한 달 전에 예약해 줘서 오게 되었어요. 가격이 14만원이라 어마어마하지만 그만큼의 값어치를 하는 것 같아요. 직원... 더보기
27129003,알라프리마,강남,양식,4.5,272,,,"정말 맛있습니다.
고기 제외하고 젤 맛있었던 3가지 첨부해요
전 마지막 리조또가 정말 맛있었네요. 이탈리안 ... 더보기"
27129003,알라프리마,강남,양식,4.5,272,,,잊을 수 없는 오리.
27129003,알라프리마,강남,양식,4.5,272,,,"맛에 빈 틈이 많이 안 나는게 굉장히 취향에 잘 맞았음. 레이어가 좋다고 표현하던가

맛은 캐비어 있던 디쉬가 제일 맛있었고, 그 다음 인상적... 더보기"
27129003,알라프리마,강남,양식,4.5,272,,,별10개드리고싶음.
27129003,알라프리마,강남,양식,4.5,272,,,분위기
27129003,알라프리마,강남,양식,4.5,272,,,가성비
27129003,알라프리마,강남,양식,4.5,272,,,사진/영상 후기만 보기
27129003,알라프리마,강남,양식,4.5,272,,,2026.02.12.
27129003,알라프리마,강남,양식,4.5,272,,,2026.02.10.
27129003,알라프리마,강남,양식,4.5,272,,,2026.01.15.
27129003,알라프리마,강남,양식,4.5,272,,,2025.06.22.
27129003,알라프리마,강남,양식,4.5,272,,,2025.06.12.
27129003,알라프리마,강남,양식,4.5,272,,,2025.01.14.
27129003,알라프리마,강남,양식,4.5,272,,,2024.12.22.
27129003,알라프리마,강남,양식,4.5,272,,,2024.11.18.
27129003,알라프리마,강남,양식,4.5,272,,,2024.09.19.
27129003,알라프리마,강남,양식,4.5,272,,,2024.04.10.
27129003,알라프리마,강남,양식,4.5,272,,,2023.12.19.
27129003,알라프리마,강남,양식,4.5,272,,,2023.08.13.
27129003,알라프리마,강남,양식,4.5,272,,,2023.06.14.
27129003,알라프리마,강남,양식,4.5,272,,,2023.02.13.
27129003,알라프리마,강남,양식,4.5,272,,,2023.01.29.
27129003,알라프리마,강남,양식,4.5,272,,,2022.11.15.
27129003,알라프리마,강남,양식,4.5,272,,,2026.02.25.
27129003,알라프리마,강남,양식,4.5,272,,,2025.07.19.
27129003,알라프리마,강남,양식,4.5,272,,,2025.07.14.
586363951,크라이치즈버거 삼성역점,강남,양식,4.4,420,,,"평일 오후 1시쯤 가니까 사람 많지 않고 쾌적했어요 
치킨텐더랑 같이 나오는 눈물소스?가 궁합이 좋았어여
그리고 혹시 짠거 잘 못드시는 분들은 주문 후에... 더보기"
586363951,크라이치즈버거 삼성역점,강남,양식,4.4,420,,,먹어본 체인 수제버거집 중 밸런스 매우 좋음. 근처 가면 또 먹을듯
586363951,크라이치즈버거 삼성역점,강남,양식,4.4,420,,,트리플치즈버거 진짜 꼭 드세요. 행복함이 필요하면 다시 방문하겠습니다🥹
586363951,크라이치즈버거 삼성역점,강남,양식,4.4,420,,,재료들의 절묘한 밸런스가 너무 좋은 햄버거. 더 자주 먹을수 있게 종로 부근에도 매장이 생기길 기원 합니다.
586363951,크라이치즈버거 삼성역점,강남,양식,4.4,420,,,"회사주변이라 자주오는데치킨버거 메뉴도 개발해주시길
그리고 너무 느려요 솔직히
다 좋은데 느려 너무 느려
햄버거 먹는 사람... 더보기"
586363951,크라이치즈버거 삼성역점,강남,양식,4.4,420,,,너무 맛있어서 포장지까지 먹을 뻔 했습니다
586363951,크라이치즈버거 삼성역점,강남,양식,4.4,420,,,"여기 조금만 더 크면 기존의 롯리, 맥날, kfc 등 압살 가능. 진짜임. 빵 하나 하나를 직접 바삭하게 구워주고, 햄버거 안에 내용물들도 질 좋은 것들 뿐임. 고기패티가 두껍지는 않지만(더블패티도 있음) 육즙이 가... 더보기"
586363951,크라이치즈버거 삼성역점,강남,양식,4.4,420,,,"리뷰 읽고, 치즈버거+치즈감튀 먹음
양상추 토마토 두세겹 충분히 들어가고
패티가 ... 더보기"
586363951,크라이치즈버거 삼성역점,강남,양식,4.4,420,,,"치즈버거를 먹고 싶다면 꼭 와야하는곳
감튀에서 오감자 맛이나는데 진짜맛도리임 ㅋㅋ"
586363951,크라이치즈버거 삼성역점,강남,양식,4.4,420,,,정석적인 햄버거! 미국에서 인앤아웃이랑 비슷한 유일한 곳! 멀지만 또 먹고싶고 생각나는곳임..
586363951,크라이치즈버거 삼성역점,강남,양식,4.4,420,,,소스가 상당히 짭짜름한 편. 버거에 야채가 꽤 들어가서 좋음. 직원분들 친절했고 자리가 넓고 많아서 좋았음.
586363951,크라이치즈버거 삼성역점,강남,양식,4.4,420,,,"자꾸 생각나는 맛이에요...
특히 패티가 너무 맛있어요"
586363951,크라이치즈버거 삼성역점,강남,양식,4.4,420,,,맛있습니다
586363951,크라이치즈버거 삼성역점,강남,양식,4.4,420,,,로고가 귀여운 삼성역 크라이치즈버거. 주문이 들어가면 버거를 조리해주는 듯하다. 지점을 잘못 골라 가면 차가운 햄버거를 먹게 될 수도 있는... 더보기
586363951,크라이치즈버거 삼성역점,강남,양식,4.4,420,,,"2024년 2월 현 시점 맥날, 버거킹을 추월한 킹성비 버거"
586363951,크라이치즈버거 삼성역점,강남,양식,4.4,420,,,더 맛있어진거 같아요!!
586363951,크라이치즈버거 삼성역점,강남,양식,4.4,420,,,직원분들도 친절하고 혼자 와서 편하게 먹고 갔어요 치즈 프라이 정말 맛있습니다!혼밥
586363951,크라이치즈버거 삼성역점,강남,양식,4.4,420,,,"패스트푸드와는 급이 다른 수제버거급 맛 ! 회사 앞이라 자주 오지만, 주말에도 굳이 와서 먹어요 ^^#수제햄버거 수제햄버거"
586363951,크라이치즈버거 삼성역점,강남,양식,4.4,420,,,가성비
586363951,크라이치즈버거 삼성역점,강남,양식,4.4,420,,,분위기
586363951,크라이치즈버거 삼성역점,강남,양식,4.4,420,,,사진/영상 후기만 보기
586363951,크라이치즈버거 삼성역점,강남,양식,4.4,420,,,2026.04.22.
586363951,크라이치즈버거 삼성역점,강남,양식,4.4,420,,,2026.01.23.
586363951,크라이치즈버거 삼성역점,강남,양식,4.4,420,,,2026.01.17.
586363951,크라이치즈버거 삼성역점,강남,양식,4.4,420,,,2025.11.27.
586363951,크라이치즈버거 삼성역점,강남,양식,4.4,420,,,2025.08.09.
586363951,크라이치즈버거 삼성역점,강남,양식,4.4,420,,,2025.06.20.
586363951,크라이치즈버거 삼성역점,강남,양식,4.4,420,,,2025.05.12.
586363951,크라이치즈버거 삼성역점,강남,양식,4.4,420,,,2025.04.24.
586363951,크라이치즈버거 삼성역점,강남,양식,4.4,420,,,2025.03.19.
586363951,크라이치즈버거 삼성역점,강남,양식,4.4,420,,,2025.02.06.
586363951,크라이치즈버거 삼성역점,강남,양식,4.4,420,,,2025.01.28.
586363951,크라이치즈버거 삼성역점,강남,양식,4.4,420,,,2024.12.25.
586363951,크라이치즈버거 삼성역점,강남,양식,4.4,420,,,2024.07.04.
586363951,크라이치즈버거 삼성역점,강남,양식,4.4,420,,,2024.07.02.
586363951,크라이치즈버거 삼성역점,강남,양식,4.4,420,,,2024.06.02.
586363951,크라이치즈버거 삼성역점,강남,양식,4.4,420,,,2024.03.25.
586363951,크라이치즈버거 삼성역점,강남,양식,4.4,420,,,2024.02.05.
586363951,크라이치즈버거 삼성역점,강남,양식,4.4,420,,,2024.01.29.
1469510606,빌즈 강남,강남,양식,3.1,452,,,"“애매하지만 이만한 곳 많이 없다”

다소 애매한 양과 맛이지... 더보기"
1469510606,빌즈 강남,강남,양식,3.1,452,,,"낮에 간단히 와인 한잔 하기 좋아요.
좌석 간격이 넓어서 대화하기도 좋아요.
음식맛은 데코에 비해 쏘쏘 입니다~~"
1469510606,빌즈 강남,강남,양식,3.1,452,,,간이 좀 쎈 후기를 봤지만 그래도 갔는데 너무 짜서 못먹었어요.ㅠ
1469510606,빌즈 강남,강남,양식,3.1,452,,,"음식은 그럭저럭 평범한데
절대 이가격은 아니다..
그래도 분위기 괜찮고 시끄럽지도 않아서 적당히 격식차릴 자리라면 갈만함"
1469510606,빌즈 강남,강남,양식,3.1,452,,,매장이 예쁘고 분위기가 좋아요!
1469510606,빌즈 강남,강남,양식,3.1,452,,,인테리어가 예쁘고 맛있어요
1469510606,빌즈 강남,강남,양식,3.1,452,,,주차.. 하나 장점
1469510606,빌즈 강남,강남,양식,3.1,452,,,"그냥 딱 소개팅하기 좋은 곳, 음식은 예전만 못함ㅠㅠ
까르보나라 느끼해서 피클이나 할라피뇨 있냐고 물으니 없다고 함ㅋㅋ
그나마 리코타 핫케이크가 젤 맛있었음"
1469510606,빌즈 강남,강남,양식,3.1,452,,,"음식 맛은 그냥 그래요. 양도 가격대비 적은 편입니다. 특히 까르보나라는 밋밋하니 별로라 비추입니다.다만 강남에 이정도 탁 트인 공간과 밝은 채광, 편하고 넉넉한 주차시간 등을 고려하면 괜찮을 거 같아요"
1469510606,빌즈 강남,강남,양식,3.1,452,,,팬케이크 맛있어요. 평일저녁엔 매장이 안 붐벼서 그런지 직원응대도 친절했습니다.
1469510606,빌즈 강남,강남,양식,3.1,452,,,"팬케익 못 먹은게 아쉽ㅜ 분위기랑 인테리어, 식기류 때문에 좋은 기억이 많이 남음 브런치 먹으면서 도시 거리뷰 보니까 재밌더라구요 좋았음 ㅎㅎ
음식 간이 쎈 편인데 내 입맛엔 맞았고 롱블랙도 좋았음"
1469510606,빌즈 강남,강남,양식,3.1,452,,,유일하게 건진건 콜드브루
1469510606,빌즈 강남,강남,양식,3.1,452,,,봉골레 해감 전혀 안되어있어서 한입 먹을 때마다 아그작... 다 남기고 왔습니다. 예전엔 맛있었던 것 같은데..
1469510606,빌즈 강남,강남,양식,3.1,452,,,알바들이 ㅈㄴ 싹아지 없어요; 특히 눈작고 찢어진 라이언 눈썹 찐한 여자알바생 교육좀 다시 시키셔야할듯요 걍 무조건 안된다는 말밖에 안하고 태도가 띠꺼움 자리바꾸는거랑 춥다고 문닫아달란게 어려운 부탁인가요? 뭐... 더보기
1469510606,빌즈 강남,강남,양식,3.1,452,,,"누가 사준대서, 그동안 절대로 안갔던 곳이라 한번 가봤습니다. 분위기는 너무나 좋으니 분위기내고 약간 외국나간 느낌 부리고싶으면 가심 좋을듯요. 그런 마음으로 간거라 앉아 있었지,  음식 맛보자마자 계산해준 그분께 진심으로 죄송했습니다ㅜㅜ"
1469510606,빌즈 강남,강남,양식,3.1,452,,,"전체적으로 가격이 패밀리 레스토랑 수준이지만 맛은 더 있음. 추천: 오레키에테 파스타 (가쓰오부시, xo 소스, 파스타와의 조합이 신선하고, 양이 괜찮음)"
1469510606,빌즈 강남,강남,양식,3.1,452,,,핫케이키 존맛
1469510606,빌즈 강남,강남,양식,3.1,452,,,예약 내역 바꾸고싶어도 전화 연결 절~대 안됨. 결국 수수료내고 취소함. 3시간 동안 전화해도 연결 절~대 안 됨.
1469510606,빌즈 강남,강남,양식,3.1,452,,,펜케잌 너무 좋아요
1469510606,빌즈 강남,강남,양식,3.1,452,,,"아쉽다. 예전에 광화문 빌즈 자주가다 없어져서 오랜만에 강남까지 찾아왔는데... 내가 먹던 감동이 다 없어져서 아쉽다. 
음식이 전체적으로... 더보기"
1469510606,빌즈 강남,강남,양식,3.1,452,,,분위기
1469510606,빌즈 강남,강남,양식,3.1,452,,,사진/영상 후기만 보기
1469510606,빌즈 강남,강남,양식,3.1,452,,,2026.04.03.
1469510606,빌즈 강남,강남,양식,3.1,452,,,2026.04.01.
1469510606,빌즈 강남,강남,양식,3.1,452,,,2025.10.29.
1469510606,빌즈 강남,강남,양식,3.1,452,,,2024.08.07.
1469510606,빌즈 강남,강남,양식,3.1,452,,,2024.07.17.
1469510606,빌즈 강남,강남,양식,3.1,452,,,2024.04.11.
1469510606,빌즈 강남,강남,양식,3.1,452,,,2024.03.10.
1469510606,빌즈 강남,강남,양식,3.1,452,,,2024.03.07.
1469510606,빌즈 강남,강남,양식,3.1,452,,,2023.12.17.
1469510606,빌즈 강남,강남,양식,3.1,452,,,2023.12.06.
1469510606,빌즈 강남,강남,양식,3.1,452,,,2023.09.25.
1469510606,빌즈 강남,강남,양식,3.1,452,,,2023.08.27.
1469510606,빌즈 강남,강남,양식,3.1,452,,,2023.06.12.
1469510606,빌즈 강남,강남,양식,3.1,452,,,2023.01.22.
1469510606,빌즈 강남,강남,양식,3.1,452,,,2023.01.08.
1469510606,빌즈 강남,강남,양식,3.1,452,,,2025.12.23.
1469510606,빌즈 강남,강남,양식,3.1,452,,,2025.09.10.
1469510606,빌즈 강남,강남,양식,3.1,452,,,2025.09.09.
1469510606,빌즈 강남,강남,양식,3.1,452,,,2025.06.28.
1469510606,빌즈 강남,강남,양식,3.1,452,,,2025.04.05.
27271692,비야게레로,강남,양식,4.2,598,,,"맛돌이,, 멕시코 안 가봐서 현지맛은 모르겠지만 담백하고 맛있음 혼합 초리조 둘 다 존맛 혼합은 재료가 다양해서 두 개는 먹어야 맛이... 더보기"
27271692,비야게레로,강남,양식,4.2,598,,,"가성비 최고!
인생 타코 맛집"
27271692,비야게레로,강남,양식,4.2,598,,,"멕시코 다녀와서 먹은 타코집중에 제일 맛있었습니다.
제 멕시칸 친구가 추천해줘서 다녀왔는데 진짜 멕시코 맛에 가장 가깝습니다.
굳이굳이 찾아갈만 해요."
27271692,비야게레로,강남,양식,4.2,598,,,무난해요. 한국 패치가 안되어있어서 그런가 제입맛엔 그냥 그랬어요 같이 간 친구는 고기냄새때문에 남겼는데 저는 순살보다 혼합이 더맛있었습니당
27271692,비야게레로,강남,양식,4.2,598,,,"한국패치가 거의 안 되어 있는 타코여서 호불호가 있을 수 있겠습니다.
이 집의 최고 단점은 삼성동에 있다는 점..
근처에 있었으면.."
27271692,비야게레로,강남,양식,4.2,598,,,"매우 친절하게 궁금한 거 물어봐달라 하시고 메뉴 설명 해주심
너무 깔끔하게 한국 로컬라이징된 타코가 아니어서 더 좋음
근처에 살았으면 자주 갔을 곳"
27271692,비야게레로,강남,양식,4.2,598,,,"유명해지지 않았으면 하는데.. 진짜 맛있습니다

초보자는 을지로 올디스가시고, 내가 ... 더보기"
27271692,비야게레로,강남,양식,4.2,598,,,"친절하심
부속고기가 많아서 약간 국밥맛 나는 타코 ㅎㅎ
소스가 좀 매콤새콤한게 더 들어갔으면 완벽했을듯"
27271692,비야게레로,강남,양식,4.2,598,,,"무난합니다. 개인적으로 간이 더 쎄고 자극적인 
타코를 좋아해서 좀 건강식 먹는 느낌? 이었어요 
입에 쫙쫙 ... 더보기"
27271692,비야게레로,강남,양식,4.2,598,,,"내 인생은 비야게레로의 따꼬를 먹기 전과 후로 나뉜다. 이곳의 따꼬를 접하고나서야, 따꼬는 이런 것이구나, 라는 것을 비로소 깨닫게 되었다.
비바 따꼬, 비바 비야게레로"
27271692,비야게레로,강남,양식,4.2,598,,,멕시코 현지 맛에 가깝스
27271692,비야게레로,강남,양식,4.2,598,,,"외쿡사람들이 많이 찾는것 같은데
막 인상적인
타코맛은 아니였음 의외... 더보기"
27271692,비야게레로,강남,양식,4.2,598,,,"타코 좋아하는 사람이 극찬을 하길래
더워죽것는데 한시간걸려 갔는데 어머나..
원래 기대가 크면 실망도 하고 ... 더보기"
27271692,비야게레로,강남,양식,4.2,598,,,"맛있어요. 초창기부터 방문했었는데 예전보다 사이즈가 작아지긴했지만 맛은 그대로네요. 한개에 거의 5천원 가량하는 가격인데 양이 아쉽습니다.
  그리고 무쌍 직원분,, 주문 접수하는데 가게가 시끄러우니까 제 주문... 더보기"
27271692,비야게레로,강남,양식,4.2,598,,,혼합 타코 개맛있어요. 꼭 드세요. 대기가 있는데 빨리 빠지는 편이에요. 곱창타코가 없어서 조금 아쉬웠어요
27271692,비야게레로,강남,양식,4.2,598,,,"거의 십년째 변함이 없는 맛집

==== 예전리뷰 ====

몇년만에 재방문했는데 역시나 맛있다. 
... 더보기"
27271692,비야게레로,강남,양식,4.2,598,,,"한국 최고의 타코
어쩌면 돼지고기를 재료로 한 음식 중 최고
육향을 최대로 이끌... 더보기"
27271692,비야게레로,강남,양식,4.2,598,,,"돼지잡내 싫어하면 못 먹을 거같다.
돼지국밥을 타코로 만든 것 같다는 아래 댓글이 공감이 간다. 다음에는 살코기 까르... 더보기"
27271692,비야게레로,강남,양식,4.2,598,,,진짜 맛있음 멕시코 본토 스타일
27271692,비야게레로,강남,양식,4.2,598,,,뼈뼈!!!!!!! 아우 젠장
27271692,비야게레로,강남,양식,4.2,598,,,분위기
27271692,비야게레로,강남,양식,4.2,598,,,가성비
27271692,비야게레로,강남,양식,4.2,598,,,사진/영상 후기만 보기
27271692,비야게레로,강남,양식,4.2,598,,,2026.04.08.
27271692,비야게레로,강남,양식,4.2,598,,,2026.04.04.
27271692,비야게레로,강남,양식,4.2,598,,,2026.01.26.
27271692,비야게레로,강남,양식,4.2,598,,,2026.01.21.
27271692,비야게레로,강남,양식,4.2,598,,,2026.01.20.
27271692,비야게레로,강남,양식,4.2,598,,,2025.11.20.
27271692,비야게레로,강남,양식,4.2,598,,,2025.11.13.
27271692,비야게레로,강남,양식,4.2,598,,,2025.10.30.
27271692,비야게레로,강남,양식,4.2,598,,,2025.10.27.
27271692,비야게레로,강남,양식,4.2,598,,,2025.09.07.
27271692,비야게레로,강남,양식,4.2,598,,,2025.07.19.
27271692,비야게레로,강남,양식,4.2,598,,,2025.07.15.
27271692,비야게레로,강남,양식,4.2,598,,,2025.07.09.
27271692,비야게레로,강남,양식,4.2,598,,,2025.06.22.
27271692,비야게레로,강남,양식,4.2,598,,,2025.05.25.
27271692,비야게레로,강남,양식,4.2,598,,,2025.05.17.
27271692,비야게레로,강남,양식,4.2,598,,,2025.05.02.
27271692,비야게레로,강남,양식,4.2,598,,,2025.05.01.
27271692,비야게레로,강남,양식,4.2,598,,,2025.04.10.
7857136,마노디셰프 강남점,강남,양식,4.2,675,,,"•방문일자: 2026년 4월 평일저녁
•주문메뉴/가격: 프리미엄아보카도샐러드 22.9천, 홍새우비스크링귀니 33.9천, 홍새우알리오올리오파스타 31.9천, 바질페스... 더보기"
7857136,마노디셰프 강남점,강남,양식,4.2,675,,,"감태페스토문어뇨끼
홍새우비스크링귀니
딸기피자
존맛탱이에요~~ ... 더보기"
7857136,마노디셰프 강남점,강남,양식,4.2,675,,,기본 이상하는 레스토랑입니다!
7857136,마노디셰프 강남점,강남,양식,4.2,675,,,"왕 지이이이인짜 맛있쟈나...??!! 
스테이크 피자+..파스타.. +오렌... 더보기"
7857136,마노디셰프 강남점,강남,양식,4.2,675,,,강남에서 소개팅하기 좋은 플레이스같음
7857136,마노디셰프 강남점,강남,양식,4.2,675,,,지점이 여러개인 기업형 레스토랑 이미지라서 왠지 가격 대비 맛이 별로일 거라는 편견이 있었는데 의외로 기대 이상으로 괜찮았어요. 매장 넓고 접객도 깔끔해서 모임 장소로 좋을 듯해요.
7857136,마노디셰프 강남점,강남,양식,4.2,675,,,가격대가 조금 있지만 피자 괜찮고 파스타 괜찮음
7857136,마노디셰프 강남점,강남,양식,4.2,675,,,"머 가격이 비싸고 맛은 그냥 그렇다는 댓글을 보고가서 큰 기대없이 방문했는데 맛만 좋음.

2인세트 _ 1... 더보기"
7857136,마노디셰프 강남점,강남,양식,4.2,675,,,"딸기 피자, 씨푸드 파스타, 크림 파스타, 스테이크 리조또
4인, 음료까지 15만원
양은 조금 부족함"
7857136,마노디셰프 강남점,강남,양식,4.2,675,,,"분위기,서비스 좋아서 데이트 하기 좋아요. 넓은 테이블, 룸도 있어 여러명 모이는 연말 모임 장소로도 좋을듯! 관자 알리오올리오 진~~짜 맛있습니다!! 여기 파스타 맛집인듯. 파스타 정말 잘하네요ㅎㅎ 머쉬룸 샐... 더보기"
7857136,마노디셰프 강남점,강남,양식,4.2,675,,,정말 맛있어요! 진짜진짜 .. 🤍
7857136,마노디셰프 강남점,강남,양식,4.2,675,,,이 근처 갈때 자주 가요 맛있고 친절해요
7857136,마노디셰프 강남점,강남,양식,4.2,675,,,"- 아마트리치아나 파파르텔레 먹었는데, 맛은 있음. 베이컨은 좀 적은 편이고, 매운데 괜찮겠냐고 물어봤었는데 막 그렇게 맵지도 않았음(맵찔이 기준).
- 양은 적음.... 더보기"
7857136,마노디셰프 강남점,강남,양식,4.2,675,,,"역 근처에 있어서 가기도 편하고, 맛있어용 추천해여"
7857136,마노디셰프 강남점,강남,양식,4.2,675,,,"술집마냥 너~~무 시끄러워서 바로 앞자리 사람과 대화가 불가능해요. 목터져라 소리쳐가면서 말해야 하니 목 아파요...
가격도 파스타 ... 더보기"
7857136,마노디셰프 강남점,강남,양식,4.2,675,,,"당근관자뇨끼랑 스테이크 피자 진짜 맛있어요! 특히 뇨끼...진짜 맛있어요... 그리고 직원분들이 친절하시고,, 가격이 조금 있지만 양도 적지 않고 좋은 것같아요~~살면서 음식점 후기 처음 남겨보는데 추천~~"
7857136,마노디셰프 강남점,강남,양식,4.2,675,,,"버섯의 풍미가 그윽하게 입에 퍼지는,
그 틈을 놓치지 않고 파고드는 쬰득한 뇨끼를 드셔보시죠… 친절함은 덤"
7857136,마노디셰프 강남점,강남,양식,4.2,675,,,"맛잇당
직원분도 엄청 친절하심"
7857136,마노디셰프 강남점,강남,양식,4.2,675,,,분위기
7857136,마노디셰프 강남점,강남,양식,4.2,675,,,가성비
7857136,마노디셰프 강남점,강남,양식,4.2,675,,,사진/영상 후기만 보기
7857136,마노디셰프 강남점,강남,양식,4.2,675,,,2026.04.17.
7857136,마노디셰프 강남점,강남,양식,4.2,675,,,2026.02.11.
7857136,마노디셰프 강남점,강남,양식,4.2,675,,,2026.02.07.
7857136,마노디셰프 강남점,강남,양식,4.2,675,,,2026.01.26.
7857136,마노디셰프 강남점,강남,양식,4.2,675,,,2026.01.18.
7857136,마노디셰프 강남점,강남,양식,4.2,675,,,2025.09.24.
7857136,마노디셰프 강남점,강남,양식,4.2,675,,,2025.09.21.
7857136,마노디셰프 강남점,강남,양식,4.2,675,,,2025.04.12.
7857136,마노디셰프 강남점,강남,양식,4.2,675,,,2025.01.19.
7857136,마노디셰프 강남점,강남,양식,4.2,675,,,2024.12.22.
7857136,마노디셰프 강남점,강남,양식,4.2,675,,,2024.09.18.
7857136,마노디셰프 강남점,강남,양식,4.2,675,,,2024.02.17.
7857136,마노디셰프 강남점,강남,양식,4.2,675,,,2024.01.29.
7857136,마노디셰프 강남점,강남,양식,4.2,675,,,2024.01.26.
7857136,마노디셰프 강남점,강남,양식,4.2,675,,,2023.10.20.
7857136,마노디셰프 강남점,강남,양식,4.2,675,,,2023.03.04.
7857136,마노디셰프 강남점,강남,양식,4.2,675,,,2023.03.02.
7857136,마노디셰프 강남점,강남,양식,4.2,675,,,2023.02.24.
7857136,마노디셰프 강남점,강남,양식,4.2,675,,,2023.01.12.
18074322,파씨오네,강남,양식,4.6,238,,,"디너 코스. 약 2시간 동안 즐기고 왔습니다.
경험이 부족해 왜 가성비 좋다고 하는지 처음엔 잘 이해가 되지 않았지만... 더보기"
18074322,파씨오네,강남,양식,4.6,238,,,런치코스 가격대에 비해 양과 맛 모두 훌륭합니다. 메뉴 설명도 적절하고 맛도 부드럽고 자연스러워 재방문 의사 있습니다
18074322,파씨오네,강남,양식,4.6,238,,,"런치코스, 간이 조금 있은 편이지만, 프렌치 다이닝을 즐기기에 좋다. 메인은 오리가슴살 추천, 겉면의 바삭함과 살의 익힘이 재대로다. 생선, 양파, 야채들의 익힘도 훌륭. 가성비도 좋고 압구정 근방에서 오래 영업해온 양식 터줏대감 식당 중 하나."
18074322,파씨오네,강남,양식,4.6,238,,,너무 맛있어서 사진도 못찍고 게걸스럽게 먹었습니다
18074322,파씨오네,강남,양식,4.6,238,,,"12월부터 코스가격 인상(7.0)한다고함. 럭키비키하게 11/29에 런치코스 방문. (6.5) 
코스 구성 너무 알차고 당연히 하나하나 다 맛있고 분위기 너므 아늑하고 좋아요. 메인 양고기맛있고, 디저... 더보기"
18074322,파씨오네,강남,양식,4.6,238,,,"합리적인 가격으로 기분 전환하기 좋음
와인까지 시키니 30만 원 돈 나오긴 함...
간이 좀 센 편"
18074322,파씨오네,강남,양식,4.6,238,,,"맛있고 특색있어요!
생일이나 기념일에 가면 칭찬 받을 곳 🥰
(TMI: 사진에는 없지만 메인 셰프님이 그 날 메뉴... 더보기"
18074322,파씨오네,강남,양식,4.6,238,,,또갈게요 두번째 방문인데 좋았어요!
18074322,파씨오네,강남,양식,4.6,238,,,정말 너무너무 맛있고 의미있는 뜻깊은 한끼였어요! 직원분들 너무 친철하시고 특히 매인 오리 이게 진짜 요물이네요...바삭하고 크리스피한 껍질안에 부드럽게 녹아내리는 오리가 진짜 너무 맛있어요... 더보기
18074322,파씨오네,강남,양식,4.6,238,,,여기가 천국입니다 진짜.. 맨날오고싶다 ..
18074322,파씨오네,강남,양식,4.6,238,,,"요즘 다이닝 잘하는 곳이 워낙 많아서 그런지
조금 아쉬운 곳"
18074322,파씨오네,강남,양식,4.6,238,,,모든 것이 좋았던 식사였습니다.
18074322,파씨오네,강남,양식,4.6,238,,,산뜻하게 가볍게 먹을 수 있는 원슐랭 인 것 같아용😋
18074322,파씨오네,강남,양식,4.6,238,,,11년 단골집. 맛이 한결같고 메뉴도 크게 변동되지 않아서 든든한 레스토랑이다. 가격은 조금씩 오르고 있지만 그래도 여전히 가성비 맛집이다 (특히 한우를 고집하지 않는다면. 개인적으로 양이나 오리가 더 괜찮다). 양이 예전보다는 작긴 하다.
18074322,파씨오네,강남,양식,4.6,238,,,음식 구성이 좋고 설명도 친절하게 잘 해 주세요. 분위기도 좋아요! 굿
18074322,파씨오네,강남,양식,4.6,238,,,"너무 맛있고 대중적으로 가볍게 맛있는 한 끼로 적합했습니다! 누구와 함께 가도 실패 안하는 곳
메뉴 하나하나 ... 더보기"
18074322,파씨오네,강남,양식,4.6,238,,,"작년 겨울 방문
맛있고 가성비 넘 좋았어요!
직원분들 친절했아요♡"
18074322,파씨오네,강남,양식,4.6,238,,,"해산물과 전복리조또가 너무 마싯엇음
고기보단 해산물에 강한 레스토랑인 것 같은데 메인에 해산물이 없는 것이 아쉬움
바닥에서 냉기가 올라와서 넘 추웠기에 봄, 가을에 또 가고픈 곳"
18074322,파씨오네,강남,양식,4.6,238,,,"디너코스 방문 (1인당 8.8만원)
깔끔한 프렌치 코스.
미리 예약해서 룸에서 식사했는데 일행끼리 오붓하게 시간을 보낼 수 있어... 더보기"
18074322,파씨오네,강남,양식,4.6,238,,,분위기
18074322,파씨오네,강남,양식,4.6,238,,,가성비
18074322,파씨오네,강남,양식,4.6,238,,,사진/영상 후기만 보기
18074322,파씨오네,강남,양식,4.6,238,,,2026.04.26.
18074322,파씨오네,강남,양식,4.6,238,,,2026.01.23.
18074322,파씨오네,강남,양식,4.6,238,,,2025.12.30.
18074322,파씨오네,강남,양식,4.6,238,,,2025.09.20.
18074322,파씨오네,강남,양식,4.6,238,,,2024.11.30.
18074322,파씨오네,강남,양식,4.6,238,,,2023.12.12.
18074322,파씨오네,강남,양식,4.6,238,,,2023.06.23.
18074322,파씨오네,강남,양식,4.6,238,,,2022.11.06.
18074322,파씨오네,강남,양식,4.6,238,,,2026.02.21.
18074322,파씨오네,강남,양식,4.6,238,,,2025.11.29.
18074322,파씨오네,강남,양식,4.6,238,,,2025.07.22.
18074322,파씨오네,강남,양식,4.6,238,,,2025.01.10.
18074322,파씨오네,강남,양식,4.6,238,,,2024.12.05.
18074322,파씨오네,강남,양식,4.6,238,,,2024.03.13.
18074322,파씨오네,강남,양식,4.6,238,,,2023.10.15.
18074322,파씨오네,강남,양식,4.6,238,,,2022.12.22.
18074322,파씨오네,강남,양식,4.6,238,,,2022.12.03.
18074322,파씨오네,강남,양식,4.6,238,,,2022.12.01.
18074322,파씨오네,강남,양식,4.6,238,,,2022.08.05.
18074322,파씨오네,강남,양식,4.6,238,,,2022.07.31.
368469701,조인바이트,강남,양식,4.3,758,,,"가게 입구는 이쁘나 구성된 가격과 서비스가 아쉽고
2층 부터 짜치는 인테리어와 헌팅포차 처럼 꾸며진 변해버린 내부로 가오픈이... 더보기"
368469701,조인바이트,강남,양식,4.3,758,,,남편이랑 케이크 그리고 음료 먹는데 케이크 먹다가 갑자기 곰팡이 있는것 같아서 직원분께 말씀드리니 곰팡이 맞다고 저희가 케이크를 전날에 냉장고에 넣어서 판매하는데 저희 보관 잘못이 아닌것 같다고 하시는데 그러면 누구 잘못인가요?
368469701,조인바이트,강남,양식,4.3,758,,,"무조건 1인당 잔 차지 1만원이 붙으므로 엄연히 콜키지프리는 아님. 친화력좋은 강아지가 손님맞이하고, 풍성한 조경으로 둘러싸인 야외 테라스에서 모임하기 좋은 곳. 
음식도 괜찮았으나 태블렛으로 주문하고 직접 픽업하러가야하는 번거로움은 있다."
368469701,조인바이트,강남,양식,4.3,758,,,"음식은 맛있었다 
그러나 거기까지였다
음식점 인테리어는 가격이... 더보기"
368469701,조인바이트,강남,양식,4.3,758,,,"코스 하나하나 퀄리티 안정적이고, 와인 페어링까지 잘 맞아서 전체 흐름이 정말 좋았어요🍷 분위기까지 좋아서 기념일이나 데이트로 자주 오고 싶은 삼성동 단골각 맛집✨"
368469701,조인바이트,강남,양식,4.3,758,,,"친구들이랑 방문했는데, 분위기 맛집 인정!  플레이팅도 예뻐서 사진 찍기 좋았어요 💯"
368469701,조인바이트,강남,양식,4.3,758,,,전체적으로 메뉴 퀄리티가 높아서 완전 만족스러웠어요 덕분에 제대로된 양식 잘 먹고 갑니다~
368469701,조인바이트,강남,양식,4.3,758,,,"모임으로 방문했는데, 전반적으로 만족스러웠습니다! 음식 맛은 물론 눈으로도 즐길 수 있는 플레이팅이 좋았어요"
368469701,조인바이트,강남,양식,4.3,758,,,기념일 겸 저녁 먹으러 왔는데 분위기가 정말 좋았어요~~음식 퀄리티도 높고 플레이팅까지 신경 쓴 점이 맘에 들었습니다!
368469701,조인바이트,강남,양식,4.3,758,,,남자친구랑 데이트했는데 분위기가 진짜 좋았어요ㅜㅜ 직원분들도 왕왕 친절하심!!! 다음엔 친구들이랑 또 방문해보려구요! ✨😊
368469701,조인바이트,강남,양식,4.3,758,,,기념일에 방문하였는데 분위기가 매우 만족스러웠습니다. 음식의 질과 아름다운 플레이팅 덕분에 더욱 품격 있는 식사를 경험... 더보기
368469701,조인바이트,강남,양식,4.3,758,,,불로장생 메뉴 먹었는데 재료가 다 신선해서 좋았어요~ 부모님 모시고 오기에도 진짜 괜찮을 것 같아서 다음엔 부모님 모시고 방문해보도록 하겠습니다
368469701,조인바이트,강남,양식,4.3,758,,,분위기도 좋고 음식도 만족스러워서 조만간 친구들이랑 또 갈 예정입니다. 😊
368469701,조인바이트,강남,양식,4.3,758,,,플레이팅도 완전 예뻐서 사진 찍을 맛 나고 음식 퀄리티까지 진짜 대박이었어요 다음에는 부모님 모시고 불로장생 뿌시러 오겠습니다!
368469701,조인바이트,강남,양식,4.3,758,,,기념일 데이트 겸 방문했는데 분위기가 정말 좋았어요 음식 퀄리티도 상당해서 오랜만에 제대로 된 양식을 즐긴 느낌입니다... 더보기
368469701,조인바이트,강남,양식,4.3,758,,,분위기 좋고 음식 맛은 물론 플레이팅까지 완벽  불로장생 진짜 굿!
368469701,조인바이트,강남,양식,4.3,758,,,분위기가 진짜 좋아서 시간 가는 줄 몰랐어요ㅎㅎㅎㅎ 음식 퀄리티도 미쳤고 불로장생 몸보신 제대로 했음! 친구들이랑 다시 오고 싶은 곳 1위입니당
368469701,조인바이트,강남,양식,4.3,758,,,분위기 완전 취향저격! 음식도 너무 맛있고 사진 찍기 대박 좋음! 볶음밥 불향 쩔어요 또 갈 거예요!
368469701,조인바이트,강남,양식,4.3,758,,,"지인들과 모임으로 들렀는데, 음식 플레이팅이 정말 예술이더군요. 볶음밥의 불향이 인상 깊었고, 전체적으로 재료 신선도가 좋아서 만족스러웠습니다"
368469701,조인바이트,강남,양식,4.3,758,,,친구랑 데이트 겸 왔는데 분위기 진짜 미쳤어요. 음식 퀄리티도 대박이고 플레이팅까지 완벽해서 사진 엄청 찍음! 다음엔 찐친들이랑 다같이 모임 각~~~
368469701,조인바이트,강남,양식,4.3,758,,,분위기
368469701,조인바이트,강남,양식,4.3,758,,,가성비
368469701,조인바이트,강남,양식,4.3,758,,,사진/영상 후기만 보기
368469701,조인바이트,강남,양식,4.3,758,,,2024.08.03.
368469701,조인바이트,강남,양식,4.3,758,,,2023.06.13.
368469701,조인바이트,강남,양식,4.3,758,,,2023.06.09.
368469701,조인바이트,강남,양식,4.3,758,,,2023.01.21.
368469701,조인바이트,강남,양식,4.3,758,,,2026.04.10.
368469701,조인바이트,강남,양식,4.3,758,,,2026.03.02.
368469701,조인바이트,강남,양식,4.3,758,,,2026.02.28.
368469701,조인바이트,강남,양식,4.3,758,,,2026.02.27.
368469701,조인바이트,강남,양식,4.3,758,,,2026.02.26.
368469701,조인바이트,강남,양식,4.3,758,,,2026.02.25.
368469701,조인바이트,강남,양식,4.3,758,,,2026.02.24.
237005010,로마옥 도곡,강남,양식,3.8,636,,,"미리 예약하고 찾아간 곳.
웨이팅 룸도 있었는데, 그걸 모르고 시간 떼우려고 근처 한바퀴 돌았는데, 그 마저도 기다림과 대화의 시간으로 좋았다... 더보기"
237005010,로마옥 도곡,강남,양식,3.8,636,,,"일부 악평이 있어서 크게 기대하지 않았는데, 음식도 다 맛있고 친절했어요. 식전빵부터 맛있고ㅎㅎ 카프레제도! 파스타,한우채끝 스테이크 다 맛있었습니당~! 샹그리아도ㅋㅋ(와인맛이나 알콜은 거의 느... 더보기"
237005010,로마옥 도곡,강남,양식,3.8,636,,,"친절하고 맛있고
... 좀 비싸고 짭니다
꼭 예약하고오세요~"
237005010,로마옥 도곡,강남,양식,3.8,636,,,당일에 예약 전화 드려도 빈자리 있으면 예약 걸어 주셨어요. 멀리서 갔는데 기대했던만큼 식사도 서비스도 최고였어요. 트러플 크림 파스타가 정말 취향이었고 디저트도 여기서만 맛볼 수 있는 특별한 맛이에요!! 언제든지 또 가고 싶어요.
237005010,로마옥 도곡,강남,양식,3.8,636,,,"가격은 엄청 비싼데
맛이 그렇게 있는 편은 아니에요
분위기는 있지만 엄청 시끄러워요

연... 더보기"
237005010,로마옥 도곡,강남,양식,3.8,636,,,음식 마다 다른 곳과는 약간 차별화된 느낌이 있고 다 맛있어요. 사진엔 없지만 보리로 만들 리조또도 식감도 독특하고 맛있었어요.
237005010,로마옥 도곡,강남,양식,3.8,636,,,정말 다 맛있었어요 양은 적었지만 맛은 실패 없는거같아요!
237005010,로마옥 도곡,강남,양식,3.8,636,,,너무 맛있어용
237005010,로마옥 도곡,강남,양식,3.8,636,,,전복게우파스타 맛있었어용
237005010,로마옥 도곡,강남,양식,3.8,636,,,"장점 - 
따듯하고 고급스러운 내부 외부 인테리어로 지인들과 와인 한잔 하기에 좋을듯 합니다

단점 -
... 더보기"
237005010,로마옥 도곡,강남,양식,3.8,636,,,생혀 라자냐 한우라구 맛있어요
237005010,로마옥 도곡,강남,양식,3.8,636,,,"나쁘진 않음..
강남 물가 감안해서 금액대비 음식양은 흐린눈하고
분위기는 ... 더보기"
237005010,로마옥 도곡,강남,양식,3.8,636,,,"https://m.blog.naver.com/lmj1214/223845198162

로마옥은 아늑한 분위기와 함께 맛있는 이탈리안 ... 더보기"
237005010,로마옥 도곡,강남,양식,3.8,636,,,"소개팅 명소일만큼 분위기는 좋으나 음식 맛이 뒷받침이 안 됩니다.

봉골레에 있... 더보기"
237005010,로마옥 도곡,강남,양식,3.8,636,,,먹물리조또 밥이 좀 설익은느낌이들었지만 이쪽스타일인가 해서 먹었는데 제 친구가 배탈이났어요ㅜ가격대만큼 맛있지도 않았습니다ㅜ
237005010,로마옥 도곡,강남,양식,3.8,636,,,"별3개 했다가 추천포인트보고 별2개로 합니다. 
맛은 짭니다. 물을 주전자 한통 다 마셨어요. 
스파게티면은 좀 덜 삶아져서 포크에 감기 힘들구요.... 더보기"
237005010,로마옥 도곡,강남,양식,3.8,636,,,분위기
237005010,로마옥 도곡,강남,양식,3.8,636,,,사진/영상 후기만 보기
237005010,로마옥 도곡,강남,양식,3.8,636,,,2025.07.01.
237005010,로마옥 도곡,강남,양식,3.8,636,,,2024.09.05.
237005010,로마옥 도곡,강남,양식,3.8,636,,,2024.06.12.
237005010,로마옥 도곡,강남,양식,3.8,636,,,2024.04.21.
237005010,로마옥 도곡,강남,양식,3.8,636,,,2024.01.28.
237005010,로마옥 도곡,강남,양식,3.8,636,,,2023.11.05.
237005010,로마옥 도곡,강남,양식,3.8,636,,,2023.08.06.
237005010,로마옥 도곡,강남,양식,3.8,636,,,2023.03.27.
237005010,로마옥 도곡,강남,양식,3.8,636,,,2023.02.23.
237005010,로마옥 도곡,강남,양식,3.8,636,,,2026.02.15.
237005010,로마옥 도곡,강남,양식,3.8,636,,,2026.01.16.
237005010,로마옥 도곡,강남,양식,3.8,636,,,2025.11.06.
237005010,로마옥 도곡,강남,양식,3.8,636,,,2025.10.02.
237005010,로마옥 도곡,강남,양식,3.8,636,,,2025.05.18.
237005010,로마옥 도곡,강남,양식,3.8,636,,,2025.05.09.
237005010,로마옥 도곡,강남,양식,3.8,636,,,2025.04.30.
237005010,로마옥 도곡,강남,양식,3.8,636,,,2024.05.22.
237005010,로마옥 도곡,강남,양식,3.8,636,,,2024.05.17.
237005010,로마옥 도곡,강남,양식,3.8,636,,,2024.04.12.
1250460135,마초 스테이크,강남,양식,4.6,453,,,"진짜 맛있게 먹고 기분 좋게 나와서 저 사진찍은게 23분 매장 나와서 글쓰는 지금이 46분입니다,, 매잘 바로 앞에 주차 했느데 발렛비인지 주차비로 4000원... 더보기"
1250460135,마초 스테이크,강남,양식,4.6,453,,,"스테이크 먹고싶을때마다 오는곳!
+ 밥 맛집"
1250460135,마초 스테이크,강남,양식,4.6,453,,,고기등급과 무관하게 잘익히고 마초비법소스와 버터가 금상첨화라 맛없을수가 없내요
1250460135,마초 스테이크,강남,양식,4.6,453,,,"금요일 오후 5시반쯤 웨이팅없이 입장
지도에서 식당 찾아보다가 궁금해서 바로 가 봄 스테이크 나오면 바로 치이익 해서 먹는 집
고기 맛있... 더보기"
1250460135,마초 스테이크,강남,양식,4.6,453,,,웨이팅 걱정했는데 역 내려서 캐치테이블 했는데도 회전율이 좋은 덕분인지 도착하자마자 바로 들어갈 수 있었습니다. 추성훈스테이크는 듣던대로 진짜 많았고 바질안심스테이크도 든든한 양이어서 충분했어요. ... 더보기
1250460135,마초 스테이크,강남,양식,4.6,453,,,"진짜 남편이랑 꼭 가보고 싶었던 마초 스테이크집에 드디어 방문했어요! 웨이팅이 조금 있었지만, 그래도 빠르게 들어간 편이였어요! 저희는 바로 마초 시그니처 커플세트로 시켰는데 생각보다 너무 맛있더라구요! 고기 질기지... 더보기"
1250460135,마초 스테이크,강남,양식,4.6,453,,,"제가 집앞 마트에서 9000~12000원하는 등심사서 구워먹는게 여기서 먹는거보다 맛있습니다 양도 적고
가격대비 매우 실망... 더보기"
1250460135,마초 스테이크,강남,양식,4.6,453,,,"맛은 있는데 양대비 가격 사악하네요 덜덜
사진이 양 많게 나온 거지 실제로 먹어보면 
한 다섯입 먹으면 식사 완료임... 더보기"
1250460135,마초 스테이크,강남,양식,4.6,453,,,추성훈 스테이크로 유명해 방송에서 보고 방문 했는데 역시 믿고 먹을만 합니다 굿굿
1250460135,마초 스테이크,강남,양식,4.6,453,,,제 입맛엔 달콤한맛 소스가 더 맛있는 것 같아요. 밥은 따로 먹는것보다 소스랑 철판에서 섞어 먹는게 찐이네요. 이제 평일 저녁은 웨이팅이 없어서 기다리지 않아도 되서 더 좋아요. 철판에서 지글지글 고기 익는걸 보는것도 재밌고 맛있었습니다.
1250460135,마초 스테이크,강남,양식,4.6,453,,,내부가 깔끔해서 첫인상이 좋았어요 철판에서 나는 고소한 향이 식욕을 자극하더라구요! 스테이크 식감이 탄탄하고 소스 조합이 잘 어울려 한입마다 너무 맛있어서 놀랬어요! 직원분들 친절하... 더보기
1250460135,마초 스테이크,강남,양식,4.6,453,,,"갑자기 스테이크가 생각날 때 저렴한 가격으로 먹을만한 맛.. 가격으로만 따지면 두 명이서 10만원이긴 하지만 스테이크는 비싸잖아여? ㅎ 
고기 질은 그냥 보통 무난했어요! 약간 질렸고 서비스가 좋았답니다🫠"
1250460135,마초 스테이크,강남,양식,4.6,453,,,"빡세게 일하고 퇴근한 후에, 열심히 헬스하고 난 후에.
무식하게 밥이랑 소고기를 입으로 때려넣고 싶은 상남자의 선택. 
(좀 비싸긴 함 ㅋ)"
1250460135,마초 스테이크,강남,양식,4.6,453,,,주물팬에 나오니까 익힘정도도 조절할 수 있어서 좋았고 소스랑 콘이랑 마지막에 밥 슥슥 비벼먹으니까 이것도 역시~ 한국인이 딱 좋아할 맛!!! 웨이팅 길다고 해서 걱정했는데 캐... 더보기
1250460135,마초 스테이크,강남,양식,4.6,453,,,"기대 없이 갔는데 너무 맛있었어요
소스도 그렇게 짜지 않은 듯.? 약간 현지화가 된건가..
저는 워낙 심심하게 먹는 편... 더보기"
1250460135,마초 스테이크,강남,양식,4.6,453,,,일본 못가는 사람들을 위해 추아조씨가 맛보여준거라 생각해서 별세개. 그러나 특별할거없었다. 맛도 감성도 한철 유행같은 느낌이 아쉬웠다. 리뷰이벤트 아닌 아조씨팬 솔찍후기
1250460135,마초 스테이크,강남,양식,4.6,453,,,맛에 비해 가격이........
1250460135,마초 스테이크,강남,양식,4.6,453,,,"맛은 진짜 맛있고, 더 먹고 싶은데 

가격이 너무 사악해서 맛보기로 충분함"
1250460135,마초 스테이크,강남,양식,4.6,453,,,고기가 정말 정말 맛있어요 ! 게다가 직원분들이 정말 친절하게 안내해주시더라고요 같이 나오는 밑반찬들도 정말 정갈하구 맛있었어요 찾아가는 길도 안 어렵고 좋았슴당
1250460135,마초 스테이크,강남,양식,4.6,453,,,요즘 핫한 마초스테이크 방문했어요! 후기가 좋은 이유가 있었네요ㅎㅎ 고기 질도 좋고 소스도 맛있구요!  가격도 좋아서 배부르게 먹었습니다ㅎㅎ 또 방문할게요!
1250460135,마초 스테이크,강남,양식,4.6,453,,,분위기
1250460135,마초 스테이크,강남,양식,4.6,453,,,가성비
1250460135,마초 스테이크,강남,양식,4.6,453,,,사진/영상 후기만 보기
1250460135,마초 스테이크,강남,양식,4.6,453,,,2026.03.06.
1250460135,마초 스테이크,강남,양식,4.6,453,,,2026.03.11.
1250460135,마초 스테이크,강남,양식,4.6,453,,,2026.02.20.
1250460135,마초 스테이크,강남,양식,4.6,453,,,2026.02.23.
1250460135,마초 스테이크,강남,양식,4.6,453,,,2026.01.12.
1250460135,마초 스테이크,강남,양식,4.6,453,,,2026.01.14.
1250460135,마초 스테이크,강남,양식,4.6,453,,,2025.12.24.
1250460135,마초 스테이크,강남,양식,4.6,453,,,2026.01.02.
1250460135,마초 스테이크,강남,양식,4.6,453,,,2025.12.14.
1250460135,마초 스테이크,강남,양식,4.6,453,,,2025.12.17.
1250460135,마초 스테이크,강남,양식,4.6,453,,,2025.12.05.
1250460135,마초 스테이크,강남,양식,4.6,453,,,2025.12.09.
1250460135,마초 스테이크,강남,양식,4.6,453,,,2025.11.12.
1250460135,마초 스테이크,강남,양식,4.6,453,,,2025.11.13.
1250460135,마초 스테이크,강남,양식,4.6,453,,,2025.10.15.
1250460135,마초 스테이크,강남,양식,4.6,453,,,2025.10.16.
1250460135,마초 스테이크,강남,양식,4.6,453,,,2025.10.13.
1250460135,마초 스테이크,강남,양식,4.6,453,,,2025.10.14.
1250460135,마초 스테이크,강남,양식,4.6,453,,,2025.10.01.
1250460135,마초 스테이크,강남,양식,4.6,453,,,2025.10.02.
1250460135,마초 스테이크,강남,양식,4.6,453,,,2025.08.14.
1250460135,마초 스테이크,강남,양식,4.6,453,,,2025.08.15.
1250460135,마초 스테이크,강남,양식,4.6,453,,,2025.08.13.
1250460135,마초 스테이크,강남,양식,4.6,453,,,2025.08.08.
1250460135,마초 스테이크,강남,양식,4.6,453,,,2025.08.05.
1250460135,마초 스테이크,강남,양식,4.6,453,,,2025.08.06.
1250460135,마초 스테이크,강남,양식,4.6,453,,,2025.08.04.
1248615345,텍사스데브라질 압구정점,강남,양식,3.6,647,,,"고기 익힘 상태가 이게 맞나 싶음 
특히 양고기는 핏물 가득해서 썰리지도 않은 걸 갖다줌
모든 고기들에 저렇게 핏물이 가득함
고터 점도 ... 더보기"
1248615345,텍사스데브라질 압구정점,강남,양식,3.6,647,,,"고기에 대한 선택과 집중, 접객과 식음 모두 상당함.
압구정과 강남 두 지점밖에 남지않은 텍사스데브라질
오랜만에 방문했는데 꽤나... 더보기"
1248615345,텍사스데브라질 압구정점,강남,양식,3.6,647,,,디너 슈하스코(슈하스코 15종 무한리필)
1248615345,텍사스데브라질 압구정점,강남,양식,3.6,647,,,"부위별로 육질 차이를 느낄 수 있어 재미있음. 모든 부위가 다 맛있다 할 수는 없지만 몇가지는 또 생각나는 맛! 샐러드바도 있어 육식과 채소의 밸런스를
맞출 수 있다. 흔한 무제한 고기부페에 질렸다면 덱사스데브라질 추천."
1248615345,텍사스데브라질 압구정점,강남,양식,3.6,647,,,"소고기 돼지고기 닭고기 등
브라질 스테이크를 잔뜩 먹을 수 있어요!!
고기 좋아하시는 분은 강추!!ㅋ... 더보기"
1248615345,텍사스데브라질 압구정점,강남,양식,3.6,647,,,맛있었지만 ㅜ 한바퀴만 돌아도 배불렀어요 잘드시는분은 추천 … 둘이 갔는데 둘다 먹고 장염 걸려서 고생해씀다 다들 과식주의
1248615345,텍사스데브라질 압구정점,강남,양식,3.6,647,,,"삐까냐? 정말 맛잇고
분위기 좋고
서비스 친절하고 
고기들도 ... 더보기"
1248615345,텍사스데브라질 압구정점,강남,양식,3.6,647,,,"메뉴: 디너

음식: ★★☆☆☆
고기는 짜고 기름져서 한 8-9종류정도 먹으면 못먹어요. 몇몇 종류는 ... 더보기"
1248615345,텍사스데브라질 압구정점,강남,양식,3.6,647,,,"라틴 분위기 너무 조아>_<
신기한 음식들이 많고
고기 어마어마하네요 ㄷ ㄷ ㄷ
삼겹... 더보기"
1248615345,텍사스데브라질 압구정점,강남,양식,3.6,647,,,고기종류많고  모두 맛있어요
1248615345,텍사스데브라질 압구정점,강남,양식,3.6,647,,,"역시....고기는 사랑이어요.....ㅎㅎ
직원분들도 친절하시고 샐러드 바도 엄청 다양하고 알차게 구성되어 있습니다. 재료가 무척 신성해서 좋았어요!
생각... 더보기"
1248615345,텍사스데브라질 압구정점,강남,양식,3.6,647,,,"고기 몇입은 맛있었으나 15가지 종류들 고기 대부분이 기름져서 그런지 육류파인 나도 금방 물리고 배부름
샐바는 먹을만한게 별로 없는데 그나마 소르류들로 곁들... 더보기"
1248615345,텍사스데브라질 압구정점,강남,양식,3.6,647,,,"색다른 식사 한번 하러 가는 느낌
느끼함을 해소 해줄 샐바 음식은 없다..
가격이 비... 더보기"
1248615345,텍사스데브라질 압구정점,강남,양식,3.6,647,,,"진짜 너무 맛있게 먹었어요!!
소갈비랑 소등심이랑 양갈비, 통삼겹 장난 아니에요.
립이랑 소시지는 조금 짜던데.. 소... 더보기"
1248615345,텍사스데브라질 압구정점,강남,양식,3.6,647,,,"평일런치로 먹었습니다
고기 좋아하면 좋을곳 9가지 고기를 한번씩 먹고 맛있던걸 추가로 먹음
샐러드바에서 토마토 오이 같은걸로 입가심 하며 ... 더보기"
1248615345,텍사스데브라질 압구정점,강남,양식,3.6,647,,,매니저??분들인지 알바분들인지 친절하세요 조곤조곤 설명해주시고 항상 미소지어주세요 다른데서 일하기 싫은건지 뭔지 모를 대접 받... 더보기
1248615345,텍사스데브라질 압구정점,강남,양식,3.6,647,,,"전반적으로 맛있는 스테이크 먹을 수 있는 곳!

육류를 좋아하는, 양이 많은 사람들이 양껏 즐길 수 있다😋

모... 더보기"
1248615345,텍사스데브라질 압구정점,강남,양식,3.6,647,,,흡족합니다
1248615345,텍사스데브라질 압구정점,강남,양식,3.6,647,,,남자 셋이서 갔습니다. 매장에서 실수하신 건지 저희가 기억을 못 하는 건지 모르겠는데 처음에 15종 중 한 종류가 안 나왔던 것 같습니다. 나중에 추가로 먹을 슈하스코를 조사하실 때 필렛 미뇽(안심)을 먹은 기억이 없어서... 더보기
1248615345,텍사스데브라질 압구정점,강남,양식,3.6,647,,,분위기
1248615345,텍사스데브라질 압구정점,강남,양식,3.6,647,,,사진/영상 후기만 보기
1248615345,텍사스데브라질 압구정점,강남,양식,3.6,647,,,2026.01.18.
1248615345,텍사스데브라질 압구정점,강남,양식,3.6,647,,,2025.12.30.
1248615345,텍사스데브라질 압구정점,강남,양식,3.6,647,,,2025.11.30.
1248615345,텍사스데브라질 압구정점,강남,양식,3.6,647,,,2025.07.16.
1248615345,텍사스데브라질 압구정점,강남,양식,3.6,647,,,2025.07.15.
1248615345,텍사스데브라질 압구정점,강남,양식,3.6,647,,,2025.01.28.
1248615345,텍사스데브라질 압구정점,강남,양식,3.6,647,,,2024.11.26.
1248615345,텍사스데브라질 압구정점,강남,양식,3.6,647,,,2023.10.29.
1248615345,텍사스데브라질 압구정점,강남,양식,3.6,647,,,2023.08.27.
1248615345,텍사스데브라질 압구정점,강남,양식,3.6,647,,,2023.08.19.
1248615345,텍사스데브라질 압구정점,강남,양식,3.6,647,,,2023.05.21.
1248615345,텍사스데브라질 압구정점,강남,양식,3.6,647,,,2023.04.13.
1248615345,텍사스데브라질 압구정점,강남,양식,3.6,647,,,2022.10.30.
1248615345,텍사스데브라질 압구정점,강남,양식,3.6,647,,,2022.08.29.
1248615345,텍사스데브라질 압구정점,강남,양식,3.6,647,,,2026.03.30.
1248615345,텍사스데브라질 압구정점,강남,양식,3.6,647,,,2025.10.28.
1248615345,텍사스데브라질 압구정점,강남,양식,3.6,647,,,2025.10.10.
1248615345,텍사스데브라질 압구정점,강남,양식,3.6,647,,,2025.08.31.
1248615345,텍사스데브라질 압구정점,강남,양식,3.6,647,,,2024.11.21.
1248615345,텍사스데브라질 압구정점,강남,양식,3.6,647,,,2024.11.11.
19808159,오리지널팬케이크하우스 가로수길점,강남,양식,3.8,277,,,팬케이크 자체도 정말 맛있고 시럽 등등 토핑도 달지않고 본연의 향이 잘느껴져요!! 자몽에이드도 시럽을 쓰지 않고 생과일을 많이 쓰는듯해서 달지않고 맛있었어요 직원분들 친절하세용
19808159,오리지널팬케이크하우스 가로수길점,강남,양식,3.8,277,,,"팬케이크는 맛있고 메인 요리들은 음... 위치는 정말 좋아요! 

오믈렛은 너무 퍽퍽하고 해시브라운은 맥아리 없게 포크로 떠먹는데도 부서지는게... 바삭함도 잃었고 참.. 이돈내... 더보기"
19808159,오리지널팬케이크하우스 가로수길점,강남,양식,3.8,277,,,"양이 진짜 많아서 둘이서 두개시키면 남을 수 있음.
오믈렛은 평범하고 양은 많아 먹다보니 물림.팬케잌 제외하면은 가격대가 있는 편이라 다음에 간다면 팬케잌만... 더보기"
19808159,오리지널팬케이크하우스 가로수길점,강남,양식,3.8,277,,,미국식 아침식사 낮에도 가능!
19808159,오리지널팬케이크하우스 가로수길점,강남,양식,3.8,277,,,"✔️분위기 짱이고 직원이 친절했음 
✔️팬케이크, 오믈렛 속이 꽉차서 맛있음
둘이서 먹기엔 양이 좀 많음 오믈렛에 샐러드 시킬걸.. ㅋ... 더보기"
19808159,오리지널팬케이크하우스 가로수길점,강남,양식,3.8,277,,,"오므라이스 하나를 혼자드시지 말고 같이드세요..
속이 계란으로 꽉 차있을 줄이야.."
19808159,오리지널팬케이크하우스 가로수길점,강남,양식,3.8,277,,,데이트 장소로 좋아서 웨이팅 있어도 기다려요. 음식도 맛있고 초콜렛칩 팬케이크랑 메이플 베이컨 에그 스크램블 추천이요
19808159,오리지널팬케이크하우스 가로수길점,강남,양식,3.8,277,,,"평범함 근데 맛집 불모지 신사동에선 만만하니 좋음
걍 미국이라고 생각하면 됨. 글고 직원들 매유 친절. 팁 드려도 될만큼ㅋㅋ"
19808159,오리지널팬케이크하우스 가로수길점,강남,양식,3.8,277,,,"베이컨 치즈 오믈렛
플레인와플 주문했는데
배부르게 잘 먹었습니다."
19808159,오리지널팬케이크하우스 가로수길점,강남,양식,3.8,277,,,팬케이크 오믈렛 해쉬브라운 등 다 맛있어요~
19808159,오리지널팬케이크하우스 가로수길점,강남,양식,3.8,277,,,"넘나 미국식이라 양이 많아서 물려요. 소량으로 여러가지 먹을 수 있는 세트가 있으면 더 좋았을듯.. 2인 방문은 메뉴 2개가 최대..🥲 
맛은 괜찮았어요!!"
19808159,오리지널팬케이크하우스 가로수길점,강남,양식,3.8,277,,,치킨텐더가 맛있네?! 팬케이크도 맛있음. 와플은 겉이 좀 더 바삭하면 좋을 듯.
19808159,오리지널팬케이크하우스 가로수길점,강남,양식,3.8,277,,,"양이 많고 맛도 만족스럽다. 양이 정말 많다. …작아진거라는데, 오믈렛 하나 시키면 둘이서 먹을 수 있음. 
팬케이크 아주 부드럽고 폭신하고 맛있다. ... 더보기"
19808159,오리지널팬케이크하우스 가로수길점,강남,양식,3.8,277,,,아메리칸 브랙퍼스트 헤비하게 먹기 좋은 곳. 건강한 맛 오믈렛 시켰는데 다음엔 베이컨이랑 소시지 넣어서 제대로 헤비하게 먹어야지
19808159,오리지널팬케이크하우스 가로수길점,강남,양식,3.8,277,,,팬케잌은 이곳!!
19808159,오리지널팬케이크하우스 가로수길점,강남,양식,3.8,277,,,맛 있어요! 근데 불친절해요. 다들 뚱해있고 제대로 말해주는 직원이 없네요. 도착했을때 웨이팅이없었고 안에 테이블이 남아있는걸 보았는데 그냥 무작정 웨이팅을 걸으라 하길래 영문도모르고 그냥 기다렸습니다. ... 더보기
19808159,오리지널팬케이크하우스 가로수길점,강남,양식,3.8,277,,,맛있는데 오믈렛은 개인적으로 별로에요
19808159,오리지널팬케이크하우스 가로수길점,강남,양식,3.8,277,,,배터지게 먹고가요🤪
19808159,오리지널팬케이크하우스 가로수길점,강남,양식,3.8,277,,,"팬케이크 무난하게 맛있어요 
와플도 무난하게 맛있어요 

분위기가 보스턴 느낌나고... 더보기"
19808159,오리지널팬케이크하우스 가로수길점,강남,양식,3.8,277,,,분위기
19808159,오리지널팬케이크하우스 가로수길점,강남,양식,3.8,277,,,가성비
19808159,오리지널팬케이크하우스 가로수길점,강남,양식,3.8,277,,,사진/영상 후기만 보기
19808159,오리지널팬케이크하우스 가로수길점,강남,양식,3.8,277,,,2026.02.21.
19808159,오리지널팬케이크하우스 가로수길점,강남,양식,3.8,277,,,2025.10.16.
19808159,오리지널팬케이크하우스 가로수길점,강남,양식,3.8,277,,,2025.02.12.
19808159,오리지널팬케이크하우스 가로수길점,강남,양식,3.8,277,,,2024.10.20.
19808159,오리지널팬케이크하우스 가로수길점,강남,양식,3.8,277,,,2024.08.29.
19808159,오리지널팬케이크하우스 가로수길점,강남,양식,3.8,277,,,2024.08.19.
19808159,오리지널팬케이크하우스 가로수길점,강남,양식,3.8,277,,,2024.06.30.
19808159,오리지널팬케이크하우스 가로수길점,강남,양식,3.8,277,,,2024.06.09.
19808159,오리지널팬케이크하우스 가로수길점,강남,양식,3.8,277,,,2024.03.08.
19808159,오리지널팬케이크하우스 가로수길점,강남,양식,3.8,277,,,2024.03.04.
19808159,오리지널팬케이크하우스 가로수길점,강남,양식,3.8,277,,,2023.12.29.
19808159,오리지널팬케이크하우스 가로수길점,강남,양식,3.8,277,,,2023.11.28.
19808159,오리지널팬케이크하우스 가로수길점,강남,양식,3.8,277,,,2023.11.22.
19808159,오리지널팬케이크하우스 가로수길점,강남,양식,3.8,277,,,2023.07.24.
19808159,오리지널팬케이크하우스 가로수길점,강남,양식,3.8,277,,,2023.06.09.
19808159,오리지널팬케이크하우스 가로수길점,강남,양식,3.8,277,,,2023.04.23.
19808159,오리지널팬케이크하우스 가로수길점,강남,양식,3.8,277,,,2023.03.01.
19808159,오리지널팬케이크하우스 가로수길점,강남,양식,3.8,277,,,2022.10.22.
19808159,오리지널팬케이크하우스 가로수길점,강남,양식,3.8,277,,,2022.10.11.
312947795,무오키,강남,양식,4.4,190,,,넘친절하시구 맛있움
312947795,무오키,강남,양식,4.4,190,,,"생일 기념으로 방문했는데, 음식들 다 보기에도 훌륭하고 맛도 아주 좋았습니다.
직원분들도 모두 섬세하고 친절하게 대해주셔서 특별한 날 좋은 추억 만들었습니다.❤️"
312947795,무오키,강남,양식,4.4,190,,,정성스런 긴 코스요리
312947795,무오키,강남,양식,4.4,190,,,완벽쓰~~~ 런치 가성비까지 최고에요
312947795,무오키,강남,양식,4.4,190,,,"런치 방문. 시그니처라는 무오키에그를 맛보지 못하고 중간에 나온 도미와 한치, 오리 요리가 제일 맛있었음"
312947795,무오키,강남,양식,4.4,190,,,"오픈키친의 재미가 있고
맛과 서비스 모두 만족합니다..."
312947795,무오키,강남,양식,4.4,190,,,"임신해서 이제 고생 시작인 와이프를 위한 무오키 방문!
예약 할 때 요청 사항에 임산부가 있다고 말씀드렸는데
임산부가 먹으면 안되는 재료는 빼주시고 먹을 수 있는 재료로 준비 해... 더보기"
312947795,무오키,강남,양식,4.4,190,,,"솔직히 맛은 만족스럽지 못했어요. 메인요리인 고기가 맛이 별로였고, 오히려 생선과 가리비 요리는 참 맛있더라구요. 시그니처 무오키 에그도 트러플 향만 강하다고 느꼈습니다. 서버분이 메... 더보기"
312947795,무오키,강남,양식,4.4,190,,,"분위기, 서비스 훌륭하고 음식도 맛있어요. 기념일이나 생일기념으로 가면 너무 좋은곳 입니다."
312947795,무오키,강남,양식,4.4,190,,,"총평: 무난하고 괜찮았어요. 특별히 기억에 남는 음식은 없었지만 기분좋게 식사 할 수 있는 경험은 제공합니다.

서비스: 오늘 저희 담당 해주셨던 주니... 더보기"
312947795,무오키,강남,양식,4.4,190,,,"기념일에 가면 더 좋은 곳. 맛도 맛이지만 분위기와 접대가 매우 만족스러웠다. 룸에서 먹었는데, 조용히 먹을 수 있어 좋았음"
312947795,무오키,강남,양식,4.4,190,,,오늘 식사는 정말 오래 기억에 남을 거 같아요! 오감이 정말 행복했습니다♥️
312947795,무오키,강남,양식,4.4,190,,,음식이 너무맛있어요  리조토보다 무오키 에그가 훨씬 맛있어요 추가금내고 꼭 드세요 메인요리선택중 한우는 흔한 스테이크맛이고 이베리코가 더 맛있었어요... 더보기
312947795,무오키,강남,양식,4.4,190,,,"맛있어요 
와인페어링 추천!
메인은 아쉽.. 사진은 2020 여름 시즌"
312947795,무오키,강남,양식,4.4,190,,,Fine pairing
312947795,무오키,강남,양식,4.4,190,,,맛있고 서버분 너무 친절했고 페어링한 와인들도 좋았음 눈사람도 졸귀!!!
312947795,무오키,강남,양식,4.4,190,,,"분위기 맛 서비스 모든게 최고입니다:)
즐거운 디너보냈습니다 또 방문하고싶습니다
새해복많이받으세요"
312947795,무오키,강남,양식,4.4,190,,,맛있어요. 가격은 좀 있는 편입니다.
312947795,무오키,강남,양식,4.4,190,,,맛과 서비스 모두 굳
312947795,무오키,강남,양식,4.4,190,,,분위기
312947795,무오키,강남,양식,4.4,190,,,가성비
312947795,무오키,강남,양식,4.4,190,,,사진/영상 후기만 보기
312947795,무오키,강남,양식,4.4,190,,,2026.01.26.
312947795,무오키,강남,양식,4.4,190,,,2025.04.17.
312947795,무오키,강남,양식,4.4,190,,,2025.03.20.
312947795,무오키,강남,양식,4.4,190,,,2024.07.16.
312947795,무오키,강남,양식,4.4,190,,,2022.12.10.
312947795,무오키,강남,양식,4.4,190,,,2022.09.18.
312947795,무오키,강남,양식,4.4,190,,,2023.11.08.
312947795,무오키,강남,양식,4.4,190,,,2023.07.10.
312947795,무오키,강남,양식,4.4,190,,,2022.07.30.
312947795,무오키,강남,양식,4.4,190,,,2022.06.19.
312947795,무오키,강남,양식,4.4,190,,,2022.05.23.
312947795,무오키,강남,양식,4.4,190,,,2022.04.25.
312947795,무오키,강남,양식,4.4,190,,,2021.09.22.
312947795,무오키,강남,양식,4.4,190,,,2021.09.17.
312947795,무오키,강남,양식,4.4,190,,,2021.05.30.
312947795,무오키,강남,양식,4.4,190,,,2021.02.28.
312947795,무오키,강남,양식,4.4,190,,,2021.02.06.
312947795,무오키,강남,양식,4.4,190,,,2021.01.11.
312947795,무오키,강남,양식,4.4,190,,,2020.10.09.
312947795,무오키,강남,양식,4.4,190,,,2020.10.05.
929201336,스터번,강남,양식,4.6,115,,,"점심에 강남역 근처에서 괜찮은 양식집중 하나인듯
파스타가 맛있음"
929201336,스터번,강남,양식,4.6,115,,,"진짜 모든 메뉴가 맛있었고 스테이크 접시 따뜻하게 데워서 나오는 디테일에 한번 더 감동
스테이크는 진짜 지금... 더보기"
929201336,스터번,강남,양식,4.6,115,,,"맛있어요,, 고기도 맛있고 파스타류도 다 맛있었습니다."
929201336,스터번,강남,양식,4.6,115,,,최고였습니다. 말이 필요없네요.
929201336,스터번,강남,양식,4.6,115,,,몇년째 재방문 하는 맛집. 이미 역삼근처 직장인들 사이에서는 찐 고기맛집. 숙성고기맛이 확실히 달라요. 애정하는 곳이었는데 곧 확장이전하신다고 하시더라구요. 다행히 회사 근처라 계속 갈수 있어... 더보기
929201336,스터번,강남,양식,4.6,115,,,"고기도 맛있었지만
트러플 파스타랑 
디저트 아이스크림이 너... 더보기"
929201336,스터번,강남,양식,4.6,115,,,모든것이 훌륭한 곳입니다. 세심하고 사려깊은 서비스가 만족도를 최상으로 올려주네요. 물론 음식역시 매우 맛있습니다. 무조건 추천
929201336,스터번,강남,양식,4.6,115,,,분위기도 좋고 완전 맛있음..!
929201336,스터번,강남,양식,4.6,115,,,"기념일날 방문했는데 너무 만족해요~~
울프강이랑 고민하다 여기 예약했는데
서버분도 넘 친절하시고 음... 더보기"
929201336,스터번,강남,양식,4.6,115,,,티본이랑 꽃등심 스테이크 맛있어요b 고기양도 많고 가성비 좋은 거 같아요~ 트러플 크림파스타는 소스맛이 그저 그랬어요... 양은 많은 편이에요. 전반적으로 잘 먹었습니다.
929201336,스터번,강남,양식,4.6,115,,,스테이크가 제일 별로. 다른건 괜찮음
929201336,스터번,강남,양식,4.6,115,,,엄청 맛있진 않음. 예약했는데 제일 문쪽 자리 주고 약간 불친절
929201336,스터번,강남,양식,4.6,115,,,완전 미국식. 맛있지만 좀 간이쎔
929201336,스터번,강남,양식,4.6,115,,,"시그니처 코스 (티본 스테이크 나오는 인당 11 짜리) 먹었어요.

런던에서 미슐랭 3스타 코스요리를 280파운드 정... 더보기"
929201336,스터번,강남,양식,4.6,115,,,맛도 고급지고 가성비까지 갖춘 오랜만에 만족한 식당이네요
929201336,스터번,강남,양식,4.6,115,,,양도 많고 맛있음
929201336,스터번,강남,양식,4.6,115,,,모처럼 분위기 좋은 곳에서 최고의 세프가 준비한 맛있는 저녁과 와인 최고였어요~^^
929201336,스터번,강남,양식,4.6,115,,,세프님 최고 입니다 맛 있고 가성비 최고 자주 가고 싶은곳
929201336,스터번,강남,양식,4.6,115,,,분위기
929201336,스터번,강남,양식,4.6,115,,,가성비
929201336,스터번,강남,양식,4.6,115,,,사진/영상 후기만 보기
929201336,스터번,강남,양식,4.6,115,,,2026.02.08.
929201336,스터번,강남,양식,4.6,115,,,2024.09.13.
929201336,스터번,강남,양식,4.6,115,,,2023.12.01.
929201336,스터번,강남,양식,4.6,115,,,2025.07.30.
929201336,스터번,강남,양식,4.6,115,,,2025.03.15.
929201336,스터번,강남,양식,4.6,115,,,2025.01.22.
929201336,스터번,강남,양식,4.6,115,,,2025.01.04.
929201336,스터번,강남,양식,4.6,115,,,2024.06.08.
929201336,스터번,강남,양식,4.6,115,,,2023.04.22.
929201336,스터번,강남,양식,4.6,115,,,2023.03.20.
929201336,스터번,강남,양식,4.6,115,,,2022.05.09.
929201336,스터번,강남,양식,4.6,115,,,2019.02.14.
929201336,스터번,강남,양식,4.6,115,,,2019.01.26.
929201336,스터번,강남,양식,4.6,115,,,2026.02.17.
929201336,스터번,강남,양식,4.6,115,,,2025.12.10.
929201336,스터번,강남,양식,4.6,115,,,2025.09.21.
929201336,스터번,강남,양식,4.6,115,,,2025.06.28.
929201336,스터번,강남,양식,4.6,115,,,2025.05.30.
929201336,스터번,강남,양식,4.6,115,,,2025.03.17.
26856753,브루클린더버거조인트 가로수길점,강남,양식,3.9,301,,,"음식 맛있고 사장님 정말 친절하세요
조금 비싸고 피크시간이 아니었는데도 조금 느려요"
26856753,브루클린더버거조인트 가로수길점,강남,양식,3.9,301,,,"진짜 맛있었어요. 
다른 버거들도 맛보고 싶습니다."
26856753,브루클린더버거조인트 가로수길점,강남,양식,3.9,301,,,"비싼 감이 있지만 맛있음
브레이크 타임 없고 혼밥하기 편한 분위기라 자주 감"
26856753,브루클린더버거조인트 가로수길점,강남,양식,3.9,301,,,"근본 수제버거

오리지널도 맛나고
크림 ,... 더보기"
26856753,브루클린더버거조인트 가로수길점,강남,양식,3.9,301,,,"정말 오랫동안 단골이고 좋아하는 맛집인데 치즈스커트 패티를 잘라보니 생고기였어요. 
스테이크도 아니고 햄버거 패티가 레어라니 서래마을점부터 다니기 시작해 ... 더보기"
26856753,브루클린더버거조인트 가로수길점,강남,양식,3.9,301,,,맛있었음
26856753,브루클린더버거조인트 가로수길점,강남,양식,3.9,301,,,8년전이나 지금이나 꽤나 괜춘함
26856753,브루클린더버거조인트 가로수길점,강남,양식,3.9,301,,,미국 감성. 손으로 들고 먹어도 육즙 외에는 떨어지는 건더기 하나 없는 완성도 높은 버거 브루클린 웍스. 30종류 정도 되는 쉐이크는 언제 다 먹어볼... 더보기
26856753,브루클린더버거조인트 가로수길점,강남,양식,3.9,301,,,찐 미국 스타일 버거집. 근데 키 작고 머리 긴 여직원분 엄청 불친절하시네요. 물 갖다 달라 부탁 드리니까 유리잔 식탁에 쾅 내려놓고 가시더라고요. 친구들이랑 방문해서 맛있게 먹었는데 마지막에 기분 잡치고 나와서 실망스러웠습니다.
26856753,브루클린더버거조인트 가로수길점,강남,양식,3.9,301,,,치즈스커트에 밀크쉐이크 조합 👍
26856753,브루클린더버거조인트 가로수길점,강남,양식,3.9,301,,,짱 맛있어요
26856753,브루클린더버거조인트 가로수길점,강남,양식,3.9,301,,,"메뉴: 램버거, 칠리컵, 루트 비어
램버거의 독특한 향이 매우 매력적임.
칠리컵도 맛있음."
26856753,브루클린더버거조인트 가로수길점,강남,양식,3.9,301,,,맛있게 잘 먹었습니다. 그런데 직원분들이 손님한테 부끄럼을 많이 타는듯 하네요. 후기에도 직원관련 글이 좀 있네요 이건 좀 개선해야 할듯 합니다
26856753,브루클린더버거조인트 가로수길점,강남,양식,3.9,301,,,"비록 버거를 먹어도 죄책감이 없는 싱싱한 채소들과 미국 현지 같은 느낌의 매장 분위기, 웨이팅에 사람이 많아도 친절하신 직원분들까지 너무 만족스럽습니다👍🏻"
26856753,브루클린더버거조인트 가로수길점,강남,양식,3.9,301,,,사람 하나없는 월요일 2시 염색머리 여자 직원 제가 만나본 모든 식당 직원중 역대급 불친절함 ... 더보기
26856753,브루클린더버거조인트 가로수길점,강남,양식,3.9,301,,,치즈 스커트에 코울슬로 밀크쉐이크 조합 최고
26856753,브루클린더버거조인트 가로수길점,강남,양식,3.9,301,,,버거 안좋아해도 여기서 램버거는 좋아해요! 오면 램버거만 먹어요 !
26856753,브루클린더버거조인트 가로수길점,강남,양식,3.9,301,,,맛있어요 맛 5점 아 또 먹고싶어 but 가격이 내려가면 좋겠음 ㅋㅋ
26856753,브루클린더버거조인트 가로수길점,강남,양식,3.9,301,,,이젠 너무나 흔해져버린
26856753,브루클린더버거조인트 가로수길점,강남,양식,3.9,301,,,분위기
26856753,브루클린더버거조인트 가로수길점,강남,양식,3.9,301,,,가성비
26856753,브루클린더버거조인트 가로수길점,강남,양식,3.9,301,,,사진/영상 후기만 보기
26856753,브루클린더버거조인트 가로수길점,강남,양식,3.9,301,,,2026.04.05.
26856753,브루클린더버거조인트 가로수길점,강남,양식,3.9,301,,,2026.02.10.
26856753,브루클린더버거조인트 가로수길점,강남,양식,3.9,301,,,2025.07.09.
26856753,브루클린더버거조인트 가로수길점,강남,양식,3.9,301,,,2025.04.09.
26856753,브루클린더버거조인트 가로수길점,강남,양식,3.9,301,,,2025.01.24.
26856753,브루클린더버거조인트 가로수길점,강남,양식,3.9,301,,,2024.08.26.
26856753,브루클린더버거조인트 가로수길점,강남,양식,3.9,301,,,2024.08.25.
26856753,브루클린더버거조인트 가로수길점,강남,양식,3.9,301,,,2024.02.16.
26856753,브루클린더버거조인트 가로수길점,강남,양식,3.9,301,,,2024.01.14.
26856753,브루클린더버거조인트 가로수길점,강남,양식,3.9,301,,,2024.01.05.
26856753,브루클린더버거조인트 가로수길점,강남,양식,3.9,301,,,2023.11.12.
26856753,브루클린더버거조인트 가로수길점,강남,양식,3.9,301,,,2023.08.31.
26856753,브루클린더버거조인트 가로수길점,강남,양식,3.9,301,,,2023.08.26.
26856753,브루클린더버거조인트 가로수길점,강남,양식,3.9,301,,,2023.04.11.
26856753,브루클린더버거조인트 가로수길점,강남,양식,3.9,301,,,2023.04.04.
26856753,브루클린더버거조인트 가로수길점,강남,양식,3.9,301,,,2022.12.05.
26856753,브루클린더버거조인트 가로수길점,강남,양식,3.9,301,,,2022.08.29.
26856753,브루클린더버거조인트 가로수길점,강남,양식,3.9,301,,,2022.08.05.
26856753,브루클린더버거조인트 가로수길점,강남,양식,3.9,301,,,2025.10.01.
26856753,브루클린더버거조인트 가로수길점,강남,양식,3.9,301,,,2025.06.16.
792244011,퀸즈블러바드,강남,양식,3.6,232,,,"평이 안좋아서 고민했는데
대성공. 타코도 좋았는데 부리또가 최고임"
792244011,퀸즈블러바드,강남,양식,3.6,232,,,"내돈내산 솔직후기!
텍사스 카우보이들이 즐겨들을 것 같은 록카빌리 장르의 음악들과 캘리포니아 느낌이 물씬나는 매장 분위기가 매... 더보기"
792244011,퀸즈블러바드,강남,양식,3.6,232,,,"솔직히 타코랑 부리또 꼭 먹어야 합니다.
A세트 먹었는데, 진짜 부리또가 제일 생... 더보기"
792244011,퀸즈블러바드,강남,양식,3.6,232,,,무난히 맛있어요
792244011,퀸즈블러바드,강남,양식,3.6,232,,,"보울에 있는 쌀알이 많이 말라있어서..  먹기 힘들었어요..
가격과 양,질을  생각했을때 한 번 방문으로 만족할 것 같습니다"
792244011,퀸즈블러바드,강남,양식,3.6,232,,,맛있어요…!!..
792244011,퀸즈블러바드,강남,양식,3.6,232,,,"간이쎄지않아좋아요
팹스트없어서 너무 아쉽네요..
전화로 재고있나 문의후가야겠어요"
792244011,퀸즈블러바드,강남,양식,3.6,232,,,"분위기는 아주 좋은데, 타코 맛은 그냥저냥"
792244011,퀸즈블러바드,강남,양식,3.6,232,,,캘리포니아에 오랫동안 살고 있는 사람이 리뷰 하나 남긴다. 한국에 짧게 있는동안 갑자기 멕시칸 음식이 땡겨서 가게 되었다. 대체 뭐가 멕시칸이라는건지 혼란스러웠다. 부리또랑 퀘사디아 시켰는데 비주얼이랑 맛도 평균 이... 더보기
792244011,퀸즈블러바드,강남,양식,3.6,232,,,"인테리어는 미국갬성 뿜뿜이고 두번 방문해서 부리또볼, 타코, 캘리포니아부리또 등 여러가지를 먹어봤는데 가성비가 별로고 비싸지만 맛은 좋았음! 멕시칸 음식이 원래 다른 곳도 비싼 편이라 다른 데 갈 바엔 여기 재방문 할 듯?"
792244011,퀸즈블러바드,강남,양식,3.6,232,,,"버거가 맛있어요
세트로 나오는 타코랑 케사디야도 ㄱㅊ함"
792244011,퀸즈블러바드,강남,양식,3.6,232,,,"미국식 타코가 안맞는다기엔 미국에서 먹었던 타코벨이 여기보다 나은데.. 진짜 여기 맛집 맞나요? 타코 부리또 퀘사디아 핫윙 감튀 뭐 하나 비범한게 없는데..
그냥 잘하는 멕시칸 타코집을 가는게 나을듯."
792244011,퀸즈블러바드,강남,양식,3.6,232,,,"맛은 무난.. 근데 가게가 체계 없이 돌아가는듯
필요도없는 발렛 제공에 1당황
바 테이블에 앉았는데 메뉴판도 안가져다줘서 직접 가져다보고 2당황
주문할때 ... 더보기"
792244011,퀸즈블러바드,강남,양식,3.6,232,,,"타코, 부리또, 퀘사디아 등을 판매하는 멕시칸 음식점 인데, 배우 손석구 맛집으로 알려져 있습니다. 가게가 크지는 않지만, 인테리어가 세련되게 잘 되어 있어요.

""퀸즈 A세트... 더보기"
792244011,퀸즈블러바드,강남,양식,3.6,232,,,맛있어서 다시 찾은곳입니다 :) 다만 화장실 다녀온듯한 직원분이 주방들어가기 전에 바지 벨트를 너무 대놓고 보이는 홀웨이에서 오래 다시 매시는데 .. 식당이라는 장소에서 보기 위생상 썩 좋아보이지 않았습니다 ... 더보기
792244011,퀸즈블러바드,강남,양식,3.6,232,,,"무난하게 맛괜찮아요. 포크를 시키면 특이하게 멕시칸 풀드포크가 아니라 직화 삼겹살(?)이 나와서 맛있어요. 가격대가 있는편인데 주문도 직접해야하고, 먹은것도 직접 갖다놔야합니다. 생맥주가 딱하나고 9천원인데 테라생맥이 더 맛있는 것같네요."
792244011,퀸즈블러바드,강남,양식,3.6,232,,,"햄버거 평이 좋길래 점심때 와서 주문했더니 햄버거는 점심때 주문이 안된다고 하네요...
나쵸는 리필이 안되고 샐러드는 양이 상당히 적고...
... 더보기"
792244011,퀸즈블러바드,강남,양식,3.6,232,,,"이곳은 항상 손님이 많아지면 홀 컨트롤이 빠르게 되지않는거같아요. 웨이팅도 오래기다리고 손님이 떠나도 테이블을 빠르게 치우지않습니다. 어젠 직원이 진짜 적어보였고, 바버샵 안투라지와 함께 하는 곳이라 ... 더보기"
792244011,퀸즈블러바드,강남,양식,3.6,232,,,분위기도 좋고 맛있었음. 양도 생각보다 많았음
792244011,퀸즈블러바드,강남,양식,3.6,232,,,분위기
792244011,퀸즈블러바드,강남,양식,3.6,232,,,가성비
792244011,퀸즈블러바드,강남,양식,3.6,232,,,사진/영상 후기만 보기
792244011,퀸즈블러바드,강남,양식,3.6,232,,,2025.05.07.
792244011,퀸즈블러바드,강남,양식,3.6,232,,,2025.04.27.
792244011,퀸즈블러바드,강남,양식,3.6,232,,,2024.11.03.
792244011,퀸즈블러바드,강남,양식,3.6,232,,,2026.04.07.
792244011,퀸즈블러바드,강남,양식,3.6,232,,,2025.04.12.
792244011,퀸즈블러바드,강남,양식,3.6,232,,,2025.01.18.
792244011,퀸즈블러바드,강남,양식,3.6,232,,,2024.12.01.
792244011,퀸즈블러바드,강남,양식,3.6,232,,,2024.06.10.
792244011,퀸즈블러바드,강남,양식,3.6,232,,,2024.05.10.
792244011,퀸즈블러바드,강남,양식,3.6,232,,,2023.12.14.
792244011,퀸즈블러바드,강남,양식,3.6,232,,,2023.06.20.
792244011,퀸즈블러바드,강남,양식,3.6,232,,,2022.09.14.
792244011,퀸즈블러바드,강남,양식,3.6,232,,,2022.08.20.
792244011,퀸즈블러바드,강남,양식,3.6,232,,,2025.08.03.
792244011,퀸즈블러바드,강남,양식,3.6,232,,,2025.07.13.
792244011,퀸즈블러바드,강남,양식,3.6,232,,,2023.12.17.
792244011,퀸즈블러바드,강남,양식,3.6,232,,,2023.08.05.
792244011,퀸즈블러바드,강남,양식,3.6,232,,,2022.09.18.
792244011,퀸즈블러바드,강남,양식,3.6,232,,,2022.05.06.
792244011,퀸즈블러바드,강남,양식,3.6,232,,,2022.05.01.
1697940758,비어룸,강남,양식,3.8,295,,,메인 메뉴가 피자 3개가 끝이라 청모하려고 갔다가 당황했네요…ㅠ 그래도 응대는 친절히 해주심
1697940758,비어룸,강남,양식,3.8,295,,,"나쁘지 않습니다.
다만 제가 기대했던 마가리타 피자는 아니였습니다.
도우는 아주 잘 익었지만 저는 화덕 피자는 조금 태워야... 더보기"
1697940758,비어룸,강남,양식,3.8,295,,,음식 모두 준수하게 맛있습니다! 감바스 향이 정말 좋네요.. 다만 테이블과 컵이 더러워 이 점이 좀 아쉽습니다
1697940758,비어룸,강남,양식,3.8,295,,,무난해요
1697940758,비어룸,강남,양식,3.8,295,,,엄청 넓은 실내공간이고 전체적으로 돌(?) 대리석으로 되어있음. 그리고 피자 밑에 받치는 접시같은게 매우 얇아서 위생적인가에 대한 의문이 들긴함. 근데 맥주 종류별로 있고 피맥하기에는 나쁘지 않는장소로 단체모임할때도 괜찮을 것 같음
1697940758,비어룸,강남,양식,3.8,295,,,"점심에 강남역에서 먹기 정말 좋아요
포모도로에 생모짜 통으로 들어가는데 정말 신선해서 깜짝 놀랐습니다
... 더보기"
1697940758,비어룸,강남,양식,3.8,295,,,"절대 오지마세요
탄맛 밖에 안나고
주문은 무조건 선불결제
11시... 더보기"
1697940758,비어룸,강남,양식,3.8,295,,,"네이버 예약 시 서비스 메뉴로 나온 감바스도 퀄리티가 좋고 파스타도 본연의 맛으로 좋다.
네이버 결제 시 20% 할인으... 더보기"
1697940758,비어룸,강남,양식,3.8,295,,,"비어룸인데 수제맥주가 너무 밍밍
파스타류는 다 맛있고 
피자는 ... 더보기"
1697940758,비어룸,강남,양식,3.8,295,,,"여기 평점대는 조작이 아닙니댜
핏짜 맛있어용 파스타두 ~~"
1697940758,비어룸,강남,양식,3.8,295,,,"연말마다 저녁에 모여서 꼭 갑니다
적당히 맛있고 재밌는 맥주들이 많아서 친구들이랑 가기 좋아요"
1697940758,비어룸,강남,양식,3.8,295,,,"강남역 근처에 괜찮은 피자&파스타집!!!
까르보나라 존맛"
1697940758,비어룸,강남,양식,3.8,295,,,와... 피자가 죽이네요.
1697940758,비어룸,강남,양식,3.8,295,,,"안으로 들어 갔는데 1층에 자리가 많길래 1층 둘러 보고 있는데 갑자기 2층 안내
... 더보기"
1697940758,비어룸,강남,양식,3.8,295,,,"런치는 싸고 푸짐하게 먹을수 잇어요!!
재료 본연의 맛이 많이 나는듯"
1697940758,비어룸,강남,양식,3.8,295,,,안주 맛집. 맥주 마시러 갔다가 식사하고옴 주말에는 네이버로 예약하고 가는게 좋을듯 주말 오후 4시에 갔는데 자리 없대서 못 들어감
1697940758,비어룸,강남,양식,3.8,295,,,"음식은 비싼 감이 있지만 무난함
생맥 종류가 엄청 다양한 게 가장 큰 장점
분위기 좋고 직원분도 친절"
1697940758,비어룸,강남,양식,3.8,295,,,맥주 맛있어요
1697940758,비어룸,강남,양식,3.8,295,,,음식들 단가가 조금 쎄긴쎄네요! 근데 푸실리파스타 매콤하고 진짜 맛있었어요 맥주도 종류 다양해서 고르는 재미가 있었고 피자는 솔직히 개인적으로 맛있다고는 못느꼈네요. 그냥 한번쯤 분위기 내러 가기 좋은 곳인듯!
1697940758,비어룸,강남,양식,3.8,295,,,진짜 세상 맛있는 마르게리타에요ㅠㅠㅠㅠㅠㅠㅠㅠㅠㅠㅠㅠㅠㅠㅠ
1697940758,비어룸,강남,양식,3.8,295,,,분위기
1697940758,비어룸,강남,양식,3.8,295,,,가성비
1697940758,비어룸,강남,양식,3.8,295,,,사진/영상 후기만 보기
1697940758,비어룸,강남,양식,3.8,295,,,2025.07.03.
1697940758,비어룸,강남,양식,3.8,295,,,2025.06.22.
1697940758,비어룸,강남,양식,3.8,295,,,2024.09.07.
1697940758,비어룸,강남,양식,3.8,295,,,2024.09.01.
1697940758,비어룸,강남,양식,3.8,295,,,2024.02.25.
1697940758,비어룸,강남,양식,3.8,295,,,2024.02.23.
1697940758,비어룸,강남,양식,3.8,295,,,2023.07.01.
1697940758,비어룸,강남,양식,3.8,295,,,2023.03.26.
1697940758,비어룸,강남,양식,3.8,295,,,2022.11.20.
1697940758,비어룸,강남,양식,3.8,295,,,2025.01.11.
1697940758,비어룸,강남,양식,3.8,295,,,2024.12.17.
1697940758,비어룸,강남,양식,3.8,295,,,2023.01.21.
1697940758,비어룸,강남,양식,3.8,295,,,2023.01.07.
1697940758,비어룸,강남,양식,3.8,295,,,2022.07.03.
1697940758,비어룸,강남,양식,3.8,295,,,2022.04.10.
1697940758,비어룸,강남,양식,3.8,295,,,2021.11.16.
1697940758,비어룸,강남,양식,3.8,295,,,2021.08.20.
1697940758,비어룸,강남,양식,3.8,295,,,2020.10.25.
1697940758,비어룸,강남,양식,3.8,295,,,2020.07.11.
1697940758,비어룸,강남,양식,3.8,295,,,2020.06.15.
21311108,마켓오 압구정점,강남,양식,3.8,128,,,금요일 저녁에 갔었는데 밑에 댓과는 다르게 매우 친절하게 대해주셨다. 맛있는 음식과 코르키지프리라는 점이 또 가게 만들것 같다
21311108,마켓오 압구정점,강남,양식,3.8,128,,,여기 불친절로 유명하댔지만 예약할땐 콜키지 무료라고만 해서 가보니 인당1병이라고 나중에 말하고 오더마감이라고 해서 더 시킬거없다고 하고선 인... 더보기
21311108,마켓오 압구정점,강남,양식,3.8,128,,,"조용하고 아늑한 분위기와 
친절한 직원분들의 서비스가 
무척이나 돋보이는 곳 입니다 ... 더보기"
21311108,마켓오 압구정점,강남,양식,3.8,128,,,압구정에서 모임하기 좋은 곳입니다. 콜키지 프리 + 합리적인 룸차지
21311108,마켓오 압구정점,강남,양식,3.8,128,,,압구정에서 이 가격이면 가성비가 있다고 판단하는 게 맞을 거 같아요ㅋㅋ 와인 가격도 저렴한 것도 많아 신기했어요ㅋㅋ 음식은 대체로 괜찮은데 스테이크에 함께 나온 채소들은 좀 차가워서 깜놀...... 서비스도 주시고 직원들도 대체로 친절하심ㅋㅋ
21311108,마켓오 압구정점,강남,양식,3.8,128,,,"공간 좋고 화장실 깨끗~ 
치즈 플레이팅을 미리 해놓으셨는지는 모르겠는데, 치즈 마르고 냉장고 냄새 많이 났음.(물론, 내가 냄새에 민감하기도 하지만, 같이 자리했던 치... 더보기"
21311108,마켓오 압구정점,강남,양식,3.8,128,,,콜키지하기도 좋고 메뉴도 맛나고 넓고 쾌적해서 좋았습니다 :)
21311108,마켓오 압구정점,강남,양식,3.8,128,,,런치박스 엄청 맛있어요!
21311108,마켓오 압구정점,강남,양식,3.8,128,,,"뜬금없이 요거트 맛집!,, 꾸덕한 요거트 아니면 잘 안 먹었는데 여기 묽은 요거트 완전 맛있어서 갑자기 묽은 요거트도 찾게 됨,, 런치 박스 가성비 좋음!"
21311108,마켓오 압구정점,강남,양식,3.8,128,,,"모임장소로 강추 ㅋ 거의 모든 메뉴 먹어봤는데 전부 평타 이상~ 신상핫플 도전의 리스크가 부담스러운 자리일때, 어설픈 파스타집 가느니 여기서 편하게 맛있게 먹습니다. 콜키지프리라 와인 편하게 먹기도 좋음."
21311108,마켓오 압구정점,강남,양식,3.8,128,,,"이정도 퀄리티의 맛과 서비스라면 별5개 절대 아깝지 않다. 
시킨메뉴도 모두 완전 만족. 
게다가 콜키지프리+압구정에서 보기 힘든 주차서비스."
21311108,마켓오 압구정점,강남,양식,3.8,128,,,"말은 무난무난한데 비쌈
플랫브레드 샐러드 맛있고
파스타는 별로"
21311108,마켓오 압구정점,강남,양식,3.8,128,,,맛있네여.. 미팅 때문에 갔는데 메뉴가 특이하면서도 맛있었어요
21311108,마켓오 압구정점,강남,양식,3.8,128,,,무슨 미사리 라이브 카페 음식이라 해도 믿겠다.
21311108,마켓오 압구정점,강남,양식,3.8,128,,,괜춘….
21311108,마켓오 압구정점,강남,양식,3.8,128,,,"직원이 매우 불친절 합니다
여기 직원분은 자리에 지인들 앉아있는데 금액이 얼마나왔는지 크게 불러주시네요 
원래 그렇게... 더보기"
21311108,마켓오 압구정점,강남,양식,3.8,128,,,"23/12/17방문 주차 하나면 편하고, 레스토랑 내 너무 추우면 외투 그대루 식사. 음식이 빨리 식음
... 더보기"
21311108,마켓오 압구정점,강남,양식,3.8,128,,,쎈 가격에 평범한 맛.
21311108,마켓오 압구정점,강남,양식,3.8,128,,,"대기업에서 운영한다 해서 기본이 되어 있을줄 알았으나
아래분도 써 놨지만 직원들의 마인드는 구멍가게 보다도 못함
자기 퇴근시간을 늦추는 존재로 손님을 대하니 어... 더보기"
21311108,마켓오 압구정점,강남,양식,3.8,128,,,분위기
21311108,마켓오 압구정점,강남,양식,3.8,128,,,가성비
21311108,마켓오 압구정점,강남,양식,3.8,128,,,사진/영상 후기만 보기
21311108,마켓오 압구정점,강남,양식,3.8,128,,,2023.05.14.
21311108,마켓오 압구정점,강남,양식,3.8,128,,,2026.04.20.
21311108,마켓오 압구정점,강남,양식,3.8,128,,,2025.04.29.
21311108,마켓오 압구정점,강남,양식,3.8,128,,,2024.08.20.
21311108,마켓오 압구정점,강남,양식,3.8,128,,,2024.02.18.
21311108,마켓오 압구정점,강남,양식,3.8,128,,,2024.01.24.
21311108,마켓오 압구정점,강남,양식,3.8,128,,,2023.06.24.
21311108,마켓오 압구정점,강남,양식,3.8,128,,,2022.05.29.
21311108,마켓오 압구정점,강남,양식,3.8,128,,,2022.02.06.
21311108,마켓오 압구정점,강남,양식,3.8,128,,,2021.09.16.
21311108,마켓오 압구정점,강남,양식,3.8,128,,,2020.11.16.
21311108,마켓오 압구정점,강남,양식,3.8,128,,,2019.08.30.
21311108,마켓오 압구정점,강남,양식,3.8,128,,,2019.03.02.
21311108,마켓오 압구정점,강남,양식,3.8,128,,,2025.05.23.
21311108,마켓오 압구정점,강남,양식,3.8,128,,,2025.05.17.
21311108,마켓오 압구정점,강남,양식,3.8,128,,,2025.01.11.
21311108,마켓오 압구정점,강남,양식,3.8,128,,,2024.03.17.
21311108,마켓오 압구정점,강남,양식,3.8,128,,,2023.12.18.
21311108,마켓오 압구정점,강남,양식,3.8,128,,,2023.06.29.
21311108,마켓오 압구정점,강남,양식,3.8,128,,,2023.02.04.
1851273390,페어링룸,강남,양식,4.1,442,,,"뭔가 사이드랑 메뉴랑 메뉴판 다 익숙해서 찾아보니까
치즈룸x테이스팅룸 같은 회사래... 더보기"
1851273390,페어링룸,강남,양식,4.1,442,,,맛있는데 엄청 맛있진 않고 양이 적어서 가성비는 그닥
1851273390,페어링룸,강남,양식,4.1,442,,,진짜 먹은 양식 중에 최고맛집입니다! 전 메뉴 다 엄청 맛있습니다~~!!!인생맛집!
1851273390,페어링룸,강남,양식,4.1,442,,,"분위기좋아요! 근데 음식이 다 맛있진 않아요 이정도 가격이면 다 맛있어야하는데.. 일단 분위기가좋아서 3점 ^^
막걸리 감자뇨끼 : 뇨끼가... 더보기"
1851273390,페어링룸,강남,양식,4.1,442,,,"항정살메주파스타+전복솥밥리조또=기절
양식과 한식의조합··· 너무 맛있었습니다 담에 누구 데리고 다시 오고싶은맛
가격대가 있지만.. 지역이 지역인지라.. 그리고 맛있어서 용서함"
1851273390,페어링룸,강남,양식,4.1,442,,,분위기도 좋고 음식 다 맛있고 직원분들도 친절하셔서 잘 먹고 왔어요!
1851273390,페어링룸,강남,양식,4.1,442,,,기절 JMT
1851273390,페어링룸,강남,양식,4.1,442,,,"예약을 하고 갔는데 자리가 정해져있지 않아서 당황스러웠다. 빈자리중에 원하는 곳에 앉으라함^^
문앞 자리 뿐이라 음식이 금방 식었다. 한식+이태리라 신선하고 맛은 있었음"
1851273390,페어링룸,강남,양식,4.1,442,,,카프레제가 여지껏 그 어디서도 맛보지 못한 최고의 맛. 그만큼 가격도 후덜덜.. ㅎㅎ  압구정이라는.지역적 특색을 고려했을 때 가격만큼 맛도 보장되는곳. 다만 너무 특이한것을 시키는건 별로... 더보기
1851273390,페어링룸,강남,양식,4.1,442,,,"<맛과 가성비, 모두 아쉽다.>
이날 주문한 메뉴는 샐러드와 파스타 2가지.
모짜렐라 부추 샐러드는 영양부추를 사용했고, 깨와 발사믹이 ... 더보기"
1851273390,페어링룸,강남,양식,4.1,442,,,친절하고 맛나요👍🏻👍🏻👍🏻
1851273390,페어링룸,강남,양식,4.1,442,,,"스테이크 맛있음
페퍼로니피자?별로임 짬
메주항정파스타 맛있는데 애매한... 더보기"
1851273390,페어링룸,강남,양식,4.1,442,,,"분위기 내러 비싼곳 옴🥹
근데 너무 기대치가 높아서 그런가
메인인 메주 파슷하 별로... 더보기"
1851273390,페어링룸,강남,양식,4.1,442,,,"전복리조또, 트러플파스타, 부추샐러드, 그리고 메인디쉬 또 하나 시켰는데 전복리조또는 엄청 맛있더라구요
개인적으로 짜게 먹는걸 좋... 더보기"
1851273390,페어링룸,강남,양식,4.1,442,,,"코스요리 인당 5.8만원
맛이 없으면 사기인거죠ㅋ 배도 은근 부르고 맛있어요! (커피는 물탄맛이었지... 더보기"
1851273390,페어링룸,강남,양식,4.1,442,,,전복리조또랑 스테이크 존맛탱
1851273390,페어링룸,강남,양식,4.1,442,,,괜찮아요 맛있어요 가성비 좋아요
1851273390,페어링룸,강남,양식,4.1,442,,,담에 오면 관자만 5개시켜 먹고싶어요ㅜ 다른 음식도 맛있긴한데 관자가 진짜 ㅠㅠ👍👍
1851273390,페어링룸,강남,양식,4.1,442,,,독특한 곳
1851273390,페어링룸,강남,양식,4.1,442,,,분위기
1851273390,페어링룸,강남,양식,4.1,442,,,가성비
1851273390,페어링룸,강남,양식,4.1,442,,,사진/영상 후기만 보기
1851273390,페어링룸,강남,양식,4.1,442,,,2025.11.26.
1851273390,페어링룸,강남,양식,4.1,442,,,2025.06.18.
1851273390,페어링룸,강남,양식,4.1,442,,,2024.12.28.
1851273390,페어링룸,강남,양식,4.1,442,,,2024.10.09.
1851273390,페어링룸,강남,양식,4.1,442,,,2024.05.18.
1851273390,페어링룸,강남,양식,4.1,442,,,2024.02.25.
1851273390,페어링룸,강남,양식,4.1,442,,,2024.01.25.
1851273390,페어링룸,강남,양식,4.1,442,,,2023.11.07.
1851273390,페어링룸,강남,양식,4.1,442,,,2023.10.22.
1851273390,페어링룸,강남,양식,4.1,442,,,2023.08.16.
1851273390,페어링룸,강남,양식,4.1,442,,,2023.08.05.
1851273390,페어링룸,강남,양식,4.1,442,,,2023.02.23.
1851273390,페어링룸,강남,양식,4.1,442,,,2023.02.15.
1851273390,페어링룸,강남,양식,4.1,442,,,2023.02.08.
1851273390,페어링룸,강남,양식,4.1,442,,,2022.12.18.
1851273390,페어링룸,강남,양식,4.1,442,,,2022.11.04.
1851273390,페어링룸,강남,양식,4.1,442,,,2022.08.30.
1851273390,페어링룸,강남,양식,4.1,442,,,2026.01.28.
1851273390,페어링룸,강남,양식,4.1,442,,,100
1851273390,페어링룸,강남,양식,4.1,442,,,2025.11.16.
1950123074,스케줄 청담,강남,양식,,661,,,후기 5
1950123074,스케줄 청담,강남,양식,,661,,,후기 34
1950123074,스케줄 청담,강남,양식,,661,,,후기 242
1950123074,스케줄 청담,강남,양식,,661,,,후기 1
1950123074,스케줄 청담,강남,양식,,661,,,분위기
1950123074,스케줄 청담,강남,양식,,661,,,방문 목적
1950123074,스케줄 청담,강남,양식,,661,,,동반인
1779217087,썬더버드 청담점,강남,양식,3.9,300,,,"진짜 정말 비쌈 
분더샵 뷰에 왜지 
친절은 해요 
호텔 브... 더보기"
1779217087,썬더버드 청담점,강남,양식,3.9,300,,,연어김밥이랑 그린스무디 핵존맛 기대이상
1779217087,썬더버드 청담점,강남,양식,3.9,300,,,비싸고 친절하지도 않고 접객이 그닥임
1779217087,썬더버드 청담점,강남,양식,3.9,300,,,"건강식단 메뉴를 고를 수 있어서 좋았어요. 
케일시저샐러드, 연어스테이크, 베러미트 함박 스테이크 시켰고 이 중 샐러드가 제일 나았어요. 전반적으로 아주 나쁘진 않았는데, 연어는 약... 더보기"
1779217087,썬더버드 청담점,강남,양식,3.9,300,,,전부 맛있고 건강하고 (간이 약하진 않음) 탁 트인 공간에 쾌적해서 좋았음. 재방문 의사 있음.
1779217087,썬더버드 청담점,강남,양식,3.9,300,,,"깔끔한 인테리어, 건강한 식사.
비건과 논비건이 다 즐길 수 있고 무엇보다 맛있다!!
역에서 가깝지만 약간 오르막 주의"
1779217087,썬더버드 청담점,강남,양식,3.9,300,,,우앙 다 넘 맛있어요 ㅠㅠ 식단면이라는 새로운 발견!
1779217087,썬더버드 청담점,강남,양식,3.9,300,,,"와 이집 맛있다고 하는 사람이 있다는게 신기!!

단호박 수프는 향만 있고 맛이 ... 더보기"
1779217087,썬더버드 청담점,강남,양식,3.9,300,,,"아예 안익은 아보카도를 썰어주셨더라구요….
익은게 뭔지 모르시나..?"
1779217087,썬더버드 청담점,강남,양식,3.9,300,,,맛있고 가격대비 양 많고 사람과 동물 모두에게 친절함
1779217087,썬더버드 청담점,강남,양식,3.9,300,,,"건강한 맛! 주말 브런치 즐기기에 더없이 좋았어요🩷
공간도 여유있고 환해서 좋아요"
1779217087,썬더버드 청담점,강남,양식,3.9,300,,,"담백한 맛!

스테이크, 파스타, 커리가 맛있다. 사진은 미트볼파스타와 안심... 더보기"
1779217087,썬더버드 청담점,강남,양식,3.9,300,,,"오랜만에 갔더니 사라진 메뉴들이 많아서 아쉬웠지만, 그래도 건강한 식재료를 사용하는 곳이라 좋아요. 단호박 벨루떼는 꼭.."
1779217087,썬더버드 청담점,강남,양식,3.9,300,,,"맛있음!
후토마끼가 입에서 살살 녹아서 놀랐음 
런치 치고 가격은 있음…"
1779217087,썬더버드 청담점,강남,양식,3.9,300,,,비싸긴 한데 건강한 맛이에요
1779217087,썬더버드 청담점,강남,양식,3.9,300,,,"넓고 시원하고 음식도 맛있음 매장이 깨끗함 
대신 선결제 방식이라 밥먹다가 아이스 아메리카노 시키려면 계산대까지가서 카드 긁고 다시 자리가서 앉아야함"
1779217087,썬더버드 청담점,강남,양식,3.9,300,,,한번 경험하기엔 좋은것같아요~ 언리미트 샌드위치 맛있었어요!
1779217087,썬더버드 청담점,강남,양식,3.9,300,,,건강한 식당의 표본!!
1779217087,썬더버드 청담점,강남,양식,3.9,300,,,분위기
1779217087,썬더버드 청담점,강남,양식,3.9,300,,,사진/영상 후기만 보기
1779217087,썬더버드 청담점,강남,양식,3.9,300,,,2025.11.30.
1779217087,썬더버드 청담점,강남,양식,3.9,300,,,2024.05.30.
1779217087,썬더버드 청담점,강남,양식,3.9,300,,,2024.05.06.
1779217087,썬더버드 청담점,강남,양식,3.9,300,,,2023.06.06.
1779217087,썬더버드 청담점,강남,양식,3.9,300,,,2023.05.04.
1779217087,썬더버드 청담점,강남,양식,3.9,300,,,2023.04.15.
1779217087,썬더버드 청담점,강남,양식,3.9,300,,,2022.10.06.
1779217087,썬더버드 청담점,강남,양식,3.9,300,,,2022.09.29.
1779217087,썬더버드 청담점,강남,양식,3.9,300,,,2025.12.27.
1779217087,썬더버드 청담점,강남,양식,3.9,300,,,2025.02.18.
1779217087,썬더버드 청담점,강남,양식,3.9,300,,,2024.08.18.
1779217087,썬더버드 청담점,강남,양식,3.9,300,,,2024.07.21.
1779217087,썬더버드 청담점,강남,양식,3.9,300,,,2023.04.25.
1779217087,썬더버드 청담점,강남,양식,3.9,300,,,2022.08.21.
1779217087,썬더버드 청담점,강남,양식,3.9,300,,,2022.04.02.
1779217087,썬더버드 청담점,강남,양식,3.9,300,,,2022.03.17.
1779217087,썬더버드 청담점,강남,양식,3.9,300,,,2021.10.30.
1779217087,썬더버드 청담점,강남,양식,3.9,300,,,2021.09.17.
1779217087,썬더버드 청담점,강남,양식,3.9,300,,,2021.06.09.
1779217087,썬더버드 청담점,강남,양식,3.9,300,,,2021.05.05.
1983100839,런던 커파 수제 샌드위치 디저트 맛집,강남,카페 디저트,0,0,,,후기 1006
1983100839,런던 커파 수제 샌드위치 디저트 맛집,강남,카페 디저트,0,0,,,후기 189
1983100839,런던 커파 수제 샌드위치 디저트 맛집,강남,카페 디저트,0,0,,,후기 미제공
1146753407,카페로니브런치 디저트,강남,카페 디저트,0,0,,,후기 12
1146753407,카페로니브런치 디저트,강남,카페 디저트,0,0,,,후기 46
1146753407,카페로니브런치 디저트,강남,카페 디저트,0,0,,,후기 20
1146753407,카페로니브런치 디저트,강남,카페 디저트,0,0,,,후기 93
27301629,디올카페,강남,카페 디저트,4,24,,,비싼 건 뭐… 당연함 맛과 분위기는 참 좋습니다 화장실도 좋네요…
27301629,디올카페,강남,카페 디저트,4,24,,,"디저트 나름 괜찮게 먹었음
분위기 예쁘고 모두 친절해요"
27301629,디올카페,강남,카페 디저트,4,24,,,예쁜사진찍기 좋은곳❤️디저트 전부 맛있고 라떼도 맛있고 무엇보다 여자 서버분이 목소리도 좋으시고 정말 친절하셨어요 :) 참고로 디올 신상도 예쁜 거 많았어요.
27301629,디올카페,강남,카페 디저트,4,24,,,"분위기도 훌륭하고
음식도 좋습니다.^^"
27301629,디올카페,강남,카페 디저트,4,24,,,"한번 쯤 경험해볼 정도
가격은 당연히 비싸지만 분위기와 시각적 요소들이 구경할거리가 많음
커피와 디저트도 맛있는 편(프렌치토스트 존맛)"
27301629,디올카페,강남,카페 디저트,4,24,,,친절해요
27301629,디올카페,강남,카페 디저트,4,24,,,"서비스도 좋고 맛도 좋아요.
가격이 높은게 단점"
27301629,디올카페,강남,카페 디저트,4,24,,,"한국에서 유일하게 피에르에르메 디저트 먹을 수 있음

+21년 6월 재방문
라떼 위에 로... 더보기"
27301629,디올카페,강남,카페 디저트,4,24,,,"근처 볼일있어서 잠깐 들렸는데 커피 맛도 좋고, 운좋게 좋은 카페 알게 된 것 같아서 너무 좋네요 ^^"
27301629,디올카페,강남,카페 디저트,4,24,,,예쁘고 특이한 디저트들과 서비스가 좋습니다.
27301629,디올카페,강남,카페 디저트,4,24,,,강남이라 조금 비싸지만 분위기랑 좋아요ㅎ 한번은 가봐야할 곳ㅎㅎ
27301629,디올카페,강남,카페 디저트,4,24,,,Luxury and Exquisite ☕️
27301629,디올카페,강남,카페 디저트,4,24,,,너무 비싸요.. 굳이 재방문은 안할 듯요
27301629,디올카페,강남,카페 디저트,4,24,,,"포토존으로 유명해서 가봤어요
분위기나 음료도 넘 이뻐요"
27301629,디올카페,강남,카페 디저트,4,24,,,"비싼가격, 맛은괜찮, 사진 이쁘게 잘 나옴"
27301629,디올카페,강남,카페 디저트,4,24,,,굳이^^
27301629,디올카페,강남,카페 디저트,4,24,,,음식 맛은 평범. 기분 내고 싶을 때 한번씩 오면 좋을 듯
27301629,디올카페,강남,카페 디저트,4,24,,,비쌈. 예전만 못하지만 한 번은 가볼만 한 곳.
27301629,디올카페,강남,카페 디저트,4,24,,,분위기
27301629,디올카페,강남,카페 디저트,4,24,,,사진/영상 후기만 보기
27301629,디올카페,강남,카페 디저트,4,24,,,2025.06.13.
27301629,디올카페,강남,카페 디저트,4,24,,,2024.11.10.
27301629,디올카페,강남,카페 디저트,4,24,,,2022.12.27.
27301629,디올카페,강남,카페 디저트,4,24,,,2022.09.01.
27301629,디올카페,강남,카페 디저트,4,24,,,2024.07.28.
27301629,디올카페,강남,카페 디저트,4,24,,,2023.08.30.
27301629,디올카페,강남,카페 디저트,4,24,,,2022.01.18.
27301629,디올카페,강남,카페 디저트,4,24,,,2021.10.03.
27301629,디올카페,강남,카페 디저트,4,24,,,2021.06.28.
27301629,디올카페,강남,카페 디저트,4,24,,,2020.06.23.
27301629,디올카페,강남,카페 디저트,4,24,,,2026.01.20.
27301629,디올카페,강남,카페 디저트,4,24,,,2024.11.27.
27301629,디올카페,강남,카페 디저트,4,24,,,2024.02.24.
27301629,디올카페,강남,카페 디저트,4,24,,,2023.10.18.
27301629,디올카페,강남,카페 디저트,4,24,,,2023.07.22.
27301629,디올카페,강남,카페 디저트,4,24,,,2023.02.22.
27301629,디올카페,강남,카페 디저트,4,24,,,2022.05.01.
27301629,디올카페,강남,카페 디저트,4,24,,,2021.10.22.
27301629,디올카페,강남,카페 디저트,4,24,,,2021.10.04.
27301629,디올카페,강남,카페 디저트,4,24,,,2021.09.09.
1027809775,프리미엄디저트카페 더푸릇,강남,카페 디저트,5,7,,,사장님께서 정말 친절하시고 미소로 기분 좋게 해주셔요😊 맛도 정말 인위적이지 않고 맛도 좋고 속도 편안하네요~
1027809775,프리미엄디저트카페 더푸릇,강남,카페 디저트,5,7,,,망고빙수 맛있어요! 사장님도 친절하시고 서비스로 주신 아이스크림도 맛있어요
1027809775,프리미엄디저트카페 더푸릇,강남,카페 디저트,5,7,,,"신선한 과일 당길 때 앞으로 여기 오려고 해요 
🍅🍅🍅🍅🍅🍅
사장님도 너무 친절하시고, 가게 내부가 정말 깨끗해서 다음번엔 배달... 더보기"
1027809775,프리미엄디저트카페 더푸릇,강남,카페 디저트,5,7,,,늦은시간 귀가길에 들려서 맛있는 과일 한가득 !!
1027809775,프리미엄디저트카페 더푸릇,강남,카페 디저트,5,7,,,생과일로 신선하게 만든 건강주스 넘 맛나요. 다른데 온통 시럽에 쩔은 설탕주스인데 여긴 찐과일이에요. 분위기좋고 의자편하고 화장실깨끗하고 앞에 바로주차되고 넘나 좋네요. 동네맛집인정!
1027809775,프리미엄디저트카페 더푸릇,강남,카페 디저트,5,7,,,아보카도 커피 강추🥹💕
1027809775,프리미엄디저트카페 더푸릇,강남,카페 디저트,5,7,,,"망고빙수, 요거트 아이스크림 정말 맛있어요! 👍🥭 🥭 🥭  에스프레소를 15인분 캔에 포장하고 얼음이랑 일회용 컵이랑 빨대 넉넉히 챙겨주셨고 다음날 우유 넣서 라떼로 먹었는데 맛있다고 칭찬... 더보기"
1027809775,프리미엄디저트카페 더푸릇,강남,카페 디저트,5,7,,,"너무 친절하시고
재료가 신선하고 정갈합니다~~~"
1027809775,프리미엄디저트카페 더푸릇,강남,카페 디저트,5,7,,,"망고빙수 포장했는데 넘 이뿌고 맛 쵝오!
매장 앞 거주자우선주차구역에 빈자리 있으면 잠시 차 대고 픽업하는건 무리없고, 저녁 8시 이후엔 매장 옆 주차타... 더보기"
1027809775,프리미엄디저트카페 더푸릇,강남,카페 디저트,5,7,,,분위기
1027809775,프리미엄디저트카페 더푸릇,강남,카페 디저트,5,7,,,가성비
1027809775,프리미엄디저트카페 더푸릇,강남,카페 디저트,5,7,,,사진/영상 후기만 보기
1027809775,프리미엄디저트카페 더푸릇,강남,카페 디저트,5,7,,,2025.09.14.
1027809775,프리미엄디저트카페 더푸릇,강남,카페 디저트,5,7,,,2025.06.23.
1027809775,프리미엄디저트카페 더푸릇,강남,카페 디저트,5,7,,,2025.04.15.
1027809775,프리미엄디저트카페 더푸릇,강남,카페 디저트,5,7,,,2025.04.11.
1027809775,프리미엄디저트카페 더푸릇,강남,카페 디저트,5,7,,,2024.12.23.
1027809775,프리미엄디저트카페 더푸릇,강남,카페 디저트,5,7,,,2025.09.24.
1027809775,프리미엄디저트카페 더푸릇,강남,카페 디저트,5,7,,,2025.08.30.
1027809775,프리미엄디저트카페 더푸릇,강남,카페 디저트,5,7,,,2025.03.30.
22400767,10꼬르소꼬모서울카페,강남,카페 디저트,3.4,1,,,분위기 좋다 디저트는 쏘쏘
22400767,10꼬르소꼬모서울카페,강남,카페 디저트,3.4,1,,,제 기준 맛있는 브런치/양식집의 기준입니다. 남자친구가 데려와줘서 처음 먹었는데 가격대는 좀 있어도 완전 맛있어요! 특히 밤라떼 정말 정말 추천드립니다. 음식은 전반적으로 모두 맛있어서 아무거나 시키셔도 만족하실 것 같습니다.
22400767,10꼬르소꼬모서울카페,강남,카페 디저트,3.4,1,,,"발렛됨. 티라미수는 쏘쏘ㅠ 
커피먹고 구경하기 좋았음!"
22400767,10꼬르소꼬모서울카페,강남,카페 디저트,3.4,1,,,"분위기도 좋고 발렛이 가능한곳이라 편합니다ㅎㅎ
기대 안하고 시켰던 해산물 샐러드 맛도링..이고
망고빙수도 👍🏻 아이스아메리카노도 같이 시켰는데 추우... 더보기"
22400767,10꼬르소꼬모서울카페,강남,카페 디저트,3.4,1,,,디저트는 특별한 맛은 아니에요! 위치 감안해도 가격이 조금 비싼감은 있는 것 같아요. 하지만 내부가 특별하고 감각적이라 다 감안하고 방문... 더보기
22400767,10꼬르소꼬모서울카페,강남,카페 디저트,3.4,1,,,"꼬르소꼬모에 가면 찾는 메뉴가 10년째 거의 변함이 없는 스타일인데 (블루베리 밀푀유는 사랑) 
에스콘디도, 엘몰리노를 운영하고 계신 진우범 쉐프님 (아시아 최초 멕시칸 미쉐... 더보기"
22400767,10꼬르소꼬모서울카페,강남,카페 디저트,3.4,1,,,맛있음
22400767,10꼬르소꼬모서울카페,강남,카페 디저트,3.4,1,,,"독특하고 안락한 구조, 어두운 조명이라 좋음.
+여름에 실내가 진짜 너무 추움

디저트류는 맛이 살짝 복불복인데, 꿀... 더보기"
22400767,10꼬르소꼬모서울카페,강남,카페 디저트,3.4,1,,,"분위기는 좋은데 맛은 잘 몰르겠어요
식전빵이 젤 맛있었어요.."
22400767,10꼬르소꼬모서울카페,강남,카페 디저트,3.4,1,,,"팥빙수 맛있고 와인도 괜찮은데
우니 파스타가 노맛임..
살면서 먹어본 파스타 중에 제일 맛 없었음ㅎㅎ"
22400767,10꼬르소꼬모서울카페,강남,카페 디저트,3.4,1,,,"친구와 카페 샤케라또와 카페라떼, 디저트류를 먹었었는데 정말 맛있었습니다. 귀엽게 초콜렛도 줘요. 가격이 좀 비싸긴 하지만 그래도 맛있으니 좋아요!"
22400767,10꼬르소꼬모서울카페,강남,카페 디저트,3.4,1,,,물컵에서 냄새나요 ;;;
22400767,10꼬르소꼬모서울카페,강남,카페 디저트,3.4,1,,,비싸지만 그만큼 맛있었습니다. 스테이크 맛있었어요..! 트러플 리조또도여
22400767,10꼬르소꼬모서울카페,강남,카페 디저트,3.4,1,,,분위기와 퀄리티가 일치하는 곳.
22400767,10꼬르소꼬모서울카페,강남,카페 디저트,3.4,1,,,"식전빵, 보타르가 스파게티니는 상당히 인상적이지만, 나머지 음식(디저트 포함), 접객은 가격 대비 많이 아쉬움."
22400767,10꼬르소꼬모서울카페,강남,카페 디저트,3.4,1,,,여자들끼리 브런치하기 가장 만만한곳. 천장이 이뻐서 나머지는 용서되는곳
22400767,10꼬르소꼬모서울카페,강남,카페 디저트,3.4,1,,,영업시간 변경해주세요 라스트오더 8:30이던데
22400767,10꼬르소꼬모서울카페,강남,카페 디저트,3.4,1,,,"ssg용진형 시대전에, 
외국인들 여행책자에 나오던 연... 더보기"
22400767,10꼬르소꼬모서울카페,강남,카페 디저트,3.4,1,,,누가 사준다고 하면 가는 곳
22400767,10꼬르소꼬모서울카페,강남,카페 디저트,3.4,1,,,분위기
22400767,10꼬르소꼬모서울카페,강남,카페 디저트,3.4,1,,,사진/영상 후기만 보기
22400767,10꼬르소꼬모서울카페,강남,카페 디저트,3.4,1,,,2026.01.26.
22400767,10꼬르소꼬모서울카페,강남,카페 디저트,3.4,1,,,2025.07.18.
22400767,10꼬르소꼬모서울카페,강남,카페 디저트,3.4,1,,,2024.07.20.
22400767,10꼬르소꼬모서울카페,강남,카페 디저트,3.4,1,,,2023.06.26.
22400767,10꼬르소꼬모서울카페,강남,카페 디저트,3.4,1,,,2023.01.03.
22400767,10꼬르소꼬모서울카페,강남,카페 디저트,3.4,1,,,2025.09.15.
22400767,10꼬르소꼬모서울카페,강남,카페 디저트,3.4,1,,,2023.01.27.
22400767,10꼬르소꼬모서울카페,강남,카페 디저트,3.4,1,,,2022.12.07.
22400767,10꼬르소꼬모서울카페,강남,카페 디저트,3.4,1,,,2022.01.16.
22400767,10꼬르소꼬모서울카페,강남,카페 디저트,3.4,1,,,2021.08.04.
22400767,10꼬르소꼬모서울카페,강남,카페 디저트,3.4,1,,,2021.05.15.
22400767,10꼬르소꼬모서울카페,강남,카페 디저트,3.4,1,,,2021.05.13.
22400767,10꼬르소꼬모서울카페,강남,카페 디저트,3.4,1,,,2021.05.02.
22400767,10꼬르소꼬모서울카페,강남,카페 디저트,3.4,1,,,2019.12.17.
22400767,10꼬르소꼬모서울카페,강남,카페 디저트,3.4,1,,,2026.03.10.
22400767,10꼬르소꼬모서울카페,강남,카페 디저트,3.4,1,,,2025.11.22.
22400767,10꼬르소꼬모서울카페,강남,카페 디저트,3.4,1,,,2025.05.03.
22400767,10꼬르소꼬모서울카페,강남,카페 디저트,3.4,1,,,2024.11.02.
22400767,10꼬르소꼬모서울카페,강남,카페 디저트,3.4,1,,,2024.01.07.
22400767,10꼬르소꼬모서울카페,강남,카페 디저트,3.4,1,,,2023.09.01.
27347412,크라프트카페,강남,카페 디저트,4,129,,,"좋아하는 카페🤍
사장님도 친절하셔요"
27347412,크라프트카페,강남,카페 디저트,4,129,,,카페는 이쁜데 묘하게 서비스가 아쉬움
27347412,크라프트카페,강남,카페 디저트,4,129,,,비와서 운치있고 좋았어용 ㅎㅎ
27347412,크라프트카페,강남,카페 디저트,4,129,,,"여기 진짜 분위기 편안하고 좋아요! 
오전에 오니 작업하기 좋아요 😊"
27347412,크라프트카페,강남,카페 디저트,4,129,,,무난한 카페
27347412,크라프트카페,강남,카페 디저트,4,129,,,딸기라떼 존맛
27347412,크라프트카페,강남,카페 디저트,4,129,,,"조용하고 막힌공간이 잇어서 좋앗음
그러나 막혔다고해서 더 조용하진 않은것 같당 그래도 근방치곤 조용한편~
생과일빙수는 요거트빙수라 맛잇엇음"
27347412,크라프트카페,강남,카페 디저트,4,129,,,빙수파는 강남분조카 ❤️ 소녀들의 작당모임소
27347412,크라프트카페,강남,카페 디저트,4,129,,,"조용해서 잘 찾던 곳인데, 사람이 많아졌네요. 아쉽.."
27347412,크라프트카페,강남,카페 디저트,4,129,,,"사람 복작복작하지 않아서 코지하고 분위기 좋은 카페!
음료는 평범한 편"
27347412,크라프트카페,강남,카페 디저트,4,129,,,"2.5층까지 있는 대형카페. 
오후에 가면 사람이 많긴 하지만 다른 대형카페에 비해 덜 시끄럽고 작업하기도 좋아요!"
27347412,크라프트카페,강남,카페 디저트,4,129,,,강남에서 내 취향 카페 발견. 사장님 감성이 곳곳에 묻어나는 공간이다. 앤티크한 감성이 쉬어가기 좋다. 음료와 디저트는 강남 물가에 맞춰간다. 그래도 내부 공간이 넓고 자리도 다양해서 자릿세 값이라 생각하면 된다.
27347412,크라프트카페,강남,카페 디저트,4,129,,,"강남에서 찾은 보물, 크라프트 카페! 😍

강남역 먹자골목 지나서 조용한 언덕길 올라가다 보면 숨은 명소가 있어요! 바로 크라프트 카... 더보기"
27347412,크라프트카페,강남,카페 디저트,4,129,,,"조용한 공간에서 대화하기 좋은 카페
자주 방문하는 곳."
27347412,크라프트카페,강남,카페 디저트,4,129,,,"카페 분위기, 흘러나오는 노래, 아이스티 맛까지 다 좋았다. 즐거운 시간 보내고 올 수 있어 감사했다."
27347412,크라프트카페,강남,카페 디저트,4,129,,,음료가 전체적으로 맛있어요! 인테리어도 분위기 좋구 혼자가기 딱 좋은 카페에용ㅎㅎ 단골됐음
27347412,크라프트카페,강남,카페 디저트,4,129,,,"채광 좋고 정말 조용하고 저만 알고싶은 카페.
커피 맛은 갈때마다 조금씩 달라요...!
맛있은 날도 있고 아닌 날도 있고 커피 맛을 기대하면 비추! 그... 더보기"
27347412,크라프트카페,강남,카페 디저트,4,129,,,"화사하고, 다른 곳처럼 자리가 다닥다닥 붙어있질 않아서 좋다. 공간 배치가 마음에 든다."
27347412,크라프트카페,강남,카페 디저트,4,129,,,강남 카페 치고는 좀 투박하지만 사장님 친절하시고 내부 화장실 깨끗해서 좋음
27347412,크라프트카페,강남,카페 디저트,4,129,,,분위기
27347412,크라프트카페,강남,카페 디저트,4,129,,,가성비
27347412,크라프트카페,강남,카페 디저트,4,129,,,사진/영상 후기만 보기
27347412,크라프트카페,강남,카페 디저트,4,129,,,2026.01.22.
27347412,크라프트카페,강남,카페 디저트,4,129,,,2025.12.13.
27347412,크라프트카페,강남,카페 디저트,4,129,,,2025.09.06.
27347412,크라프트카페,강남,카페 디저트,4,129,,,2025.08.25.
27347412,크라프트카페,강남,카페 디저트,4,129,,,2025.03.06.
27347412,크라프트카페,강남,카페 디저트,4,129,,,2025.02.10.
27347412,크라프트카페,강남,카페 디저트,4,129,,,2024.08.15.
27347412,크라프트카페,강남,카페 디저트,4,129,,,2024.07.26.
27347412,크라프트카페,강남,카페 디저트,4,129,,,2024.04.20.
27347412,크라프트카페,강남,카페 디저트,4,129,,,2024.02.15.
27347412,크라프트카페,강남,카페 디저트,4,129,,,2025.07.29.
27347412,크라프트카페,강남,카페 디저트,4,129,,,2025.04.16.
27347412,크라프트카페,강남,카페 디저트,4,129,,,2024.12.28.
27347412,크라프트카페,강남,카페 디저트,4,129,,,2024.07.14.
27347412,크라프트카페,강남,카페 디저트,4,129,,,2023.11.06.
27347412,크라프트카페,강남,카페 디저트,4,129,,,2023.05.25.
27347412,크라프트카페,강남,카페 디저트,4,129,,,2022.05.26.
27347412,크라프트카페,강남,카페 디저트,4,129,,,2020.04.29.
27347412,크라프트카페,강남,카페 디저트,4,129,,,2020.03.09.
27347412,크라프트카페,강남,카페 디저트,4,129,,,2026.04.25.
150499518,에이비카페,강남,카페 디저트,3.5,414,,,분위기 좋고 언제가든 좋은 거 같아요
150499518,에이비카페,강남,카페 디저트,3.5,414,,,"장점: 4층까지 있는 복층이고 매장 공간이 넓고 탁 트여있어서 좋음. 웹소설이랑 콜라보도 하나 봄.

단... 더보기"
150499518,에이비카페,강남,카페 디저트,3.5,414,,,메뉴는 비싼 편이지만 내부가 넓고 휴양지 인테리어가 좋아서 커버가 됩니다. 또 가고싶음!
150499518,에이비카페,강남,카페 디저트,3.5,414,,,"다 플라스틱컵에 주네여
4층 다락방은 아늑하긴 했지만... 전체적으로 깔끔함 편은 아닌거 같아요"
150499518,에이비카페,강남,카페 디저트,3.5,414,,,"층이 진짜 많아서 자리도 많아요 근데 사람도 많음 ㅋㅋㅋㅋㅋㅋㅋㅋ 음료가격은 좀 비싼 편이지만 층마다 분위기도, 인테리어도 조금씩 달라서 보는 재미도 있어요 친구랑 1층 바 자리에서 음료 잘 마시고 갑니다~"
150499518,에이비카페,강남,카페 디저트,3.5,414,,,커피 종이컵 접착제 냄새가 엄청나. 포장 아닌데 근데 왜 종이컵 커피를 들어가 있어?
150499518,에이비카페,강남,카페 디저트,3.5,414,,,"가격은 비싼 편이지만 매장이 넓고 
4층까지 다양한 종류의 좌석이 있어서 좋습니다
크룽지 붕어빵 쫄깃하고 맛있었어요!"
150499518,에이비카페,강남,카페 디저트,3.5,414,,,분명 매장이용인데도 일회용 컵에 6500원짜리 편의점 커피... 불친절한 직원... 얼룩진 방석... 와콤스토어 방문 목적으로 오긴 했지만 여러 의미로 인상적인 카페라 후기를 안 남길 수가 없네요 ^_^
150499518,에이비카페,강남,카페 디저트,3.5,414,,,"장점 : 카페가 커서 자리가 꽤 많이 있음. 적당히 시끄러워서 주말에 책 좀 읽다가 감
단점 : 커피가 너무 비... 더보기"
150499518,에이비카페,강남,카페 디저트,3.5,414,,,"위생 역대급, 알바 싸가지없음 사장이 관리를 안하는듯"
150499518,에이비카페,강남,카페 디저트,3.5,414,,,강남역과 신논현역 중간쯤 분위기 좋은 카페를 발견했습니다. 층고가 높고 대형 생화와 코코넛 껍질 장식으로 발리 컨셉 제대로 느낄수 있었습니다. 점심식사후 짧은 티타임이었지만 이국적인 느낌에  제대로 힐링하고 갑니다~
150499518,에이비카페,강남,카페 디저트,3.5,414,,,자리도 많고 분위기도 괜찮은데 음료맛이랑 케이크 그냥그럼 … 그리고 여자 직원분들이 화가 계속 나계심 바빠서 그런거겠지만 ㅠ ㅠ 한숨쉬시고 눈치보임
150499518,에이비카페,강남,카페 디저트,3.5,414,,,분위기좋고 맛도좋아요 ~ 저녁늦은 시간인데도 자리가 가득 차있었어요이국적인 분위기도 좋았엉노
150499518,에이비카페,강남,카페 디저트,3.5,414,,,시원하고 넓은 매장.
150499518,에이비카페,강남,카페 디저트,3.5,414,,,"사람이 많지만 그만큼 카페가 커서 괜찮음
공간이 잘 분리되어 있어서 사람이... 더보기"
150499518,에이비카페,강남,카페 디저트,3.5,414,,,"여긴 분위기 마시러 가는 곳.
예쁘고 좌석 넓고 인스타 갬성으론 최고지만 개인적으로 음료맛은 가격에 비해 별로였음. 케이크는 맛있으니 추천 
사람이 많이 ... 더보기"
150499518,에이비카페,강남,카페 디저트,3.5,414,,,"아이스 바닐라라떼 7500원인데 사이즈 작음
매장 이용인데 일회용 컵에 담아서 줌
지하는 데이터가 안 터져서 꼭 와이파... 더보기"
150499518,에이비카페,강남,카페 디저트,3.5,414,,,넓고 조용하고 감성있고 메인메뉴가 아인슈페너인데 메인타임에 품절.. 적어두지도 않고 그래서 4점
150499518,에이비카페,강남,카페 디저트,3.5,414,,,"사람많다.... 하.... 근데 너무 맛있다..............
진짜 맛있다.....ㅠㅠㅠㅠㅠㅠㅠㅠ"
150499518,에이비카페,강남,카페 디저트,3.5,414,,,분위기 좋고 4층까지 있는데 층별로 분위기로 다르고 케익이랑 음료 다 맛있었어요 안 없어졌으면 좋겠다..
150499518,에이비카페,강남,카페 디저트,3.5,414,,,분위기
150499518,에이비카페,강남,카페 디저트,3.5,414,,,가성비
150499518,에이비카페,강남,카페 디저트,3.5,414,,,사진/영상 후기만 보기
150499518,에이비카페,강남,카페 디저트,3.5,414,,,2026.01.13.
150499518,에이비카페,강남,카페 디저트,3.5,414,,,2025.11.17.
150499518,에이비카페,강남,카페 디저트,3.5,414,,,2025.09.29.
150499518,에이비카페,강남,카페 디저트,3.5,414,,,2025.02.18.
150499518,에이비카페,강남,카페 디저트,3.5,414,,,2025.01.15.
150499518,에이비카페,강남,카페 디저트,3.5,414,,,2024.12.01.
150499518,에이비카페,강남,카페 디저트,3.5,414,,,2024.11.19.
150499518,에이비카페,강남,카페 디저트,3.5,414,,,2024.11.17.
150499518,에이비카페,강남,카페 디저트,3.5,414,,,2024.09.01.
150499518,에이비카페,강남,카페 디저트,3.5,414,,,2024.06.04.
150499518,에이비카페,강남,카페 디저트,3.5,414,,,2023.11.16.
150499518,에이비카페,강남,카페 디저트,3.5,414,,,2023.11.11.
150499518,에이비카페,강남,카페 디저트,3.5,414,,,2023.07.08.
150499518,에이비카페,강남,카페 디저트,3.5,414,,,100
150499518,에이비카페,강남,카페 디저트,3.5,414,,,2023.06.25.
150499518,에이비카페,강남,카페 디저트,3.5,414,,,2023.06.15.
150499518,에이비카페,강남,카페 디저트,3.5,414,,,2023.04.28.
150499518,에이비카페,강남,카페 디저트,3.5,414,,,2023.03.27.
150499518,에이비카페,강남,카페 디저트,3.5,414,,,2023.03.18.
150499518,에이비카페,강남,카페 디저트,3.5,414,,,2023.02.14.
150499518,에이비카페,강남,카페 디저트,3.5,414,,,2023.01.16.
1104225959,카페키츠네 서울,강남,카페 디저트,3.9,100,,,"음료는 그럭저럭.. 분위기는 좋습니다 카페 건물 2층, 3층에서 메종키츠네 브랜드에서 나오는 제품들도 구... 더보기"
1104225959,카페키츠네 서울,강남,카페 디저트,3.9,100,,,아메리카노 정말…
1104225959,카페키츠네 서울,강남,카페 디저트,3.9,100,,,"커피도 맛있고 쾌적하고
분위기도 좋아욤"
1104225959,카페키츠네 서울,강남,카페 디저트,3.9,100,,,카페 분위기도 좋고 옷 구경하기도 좋아요
1104225959,카페키츠네 서울,강남,카페 디저트,3.9,100,,,"공간도 잘 꾸며져있고 
날 좋은 날 밖에 앉아 수다떨기 딱좋음 
매장 내에는 자리가 그렇게... 더보기"
1104225959,카페키츠네 서울,강남,카페 디저트,3.9,100,,,"감각적인 인테리어가 돋보입니다.
밖에서도 먹을 수 있는데 
크고 멋진 나무들 아래로... 더보기"
1104225959,카페키츠네 서울,강남,카페 디저트,3.9,100,,,"2025.08.16 카페라떼
음료맛에 1도 기대하지 말 것.
선선한 날씨에 야외석에서 사진 찍으러 오거나 쇼핑하러 온 김에 목 축이기 좋은 곳."
1104225959,카페키츠네 서울,강남,카페 디저트,3.9,100,,,"봄, 가을 한정 분위기 좋은 가든테이블 카페. 정신없는 가로수길에서  히든플레이스처럼 숨은 공간이 매력."
1104225959,카페키츠네 서울,강남,카페 디저트,3.9,100,,,말차라떼가 맛있었어요. 종업원 분도 친절하셨습니다.
1104225959,카페키츠네 서울,강남,카페 디저트,3.9,100,,,멀티샾 구경하면서 커피 한잔 하기 좋아요
1104225959,카페키츠네 서울,강남,카페 디저트,3.9,100,,,"“What’s the deal with this cafe?”
“I don’t know. Coffee?”

Arrived at 4pm and there were plenty of seats in t... 더보기"
1104225959,카페키츠네 서울,강남,카페 디저트,3.9,100,,,알바들 키크고 잘생김. 테라스 이쁘고 디저트 이쁜데 비싸고 맛은 그냥 그래요
1104225959,카페키츠네 서울,강남,카페 디저트,3.9,100,,,"야외테이블은 바람 불고 추우면 있기 힘들고, 내부는 시끄럽고 공간이 협소해서 30분 이상 편안하게 대화하긴 힘든 카페. 커피도 정말 맛없어요.. 걍 사진만 입구에서 찍고 가세요 ㅋㅋㅋ"
1104225959,카페키츠네 서울,강남,카페 디저트,3.9,100,,,카페 입구도 예쁘고 매장도 잘 관리되어있어요
1104225959,카페키츠네 서울,강남,카페 디저트,3.9,100,,,내부가 작고 8시까지밖에 안 하는게 아쉽ㅠㅠ
1104225959,카페키츠네 서울,강남,카페 디저트,3.9,100,,,음료나 시그니처 쿠키 가격은  질에 비해 비싼편이나 야외 공간이 너무 이뻐요!
1104225959,카페키츠네 서울,강남,카페 디저트,3.9,100,,,"비쥬얼이 샬랄라라!!
커피향이 구~웃!"
1104225959,카페키츠네 서울,강남,카페 디저트,3.9,100,,,좋은데 엄청 일찍 닫아요
1104225959,카페키츠네 서울,강남,카페 디저트,3.9,100,,,사람이 많긴하나 즐거운 분위기.
1104225959,카페키츠네 서울,강남,카페 디저트,3.9,100,,,분위기도 좋고 내부인테리어도 깔끔합니다. 커피맛도 훌륭
1104225959,카페키츠네 서울,강남,카페 디저트,3.9,100,,,분위기
1104225959,카페키츠네 서울,강남,카페 디저트,3.9,100,,,가성비
1104225959,카페키츠네 서울,강남,카페 디저트,3.9,100,,,사진/영상 후기만 보기
1104225959,카페키츠네 서울,강남,카페 디저트,3.9,100,,,2025.06.30.
1104225959,카페키츠네 서울,강남,카페 디저트,3.9,100,,,2025.01.17.
1104225959,카페키츠네 서울,강남,카페 디저트,3.9,100,,,2024.09.02.
1104225959,카페키츠네 서울,강남,카페 디저트,3.9,100,,,2024.04.07.
1104225959,카페키츠네 서울,강남,카페 디저트,3.9,100,,,2022.09.24.
1104225959,카페키츠네 서울,강남,카페 디저트,3.9,100,,,2025.09.20.
1104225959,카페키츠네 서울,강남,카페 디저트,3.9,100,,,2025.08.22.
1104225959,카페키츠네 서울,강남,카페 디저트,3.9,100,,,2024.10.05.
1104225959,카페키츠네 서울,강남,카페 디저트,3.9,100,,,2024.02.21.
1104225959,카페키츠네 서울,강남,카페 디저트,3.9,100,,,2023.07.19.
1104225959,카페키츠네 서울,강남,카페 디저트,3.9,100,,,2023.06.05.
1104225959,카페키츠네 서울,강남,카페 디저트,3.9,100,,,2022.06.18.
1104225959,카페키츠네 서울,강남,카페 디저트,3.9,100,,,2022.05.03.
1104225959,카페키츠네 서울,강남,카페 디저트,3.9,100,,,2022.02.13.
1104225959,카페키츠네 서울,강남,카페 디저트,3.9,100,,,2021.10.10.
1104225959,카페키츠네 서울,강남,카페 디저트,3.9,100,,,2021.09.16.
1104225959,카페키츠네 서울,강남,카페 디저트,3.9,100,,,2021.02.27.
1104225959,카페키츠네 서울,강남,카페 디저트,3.9,100,,,2020.11.06.
1104225959,카페키츠네 서울,강남,카페 디저트,3.9,100,,,2020.08.16.
1104225959,카페키츠네 서울,강남,카페 디저트,3.9,100,,,2020.07.14.
1174051341,카페시트롱,강남,카페 디저트,3.8,67,,,내 방앗간! 여긴 사실 쿠키가 짱임
1174051341,카페시트롱,강남,카페 디저트,3.8,67,,,"저는 따듯한 레몬커피로 했어요! 맛있어요!
프렌치 토스트 먹고 녹아버렸네요~☕️"
1174051341,카페시트롱,강남,카페 디저트,3.8,67,,,"맛있지만 가격대는 확실히 있는편
흠.. 근래 맛있는 브런치가 많이 생겨서 가격대비 재빙문은 조금 고민되는..? 그래도 한번쯤 데이트로는 훌룡"
1174051341,카페시트롱,강남,카페 디저트,3.8,67,,,크램브륄레 맛집. 디카페인으로 변경 가능해져서 넘 좋았어요!!
1174051341,카페시트롱,강남,카페 디저트,3.8,67,,,"1. 청담동수준 가격
2. 맛은보통
3. 커피는 산미있는 원두
4. 메뉴... 더보기"
1174051341,카페시트롱,강남,카페 디저트,3.8,67,,,크림브릴레 먹었는데 매우 맛있었음….! 초당옥수수피자도 궁합이 매우 좋음!!!!! 망고빙수도 먹어보길...
1174051341,카페시트롱,강남,카페 디저트,3.8,67,,,맛있어서 자주 사먹어요 서비스는 살짝 아쉽지만 뭐 쿠팡이츠로 사먹으면 대만족
1174051341,카페시트롱,강남,카페 디저트,3.8,67,,,"초당옥수수 피자, 크림시금치 그릴샌드위치, 크림브륄레 등등 다 맛있지만!!
♥스콘에 잼, 클로티드크림 추가해서 먹는게♥ 레전드( ˘﹃˘ ) 제가 먹어본 스콘... 더보기"
1174051341,카페시트롱,강남,카페 디저트,3.8,67,,,"스콘만 드시는 것을 추천. 
샌드위치는 특색이 없으며, 심지어 빵이 퍽퍽하여 실망하였다. 초당옥수수 피자는 아이올리 소스와 잘 어울려 맛있... 더보기"
1174051341,카페시트롱,강남,카페 디저트,3.8,67,,,스콘이 촉촉하고 맛있어요! 커피도 역시 앤트러사이트 원두라 맛있구요:)
1174051341,카페시트롱,강남,카페 디저트,3.8,67,,,여름휴가중! 8.24까지 휴가시라네여 찾아갓다가 발걸음을 돌렷다능..
1174051341,카페시트롱,강남,카페 디저트,3.8,67,,,스콘 맛집
1174051341,카페시트롱,강남,카페 디저트,3.8,67,,,"애완견 출입 가능해서 좋았어요.
메뉴는 제가 좋아하는 스타일.
저는 언... 더보기"
1174051341,카페시트롱,강남,카페 디저트,3.8,67,,,"몇년전에 여러번 방문하다가 요근래 다시 간건데 
유독..묘한 불친절함이 느껴지는건 사실에요.
맛난 디저... 더보기"
1174051341,카페시트롱,강남,카페 디저트,3.8,67,,,마인드가 특이한거같아요 그게 가격이랑 같이가고
1174051341,카페시트롱,강남,카페 디저트,3.8,67,,,"조용히 시간 보내기 좋아요 음악도 좋구
친절하게 가져다주세요
스콘 파운드 쿠키들도... 더보기"
1174051341,카페시트롱,강남,카페 디저트,3.8,67,,,위생개념 전혀없던 머리긴 직원이 진열대앞에서  머리 벅벅 긁고 -.- 내 주변에서 빗자루로 먼지낭림. 비싼돈 내고 테이블에 앉아 있었더니 사장분이 계속 뚫어져라 기분나쁘게 쏘아봄.  기분나쁘고 숨이턱막힘  쉬러 왔더니... 더보기
1174051341,카페시트롱,강남,카페 디저트,3.8,67,,,커피 맛이 많이 아쉽고 손님에게 관심 없는 콧대 높은 곳
1174051341,카페시트롱,강남,카페 디저트,3.8,67,,,사장님 인심이 박함… 좋아했던 집이었는데 몇번 불편하게 해서 안감
1174051341,카페시트롱,강남,카페 디저트,3.8,67,,,분위기
1174051341,카페시트롱,강남,카페 디저트,3.8,67,,,가성비
1174051341,카페시트롱,강남,카페 디저트,3.8,67,,,사진/영상 후기만 보기
1174051341,카페시트롱,강남,카페 디저트,3.8,67,,,2026.02.22.
1174051341,카페시트롱,강남,카페 디저트,3.8,67,,,2025.11.22.
1174051341,카페시트롱,강남,카페 디저트,3.8,67,,,2025.08.10.
1174051341,카페시트롱,강남,카페 디저트,3.8,67,,,2023.07.06.
1174051341,카페시트롱,강남,카페 디저트,3.8,67,,,2022.08.27.
1174051341,카페시트롱,강남,카페 디저트,3.8,67,,,2025.07.25.
1174051341,카페시트롱,강남,카페 디저트,3.8,67,,,2023.04.01.
1174051341,카페시트롱,강남,카페 디저트,3.8,67,,,2022.05.23.
1174051341,카페시트롱,강남,카페 디저트,3.8,67,,,2021.09.23.
1174051341,카페시트롱,강남,카페 디저트,3.8,67,,,2021.07.10.
1174051341,카페시트롱,강남,카페 디저트,3.8,67,,,2020.09.22.
1174051341,카페시트롱,강남,카페 디저트,3.8,67,,,2020.08.23.
1174051341,카페시트롱,강남,카페 디저트,3.8,67,,,2020.03.29.
1174051341,카페시트롱,강남,카페 디저트,3.8,67,,,2024.11.03.
1174051341,카페시트롱,강남,카페 디저트,3.8,67,,,2024.09.26.
1174051341,카페시트롱,강남,카페 디저트,3.8,67,,,2024.06.16.
1174051341,카페시트롱,강남,카페 디저트,3.8,67,,,2024.02.12.
1174051341,카페시트롱,강남,카페 디저트,3.8,67,,,2023.12.07.
1174051341,카페시트롱,강남,카페 디저트,3.8,67,,,2021.11.03.
1174051341,카페시트롱,강남,카페 디저트,3.8,67,,,2021.09.22.
764363993,인포메이션카페,강남,카페 디저트,4.2,295,,,라떼 맛집🤎💗
764363993,인포메이션카페,강남,카페 디저트,4.2,295,,,"분위기 굿, 저녁때쯤가니 에그타르트는 솔드아웃
빵이나 커피는 그냥 쏘쏘
카페자체는 아홉시까지 영업인데 지하... 더보기"
764363993,인포메이션카페,강남,카페 디저트,4.2,295,,,맛잇어요
764363993,인포메이션카페,강남,카페 디저트,4.2,295,,,"애플시나몬에이드랑 잠봉뵈르먹었는데 시나몬향이 너무너무 진하네요..! 그것빼곤 맛있엇어요! 

잠봉뵈르... 더보기"
764363993,인포메이션카페,강남,카페 디저트,4.2,295,,,"잠봉뵈르 맛있음. 소스가 좋았다.
소금빵은... 너무 밍밍항 맛이라 좀 의아했음. 위에 올라간 소금 알갱이 ... 더보기"
764363993,인포메이션카페,강남,카페 디저트,4.2,295,,,"커피맛집, 빵맛집. 샌드위치류들도 다양하게 많아요. 공간도 지하까지 있어서 꽤 넓어요-"
764363993,인포메이션카페,강남,카페 디저트,4.2,295,,,넓직한 카페 매우 깔끔. 얻을 인포메이션은 없음
764363993,인포메이션카페,강남,카페 디저트,4.2,295,,,비싸고 좋았오요
764363993,인포메이션카페,강남,카페 디저트,4.2,295,,,"지하1층엔 어두운 분위기의 좌석이 있고, 1층엔 또 다른 독보적인 느낌의 좌석들과 카운터가 있어요. 잠봉뵈르가 제일 맛있었어요! 매장이 깔끔하고 유니크한 조명들과 색감이 인상깊은 카페입니다!"
764363993,인포메이션카페,강남,카페 디저트,4.2,295,,,"베이커리류가 기대이상이었습니다.
솔티드카라멜휘낭시에 단짠단짠 겉바속촉 미쳤습니다."
764363993,인포메이션카페,강남,카페 디저트,4.2,295,,,"스모어 쿠키 핵맛
넓직하고 쾌적한 공간:)
강남역이랑 떨어져 있어서 보기 드물게 붐비지 않는 곳"
764363993,인포메이션카페,강남,카페 디저트,4.2,295,,,회사 주변이라 종종 가는데 카페도 크고 분위기도 좋고 베이커리도 맛있어요. 특히 커피가 개인적으로 좋아하는 맛이라 좋아요. 유명한곳이라 점심시간엔 자리 잡기가 힘드네요 ㅋㅋ
764363993,인포메이션카페,강남,카페 디저트,4.2,295,,,사람도 많지 않고 분위기 좋네요. 라떼맛은 쏘쏘입니다.
764363993,인포메이션카페,강남,카페 디저트,4.2,295,,,주문을 7만원이 넘게 했는데 부분 품절 이유로 취소해버리네요. 뭐가 얼마나 품절이였을까요. 전화해서 빼고 보낸다던지 아님 설명이라도 해줘야지. 몇시간 지나도 품절표시 없었고 제가 오히려 적게 시켰으면 배달... 더보기
764363993,인포메이션카페,강남,카페 디저트,4.2,295,,,"🩷Coffee, sandwich, dessert, nice interior finishes"
764363993,인포메이션카페,강남,카페 디저트,4.2,295,,,"분위기 좋고 커피, 빵 다 무난히 맛있는 곳"
764363993,인포메이션카페,강남,카페 디저트,4.2,295,,,이근처 이만한 곳이 없음. 비싸도 올 수 밖에 없는 맛과 편안함
764363993,인포메이션카페,강남,카페 디저트,4.2,295,,,비싸지만 맛있는곳...✨️
764363993,인포메이션카페,강남,카페 디저트,4.2,295,,,"옆 건물 스타벅스에 자리가 없어서 한번 갔다가
IFMT 팬이 되어버렸습니다
입점한 건물의 건물주이자 타일 제조 기업인
유성씨앤에프에서 운영하는... 더보기"
764363993,인포메이션카페,강남,카페 디저트,4.2,295,,,"카페 분위기 무엇?!
베이커리와 커피도 정말 최고네요~ 😄😁"
764363993,인포메이션카페,강남,카페 디저트,4.2,295,,,분위기
764363993,인포메이션카페,강남,카페 디저트,4.2,295,,,가성비
764363993,인포메이션카페,강남,카페 디저트,4.2,295,,,사진/영상 후기만 보기
764363993,인포메이션카페,강남,카페 디저트,4.2,295,,,2026.02.10.
764363993,인포메이션카페,강남,카페 디저트,4.2,295,,,2025.12.21.
764363993,인포메이션카페,강남,카페 디저트,4.2,295,,,2025.01.27.
764363993,인포메이션카페,강남,카페 디저트,4.2,295,,,2024.10.05.
764363993,인포메이션카페,강남,카페 디저트,4.2,295,,,2023.11.07.
764363993,인포메이션카페,강남,카페 디저트,4.2,295,,,2023.08.23.
764363993,인포메이션카페,강남,카페 디저트,4.2,295,,,2023.05.07.
764363993,인포메이션카페,강남,카페 디저트,4.2,295,,,2023.05.03.
764363993,인포메이션카페,강남,카페 디저트,4.2,295,,,2023.01.28.
764363993,인포메이션카페,강남,카페 디저트,4.2,295,,,2022.12.11.
764363993,인포메이션카페,강남,카페 디저트,4.2,295,,,2022.11.04.
764363993,인포메이션카페,강남,카페 디저트,4.2,295,,,2025.03.20.
764363993,인포메이션카페,강남,카페 디저트,4.2,295,,,2024.11.25.
764363993,인포메이션카페,강남,카페 디저트,4.2,295,,,2024.07.30.
764363993,인포메이션카페,강남,카페 디저트,4.2,295,,,2024.04.08.
764363993,인포메이션카페,강남,카페 디저트,4.2,295,,,2024.03.25.
764363993,인포메이션카페,강남,카페 디저트,4.2,295,,,2023.02.04.
764363993,인포메이션카페,강남,카페 디저트,4.2,295,,,2022.12.04.
764363993,인포메이션카페,강남,카페 디저트,4.2,295,,,2022.12.03.
450110126,카페공명 신사가로수길점,강남,카페 디저트,4.8,395,,,스콘 마들렌 등 디저트가 다양하고 커피향도 향긋해요 :) 혼자 앉는 공간도 마련되어 있어서 명상하기도 좋네요~
450110126,카페공명 신사가로수길점,강남,카페 디저트,4.8,395,,,"카페가 넓어서 작업할때도 답답하지 않아서 좋아요 !
카페라떼도 고소해서 맛있어요 :) 작업할 것 있을때 자주 올 것 같습니다"
450110126,카페공명 신사가로수길점,강남,카페 디저트,4.8,395,,,스콘을 평소에 안 사먹는데 리뷰보니 스콘이 맛있다고 해서 도전해봤는데 생각보다 너무 맛있어요 !! 강추합니다
450110126,카페공명 신사가로수길점,강남,카페 디저트,4.8,395,,,"노트북 작업하기도 좋고 내부 분위기도 너무 좋아요 
내부도 커서 편안하게 할 일 가능한 구조입니다"
450110126,카페공명 신사가로수길점,강남,카페 디저트,4.8,395,,,분위기 너무너무 좋아요ㅠㅜㅠ 작업하러 오기도 좋구.. 최고에요🥹🤎
450110126,카페공명 신사가로수길점,강남,카페 디저트,4.8,395,,,"여기 콘센트도 엄청 많고 인테리어도 좋아요. 카공하기에도 데이트하기에도 굳!
베이커리 종류도 많아서 진짜 너무 좋아료!!!"
450110126,카페공명 신사가로수길점,강남,카페 디저트,4.8,395,,,너무 예쁘고 공간이 따뜻해요 가로수길 핫플이에요
450110126,카페공명 신사가로수길점,강남,카페 디저트,4.8,395,,,직원분들도 너무 친절하고 카페도 너무 이뻐요 !!
450110126,카페공명 신사가로수길점,강남,카페 디저트,4.8,395,,,공간도 넓으면서 분위기가 좋아요! 이 근방에서 제일 가성비 좋은 카페입니다 ❤️💻☕️
450110126,카페공명 신사가로수길점,강남,카페 디저트,4.8,395,,,강남에 이정도 규모의 작업하기 좋은 카페 없는데 공명 들어서서 넘 좋네용! 그렇지만 디저트는 조금 아쉬워요. 요즘 가로수길이 많이 죽어서 이런 대형카페에도 여전히 손님은 없어서 비교적 쾌적하네요!
450110126,카페공명 신사가로수길점,강남,카페 디저트,4.8,395,,,회사 근처 카페인데 직원분들도 친절하시고 커피도 맛있어서 자주 오게돼요!
450110126,카페공명 신사가로수길점,강남,카페 디저트,4.8,395,,,"공간이 다양해서 좋아요!! 혼자 와도, 여러명이서 방문해도 좋을 것 같아요 ㅎㅎ 신사에서 이렇게 맛있는
카페 찾아서 행복합니다"
450110126,카페공명 신사가로수길점,강남,카페 디저트,4.8,395,,,공간구성이 너무 좋아요 둘이나 혼자나 모두에게 좋은 공간
450110126,카페공명 신사가로수길점,강남,카페 디저트,4.8,395,,,"압구정오는길에, 평보고 들렸어요 ㅋ공명라떼 유명하다해서 먹어봤어여. 넘 달아요 ㅎㅎㅎ 그냥 무난한거 좋아하시면 그냥라떼 드세요! 호불호 있는 맛"
450110126,카페공명 신사가로수길점,강남,카페 디저트,4.8,395,,,테이크아웃 할인도되고 짱좋아요
450110126,카페공명 신사가로수길점,강남,카페 디저트,4.8,395,,,메뉴도 다양하고 자리도 넓고 편해서 짱 좋아요~!!
450110126,카페공명 신사가로수길점,강남,카페 디저트,4.8,395,,,"크기도 크고 의자+책상도 커요 ^_^
자리도 짱 많아요 ㅎㅎㅎ
음악 선곡 굿…"
450110126,카페공명 신사가로수길점,강남,카페 디저트,4.8,395,,,자주 와요 커피 맛있고 베이커리가 맛있어요~~~~
450110126,카페공명 신사가로수길점,강남,카페 디저트,4.8,395,,,이 늦은 밤에 여는 곳이 여기 밖에 없어서 방문. 커피 맛있고 직원 친절하나 내부가 스터디 카페같아서 테라스로 올라감. 늦은 시간 아니었으면 안왔을 곳 ㅎㅎ 그래도 덕분에 시간 잘 보내다가 갑니다.
450110126,카페공명 신사가로수길점,강남,카페 디저트,4.8,395,,,분위기 좋은 카페🤗 직원분들이 친절하셔요 ㅎㅎ
450110126,카페공명 신사가로수길점,강남,카페 디저트,4.8,395,,,분위기
450110126,카페공명 신사가로수길점,강남,카페 디저트,4.8,395,,,가성비
450110126,카페공명 신사가로수길점,강남,카페 디저트,4.8,395,,,사진/영상 후기만 보기
450110126,카페공명 신사가로수길점,강남,카페 디저트,4.8,395,,,2025.01.31.
450110126,카페공명 신사가로수길점,강남,카페 디저트,4.8,395,,,2025.02.03.
450110126,카페공명 신사가로수길점,강남,카페 디저트,4.8,395,,,2024.12.30.
450110126,카페공명 신사가로수길점,강남,카페 디저트,4.8,395,,,2025.01.21.
450110126,카페공명 신사가로수길점,강남,카페 디저트,4.8,395,,,2025.10.25.
450110126,카페공명 신사가로수길점,강남,카페 디저트,4.8,395,,,2025.09.30.
450110126,카페공명 신사가로수길점,강남,카페 디저트,4.8,395,,,2025.09.26.
450110126,카페공명 신사가로수길점,강남,카페 디저트,4.8,395,,,2025.09.19.
450110126,카페공명 신사가로수길점,강남,카페 디저트,4.8,395,,,2025.08.12.
450110126,카페공명 신사가로수길점,강남,카페 디저트,4.8,395,,,2025.07.23.
450110126,카페공명 신사가로수길점,강남,카페 디저트,4.8,395,,,2025.07.13.
450110126,카페공명 신사가로수길점,강남,카페 디저트,4.8,395,,,2025.07.02.
450110126,카페공명 신사가로수길점,강남,카페 디저트,4.8,395,,,2025.06.27.
450110126,카페공명 신사가로수길점,강남,카페 디저트,4.8,395,,,2025.06.21.
450110126,카페공명 신사가로수길점,강남,카페 디저트,4.8,395,,,2025.06.14.
450110126,카페공명 신사가로수길점,강남,카페 디저트,4.8,395,,,2025.06.10.
450110126,카페공명 신사가로수길점,강남,카페 디저트,4.8,395,,,2025.06.07.
450110126,카페공명 신사가로수길점,강남,카페 디저트,4.8,395,,,2025.05.24.
450110126,카페공명 신사가로수길점,강남,카페 디저트,4.8,395,,,2025.05.23.
450110126,카페공명 신사가로수길점,강남,카페 디저트,4.8,395,,,2025.05.12.
450110126,카페공명 신사가로수길점,강남,카페 디저트,4.8,395,,,2025.05.10.
675372031,디저트카페 연,강남,카페 디저트,0,0,,,후기 60
675372031,디저트카페 연,강남,카페 디저트,0,0,,,후기 47
675372031,디저트카페 연,강남,카페 디저트,0,0,,,후기 328
675372031,디저트카페 연,강남,카페 디저트,0,0,,,후기 미제공
182581980,카페 카이브,강남,카페 디저트,4.6,493,,,"먹어본 비건 음료와 디저트중에 가장 맛있었어요!
특히 인테리어를 구석구석 신경쓰셔서 그런지 사진 찍을 포인트도 많고 조명도 사진 잘 나오는 ... 더보기"
182581980,카페 카이브,강남,카페 디저트,4.6,493,,,"아메리카노 맛있었어용
무슨 아이스크림 크로플도 머겄눈데 
비건이라 그런지 아스크림이 서걱서걱? 조금 다른 ... 더보기"
182581980,카페 카이브,강남,카페 디저트,4.6,493,,,비건음식도 맛있고 저렴하고 윗층엔 화장품도 있어서 들려서 구경하기 좋아요!
182581980,카페 카이브,강남,카페 디저트,4.6,493,,,"분위기 끝판왕 카페 카이브! ✨ 신사 가로수길에서 예쁜 음료와 감각적인 공간을 함께 즐길 수 있었어요. 완벽했던 힐링타임, 재방문 의사 100%!

https:... 더보기"
182581980,카페 카이브,강남,카페 디저트,4.6,493,,,"카페 분위기가 정말 좋아요
시그니처 크림라떼도 맛있었어요"
182581980,카페 카이브,강남,카페 디저트,4.6,493,,,"근처에 볼일 있어 지나다 우연히 들른 카페입니다.
카페 분위기는 모던했고 감각있는 인테리어에 흡사 뮤지엄 느낌도 났습니다... 더보기"
182581980,카페 카이브,강남,카페 디저트,4.6,493,,,별 생각없이 빵 시켰는데 맛있어서 놀랬어요. 커피도 맛있고 분위기도 좋아서 만족스럽습니다. 다만 2층 올라가는 계단이 가팔라서 올라갈 때 조금 주의하면 됩니다.
182581980,카페 카이브,강남,카페 디저트,4.6,493,,,분위기는 상당히 깔끔하고 푸릇하고 소품이 이뻤습니다. 비건이라 그런지 빵 먹고 속이 부담스럽지 않았고 소금빵은 바삭하고 맛있습니다. 약간 가격이 좀 비싸게 느껴집니다.
182581980,카페 카이브,강남,카페 디저트,4.6,493,,,"카페 분위기가 평온하다고 할까,, 힐링하기 딱 좋은 곳"
182581980,카페 카이브,강남,카페 디저트,4.6,493,,,점심 먹고 가도 비건이라 그런지 부담 없어서 디저트랑 커피 계속 먹게됨..ㅎㅎㅎ😋
182581980,카페 카이브,강남,카페 디저트,4.6,493,,,디카페인만 마시는 입장으로 다양한 에이드와 티가 준비되어 있는게 좋았어욯ㅎ
182581980,카페 카이브,강남,카페 디저트,4.6,493,,,음료도 좋았는데 특히 디저트가 존마탱-
182581980,카페 카이브,강남,카페 디저트,4.6,493,,,비건이라고 해서 맛 없을 줄 알았는데 취향 저격:D 다만 이제 더워서 야외 테이블 앉기 좀 힘든게 아쉽네요 ㅠ
182581980,카페 카이브,강남,카페 디저트,4.6,493,,,카페부터 쇼룸까지 완전 취향 저격인 곳이였어요💗 가로수길에서 느끼는 성수의 넉김이랄까.. 잘 몰랐던 비건 제품들도 알게되고 테스터도 이용하는데 눈치 안봐서 좋았던 곳 :)
182581980,카페 카이브,강남,카페 디저트,4.6,493,,,완전 제 서타일의 디저트 입니다 ㅠㅠㅠ 그릭요거트 집에서 만들어 먹으면 이런 맛 안나는뎁... 저녁 약속 가기 전에 부담 없이 먹을 수 있어서 좋았고 은근 든든해서 대만족이였서욤!
182581980,카페 카이브,강남,카페 디저트,4.6,493,,,"비건 카페로 알고 왔는데 친구랑 비건 화장품 테스트만 1시간 넘게 한 듯 하네요😅

비건 좋아하시는 분에겐 최고의 공간!!!"
182581980,카페 카이브,강남,카페 디저트,4.6,493,,,"비건만 찾아다니는 건 아닌데 좋아하는 입장에서 만족 했습니다ㅎ 

관심 가지고 이것저것 물어보니깐 원두나 음료 관련한 부분들을 바... 더보기"
182581980,카페 카이브,강남,카페 디저트,4.6,493,,,가로수길에선 보기 힘든 카페 분위기였는데 알고보니 비건 뷰티가 입점된 쇼룸도 같이 운영하는 곳! 카페도 비건이라 그릭 요거트도 도전 했는데 완전 대성공💚
182581980,카페 카이브,강남,카페 디저트,4.6,493,,,분위기
182581980,카페 카이브,강남,카페 디저트,4.6,493,,,가성비
182581980,카페 카이브,강남,카페 디저트,4.6,493,,,사진/영상 후기만 보기
182581980,카페 카이브,강남,카페 디저트,4.6,493,,,2025.12.08.
182581980,카페 카이브,강남,카페 디저트,4.6,493,,,2025.03.06.
182581980,카페 카이브,강남,카페 디저트,4.6,493,,,2024.05.16.
182581980,카페 카이브,강남,카페 디저트,4.6,493,,,2023.05.27.
182581980,카페 카이브,강남,카페 디저트,4.6,493,,,2025.09.24.
182581980,카페 카이브,강남,카페 디저트,4.6,493,,,2025.09.23.
182581980,카페 카이브,강남,카페 디저트,4.6,493,,,2025.09.20.
182581980,카페 카이브,강남,카페 디저트,4.6,493,,,2025.02.28.
182581980,카페 카이브,강남,카페 디저트,4.6,493,,,2024.12.29.
182581980,카페 카이브,강남,카페 디저트,4.6,493,,,2024.02.23.
182581980,카페 카이브,강남,카페 디저트,4.6,493,,,2023.07.20.
182581980,카페 카이브,강남,카페 디저트,4.6,493,,,2023.07.12.
182581980,카페 카이브,강남,카페 디저트,4.6,493,,,2023.07.07.
182581980,카페 카이브,강남,카페 디저트,4.6,493,,,2023.06.30.
182581980,카페 카이브,강남,카페 디저트,4.6,493,,,2023.06.27.
182581980,카페 카이브,강남,카페 디저트,4.6,493,,,2023.06.14.
182581980,카페 카이브,강남,카페 디저트,4.6,493,,,2023.06.09.
182581980,카페 카이브,강남,카페 디저트,4.6,493,,,2023.05.31.
182581980,카페 카이브,강남,카페 디저트,4.6,493,,,2023.05.30.
1329992832,플로렛플라워카페,강남,카페 디저트,4.1,44,,,디카페인 진짜 너무 맛없어요. 다 탄 맛
1329992832,플로렛플라워카페,강남,카페 디저트,4.1,44,,,밀크티빙수가 진짜 레전드…🤍🤍🤍
1329992832,플로렛플라워카페,강남,카페 디저트,4.1,44,,,빙수가 너무 맛있어요!
1329992832,플로렛플라워카페,강남,카페 디저트,4.1,44,,,"주차가 되서 유일하게 방문하는 카페...
주차말고는 별 메리트는 없습니다.
맛도 그저그렇고... 뭐..."
1329992832,플로렛플라워카페,강남,카페 디저트,4.1,44,,,여직원 개이쁨 천상의 미모~~♡
1329992832,플로렛플라워카페,강남,카페 디저트,4.1,44,,,"양재천 뷰 예쁜 카페. 
애견 동반이 가능한가보다. 
앉아서 카페오는 다양한 강아지 구경도 하고 좋았당ㅋㅋㅋ ... 더보기"
1329992832,플로렛플라워카페,강남,카페 디저트,4.1,44,,,밀크티
1329992832,플로렛플라워카페,강남,카페 디저트,4.1,44,,,팥빙수 진짜 맛있어요 약간 가성비가 좋은편은 아니긴한데 감수할만해요
1329992832,플로렛플라워카페,강남,카페 디저트,4.1,44,,,"양재천 최애카페
작지만 티가 맛있고 양재천로 바라보면서 음악듣기 좋음
개출입 가능 귀여운개 구경가능"
1329992832,플로렛플라워카페,강남,카페 디저트,4.1,44,,,"밀크티가 개미쳤음,,"
1329992832,플로렛플라워카페,강남,카페 디저트,4.1,44,,,Coffee
1329992832,플로렛플라워카페,강남,카페 디저트,4.1,44,,,"깨끗하고 예뻐요. 커피도 맛나지만 레몬에이드 짱 자몽차도 짱짱
특히 카페에앉아서 보는 풍경이 너무 예뻐서 좋았어요"
1329992832,플로렛플라워카페,강남,카페 디저트,4.1,44,,,분위기
1329992832,플로렛플라워카페,강남,카페 디저트,4.1,44,,,가성비
1329992832,플로렛플라워카페,강남,카페 디저트,4.1,44,,,사진/영상 후기만 보기
1329992832,플로렛플라워카페,강남,카페 디저트,4.1,44,,,2025.08.09.
1329992832,플로렛플라워카페,강남,카페 디저트,4.1,44,,,2023.02.25.
1329992832,플로렛플라워카페,강남,카페 디저트,4.1,44,,,2023.08.03.
1329992832,플로렛플라워카페,강남,카페 디저트,4.1,44,,,2025.10.09.
1329992832,플로렛플라워카페,강남,카페 디저트,4.1,44,,,2025.06.12.
1329992832,플로렛플라워카페,강남,카페 디저트,4.1,44,,,2025.03.16.
1329992832,플로렛플라워카페,강남,카페 디저트,4.1,44,,,2024.04.05.
1329992832,플로렛플라워카페,강남,카페 디저트,4.1,44,,,2023.07.20.
1329992832,플로렛플라워카페,강남,카페 디저트,4.1,44,,,2022.09.27.
1329992832,플로렛플라워카페,강남,카페 디저트,4.1,44,,,2022.04.09.
1329992832,플로렛플라워카페,강남,카페 디저트,4.1,44,,,2018.10.17.
1329992832,플로렛플라워카페,강남,카페 디저트,4.1,44,,,2018.04.28.
1329992832,플로렛플라워카페,강남,카페 디저트,4.1,44,,,2025.12.13.
1329992832,플로렛플라워카페,강남,카페 디저트,4.1,44,,,2023.09.25.
1329992832,플로렛플라워카페,강남,카페 디저트,4.1,44,,,2021.06.18.
1329992832,플로렛플라워카페,강남,카페 디저트,4.1,44,,,2018.01.26.
2132203239,카페풀림,강남,카페 디저트,4.5,254,,,"커피도 인정, 쿠키는 필수🔥"
2132203239,카페풀림,강남,카페 디저트,4.5,254,,,커피 맛집이네효 스껄
2132203239,카페풀림,강남,카페 디저트,4.5,254,,,"신사동에 있는 커피숍 치고 가격은 많이 비싼건 아니네요.
지나가면서 보면 항상 손님들이 많이 있는게
무엇이 그렇게 ... 더보기"
2132203239,카페풀림,강남,카페 디저트,4.5,254,,,라떼 쏘쏘.
2132203239,카페풀림,강남,카페 디저트,4.5,254,,,"오랫만에 왔는데 새로운 분위기로 바뀌어 있네요:) 글루텐프리 바나나 디저트가 생겨서 좋았고, 수제쿠키는 옛날 처럼 맛있었어요! 커피는 산미 원두로 드시는걸 추천! 산미 원두에 풀림크림라떼 정말 맛있어요... 더보기"
2132203239,카페풀림,강남,카페 디저트,4.5,254,,,인테리어와 분위기 정말 좋습니다. 커피 맛도 정말 좋아요! 직원들도 친절하고 추천합니다:)
2132203239,카페풀림,강남,카페 디저트,4.5,254,,,"애플라떼, 코코넛카야쿠키, 헤이즐넛스모어쿠키, 말차쿠키 주문했습니다 애플라떼는 사과가 얇게 슬라이스되어 들어간 카페라떼맛이었어요 그냥그랬습니다 쿠키는전체적으로 식감이 푸석푸석했어요. 그나마 헤이... 더보기"
2132203239,카페풀림,강남,카페 디저트,4.5,254,,,좌석간의 거리가 좀 가까웠던 기억이 있는데 분위기도 좋고 좌석도 넉넉하고 쿠키 이름 뭔지 모르겠는데 맛있었어요
2132203239,카페풀림,강남,카페 디저트,4.5,254,,,"쿠키너무 맛있어요ㅠㅠㅠㅠ
커피 감성 디저트 친절도 
모두 최고네요"
2132203239,카페풀림,강남,카페 디저트,4.5,254,,,사장님이 맛있고 애플시나몬티가 친절해요🙃
2132203239,카페풀림,강남,카페 디저트,4.5,254,,,"이모랑 갔는데 이모가 커피도 분위기도 넘 좋다고 맘에 들어하셨어요 ㅎㅎ 남자직원분 친절! 좀 외진데 있어서 별하나뺍니당 
시나몬 롤이랑 아메 맛잇엇어요"
2132203239,카페풀림,강남,카페 디저트,4.5,254,,,"분위기 좋아보여서 들어갔는데
티는 별로였어요
커피를 마셔볼걸 그랬네요"
2132203239,카페풀림,강남,카페 디저트,4.5,254,,,"커피도 맛있고, 분위기도 좋고, 시나몬롤은 말이 필요없어요. 
소품하나하나 다 예쁘고 매력... 더보기"
2132203239,카페풀림,강남,카페 디저트,4.5,254,,,커피한잔 편하게 마시고 갑니다. 인테리어도 리모델링해서 그런지 깔끔하고 직원분들도 친절하시네요. 커피 향도 좋네요.
2132203239,카페풀림,강남,카페 디저트,4.5,254,,,"커피도 맛있고 커피,디저트 종류도 다양해서 좋고 분위기도 좋고 친절하고 친구들이랑도 또 오려구요! 감사합니다^^"
2132203239,카페풀림,강남,카페 디저트,4.5,254,,,올때마다 허니 펌킨 라떼 마시는데 너무 맛있어요! 대화 나누기에 분위기도 좋고 직원분들 친절하셔서 기분 좋게 다녀왔어요~
2132203239,카페풀림,강남,카페 디저트,4.5,254,,,그동안 먹어봤던 쿠키 중 진짜 역대급으로 맛있어요 ㅋㅋ 먹고 다른 종류도 여러개 포장 ! 매장도 이쁘고 친절하셔서 압구정이나 신사쪽 오면 자주 들리려고요 !
2132203239,카페풀림,강남,카페 디저트,4.5,254,,,조용하고 친절함
2132203239,카페풀림,강남,카페 디저트,4.5,254,,,분위기
2132203239,카페풀림,강남,카페 디저트,4.5,254,,,가성비
2132203239,카페풀림,강남,카페 디저트,4.5,254,,,사진/영상 후기만 보기
2132203239,카페풀림,강남,카페 디저트,4.5,254,,,2026.04.22.
2132203239,카페풀림,강남,카페 디저트,4.5,254,,,2025.12.02.
2132203239,카페풀림,강남,카페 디저트,4.5,254,,,2025.05.06.
2132203239,카페풀림,강남,카페 디저트,4.5,254,,,2024.08.31.
2132203239,카페풀림,강남,카페 디저트,4.5,254,,,2024.06.19.
2132203239,카페풀림,강남,카페 디저트,4.5,254,,,2024.05.17.
2132203239,카페풀림,강남,카페 디저트,4.5,254,,,2024.03.09.
2132203239,카페풀림,강남,카페 디저트,4.5,254,,,2022.10.23.
2132203239,카페풀림,강남,카페 디저트,4.5,254,,,2026.03.29.
2132203239,카페풀림,강남,카페 디저트,4.5,254,,,2025.07.16.
2132203239,카페풀림,강남,카페 디저트,4.5,254,,,2025.04.02.
2132203239,카페풀림,강남,카페 디저트,4.5,254,,,2025.02.18.
2132203239,카페풀림,강남,카페 디저트,4.5,254,,,2025.01.22.
2132203239,카페풀림,강남,카페 디저트,4.5,254,,,2024.08.09.
2132203239,카페풀림,강남,카페 디저트,4.5,254,,,2024.03.13.
2132203239,카페풀림,강남,카페 디저트,4.5,254,,,2024.03.11.
2132203239,카페풀림,강남,카페 디저트,4.5,254,,,2023.01.15.
2132203239,카페풀림,강남,카페 디저트,4.5,254,,,2021.12.01.
1551955711,카페프라미스,강남,카페 디저트,4.2,171,,,커피도 케잌도 엄청 맛있어요!
1551955711,카페프라미스,강남,카페 디저트,4.2,171,,,"안경 쓰고 키 큰 남자 매니저님 정말 친절하고 음료제조도 맛있게 잘해주세요. 제가 3-4 번 갔는데 갈 때마다 계셨고, 다른 분들도 친절하지만 이 분이 특히 친절합니다 . 그리고 10분 도 쉬는 걸 본 적이 없어요... 더보기"
1551955711,카페프라미스,강남,카페 디저트,4.2,171,,,"강아지랑 오기 너무좋네요! 제가 이런리뷰 잘안남기는데 아주 맘에들어용 ㅎㅎ
노트북하기도 좋구요 다음에 또올게요 조용해서 좋네요..강남에 이런곳이 있다니 매장도 넓고 명란소금빵도 맛잇엇어요 !!!!!!"
1551955711,카페프라미스,강남,카페 디저트,4.2,171,,,"평일 오후 여성직원분 친절하세요!!
그리고 오이바게트 맛있어요. 좀 더 차갑게 보관되면 좋을 거 같지만 어렵겠죠..ㅎ"
1551955711,카페프라미스,강남,카페 디저트,4.2,171,,,선물용으로 소금빵 샀는데 포장 봉투에 넣을때도 툭툭 던지더니 쇼핑백에 넣을때도 걍 다 던져서 넣으세요?? ㅋㅋ 다 찌그러지고 난리남 내 돈 내가 내고 산다는데 서비스 왜그따구에요? 암말 안하고 나왔지만 다신 안가고ㅠ... 더보기
1551955711,카페프라미스,강남,카페 디저트,4.2,171,,,"명란소금빵 오이바게트 진짜 맛있네요! 
요기 먹어본 빵들은 다 괜찮았어요  ... 더보기"
1551955711,카페프라미스,강남,카페 디저트,4.2,171,,,일찍여는게 좋고 커피맛도 좋아요. 내부 넓음
1551955711,카페프라미스,강남,카페 디저트,4.2,171,,,커피랑 빵은 나쁘지않은데 주말 오후 여자직원분 들어올때부터 표정안좋았는데 테이크아웃해서 나갈때까지 모든 응대가 불친절하네요;;
1551955711,카페프라미스,강남,카페 디저트,4.2,171,,,음료도 무난하고 일단 강남역 근처 시끄럽고 정신 없는 데 많은데 그렇지 않아서 좋습니다. 디저트류들도 종류가 많아요.
1551955711,카페프라미스,강남,카페 디저트,4.2,171,,,맛도 분위기도 응대도 매우 친절한 카페:) 단골됐습니다!
1551955711,카페프라미스,강남,카페 디저트,4.2,171,,,치즈케익 짱 맛있어요! 인테리어도 예뻐요
1551955711,카페프라미스,강남,카페 디저트,4.2,171,,,분위기
1551955711,카페프라미스,강남,카페 디저트,4.2,171,,,가성비
1551955711,카페프라미스,강남,카페 디저트,4.2,171,,,사진/영상 후기만 보기
1551955711,카페프라미스,강남,카페 디저트,4.2,171,,,2025.09.01.
1551955711,카페프라미스,강남,카페 디저트,4.2,171,,,2025.08.03.
1551955711,카페프라미스,강남,카페 디저트,4.2,171,,,2025.05.01.
1551955711,카페프라미스,강남,카페 디저트,4.2,171,,,2024.06.10.
1551955711,카페프라미스,강남,카페 디저트,4.2,171,,,2023.10.16.
1551955711,카페프라미스,강남,카페 디저트,4.2,171,,,2023.09.21.
1551955711,카페프라미스,강남,카페 디저트,4.2,171,,,2025.12.29.
1551955711,카페프라미스,강남,카페 디저트,4.2,171,,,2024.03.20.
1551955711,카페프라미스,강남,카페 디저트,4.2,171,,,2026.03.26.
1551955711,카페프라미스,강남,카페 디저트,4.2,171,,,2025.12.17.
1551955711,카페프라미스,강남,카페 디저트,4.2,171,,,2025.04.26.
1551955711,카페프라미스,강남,카페 디저트,4.2,171,,,2025.04.12.
1551955711,카페프라미스,강남,카페 디저트,4.2,171,,,2025.03.01.
1551955711,카페프라미스,강남,카페 디저트,4.2,171,,,2024.10.18.
1551955711,카페프라미스,강남,카페 디저트,4.2,171,,,2023.12.21.
1551955711,카페프라미스,강남,카페 디저트,4.2,171,,,2023.03.21.
1551955711,카페프라미스,강남,카페 디저트,4.2,171,,,2025.12.01.
1551955711,카페프라미스,강남,카페 디저트,4.2,171,,,2025.07.30.
1551955711,카페프라미스,강남,카페 디저트,4.2,171,,,2025.06.23.
1551955711,카페프라미스,강남,카페 디저트,4.2,171,,,2025.05.20.
1419529121,더플레이트디저트,강남,카페 디저트,3.7,132,,,"지석진님 방송보고 방문했습니다.
초코슈,딸기슈, 밀푀유슈 먹어봤습니다. 맛있네요~!  개인적으로는
초코슈 1순위, 2순위 딸기, 3... 더보기"
1419529121,더플레이트디저트,강남,카페 디저트,3.7,132,,,파이가 꽤 괜찮다. 가급적 빨리 먹어야 눅지지 않는다.
1419529121,더플레이트디저트,강남,카페 디저트,3.7,132,,,3800원짜리 슈크림빵에 크림구성 보소?
1419529121,더플레이트디저트,강남,카페 디저트,3.7,132,,,"굳이 먹는다면 슈만 먹으면 될듯! 깜빠뉴, 퀸아망은 별로였고 슈크림 부분은 무난.. 근처 지나가면 사먹어볼만함"
1419529121,더플레이트디저트,강남,카페 디저트,3.7,132,,,스태프 모두 친절하셨구 밀푀유슈 먹었는데 미친맛이였어요.. 필링마구 넘치고 겉은 달면서도 바삭해서 좋았습니다!
1419529121,더플레이트디저트,강남,카페 디저트,3.7,132,,,맛있구 좋았어요! 재방문의사 많아요...
1419529121,더플레이트디저트,강남,카페 디저트,3.7,132,,,밀푀유슈 얼려먹는 거 추천 ! 냉동해도 겉면의 바삭함 잃지 않아요.
1419529121,더플레이트디저트,강남,카페 디저트,3.7,132,,,직원 응대 개에바임... 빵도 너무 딱딱해요.
1419529121,더플레이트디저트,강남,카페 디저트,3.7,132,,,파이는 무슨맛인지 모르겠고 슈가 맛있음
1419529121,더플레이트디저트,강남,카페 디저트,3.7,132,,,"맛있지만 비싼..
소금빵 맛있는편"
1419529121,더플레이트디저트,강남,카페 디저트,3.7,132,,,픽업만 가능한 점이 좀 아쉽지만 맛이 너무 좋아요. 그리고 직원들 친절해요!
1419529121,더플레이트디저트,강남,카페 디저트,3.7,132,,,슈 그럭저럭 먹을 만
1419529121,더플레이트디저트,강남,카페 디저트,3.7,132,,,가격 대비 무난합니다. 굳이 또 찾아갈 것 같지는 않네요.
1419529121,더플레이트디저트,강남,카페 디저트,3.7,132,,,초코슈 짱맛있러룡ㅠㅠㅠㅠ 초코 디저트들 안좋아하는데 냉장고 넣어서 차갑게 해먹었더니 적당히 달고 안느끼하게 쫀맛❤️
1419529121,더플레이트디저트,강남,카페 디저트,3.7,132,,,"지나가다 초코슈 하나  사들고 와서  먹었는데 겉이 바삭하고, 생크림이 안 느끼해서 너무 좋았습니다."
1419529121,더플레이트디저트,강남,카페 디저트,3.7,132,,,분위기
1419529121,더플레이트디저트,강남,카페 디저트,3.7,132,,,가성비
1419529121,더플레이트디저트,강남,카페 디저트,3.7,132,,,사진/영상 후기만 보기
1419529121,더플레이트디저트,강남,카페 디저트,3.7,132,,,2026.01.22.
1419529121,더플레이트디저트,강남,카페 디저트,3.7,132,,,2025.12.31.
1419529121,더플레이트디저트,강남,카페 디저트,3.7,132,,,2025.06.13.
1419529121,더플레이트디저트,강남,카페 디저트,3.7,132,,,2025.01.29.
1419529121,더플레이트디저트,강남,카페 디저트,3.7,132,,,2024.02.13.
1419529121,더플레이트디저트,강남,카페 디저트,3.7,132,,,2025.02.21.
1419529121,더플레이트디저트,강남,카페 디저트,3.7,132,,,2025.01.01.
1419529121,더플레이트디저트,강남,카페 디저트,3.7,132,,,2024.10.11.
1419529121,더플레이트디저트,강남,카페 디저트,3.7,132,,,2024.08.28.
1419529121,더플레이트디저트,강남,카페 디저트,3.7,132,,,2021.02.16.
1419529121,더플레이트디저트,강남,카페 디저트,3.7,132,,,2026.02.07.
1419529121,더플레이트디저트,강남,카페 디저트,3.7,132,,,2025.03.30.
1419529121,더플레이트디저트,강남,카페 디저트,3.7,132,,,2025.02.03.
1419529121,더플레이트디저트,강남,카페 디저트,3.7,132,,,2024.11.16.
1419529121,더플레이트디저트,강남,카페 디저트,3.7,132,,,2024.11.13.
1419529121,더플레이트디저트,강남,카페 디저트,3.7,132,,,2024.01.23.
1419529121,더플레이트디저트,강남,카페 디저트,3.7,132,,,2023.09.05.
1419529121,더플레이트디저트,강남,카페 디저트,3.7,132,,,2022.06.10.
1419529121,더플레이트디저트,강남,카페 디저트,3.7,132,,,2022.04.04.
1419529121,더플레이트디저트,강남,카페 디저트,3.7,132,,,2021.12.17.
100026790,카페로얄마카롱 신사역점,강남,카페 디저트,4.8,94,,,"마카롱이 하나하나 정성스럽게 만들어진 게 느껴졌어요
적당히 달고 식감도 좋아서 부담 없이 즐기기 딱 좋았네요
포장도 예쁘고 선물용으로도 완전 추천합니다"
100026790,카페로얄마카롱 신사역점,강남,카페 디저트,4.8,94,,,"카페가 넓어서 혼자 와도 눈치가 안보입니다!
커피랑 마카롱 모두 맛있어요"
100026790,카페로얄마카롱 신사역점,강남,카페 디저트,4.8,94,,,마카롱 종류도 많고 가격도 저렴하고 사장님 친절하시고 포장지도 고급스러워서 선물용으로 너무 좋은 것 같아용
100026790,카페로얄마카롱 신사역점,강남,카페 디저트,4.8,94,,,선물용 포장하기 좋아요
100026790,카페로얄마카롱 신사역점,강남,카페 디저트,4.8,94,,,너무 맛있고 또 두쫀쿠 먹으러 오고싶어요 음료는 안 마시고 마카롱위쥬로 팔아요 휘낭시에도 너무 제 취향이고 두바이 카다이프 많이들어가있어요 담에 또 올게요
100026790,카페로얄마카롱 신사역점,강남,카페 디저트,4.8,94,,,"두쫀쿠 맛집이에요~
저랑 직장동료는 여기 두쫀쿠만 출퇴근으로 4개씩 사먹어서 100개는 먹은거 같아오"
100026790,카페로얄마카롱 신사역점,강남,카페 디저트,4.8,94,,,너무 맛있고 직원분들도 너무 친절해요! 🫶
100026790,카페로얄마카롱 신사역점,강남,카페 디저트,4.8,94,,,"쫀득하고 꽤 먹을만. 기대 이상(23.12.21)

-
필링이 살짝 느끼해진 ... 더보기"
100026790,카페로얄마카롱 신사역점,강남,카페 디저트,4.8,94,,,"너무너무 맛있고, 로얄마카롱 신사역 최고!!!"
100026790,카페로얄마카롱 신사역점,강남,카페 디저트,4.8,94,,,"꼬끄랑 가격이 개지림

솔직히 필링자체는 그저그럼 (맛이 쎄게 느껴... 더보기"
100026790,카페로얄마카롱 신사역점,강남,카페 디저트,4.8,94,,,"마카롱 땡겨서 왔는데 두쫀쿠까지 
넘맛잇어요 ㅎㅎㅎ"
100026790,카페로얄마카롱 신사역점,강남,카페 디저트,4.8,94,,,마카롱이 종류도 많고 맛있어요~
100026790,카페로얄마카롱 신사역점,강남,카페 디저트,4.8,94,,,"합리적인 가격대에 다양한 마카롱의 종류를 맛볼 수 있어 너무 좋아요! 카페 내부도 엄청 넓고 자리마다 콘센트도 있어서 커플끼리 오기도, 카공하기도 너무 좋은것 같아요~"
100026790,카페로얄마카롱 신사역점,강남,카페 디저트,4.8,94,,,첫 방문인데 맛있고 친절하세요!!
100026790,카페로얄마카롱 신사역점,강남,카페 디저트,4.8,94,,,"근처에서 엄마랑 저녁 먹고 들어가다 단게 땡겨서 우연히 들렸는데 맛있었어요.
쑥, 우유, 블루베리 그리고 페퍼민트차 레몬차 요렇게 시켰는데 마카롱은 너무 달지도 않고 레몬차... 더보기"
100026790,카페로얄마카롱 신사역점,강남,카페 디저트,4.8,94,,,신사역에서 저렴한 음료(커피 3천원대)와 다양한 마카롱(2800원)을 파는 카페. 내부 넓고 인테리어 감성있고 자리 많음! 솔직히 3.5점 주고 싶은데 4점은 많고 첫방문(10/13)에 도전한 메뉴는 맛이 그닥이어서 고민하다... 더보기
100026790,카페로얄마카롱 신사역점,강남,카페 디저트,4.8,94,,,The cafe is spacious and clean. SO cute and lots of seats and photographable spots. The macarons are made by hand on site and are delish! The milk tea here is strong and worth every sip! Very good. The... 더보기
100026790,카페로얄마카롱 신사역점,강남,카페 디저트,4.8,94,,,당이 땡겨서 들렸는데 메뉴도 다양하고 너무 맛있어요!! ㅠㅠ 만약 마카롱 맛있는곳 찾으시면 한번들려서 드셔보셔요! 완전 추천드립니다🤤😊
100026790,카페로얄마카롱 신사역점,강남,카페 디저트,4.8,94,,,"리뷰가 너무 좋아서 일부로 찾아왔어요!
들어오는 입구에서 부터 퍼지는 향긋한 빵내음이
빵순이의 마음을 자극시키며 ... 더보기"
100026790,카페로얄마카롱 신사역점,강남,카페 디저트,4.8,94,,,지나가다가 목 말라서 커피살겸 들렸는데 마카롱도 종류도 많고 가게도 넓어서 좋았습니다 ~~!!! 요즘 마카롱 이렇게 많은곳 보기 힘든데 종류별로 먹을수있어서 좋네용 ㅎㅎ 담에 또 올게요~!
100026790,카페로얄마카롱 신사역점,강남,카페 디저트,4.8,94,,,가성비
100026790,카페로얄마카롱 신사역점,강남,카페 디저트,4.8,94,,,분위기
100026790,카페로얄마카롱 신사역점,강남,카페 디저트,4.8,94,,,사진/영상 후기만 보기
100026790,카페로얄마카롱 신사역점,강남,카페 디저트,4.8,94,,,2025.04.13.
100026790,카페로얄마카롱 신사역점,강남,카페 디저트,4.8,94,,,2025.06.07.
100026790,카페로얄마카롱 신사역점,강남,카페 디저트,4.8,94,,,2025.01.28.
100026790,카페로얄마카롱 신사역점,강남,카페 디저트,4.8,94,,,2025.01.11.
100026790,카페로얄마카롱 신사역점,강남,카페 디저트,4.8,94,,,2026.04.21.
100026790,카페로얄마카롱 신사역점,강남,카페 디저트,4.8,94,,,2026.03.15.
100026790,카페로얄마카롱 신사역점,강남,카페 디저트,4.8,94,,,2026.03.27.
100026790,카페로얄마카롱 신사역점,강남,카페 디저트,4.8,94,,,2026.03.01.
100026790,카페로얄마카롱 신사역점,강남,카페 디저트,4.8,94,,,2026.03.09.
100026790,카페로얄마카롱 신사역점,강남,카페 디저트,4.8,94,,,2026.02.06.
100026790,카페로얄마카롱 신사역점,강남,카페 디저트,4.8,94,,,2026.02.14.
100026790,카페로얄마카롱 신사역점,강남,카페 디저트,4.8,94,,,2026.01.17.
100026790,카페로얄마카롱 신사역점,강남,카페 디저트,4.8,94,,,2026.01.10.
100026790,카페로얄마카롱 신사역점,강남,카페 디저트,4.8,94,,,2026.01.04.
100026790,카페로얄마카롱 신사역점,강남,카페 디저트,4.8,94,,,2026.01.05.
100026790,카페로얄마카롱 신사역점,강남,카페 디저트,4.8,94,,,2025.12.28.
100026790,카페로얄마카롱 신사역점,강남,카페 디저트,4.8,94,,,2025.12.01.
100026790,카페로얄마카롱 신사역점,강남,카페 디저트,4.8,94,,,2025.12.05.
100026790,카페로얄마카롱 신사역점,강남,카페 디저트,4.8,94,,,2025.11.13.
100026790,카페로얄마카롱 신사역점,강남,카페 디저트,4.8,94,,,2025.11.24.
100026790,카페로얄마카롱 신사역점,강남,카페 디저트,4.8,94,,,2025.11.10.
100026790,카페로얄마카롱 신사역점,강남,카페 디저트,4.8,94,,,2025.11.06.
100026790,카페로얄마카롱 신사역점,강남,카페 디저트,4.8,94,,,2025.10.13.
100026790,카페로얄마카롱 신사역점,강남,카페 디저트,4.8,94,,,2025.10.18.
100026790,카페로얄마카롱 신사역점,강남,카페 디저트,4.8,94,,,2025.10.02.
100026790,카페로얄마카롱 신사역점,강남,카페 디저트,4.8,94,,,2025.10.08.
100026790,카페로얄마카롱 신사역점,강남,카페 디저트,4.8,94,,,2025.09.29.
16501999,카페올,강남,카페 디저트,4.8,9,,,"커피 잘합니다.
유튜브 커피라이더
찾았다. 커피 맛집. 카페올. / #커피라이더
http... 더보기"
16501999,카페올,강남,카페 디저트,4.8,9,,,이곳은 진짜다
16501999,카페올,강남,카페 디저트,4.8,9,,,"직접 로스팅한 아메리카노 너무 맛있고 
커알못에게 친절한 설명까지 최고에요!!!"
16501999,카페올,강남,카페 디저트,4.8,9,,,"맛있는 커피 마시고 싶을때 들르는 곳 입니다🙂
로스팅카페다 보니 원두가 좋아서 기본 아메리카노도 정말 맛있고 디카페인도 맛있어요!"
16501999,카페올,강남,카페 디저트,4.8,9,,,"근처에 카페거리도 많고 해서 수준높은 카페가 
정말 많은데, 절대 뒤지지 않아요. 
언제나 믿고 ... 더보기"
16501999,카페올,강남,카페 디저트,4.8,9,,,좋은 원두 쓰는 게 티가 나는 곳입니다^^ 커피 맛 대비 가성비가 좋은 곳이에요!! 맛있는 커피 찾으시는 분들 모이세요~~
16501999,카페올,강남,카페 디저트,4.8,9,,,"녀석은 무려 바닐라'빈' 라떼라구요!!!

진짜 국내에서 먹어 본 바닐라라떼ㅠ중에 탑오브탑 입니다!
꼭 ... 더보기"
16501999,카페올,강남,카페 디저트,4.8,9,,,넘 좋네요!
16501999,카페올,강남,카페 디저트,4.8,9,,,카푸치노가 라떼같았어서 좀 아쉽 ㅠ 다른 메뉴도 부수기 해보려고 합니다 사장님 너무 친절하시고 공간도 넓은 편입니다
16501999,카페올,강남,카페 디저트,4.8,9,,,불쌍한 아이들 위해 따뜻한 기부도 하시는 마음좋으신 분들이 운영하는 카페입니다
16501999,카페올,강남,카페 디저트,4.8,9,,,가성비
16501999,카페올,강남,카페 디저트,4.8,9,,,분위기
16501999,카페올,강남,카페 디저트,4.8,9,,,사진/영상 후기만 보기
16501999,카페올,강남,카페 디저트,4.8,9,,,2024.06.26.
16501999,카페올,강남,카페 디저트,4.8,9,,,2023.01.23.
16501999,카페올,강남,카페 디저트,4.8,9,,,2021.06.18.
16501999,카페올,강남,카페 디저트,4.8,9,,,2024.11.10.
16501999,카페올,강남,카페 디저트,4.8,9,,,2024.09.10.
16501999,카페올,강남,카페 디저트,4.8,9,,,2024.08.27.
16501999,카페올,강남,카페 디저트,4.8,9,,,2024.10.18.
16501999,카페올,강남,카페 디저트,4.8,9,,,2024.08.07.
16501999,카페올,강남,카페 디저트,4.8,9,,,2026.04.14.
16501999,카페올,강남,카페 디저트,4.8,9,,,2024.10.31.
16501999,카페올,강남,카페 디저트,4.8,9,,,2025.02.19.
16501999,카페올,강남,카페 디저트,4.8,9,,,2019.01.03.
16501999,카페올,강남,카페 디저트,4.8,9,,,2023.12.10.
1581244530,카페 그라브 논현,강남,카페 디저트,2.3,189,,,"야외공간 좋아요 조용한분위기 좋아요
주차 좋아요"
1581244530,카페 그라브 논현,강남,카페 디저트,2.3,189,,,"알바 불친절 심함
깔보는 태도에 무슨 컨셉 카페온줄 암
귀를 의심함 ㅋㅋ
커... 더보기"
1581244530,카페 그라브 논현,강남,카페 디저트,2.3,189,,,"음료는 가격 1/5 값도 못하고, 영업시간도 걍 마음대로여 아주"
1581244530,카페 그라브 논현,강남,카페 디저트,2.3,189,,,"퀄리티에 비해 비싸고 
1시쯤 갔음에도 재료소진이라는 음료가 많았음
주문하러갔는데 알바 둘이 안에서 한참동안 안나와서 주문 못하고 기다림. 삼... 더보기"
1581244530,카페 그라브 논현,강남,카페 디저트,2.3,189,,,카페 한쪽에서 공사하고 있고 가벽이 있는것도 아니고 비닐로만 막혀있어서 너무너무 시끄러워요 ㅠ 주문전에 미리 공지를 하시든지 가벽을 세우셔야 할 것 같아요. 카페에서 대화를 못하겠어요ㅜㅜ
1581244530,카페 그라브 논현,강남,카페 디저트,2.3,189,,,분위기
1581244530,카페 그라브 논현,강남,카페 디저트,2.3,189,,,사진/영상 후기만 보기
1581244530,카페 그라브 논현,강남,카페 디저트,2.3,189,,,2026.01.05.
1581244530,카페 그라브 논현,강남,카페 디저트,2.3,189,,,2026.02.20.
1581244530,카페 그라브 논현,강남,카페 디저트,2.3,189,,,2026.02.01.
1581244530,카페 그라브 논현,강남,카페 디저트,2.3,189,,,2026.01.07.
1581244530,카페 그라브 논현,강남,카페 디저트,2.3,189,,,2024.04.21.
1581244530,카페 그라브 논현,강남,카페 디저트,2.3,189,,,2025.10.08.
1107978574,카페드몽슈슈 선정릉점,강남,카페 디저트,3.7,12,,,몽슈슈 도지마롤 케이크 맛있습니다. 매장도 아늑하고 조용히 차 한잔 마시며 담소를 나누는 장소로 제격 입니다.
1107978574,카페드몽슈슈 선정릉점,강남,카페 디저트,3.7,12,,,도지마롤 최고 ~~~
1107978574,카페드몽슈슈 선정릉점,강남,카페 디저트,3.7,12,,,정말 친절하셨음! 몽슈슈맛은 머 몽슈슈맛~
1107978574,카페드몽슈슈 선정릉점,강남,카페 디저트,3.7,12,,,백화점보단 가짓수적음 ㅡ급히 마실갈때 선물픽하기좋은~*
1107978574,카페드몽슈슈 선정릉점,강남,카페 디저트,3.7,12,,,"어르신이 알바안쓰고 고생하면서 일하시는건 알겠는데 들어가면서부터 주문하고 나갈때가지 한마디도
안하심 포크달라고... 더보기"
1107978574,카페드몽슈슈 선정릉점,강남,카페 디저트,3.7,12,,,분위기
1107978574,카페드몽슈슈 선정릉점,강남,카페 디저트,3.7,12,,,사진/영상 후기만 보기
1107978574,카페드몽슈슈 선정릉점,강남,카페 디저트,3.7,12,,,2022.09.03.
1107978574,카페드몽슈슈 선정릉점,강남,카페 디저트,3.7,12,,,2024.08.10.
1107978574,카페드몽슈슈 선정릉점,강남,카페 디저트,3.7,12,,,2024.01.04.
1107978574,카페드몽슈슈 선정릉점,강남,카페 디저트,3.7,12,,,2022.11.21.
1107978574,카페드몽슈슈 선정릉점,강남,카페 디저트,3.7,12,,,2021.12.31.
1107978574,카페드몽슈슈 선정릉점,강남,카페 디저트,3.7,12,,,2025.06.03.
230292537,카페블랑131,강남,카페 디저트,3,4,,,"말차라테 디카페인 시켰는데
카페라테 같았음
말차맛도 희미하고... 더보기"
230292537,카페블랑131,강남,카페 디저트,3,4,,,카페 조용하고 좋아요
230292537,카페블랑131,강남,카페 디저트,3,4,,,사진/영상 후기만 보기
230292537,카페블랑131,강남,카페 디저트,3,4,,,2026.01.19.
230292537,카페블랑131,강남,카페 디저트,3,4,,,2025.05.29.
17748080,아르켓 카페 가로수길점,강남,카페 디저트,4.8,35,,,랩 👍😁
17748080,아르켓 카페 가로수길점,강남,카페 디저트,4.8,35,,,카페 음료 맛있고 샘플 쿠키 너무 맛있어서 깜짝 놀랐어요
17748080,아르켓 카페 가로수길점,강남,카페 디저트,4.8,35,,,말차라떼는 아무맛 안나요 근데 빵이 겁나 맛있어요 직원분들 친절하구요
17748080,아르켓 카페 가로수길점,강남,카페 디저트,4.8,35,,,딜 차이브 랩이랑 레모네이트 세트 먹었는데 너무 맛있었어요!!! 인테리어도 이쁘고 직원분들도 친절하심~~~~~~ 다른 메뉴도 먹어보고싶음
17748080,아르켓 카페 가로수길점,강남,카페 디저트,4.8,35,,,"저의 원픽 셈라를 추천드립니다?🤍 음료 당도 조절이나 기본적인 커스텀도 잘해주시고, 스프랑 랩도 있어서 브런치나 간단한 식사하기도 넘 좋아요! ㅎㅎ"
17748080,아르켓 카페 가로수길점,강남,카페 디저트,4.8,35,,,직원분들이 손님 나가면 바로 테이블 소독하시네요 청결한 매장이라 믿음이 가요. 커피도 좋지만 디저트류도 좋네요
17748080,아르켓 카페 가로수길점,강남,카페 디저트,4.8,35,,,분위기
17748080,아르켓 카페 가로수길점,강남,카페 디저트,4.8,35,,,가성비
17748080,아르켓 카페 가로수길점,강남,카페 디저트,4.8,35,,,사진/영상 후기만 보기
17748080,아르켓 카페 가로수길점,강남,카페 디저트,4.8,35,,,2026.03.17.
17748080,아르켓 카페 가로수길점,강남,카페 디저트,4.8,35,,,2025.05.17.
17748080,아르켓 카페 가로수길점,강남,카페 디저트,4.8,35,,,2022.10.12.
17748080,아르켓 카페 가로수길점,강남,카페 디저트,4.8,35,,,2022.06.03.
17748080,아르켓 카페 가로수길점,강남,카페 디저트,4.8,35,,,2026.03.16.
17748080,아르켓 카페 가로수길점,강남,카페 디저트,4.8,35,,,2025.04.19.
2122601987,아틀리에폰드카페,강남,카페 디저트,4,0,,,"이런 커피가 12000원..
돈 아까움.. 

직원분 친절하고,... 더보기"
2122601987,아틀리에폰드카페,강남,카페 디저트,4,0,,,"예전에 선물받고 맛있어서 직접 방문했어요 ! 
주말에 집에 손님오셔서 사왔는데 역시 포장도 고급지고 맛도 고급져요! :-)"
2122601987,아틀리에폰드카페,강남,카페 디저트,4,0,,,버터바는 트러플 맛이랑 웨딩 임패리얼 맛이 좋네요
2122601987,아틀리에폰드카페,강남,카페 디저트,4,0,,,"직원분들이 매우 친절하고, 음료를 받을 때도 미소로 응대해 주셔서 기분 좋게 받을수 있었습니다.
전체적으로 서비스가 자연스럽고 세심하게 이루어졌어요."
2122601987,아틀리에폰드카페,강남,카페 디저트,4,0,,,분위기
2122601987,아틀리에폰드카페,강남,카페 디저트,4,0,,,사진/영상 후기만 보기
2122601987,아틀리에폰드카페,강남,카페 디저트,4,0,,,2024.12.03.
2122601987,아틀리에폰드카페,강남,카페 디저트,4,0,,,2024.05.17.
2122601987,아틀리에폰드카페,강남,카페 디저트,4,0,,,2026.02.18.
2122601987,아틀리에폰드카페,강남,카페 디저트,4,0,,,2025.01.12.
2122601987,아틀리에폰드카페,강남,카페 디저트,4,0,,,2025.05.08.
1097688606,카페카푸치노,강남,카페 디저트,5,2,,,사진/영상 후기만 보기
1097688606,카페카푸치노,강남,카페 디저트,5,2,,,2024.11.22.
1097688606,카페카푸치노,강남,카페 디저트,5,2,,,2022.09.03.
27229361,미식일가,건대,한식,4.1,114,,,"맛있고 직원분들 친절합니다
항상 대기해야 하는게 아쉽습니다"
27229361,미식일가,건대,한식,4.1,114,,,가성비 아주 좋음. 맛도 굿. 친절 굿.
27229361,미식일가,건대,한식,4.1,114,,,너무 맛있었어요
27229361,미식일가,건대,한식,4.1,114,,,"오픈 15분 전에 미리 도착했는데 앞에 벌써 한 팀 서있었음
오픈 시간 쯤 되자 뒤로 줄이 쭉... 더보기"
27229361,미식일가,건대,한식,4.1,114,,,"지인 추천으로 간곳인데
ㄹㅇ 인생 조개집 등극..
왜 뱃놈뱃놈 하는... 더보기"
27229361,미식일가,건대,한식,4.1,114,,,전형적인 대학가 식당. 치즈와 각종 양념으로 조개 본연의 맛보다 자극적인 맛의 나열. 대신 분주하고 왁자지껄한 분위기가 맛을 돋우는 곳.
27229361,미식일가,건대,한식,4.1,114,,,맛있어요 조개가 지인짜싱싱해서 좋아요 너무친절하고 화장실도 좋은데  중간에 찜틀빼주시는데 빼기전이 안짜고 좋았어여..ㅠ 가격대비 양이 좀... 그렇고 대기도 좀해야하고..
27229361,미식일가,건대,한식,4.1,114,,,참 맛은 있는데 가격이 넘 많이 올라서 아수워요 ㅠㅠ
27229361,미식일가,건대,한식,4.1,114,,,"맛있는 조개구이 친절하게 구워주셔서 감사드려요.
테이블에서 직접 구워주시다보니 사적인 이야기를 듣게되는... 더보기"
27229361,미식일가,건대,한식,4.1,114,,,진짜 맛있어요! 직원분이 다 구워주셔서 편하게 식사할 수 있었고 조개구이집 치고 가성비 좋아요ㅎㅎ
27229361,미식일가,건대,한식,4.1,114,,,"맛있고 조개 직원들이 다 구워주시는데, 엄청 친절하세요! 하지만 웨이팅은 기본입니다!"
27229361,미식일가,건대,한식,4.1,114,,,조개구이치고 가격 합리적이고 알바생 분들 친절하셔서 좋았다. 역시 세종대 1티어 맛집
27229361,미식일가,건대,한식,4.1,114,,,"어마어마한 웨이팅, 어마어마한 맛"
27229361,미식일가,건대,한식,4.1,114,,,^_^
27229361,미식일가,건대,한식,4.1,114,,,분위기
27229361,미식일가,건대,한식,4.1,114,,,가성비
27229361,미식일가,건대,한식,4.1,114,,,사진/영상 후기만 보기
27229361,미식일가,건대,한식,4.1,114,,,2026.01.07.
27229361,미식일가,건대,한식,4.1,114,,,2024.12.30.
27229361,미식일가,건대,한식,4.1,114,,,2024.12.04.
27229361,미식일가,건대,한식,4.1,114,,,2023.12.02.
27229361,미식일가,건대,한식,4.1,114,,,2023.06.09.
27229361,미식일가,건대,한식,4.1,114,,,2023.05.19.
27229361,미식일가,건대,한식,4.1,114,,,2023.03.18.
27229361,미식일가,건대,한식,4.1,114,,,2023.01.29.
27229361,미식일가,건대,한식,4.1,114,,,2022.11.23.
27229361,미식일가,건대,한식,4.1,114,,,2022.11.09.
27229361,미식일가,건대,한식,4.1,114,,,2022.10.15.
27229361,미식일가,건대,한식,4.1,114,,,2025.09.15.
27229361,미식일가,건대,한식,4.1,114,,,2025.06.03.
27229361,미식일가,건대,한식,4.1,114,,,2024.10.11.
27229361,미식일가,건대,한식,4.1,114,,,2023.07.21.
27229361,미식일가,건대,한식,4.1,114,,,2023.04.12.
27229361,미식일가,건대,한식,4.1,114,,,2023.01.16.
27229361,미식일가,건대,한식,4.1,114,,,2022.08.05.
27229361,미식일가,건대,한식,4.1,114,,,2021.08.30.
17101239,고흥순대국머리고기,건대,한식,3.7,188,,,이른 아침에 해장이 필요하면 늘 들르는 우리 부부의 맛집입니다!
17101239,고흥순대국머리고기,건대,한식,3.7,188,,,"건대입구역 인근 사람이 붐비지않는 최적의 장소에 위치
매장 내부도 넓고 깨끗하고
직원... 더보기"
17101239,고흥순대국머리고기,건대,한식,3.7,188,,,"하 여기 너무 맛있었어서 멀리서 왔는데, 월욜휴무네요ㅠㅠ 휴무일 표시해주세요!!!!!!"
17101239,고흥순대국머리고기,건대,한식,3.7,188,,,"동네 또또또간집입니다 ! 
첨에 순대국 먹었을 때는 별로였는데, 이 곳의 별미는 ⭐️살코기순대국⭐️입니다 ! 
야들야들한 살코기랑 시원한 국물에 맛나게 완뚝... 더보기"
17101239,고흥순대국머리고기,건대,한식,3.7,188,,,"아저씨 맛집: 맛있는데 위생 살짝 포기해야 된다는 뜻
근데 국물 한 입 먹으면 으어 소리 절로 나옴"
17101239,고흥순대국머리고기,건대,한식,3.7,188,,,당면순대+공장김치 별로 ㅠ
17101239,고흥순대국머리고기,건대,한식,3.7,188,,,"위생이 썩 좋지 못하고 사람도 많아서 시끄럽다
특별히 맛이 있는것도 아니고 그저 무난한 맛
그런데 희안하게 종종 가게 되는 집 왜인지 모르겠다"
17101239,고흥순대국머리고기,건대,한식,3.7,188,,,가격이 오르고 양이 조금 줄어든 것 같아요
17101239,고흥순대국머리고기,건대,한식,3.7,188,,,깍두기만 맛보면 참 밍밍하다. 하지만 다데기와 들깨가루를 무참히 집어넣은 육수와의 조합은 감탄할만하다
17101239,고흥순대국머리고기,건대,한식,3.7,188,,,육수가 고소하고 상차림 구상이 좋아서 기호에따라 첨가하면 입맛에 안맞기 힘듭니다.
17101239,고흥순대국머리고기,건대,한식,3.7,188,,,감동적인 맛!
17101239,고흥순대국머리고기,건대,한식,3.7,188,,,"순대국 맛은 나쁘지 않으나, 손님들 분위기가 정말 최악.

술 먹고 욕하고 시끄럽고 ... 더보기"
17101239,고흥순대국머리고기,건대,한식,3.7,188,,,"순대국밥 특 주문
담백한 국물
잡내 나지 않는 고... 더보기"
17101239,고흥순대국머리고기,건대,한식,3.7,188,,,무난함
17101239,고흥순대국머리고기,건대,한식,3.7,188,,,아니 순대에서 왜 양고기냄새가 나는지ㅠ 중국 순대인가요?
17101239,고흥순대국머리고기,건대,한식,3.7,188,,,가성비
17101239,고흥순대국머리고기,건대,한식,3.7,188,,,분위기
17101239,고흥순대국머리고기,건대,한식,3.7,188,,,사진/영상 후기만 보기
17101239,고흥순대국머리고기,건대,한식,3.7,188,,,2026.02.13.
17101239,고흥순대국머리고기,건대,한식,3.7,188,,,2026.02.08.
17101239,고흥순대국머리고기,건대,한식,3.7,188,,,2026.01.13.
17101239,고흥순대국머리고기,건대,한식,3.7,188,,,2026.01.07.
17101239,고흥순대국머리고기,건대,한식,3.7,188,,,2025.11.23.
17101239,고흥순대국머리고기,건대,한식,3.7,188,,,2025.06.08.
17101239,고흥순대국머리고기,건대,한식,3.7,188,,,2025.05.09.
17101239,고흥순대국머리고기,건대,한식,3.7,188,,,2025.03.31.
17101239,고흥순대국머리고기,건대,한식,3.7,188,,,2025.03.08.
17101239,고흥순대국머리고기,건대,한식,3.7,188,,,2025.01.21.
17101239,고흥순대국머리고기,건대,한식,3.7,188,,,2025.01.18.
17101239,고흥순대국머리고기,건대,한식,3.7,188,,,2024.11.15.
17101239,고흥순대국머리고기,건대,한식,3.7,188,,,2024.10.18.
17101239,고흥순대국머리고기,건대,한식,3.7,188,,,2024.08.15.
17101239,고흥순대국머리고기,건대,한식,3.7,188,,,2023.11.24.
17101239,고흥순대국머리고기,건대,한식,3.7,188,,,2023.11.05.
17101239,고흥순대국머리고기,건대,한식,3.7,188,,,100
17101239,고흥순대국머리고기,건대,한식,3.7,188,,,2023.10.20.
17101239,고흥순대국머리고기,건대,한식,3.7,188,,,2025.11.09.
17101239,고흥순대국머리고기,건대,한식,3.7,188,,,2025.08.01.
17101239,고흥순대국머리고기,건대,한식,3.7,188,,,2023.10.04.
1994479496,통큰감자탕 건대본점,건대,한식,4.6,145,,,덜 자극적이고 담백한 맛의 뼈해장국이에요 살도 많고 맛있습니다! 본가왕뼈랑은 다른 매력의 집인 듯
1994479496,통큰감자탕 건대본점,건대,한식,4.6,145,,,"숙주가 들어가서 뭔가 담백 건강한 느낌이고
소자 하나 시켜도 뼈가 6개나 들어가서 둘이 다 못 먹어요 항상..."
1994479496,통큰감자탕 건대본점,건대,한식,4.6,145,,,살 완전 부드러워요
1994479496,통큰감자탕 건대본점,건대,한식,4.6,145,,,최근에 핫한 음식으로 숙주콩비지감자탕이 많은 사랑을 받고 있습니다. 감자타이 더 많이 팔리는 감자탕맛집입니다.
1994479496,통큰감자탕 건대본점,건대,한식,4.6,145,,,"엄청 맛있게 잘먹고 갑니당 사장님
또 올듯 소주가 절로 들어감👍"
1994479496,통큰감자탕 건대본점,건대,한식,4.6,145,,,"학교앞 치고 비싼감은 있지만 기본은 하는집.
국물은 깊은맛이 아쉬웠지만 고기가 실하고 부드럽다! 국물의 아쉬운점을 고기가 달래준다.
깔... 더보기"
1994479496,통큰감자탕 건대본점,건대,한식,4.6,145,,,찐 동네맛집!!
1994479496,통큰감자탕 건대본점,건대,한식,4.6,145,,,존맛탱구리 인생맛집!!♡ 사장님 완죤 친절 후식 식혜까지 깔끔♡
1994479496,통큰감자탕 건대본점,건대,한식,4.6,145,,,첫봄인사를건네주는맛입니다.
1994479496,통큰감자탕 건대본점,건대,한식,4.6,145,,,"테이블수가 많지않은 가게인데요 한 6테이블? 정도 되고 건대앞이라 학생들이 많이 오는가봐요 오히려 토욜저녁갔더니 사람많지않고 좋음
감자탕집 가면 보통 겨자통이 끈적하거나 소스가 묻어있는 경우... 더보기"
1994479496,통큰감자탕 건대본점,건대,한식,4.6,145,,,너무 맛나요. 굿굿
1994479496,통큰감자탕 건대본점,건대,한식,4.6,145,,,"감자탕 집에서 들깨가 남다르면 맛집일 확률이 높은데 이 집이 그렇다
식혜도 정말 좋다"
1994479496,통큰감자탕 건대본점,건대,한식,4.6,145,,,"맛있고 양많음
감자탕은  생각한거보다 하나 작은거 시키기 추천
기본으로 수제비 조금이랑 라면사리 나옴"
1994479496,통큰감자탕 건대본점,건대,한식,4.6,145,,,진짜 너무 맛있어요 겨자소스마저 다른 감자탕집보다 맛있음
1994479496,통큰감자탕 건대본점,건대,한식,4.6,145,,,감자탕
1994479496,통큰감자탕 건대본점,건대,한식,4.6,145,,,존맛탱 그자체
1994479496,통큰감자탕 건대본점,건대,한식,4.6,145,,,"우거지 감자탕 맛있어요
점심 때오면 웨이팅 있을 수 있어요
예약 가능해요"
1994479496,통큰감자탕 건대본점,건대,한식,4.6,145,,,건대인근에 감자탕 맛집이 없어서... 그럭저럭 먹을만한곳 딱 평균
1994479496,통큰감자탕 건대본점,건대,한식,4.6,145,,,"22.8.16 후기 다시 씀 개.존.맛
청결도 엄청 청결해졌고 매장도 뭔가 더 깔끔해진거같음
전엔 깍두기였는... 더보기"
1994479496,통큰감자탕 건대본점,건대,한식,4.6,145,,,가성비
1994479496,통큰감자탕 건대본점,건대,한식,4.6,145,,,분위기
1994479496,통큰감자탕 건대본점,건대,한식,4.6,145,,,사진/영상 후기만 보기
1994479496,통큰감자탕 건대본점,건대,한식,4.6,145,,,2025.01.31.
1994479496,통큰감자탕 건대본점,건대,한식,4.6,145,,,2024.11.18.
1994479496,통큰감자탕 건대본점,건대,한식,4.6,145,,,2023.05.07.
1994479496,통큰감자탕 건대본점,건대,한식,4.6,145,,,2023.03.17.
1994479496,통큰감자탕 건대본점,건대,한식,4.6,145,,,2023.02.12.
1994479496,통큰감자탕 건대본점,건대,한식,4.6,145,,,2023.05.20.
1994479496,통큰감자탕 건대본점,건대,한식,4.6,145,,,2022.03.19.
1994479496,통큰감자탕 건대본점,건대,한식,4.6,145,,,2021.10.31.
1994479496,통큰감자탕 건대본점,건대,한식,4.6,145,,,2020.05.24.
1994479496,통큰감자탕 건대본점,건대,한식,4.6,145,,,2025.12.10.
1994479496,통큰감자탕 건대본점,건대,한식,4.6,145,,,2025.08.31.
1994479496,통큰감자탕 건대본점,건대,한식,4.6,145,,,2025.06.29.
1994479496,통큰감자탕 건대본점,건대,한식,4.6,145,,,2024.08.23.
1994479496,통큰감자탕 건대본점,건대,한식,4.6,145,,,2024.04.22.
1994479496,통큰감자탕 건대본점,건대,한식,4.6,145,,,2023.10.14.
1994479496,통큰감자탕 건대본점,건대,한식,4.6,145,,,2023.08.26.
1994479496,통큰감자탕 건대본점,건대,한식,4.6,145,,,2023.02.17.
1994479496,통큰감자탕 건대본점,건대,한식,4.6,145,,,2022.12.21.
1994479496,통큰감자탕 건대본점,건대,한식,4.6,145,,,2022.10.04.
1994479496,통큰감자탕 건대본점,건대,한식,4.6,145,,,2022.08.16.
715808397,연탄불꿀곱창,건대,한식,4.4,44,,,"너무너무맛잇어요
양념>=소금>야채곱창 순으로 마싯는듯
너무너무맛잇어서 또또또또간집"
715808397,연탄불꿀곱창,건대,한식,4.4,44,,,돼지냄새 잘 맡으시면 냄새나요ㅠㅠ
715808397,연탄불꿀곱창,건대,한식,4.4,44,,,"꼭 양념으로 시키기
최고"
715808397,연탄불꿀곱창,건대,한식,4.4,44,,,"제가 보증하는 구의 또간집이에요ㅎㅎ
야곱보단 막창구이가 더 맛있어요!
양이 좀 적은가 싶기도 하지만 소금이랑 양념 ... 더보기"
715808397,연탄불꿀곱창,건대,한식,4.4,44,,,매장은 안가보고 배달로 5번 이상은 시켜먹었어요!! 짱 맛있어요ㅠㅠ 근처 사는 분들은 막창 끌릴때 꼭 시켜보시길 야곱도 삼삼한데 깔끔하고 맛있어요ㅠㅠ
715808397,연탄불꿀곱창,건대,한식,4.4,44,,,"양념막창>소금막창>>>>야채곱창

막창 맛있음!!!! 같이 나오는 파채도 아주 굿"
715808397,연탄불꿀곱창,건대,한식,4.4,44,,,맛있네요 후기대로인곳...
715808397,연탄불꿀곱창,건대,한식,4.4,44,,,"먹어본 막창 중에 제일 맛있어요!!! 
양념막창 먹으러 또 갈 예정😋"
715808397,연탄불꿀곱창,건대,한식,4.4,44,,,너무 맛있어...
715808397,연탄불꿀곱창,건대,한식,4.4,44,,,"가게는 좁지만 참 맛있다
포장해서 집에서 야식으로 먹기 너무 좋음"
715808397,연탄불꿀곱창,건대,한식,4.4,44,,,"막창 정말 맛있어요
돼지 잡내 예민한편인데 깔끔하고 고소해요
우연히 들른곳인데 천국 맛보고 건대 갈때마다 갑니다"
715808397,연탄불꿀곱창,건대,한식,4.4,44,,,집 근처인데 건대에서 친구 만날 때마다 데려가는 맛집이에여!!! 사장님 두분도 항상 친절하세요!! 야채곱창 드시고 맛없는 집이다 하시지 말고 무조건 양념막창드세요 곱창은 가짜고 막창이 진짜 진짜임!!!... 더보기
715808397,연탄불꿀곱창,건대,한식,4.4,44,,,"여기 사장
졸라 불친절하고
호일에 구움
여기 평점... 더보기"
715808397,연탄불꿀곱창,건대,한식,4.4,44,,,제발 양념막창 드세요
715808397,연탄불꿀곱창,건대,한식,4.4,44,,,먹어본 곱창중 젤 맛있음. 야채 많고 냄새 하나도 안남
715808397,연탄불꿀곱창,건대,한식,4.4,44,,,막창 너무너무 맛있어요 양념이 진짜 맛있어서 또 가고 싶어요 ㅠ ㅠ 사람 많지만 주기적으로 가고픕니다...
715808397,연탄불꿀곱창,건대,한식,4.4,44,,,기대치가 너무 컸던지 막!!!맛있다 이건 아니엮지만 굿이였어용
715808397,연탄불꿀곱창,건대,한식,4.4,44,,,여기 야채 필수에요. 양도 많은데 맛도 좋아요.
715808397,연탄불꿀곱창,건대,한식,4.4,44,,,가성비
715808397,연탄불꿀곱창,건대,한식,4.4,44,,,사진/영상 후기만 보기
715808397,연탄불꿀곱창,건대,한식,4.4,44,,,2025.12.20.
715808397,연탄불꿀곱창,건대,한식,4.4,44,,,2025.09.23.
715808397,연탄불꿀곱창,건대,한식,4.4,44,,,2023.11.09.
715808397,연탄불꿀곱창,건대,한식,4.4,44,,,2023.10.17.
715808397,연탄불꿀곱창,건대,한식,4.4,44,,,2023.08.21.
715808397,연탄불꿀곱창,건대,한식,4.4,44,,,2025.08.09.
715808397,연탄불꿀곱창,건대,한식,4.4,44,,,2025.01.11.
715808397,연탄불꿀곱창,건대,한식,4.4,44,,,2024.08.01.
715808397,연탄불꿀곱창,건대,한식,4.4,44,,,2024.06.12.
715808397,연탄불꿀곱창,건대,한식,4.4,44,,,2024.05.31.
715808397,연탄불꿀곱창,건대,한식,4.4,44,,,2024.05.21.
715808397,연탄불꿀곱창,건대,한식,4.4,44,,,2026.01.03.
715808397,연탄불꿀곱창,건대,한식,4.4,44,,,2025.11.30.
715808397,연탄불꿀곱창,건대,한식,4.4,44,,,2025.02.14.
715808397,연탄불꿀곱창,건대,한식,4.4,44,,,2024.12.23.
715808397,연탄불꿀곱창,건대,한식,4.4,44,,,2024.09.27.
715808397,연탄불꿀곱창,건대,한식,4.4,44,,,2024.01.30.
715808397,연탄불꿀곱창,건대,한식,4.4,44,,,2023.06.10.
715808397,연탄불꿀곱창,건대,한식,4.4,44,,,2023.05.17.
2103908554,정면,건대,한식,4.6,618,,,"정말 맛있어요! 테이블 수가 적어 웨이팅이 길지만, 그만큼의 퀄리티가 보장되는 것 같았어요."
2103908554,정면,건대,한식,4.6,618,,,"국물맛이 깔끔합니다. 
고기국수의 국물과 전혀 달라요. 
물어보니까 돼지뿐만아니라 여러가지로 맛을낸다고하네요. 
줄서서 먹는거 ... 더보기"
2103908554,정면,건대,한식,4.6,618,,,"익숙하고 맛있는데 처음먹어보는맛 
음식에도 이용에도 섬세한 배려가있는곳
평소에 밥을 ... 더보기"
2103908554,정면,건대,한식,4.6,618,,,"오픈 주방의 두 요리사분 넘 친절하시고
멋졌어요! 
제가 나오면서 먹기 전 빼놓은 반지를 두고 나와.... 더보기"
2103908554,정면,건대,한식,4.6,618,,,"-정면
-서울 광진구 화양동 32-17
-승부
-11시 30분 오픈런 테이블링 대기 예약이 이미 ... 더보기"
2103908554,정면,건대,한식,4.6,618,,,"별점 5점! 100점이여!!~~

정면으로 마주보고 식사하는 분위기에 정이느껴지는 면식사. 정면!!
거... 더보기"
2103908554,정면,건대,한식,4.6,618,,,"2인세트(홍면, 백면, 곁들임 냉제육 한접시, 수제 단호박 식혜)"
2103908554,정면,건대,한식,4.6,618,,,"평일 오전 11시 10분쯤 방문해 11시 40분쯤 입장했습니다.
1인 세트에 고기를 추가해서 먹었는데, 고기 양이 넉넉해서 든든하게 즐길 수 있었습니다... 더보기"
2103908554,정면,건대,한식,4.6,618,,,"쌀국수 같으면서 돼지국밥 중간 어디같은 묘한경계의 맛. 개인적으론 백면이 좋았다
고수 호불호가 있지만 고수좋아하면 냉제육의 앙념... 더보기"
2103908554,정면,건대,한식,4.6,618,,,"최고의 국수맛집!

주인장의 따뜻한 친절함은 ... 더보기"
2103908554,정면,건대,한식,4.6,618,,,"GOAT

건대 중문 쪽에는 고기국수 3형제가 있는데
제주도 스타일인 어멍네와 ... 더보기"
2103908554,정면,건대,한식,4.6,618,,,"쌀국수랑 돼지국밥의 혼종? 
돼지우린국물에 단단한느낌의 얇은 소면을 말아냄 
밥 조금 주니 국밥스타일로 마무리... 더보기"
2103908554,정면,건대,한식,4.6,618,,,"백면 고기추가. 맑은 육수에 풍미가 적당히 나는 가볍지도 묵직하지도 않은 국물, 해장으로도 좋을것 같다. 면은 쌀국수보단 얇은데 씹는 맛이 있어서 고명으로 올라간 야채랑 잘어울린다. 밥을 말아먹어도 엄청 잘 어울렸다."
2103908554,정면,건대,한식,4.6,618,,,가성비가 좋아요 웨이팅해서 먹었는데 기대를 해서 그런가 웨이티우없으면 또갈만해요 면얇고 홍면은 고수 추가해먹으면 잔치국수와 쌀국수 사이 같아요
2103908554,정면,건대,한식,4.6,618,,,"어제 처음 가봤는데..외식하면서 면 다 먹고 밥까지 말은거 처음 ㅠㅠ 진짜 조미료 맛 안나고 속 편한 맛,, ..나만 먹을래"
2103908554,정면,건대,한식,4.6,618,,,"고기가 들어간 국물이 어떻게 이렇게 깔끔할수있을까
느끼하고 진득한 맛을 더 좋아하는 나에겐 약간 아쉽,,
면의 식감은 다소 꼬들꼬들... 더보기"
2103908554,정면,건대,한식,4.6,618,,,"걍 말이안되요. 두말말고 드셔보세요 진짜맛있음.
근데 백면도 좀 매우니까 키오스크로 주문하실때 덜맵게 선택해서 드셔도 될듯 합니다"
2103908554,정면,건대,한식,4.6,618,,,메뉴 둘 다 맛있고 식혜도 맛있음. 직원분들도 친절하심.
2103908554,정면,건대,한식,4.6,618,,,"건대 쪽 간결한 식사를 찾아보다 정면에 방문했습니다.
메뉴는 단 2개인데 타 음식점들 처럼 십수개의 메뉴보다는 선택과 집중을 하는 듯한 느낌을 받았... 더보기"
2103908554,정면,건대,한식,4.6,618,,,가성비
2103908554,정면,건대,한식,4.6,618,,,분위기
2103908554,정면,건대,한식,4.6,618,,,사진/영상 후기만 보기
2103908554,정면,건대,한식,4.6,618,,,2025.10.28.
2103908554,정면,건대,한식,4.6,618,,,2026.04.18.
2103908554,정면,건대,한식,4.6,618,,,2026.03.09.
2103908554,정면,건대,한식,4.6,618,,,2026.02.11.
2103908554,정면,건대,한식,4.6,618,,,2026.01.07.
2103908554,정면,건대,한식,4.6,618,,,2025.12.05.
2103908554,정면,건대,한식,4.6,618,,,2025.11.28.
2103908554,정면,건대,한식,4.6,618,,,2025.11.16.
2103908554,정면,건대,한식,4.6,618,,,2025.07.20.
2103908554,정면,건대,한식,4.6,618,,,2025.07.14.
2103908554,정면,건대,한식,4.6,618,,,2025.06.14.
2103908554,정면,건대,한식,4.6,618,,,2025.05.23.
2103908554,정면,건대,한식,4.6,618,,,2025.05.03.
2103908554,정면,건대,한식,4.6,618,,,2025.03.15.
2103908554,정면,건대,한식,4.6,618,,,2025.03.14.
2103908554,정면,건대,한식,4.6,618,,,2025.02.10.
2103908554,정면,건대,한식,4.6,618,,,2024.12.10.
2103908554,정면,건대,한식,4.6,618,,,2024.11.15.
2103908554,정면,건대,한식,4.6,618,,,2024.10.29.
7831256,대원칼국수,건대,한식,4.5,222,,,"칼국수는 따끈한 국물과 쫄깃한 면발이 주는 든든함 덕에 사계절 사랑받는 국민 음식이지요.

구의역 근처에 있는 ... 더보기"
7831256,대원칼국수,건대,한식,4.5,222,,,"중년의 남성이 많으면 맛집이라는 이야기가 있는데
여기가 딱 그런 곳
... 더보기"
7831256,대원칼국수,건대,한식,4.5,222,,,콩국수보단 칼국수가 더 맛있음 특히 김치가 너무 맛있고 직원분들도 친절하심! 담에 또 갈래요ㅠㅠ
7831256,대원칼국수,건대,한식,4.5,222,,,만두 꿀맛
7831256,대원칼국수,건대,한식,4.5,222,,,"칼국수 양 진짜 많아요 그리고 간간해서 짠거 안좋아하시는 분들은 미리 요청하셔요 전 그래도 맛있게 잘 먹었어요 
파전 바삭 김치 아삭 만두 쓱삭이었어요 끝"
7831256,대원칼국수,건대,한식,4.5,222,,,"국수도 맛있는데
김치 大존맛"
7831256,대원칼국수,건대,한식,4.5,222,,,"칼국수 맛집을 찾다가 우연히 와이프 픽으러 대원칼국수에 방문하게 됐습니다ㅎ(정신 없어서 매장을 못찍..)

이곳은 찐 동네맛집 바이브... 더보기"
7831256,대원칼국수,건대,한식,4.5,222,,,맛집 씨가마른 구의동에 소금같은곳
7831256,대원칼국수,건대,한식,4.5,222,,,"양많은 시원한 멸치국물 베이스의 손칼국수, 면발은 통통하고 쫄깃하며, 다진 소고기와 쪽파고명의 어울림도 너무 좋습니다. 클로렐라만두도 알이 굵어서 칼국수와 같이 드시면... 더보기"
7831256,대원칼국수,건대,한식,4.5,222,,,누무너무너무너무 맛있음 비빔국수 좐맣 콩국스도 맛있고 만두도 맛있고 ㅜㅜ 맨날 혼밥 하는데 둘이 와서 파전도 시켜먹고 싶다
7831256,대원칼국수,건대,한식,4.5,222,,,"콩국수 고소하니 맛있어요 
따로 설탕이나 소금 간 필요하지 않아요 

비빔국수... 더보기"
7831256,대원칼국수,건대,한식,4.5,222,,,냉콩국수 메밀비빔국수 둘다 정말 맛있었어요. 비빔국수에는 칼국수 국물 나오는데 그것도 맛있었어요. 만두는 주문하면 바로 빚으시더라고요. 배불러서 못먹어서 아쉬워요.
7831256,대원칼국수,건대,한식,4.5,222,,,맛있어요 굉장히 음식도 깔끔하고 면도 맛있고... 김치도 맛있어요. 테이블도 안끈적거리고 식기들도 깨끗해요. 심지어 직원 분들도 친절하시네요...
7831256,대원칼국수,건대,한식,4.5,222,,,요즘에 드물게 기본에 너무나 충실하게 잘하는 집입니다. 면 부들부들 김치 칼칼 완전 칼국수의 정석 그잡채....!!! 저는 식사시간 끝나고 가서 모든 분들이 친절했지만 바쁜시간에는 다를 수 있을거 같아... 더보기
7831256,대원칼국수,건대,한식,4.5,222,,,"구의역 맛집 골목,,, 클로렐라,,
칼국수 만두 근본집,, 행복,, 
... 더보기"
7831256,대원칼국수,건대,한식,4.5,222,,,"아 진짜 너무 맛있고, 친절하세요. 재방문 의사 있어요"
7831256,대원칼국수,건대,한식,4.5,222,,,"아~ 칼국수 맛집 같은 식당~^^
칼국수 첫맛은 그야말로 맛집
그런데 다른 리뷰대로 많이 짜네요ㅠ... 더보기"
7831256,대원칼국수,건대,한식,4.5,222,,,가성비
7831256,대원칼국수,건대,한식,4.5,222,,,분위기
7831256,대원칼국수,건대,한식,4.5,222,,,사진/영상 후기만 보기
7831256,대원칼국수,건대,한식,4.5,222,,,2025.09.15.
7831256,대원칼국수,건대,한식,4.5,222,,,2025.08.24.
7831256,대원칼국수,건대,한식,4.5,222,,,2025.07.28.
7831256,대원칼국수,건대,한식,4.5,222,,,2025.07.17.
7831256,대원칼국수,건대,한식,4.5,222,,,2025.03.04.
7831256,대원칼국수,건대,한식,4.5,222,,,2025.02.25.
7831256,대원칼국수,건대,한식,4.5,222,,,2024.10.13.
7831256,대원칼국수,건대,한식,4.5,222,,,2024.06.26.
7831256,대원칼국수,건대,한식,4.5,222,,,2024.02.17.
7831256,대원칼국수,건대,한식,4.5,222,,,2023.12.25.
7831256,대원칼국수,건대,한식,4.5,222,,,2023.08.12.
7831256,대원칼국수,건대,한식,4.5,222,,,2023.08.09.
7831256,대원칼국수,건대,한식,4.5,222,,,2023.08.04.
7831256,대원칼국수,건대,한식,4.5,222,,,2022.12.30.
7831256,대원칼국수,건대,한식,4.5,222,,,2022.12.28.
7831256,대원칼국수,건대,한식,4.5,222,,,100
7831256,대원칼국수,건대,한식,4.5,222,,,2022.10.10.
7831256,대원칼국수,건대,한식,4.5,222,,,2022.09.30.
7831256,대원칼국수,건대,한식,4.5,222,,,2025.08.03.
7831256,대원칼국수,건대,한식,4.5,222,,,2025.08.01.
7831256,대원칼국수,건대,한식,4.5,222,,,2025.01.05.
12183322,재희네식당,건대,한식,4.6,37,,,사장님이 친절하십니다
12183322,재희네식당,건대,한식,4.6,37,,,"이 가격(백반8000)에 이 퀄리티는 말이 안됩니다..
반찬 다 바로 만드셨는지 따끈하고 맛있어요 ㅠㅠ 혼밥하러 사람들 엄청 많이 오시네요"
12183322,재희네식당,건대,한식,4.6,37,,,어떻게 이윤을 남기지 걱정될 정도로 푸짐하고 다양한 반찬이 나오는 미친 백반집
12183322,재희네식당,건대,한식,4.6,37,,,"제가 밥을 좋아하고, 밥도 많이 먹어서 다른 가게에서 항상 배고픔을 느끼면서 다니는데, 재희네 최고예요…..
와오아오아와왕 맛있어요"
12183322,재희네식당,건대,한식,4.6,37,,,"와.... 지나가다가 들렀는데 맛집이였습니다......
ㅜㅜㅜㅜㅜㅜㅜㅜ넘 맛있어요 ㅠㅠㅠㅠㅠㅠ"
12183322,재희네식당,건대,한식,4.6,37,,,반찬 다양하고 불고기 맛있어요!!!
12183322,재희네식당,건대,한식,4.6,37,,,한식뷔페 점심식사 가정식백반
12183322,재희네식당,건대,한식,4.6,37,,,미친 개혜자
12183322,재희네식당,건대,한식,4.6,37,,,이게 8천원? 재희는 좋겠다
12183322,재희네식당,건대,한식,4.6,37,,,맛있게 잘먹고 갑니다 여사장님 너무 친절하세요 감동쓰ㅋㅋㅋ생각나면 또 갈게요
12183322,재희네식당,건대,한식,4.6,37,,,엄마의 밥심이 느껴지는 든든한 밥상이였어요~ 또 갈께요
12183322,재희네식당,건대,한식,4.6,37,,,가격 천원씩 올랐어요! 그래도 이런 미친 가성비가 없습니다. 주방도 깨끗하고 편하게 혼밥 가능! 음식도 정갈해요ㅎㅎ 사장님 건강하세요!
12183322,재희네식당,건대,한식,4.6,37,,,건대생들이 너무 부럽다 요즘같은 고물가에 이정도 반찬종류와 맛에 자율배식...? 단연코 최고의 점심식사. 근처에서 식사해야한다면 강력추천!
12183322,재희네식당,건대,한식,4.6,37,,,셀프로 먹기 좋은 가성비 백반식당
12183322,재희네식당,건대,한식,4.6,37,,,"가성비.맛 최고.친절한 이모들의 따뜻한 사람냄새까지 최고임.
6천원에 12첩반상 먹으면서 감사한줄 알아야지 별점 장난 치지마세요 ㅎ"
12183322,재희네식당,건대,한식,4.6,37,,,맛있음 !!! 간이 센 편이지만 이 가격에 뷔페식으로 다양한 반찬 먹을 수 있다는 게 놀라움
12183322,재희네식당,건대,한식,4.6,37,,,"진심 이 가격 믿을 수 없어 확인차 왔는데 이가격임
가격 올리셔도 될듯
- 
너... 더보기"
12183322,재희네식당,건대,한식,4.6,37,,,음식 간도 적당하고 반찬 종류도 많으며 오징어볶음 양도 은근 많아 좋았습니다. 심지어 직화향이 나서 놀랐습니다.
12183322,재희네식당,건대,한식,4.6,37,,,"2021년10월 별점수정 4개
요즘에는 코로나라 포장도 되고 
매장도 더 넓어지고 테이블도 1인으로 바뀌었더군요 ^^ 오랜만에 가서... 더보기"
12183322,재희네식당,건대,한식,4.6,37,,,그냥 말이 필요없는 압도적 1황 식당
12183322,재희네식당,건대,한식,4.6,37,,,가성비
12183322,재희네식당,건대,한식,4.6,37,,,분위기
12183322,재희네식당,건대,한식,4.6,37,,,사진/영상 후기만 보기
12183322,재희네식당,건대,한식,4.6,37,,,2025.12.06.
12183322,재희네식당,건대,한식,4.6,37,,,2025.08.11.
12183322,재희네식당,건대,한식,4.6,37,,,2025.03.22.
12183322,재희네식당,건대,한식,4.6,37,,,2024.10.20.
12183322,재희네식당,건대,한식,4.6,37,,,2024.05.02.
12183322,재희네식당,건대,한식,4.6,37,,,2024.01.19.
12183322,재희네식당,건대,한식,4.6,37,,,2023.10.16.
12183322,재희네식당,건대,한식,4.6,37,,,2026.04.29.
12183322,재희네식당,건대,한식,4.6,37,,,2025.11.03.
12183322,재희네식당,건대,한식,4.6,37,,,2023.11.05.
12183322,재희네식당,건대,한식,4.6,37,,,2023.04.29.
12183322,재희네식당,건대,한식,4.6,37,,,2022.11.04.
12183322,재희네식당,건대,한식,4.6,37,,,2022.07.14.
12183322,재희네식당,건대,한식,4.6,37,,,2022.07.12.
12183322,재희네식당,건대,한식,4.6,37,,,2022.06.03.
12183322,재희네식당,건대,한식,4.6,37,,,2022.05.26.
12183322,재희네식당,건대,한식,4.6,37,,,2022.02.14.
12183322,재희네식당,건대,한식,4.6,37,,,2021.10.30.
12183322,재희네식당,건대,한식,4.6,37,,,2026.03.30.
1129498256,풍년상회,건대,한식,4.5,81,,,"직원분들 너어어무 친절하심 
여기 너무 맛있고 사이드도 다 맛남 ㅠㅠ"
1129498256,풍년상회,건대,한식,4.5,81,,,맛있고 친절함 ꢭ
1129498256,풍년상회,건대,한식,4.5,81,,,"바로 집근처라 자주 찾아가는 곳.
모임이나 식사자리 있을 때 여기 추천해서 가면 다들 맛있다며 절대 실패 없는 곳입니다.
기본 계란찜이 같... 더보기"
1129498256,풍년상회,건대,한식,4.5,81,,,"평점이 너무 좋아서 와봤는데 알바인거 같아요
평소에 안좋은 평가 거의 안남기는데 아무리 초벌해서 나온다고는 해도 고기 나오는데 35분 걸리고 서비스로 나오는 돼지껍데기는 너무 누린내가 ... 더보기"
1129498256,풍년상회,건대,한식,4.5,81,,,"이빨로 뜯는게 힘들어서 쪽갈비 처음 먹어봄 
먹을만 하다 잔치국수 혜자 꼭 시켜야함 


1점 = 돈 아깝다 두 번 다시는 안 온다 2점 =... 더보기"
1129498256,풍년상회,건대,한식,4.5,81,,,맛이없을수가 없는조합 쪽갈비는 말이필요없고 매운쪽갈비도 시켰는데 생각보다 맵지않다(그냥 꼬치양념맛맵기?) 계란찜 서비스에 떡사리랑 껍데기도 고소하니 맛있다 주먹밥이나 ... 더보기
1129498256,풍년상회,건대,한식,4.5,81,,,탄 부분이 많아서 사장님께 문제 제기함.. 교환해 주심.. 주말이라 손님 많아서 그런지
1129498256,풍년상회,건대,한식,4.5,81,,,"양념이랑 매운거 반반 먹었어요
매운거는 신라면 정도라구 하셨고 맵찔인데 ㄱㅊ았음
고기 맛있구... 더보기"
1129498256,풍년상회,건대,한식,4.5,81,,,친절하고 맛있다 해서 갔더니 알바인지 직원인지 숯불 들고가는 남자가 5인 이상은 미리연락해서 예약해야한다고 짜증섞인 말투로 핀잔주고 추가적인 안내없이 훌렁 들어가서 입점 거부하네요 5인이상은... 더보기
1129498256,풍년상회,건대,한식,4.5,81,,,"쪽갈비가 먹고싶을때면 항상 찾게되는 집.
맛은 좋은데 생각보다 양은 많지 않아서 많이 시키게 된다."
1129498256,풍년상회,건대,한식,4.5,81,,,"맛은 있는데 알바생들이 일머리가 없음……..
우선순위를 모르니 음식도 늦고 주문받는것도 늦어서
다른곳갈까 고민하다가 맛있어서 쪽갈비생각날땐 방문함🧐"
1129498256,풍년상회,건대,한식,4.5,81,,,또 먹고싶다
1129498256,풍년상회,건대,한식,4.5,81,,,"후기가 좋길래 가야지 생각만하다 이번에 처음 방문해봤습니다
이른 저녁시간에 갔는데도 만석이라 좀 기다렸다가 들어갔어요
날이... 더보기"
1129498256,풍년상회,건대,한식,4.5,81,,,양념쪽갈비 맛있어요!
1129498256,풍년상회,건대,한식,4.5,81,,,구의에서 유일하게 줄서서 찾아와서 먹을만한곳 나머지는 딱히 그냥그럼
1129498256,풍년상회,건대,한식,4.5,81,,,"맛있음
만족도 대비 가격도 괜찮음"
1129498256,풍년상회,건대,한식,4.5,81,,,"맛있습니다
사람이 많은 곳에는 이유가 있습니다"
1129498256,풍년상회,건대,한식,4.5,81,,,존맛탱
1129498256,풍년상회,건대,한식,4.5,81,,,가성비
1129498256,풍년상회,건대,한식,4.5,81,,,분위기
1129498256,풍년상회,건대,한식,4.5,81,,,사진/영상 후기만 보기
1129498256,풍년상회,건대,한식,4.5,81,,,2025.11.26.
1129498256,풍년상회,건대,한식,4.5,81,,,2025.03.29.
1129498256,풍년상회,건대,한식,4.5,81,,,2024.10.22.
1129498256,풍년상회,건대,한식,4.5,81,,,2024.04.12.
1129498256,풍년상회,건대,한식,4.5,81,,,2025.10.25.
1129498256,풍년상회,건대,한식,4.5,81,,,2023.08.02.
1129498256,풍년상회,건대,한식,4.5,81,,,2022.07.10.
1129498256,풍년상회,건대,한식,4.5,81,,,2022.01.08.
1129498256,풍년상회,건대,한식,4.5,81,,,2026.04.05.
1129498256,풍년상회,건대,한식,4.5,81,,,2026.01.31.
1129498256,풍년상회,건대,한식,4.5,81,,,2025.12.08.
1129498256,풍년상회,건대,한식,4.5,81,,,2025.11.06.
1129498256,풍년상회,건대,한식,4.5,81,,,2025.08.23.
1129498256,풍년상회,건대,한식,4.5,81,,,2025.07.30.
1129498256,풍년상회,건대,한식,4.5,81,,,2025.06.18.
1129498256,풍년상회,건대,한식,4.5,81,,,2025.04.10.
1129498256,풍년상회,건대,한식,4.5,81,,,2024.10.09.
1129498256,풍년상회,건대,한식,4.5,81,,,2024.07.08.
1129498256,풍년상회,건대,한식,4.5,81,,,2024.06.22.
1129498256,풍년상회,건대,한식,4.5,81,,,2024.05.15.
1284850607,구의동손칼국수,건대,한식,4.6,87,,,"후기가 너무 좋아서 기대했는데 칼국수 먹고 싶을 때 먹기엔 그렇게 나쁘진 않은데 후기 보고 가기엔 그정도는 아닌 듯해요!
김치가 맛있었습니다."
1284850607,구의동손칼국수,건대,한식,4.6,87,,,면을 직접 밀어 만들어 맛있고 국물도 깔끔합니다. 단 웨이팅이 너무길어요.
1284850607,구의동손칼국수,건대,한식,4.6,87,,,추운날 먹기 좋아요^^
1284850607,구의동손칼국수,건대,한식,4.6,87,,,칼국수 국물이 진하고 맛있네요 ~ 웨이팅 좀 있긴 해도 기다라고 먹을만해요! 광진구 맛집입니당👍
1284850607,구의동손칼국수,건대,한식,4.6,87,,,"칼국수 역대급 맛집
양도 많이 주셔서 짱이고
사장님도 너무 좋으신 ... 더보기"
1284850607,구의동손칼국수,건대,한식,4.6,87,,,동네한바퀴 나온 거 보고 찾아갔는데 수제비가 얇고 부들부들해서 특히 맛있네요! 약간 웨이팅 있어요.
1284850607,구의동손칼국수,건대,한식,4.6,87,,,"칼국수는 ㄷㅇ칼국수가 내입맛에 더 맛고 수제비가 맛있네요 얇게 하는 곳 별로 없는데 맘에 들어요

1점 = 돈 아깝다 두 번 다시는 안 온다 2점 = 그럭저럭 먹을만... 더보기"
1284850607,구의동손칼국수,건대,한식,4.6,87,,,"칼국수, 콩국수 둘다 맛있어요!! 면이 쫀득함 음식 나오기까지 시간은 좀 걸려요"
1284850607,구의동손칼국수,건대,한식,4.6,87,,,콩국수도 존맛 찐맛집!!!
1284850607,구의동손칼국수,건대,한식,4.6,87,,,면발은 보통. 육수는 사골의 풍미가 날랑말랑해서 조금 아쉬워요 심플하고 깔끔한 실내 인테리어는 맘에 듭니다
1284850607,구의동손칼국수,건대,한식,4.6,87,,,진짜 맛있고 친절하세요!
1284850607,구의동손칼국수,건대,한식,4.6,87,,,26년1월27일부터 내부수리중
1284850607,구의동손칼국수,건대,한식,4.6,87,,,"진짜진짜 맛있어요! 이런 곳이 동네에 있어서 행복..
칼국수 수제비 다 맛있고 쫄깃하고, 김치도 너무 맛있어요!! 사장님들도 친절하심. 개인적으로 대ㅇ칼국수 보다 훨씬 맛있었네요."
1284850607,구의동손칼국수,건대,한식,4.6,87,,,최고입니다
1284850607,구의동손칼국수,건대,한식,4.6,87,,,먹다가 이물질 나왔어요....너무 바빠보이셔서 말씀은 안드렸어요...ㅜ
1284850607,구의동손칼국수,건대,한식,4.6,87,,,"구의동에선 으뜸인 칼국수집.
예전에 맛보던 밀가루향 풀풀
걷절이가 맛있는 곳"
1284850607,구의동손칼국수,건대,한식,4.6,87,,,"얌얌얌+
맨날 먹고싶다"
1284850607,구의동손칼국수,건대,한식,4.6,87,,,제입맛에 잘맞는 칼국수입니다. 손칼국수 식감때메 안좋아하는데 여기는 맛있어요
1284850607,구의동손칼국수,건대,한식,4.6,87,,,"손칼국수 사장님 넘무좋으심ㅜㅜ
혼밥 하러 가끔갑니다♡ ㅋㅋㅋㅋㅋ"
1284850607,구의동손칼국수,건대,한식,4.6,87,,,가성비
1284850607,구의동손칼국수,건대,한식,4.6,87,,,분위기
1284850607,구의동손칼국수,건대,한식,4.6,87,,,사진/영상 후기만 보기
1284850607,구의동손칼국수,건대,한식,4.6,87,,,2025.03.04.
1284850607,구의동손칼국수,건대,한식,4.6,87,,,2024.08.21.
1284850607,구의동손칼국수,건대,한식,4.6,87,,,2024.12.27.
1284850607,구의동손칼국수,건대,한식,4.6,87,,,2024.12.18.
1284850607,구의동손칼국수,건대,한식,4.6,87,,,2024.12.02.
1284850607,구의동손칼국수,건대,한식,4.6,87,,,2024.08.05.
1284850607,구의동손칼국수,건대,한식,4.6,87,,,2024.07.14.
1284850607,구의동손칼국수,건대,한식,4.6,87,,,2023.08.13.
1284850607,구의동손칼국수,건대,한식,4.6,87,,,2023.05.09.
1284850607,구의동손칼국수,건대,한식,4.6,87,,,2021.08.14.
1284850607,구의동손칼국수,건대,한식,4.6,87,,,2021.01.14.
1284850607,구의동손칼국수,건대,한식,4.6,87,,,2026.02.23.
1284850607,구의동손칼국수,건대,한식,4.6,87,,,2026.01.31.
1284850607,구의동손칼국수,건대,한식,4.6,87,,,2025.10.28.
1284850607,구의동손칼국수,건대,한식,4.6,87,,,2025.09.01.
1284850607,구의동손칼국수,건대,한식,4.6,87,,,2024.12.30.
1284850607,구의동손칼국수,건대,한식,4.6,87,,,2024.12.01.
1284850607,구의동손칼국수,건대,한식,4.6,87,,,2024.10.23.
1284850607,구의동손칼국수,건대,한식,4.6,87,,,2024.09.26.
1284850607,구의동손칼국수,건대,한식,4.6,87,,,2024.05.11.
13613012,알촌 건국대점,건대,한식,4.5,21,,,건대생 추억의 맛.... 어린이대공원 놀러왔다가 먹었는데 10년 넘게 지났는데도 똑같은 그 맛 ㅋㅋㅋㅋㅋㅋ 학생들 사이에 껴먹어서 그런가 추억이 떠올라 더 맛있었습니당ㅎㅎㅎ👍사장님 너무 친절하시네요.
13613012,알촌 건국대점,건대,한식,4.5,21,,,"양 많고 맛있고 친절해요
오래오래 계속 장사해주세요 ㅎㅎ"
13613012,알촌 건국대점,건대,한식,4.5,21,,,맛있고 가성비 좋고 양 많고 친절하고 밑반찬 맛있고 안질리고 자리도 편안... 더보기
13613012,알촌 건국대점,건대,한식,4.5,21,,,"건대 학식 대용 식당으로 빠질수없는 곳
개인적으로 취향이 아니라 잘 가지는 않지만 학생들을 ... 더보기"
13613012,알촌 건국대점,건대,한식,4.5,21,,,"건대 놀러왔다가 들른 논네다
가성비 친절 ㆍㆍ다 좋은데
음식에 단맛을 이토록 강하게 넣어도 되나?
하긴 젊은이들은 보통... 더보기"
13613012,알촌 건국대점,건대,한식,4.5,21,,,"간단하면서 배는 두둑히 채울 수 있습니다
저렴한 가격대로 학생들이 이용하기 참 좋은 곳 같아요."
13613012,알촌 건국대점,건대,한식,4.5,21,,,"알촌은 못 참지예... 
수업은 안 가도 알촌 먹으러 학교 왔음 
사장님 덕분에 밥 먹으러 가서 기분... 더보기"
13613012,알촌 건국대점,건대,한식,4.5,21,,,가성비갓
13613012,알촌 건국대점,건대,한식,4.5,21,,,고물가 시대에 학식 다음으로 학생들의 빛과 희망.. 다른 지점 모두 맛있지만 건대점 특히 오뎅이 너무 맛있어요. 늘 서비스 살짝 챙겨주셔서 감사합니다. 나갈 때 두 손 모아 진심으로 인사해 주시는 사장님(?) 너무 ... 더보기
13613012,알촌 건국대점,건대,한식,4.5,21,,,"가격대비 아주 만족합니다.
맛있었어요."
13613012,알촌 건국대점,건대,한식,4.5,21,,,사장님이 정말 학생들을 사랑하는 마음에서 운영하시는게 느껴져요🥰 이 가격에 이런 맛있고 따뜻한 밥 먹기 힘든데. 항상 맛있게 한끼 해결할 수 있게 해주셔서 감사합니다🥰
13613012,알촌 건국대점,건대,한식,4.5,21,,,건대 학식은 알촌. 갈 때마다 사장님이 친절하게 반겨주시는 마음의 고향. 혼밥하기에도 좋고 건대 근처 식당 중에서는 가성비 최강. 메뉴는 약매알밥 추천
13613012,알촌 건국대점,건대,한식,4.5,21,,,두 말 할 것 없이 perfect
13613012,알촌 건국대점,건대,한식,4.5,21,,,"양추가 100원 귀엽게봤다가 배터짐 ㅠ
그리고 사장님 친절대마왕 ,, 덕분에 기분좋아져서 나왔습니당 ㅎㅎ"
13613012,알촌 건국대점,건대,한식,4.5,21,,,"건국대 알촌 너무 좋네요 사장님부부 친절하세요!
알밥 가격도 저렴하고 맛도 있어요
반찬 ... 더보기"
13613012,알촌 건국대점,건대,한식,4.5,21,,,"ㅇ서비스
세 번 갔는데, 감사하게도 연속 세 번 매번 다른 서비스 받았... 더보기"
13613012,알촌 건국대점,건대,한식,4.5,21,,,"ㅈㅁㅌㄱㄹ
다섞고 찍어버렿레ㅋㅋㅋ"
13613012,알촌 건국대점,건대,한식,4.5,21,,,"맛있는데 테이블 간격이 너무 좁아요.
근데 안쪽으로 들어가서 앉아달라고 하셔서 자꾸 옆테이블에 엉덩이 비벼대서 너무 부끄러워요"
13613012,알촌 건국대점,건대,한식,4.5,21,,,가성비
13613012,알촌 건국대점,건대,한식,4.5,21,,,분위기
13613012,알촌 건국대점,건대,한식,4.5,21,,,사진/영상 후기만 보기
13613012,알촌 건국대점,건대,한식,4.5,21,,,2026.04.30.
13613012,알촌 건국대점,건대,한식,4.5,21,,,2025.04.11.
13613012,알촌 건국대점,건대,한식,4.5,21,,,2023.06.21.
13613012,알촌 건국대점,건대,한식,4.5,21,,,2025.11.29.
13613012,알촌 건국대점,건대,한식,4.5,21,,,2025.06.06.
13613012,알촌 건국대점,건대,한식,4.5,21,,,2025.03.14.
13613012,알촌 건국대점,건대,한식,4.5,21,,,2025.01.14.
13613012,알촌 건국대점,건대,한식,4.5,21,,,2024.10.21.
13613012,알촌 건국대점,건대,한식,4.5,21,,,2024.06.25.
13613012,알촌 건국대점,건대,한식,4.5,21,,,2024.06.09.
13613012,알촌 건국대점,건대,한식,4.5,21,,,2023.12.06.
13613012,알촌 건국대점,건대,한식,4.5,21,,,2023.11.02.
13613012,알촌 건국대점,건대,한식,4.5,21,,,2023.03.01.
13613012,알촌 건국대점,건대,한식,4.5,21,,,2022.07.24.
13613012,알촌 건국대점,건대,한식,4.5,21,,,2022.04.28.
13613012,알촌 건국대점,건대,한식,4.5,21,,,2021.11.23.
13613012,알촌 건국대점,건대,한식,4.5,21,,,2021.10.14.
13613012,알촌 건국대점,건대,한식,4.5,21,,,2021.08.15.
13613012,알촌 건국대점,건대,한식,4.5,21,,,2020.11.12.
13613012,알촌 건국대점,건대,한식,4.5,21,,,2026.04.21.
1034593873,뇌산 마을 건대직영점,건대,한식,4.8,190,,,진짜 맛있어요 양념이 진짜 찐하고 맛나고 주먹밥에 소주까지 곁들이셔요
1034593873,뇌산 마을 건대직영점,건대,한식,4.8,190,,,맛있고 가성비 좋아요 약간의 야장 감성까지!
1034593873,뇌산 마을 건대직영점,건대,한식,4.8,190,,,맛있고 날씨가 좋아서 야장처럼 해놨어요~ 너무 좋습니다🤟🤟👍👍👍
1034593873,뇌산 마을 건대직영점,건대,한식,4.8,190,,,"뼈구이 맛있어요! 불향있음 직원이 친절합니다, 지하철역이랑 가까워요. 안주가 다양하고, 또 방문 의향 있음"
1034593873,뇌산 마을 건대직영점,건대,한식,4.8,190,,,"지나가다가 생각없이들럿는데 가격이나 맛이나 넘좋아여 !
직원분들도 친절하세여 
또방문할게용~"
1034593873,뇌산 마을 건대직영점,건대,한식,4.8,190,,,매콤한데 달달하고 맛있어요~~~~~~!!! 불향도 나면서 좋아요!!
1034593873,뇌산 마을 건대직영점,건대,한식,4.8,190,,,"뭔 뼈구이가 고구마맛탕보다도 바닐라라떼보다도 달아요;;
감칠맛 그런거 없고 그냥 단맛과 매운맛..
설탕채로 입에 쏟아드시는 거 좋아하시는 분들께 추천드려요"
1034593873,뇌산 마을 건대직영점,건대,한식,4.8,190,,,"We’re tourists. This place is near to the Konkuk University and the whole area is full of restaurants, pubs and cafes. The atmosphere feels very local. A very nice place to experience Seoul. We ordered... 더보기"
1034593873,뇌산 마을 건대직영점,건대,한식,4.8,190,,,"돌짜장 불향이 은은하게 나면서 면이 바삭한 부분까지 있어서 맛있게 먹었어요.  
뼈구이는 매콤한 양념이 잘 배어 있어서 자극적이지만 계속 손이 갔어요.  
전체적으로 만족스러워서 다음에 또 방문하고 싶었어요."
1034593873,뇌산 마을 건대직영점,건대,한식,4.8,190,,,"오픈이벤트중이라 좋아요!
가성비도 좋고 주류 메뉴도 정말 맛있어요.
치즈감자전이 대박입니당😍"
1034593873,뇌산 마을 건대직영점,건대,한식,4.8,190,,,"꼬막육회비빔밥 왜 이렇게 맛있는거죵 ❤️ 
양이 너무 많아서 엄청 놀랬어요~! 
서울 놀러와서 맛집 하나 찾아가구 가네용... 더보기"
1034593873,뇌산 마을 건대직영점,건대,한식,4.8,190,,,"직원 분들도 친절하고 음식이 맛있습니다
뼈구이는 처음 먹어보는데 소스랑 너무 잘어울리네요"
1034593873,뇌산 마을 건대직영점,건대,한식,4.8,190,,,"가격 저렴하고 맛있어요!
친구가 추천해줘서 왔는데 뼈구이 추천드려요 주먹밥 필수!!"
1034593873,뇌산 마을 건대직영점,건대,한식,4.8,190,,,너무맛있어요 …. 엉엉엉엉엉 ……
1034593873,뇌산 마을 건대직영점,건대,한식,4.8,190,,,직원분들도 친절하시고 메뉴도 맛있는 메뉴도 다양해서 즐겨 먹을 수 있고 무엇보다 맛이 맛있습니다
1034593873,뇌산 마을 건대직영점,건대,한식,4.8,190,,,너무너무 맛있고 직원분들도 친절하게 말씀해주셔서 좋았어요!! 먹었던 메뉴 다 너무 맛있게 잘 먹었습니다!
1034593873,뇌산 마을 건대직영점,건대,한식,4.8,190,,,건대 주변 술집 중에 제일 맛있고 따뜻해서 좋아요! 다음에 친구들끼리 올 일 있을 때 또 오고싶어요 ㅎㅎ
1034593873,뇌산 마을 건대직영점,건대,한식,4.8,190,,,"남자친구랑 맛난데 와서 찐행복!! 분위기도 진짜 미쳤고 데이트,소개 받는 자리에서 오기에 딱 좋은거 같고 뼈구이 비주얼도 대애애박!!!!!!!!!!"
1034593873,뇌산 마을 건대직영점,건대,한식,4.8,190,,,뼈구이 진짜 너무 맛있어요ㅠㅠㅠ 분위기도 좋고 술먹으로 오기 딱이에요 담에 또 올게요 !!
1034593873,뇌산 마을 건대직영점,건대,한식,4.8,190,,,너무 맛있게 잘 먹었습니다😄 생각보다 양도 꽤 많았어요! 딸기 스무디는 꼭 드셔보세요!!👍
1034593873,뇌산 마을 건대직영점,건대,한식,4.8,190,,,가성비
1034593873,뇌산 마을 건대직영점,건대,한식,4.8,190,,,분위기
1034593873,뇌산 마을 건대직영점,건대,한식,4.8,190,,,사진/영상 후기만 보기
1034593873,뇌산 마을 건대직영점,건대,한식,4.8,190,,,2026.04.27.
1034593873,뇌산 마을 건대직영점,건대,한식,4.8,190,,,2026.04.23.
1034593873,뇌산 마을 건대직영점,건대,한식,4.8,190,,,2026.04.20.
1034593873,뇌산 마을 건대직영점,건대,한식,4.8,190,,,2026.04.18.
1034593873,뇌산 마을 건대직영점,건대,한식,4.8,190,,,2026.04.12.
1034593873,뇌산 마을 건대직영점,건대,한식,4.8,190,,,2026.04.06.
1034593873,뇌산 마을 건대직영점,건대,한식,4.8,190,,,2026.03.26.
1034593873,뇌산 마을 건대직영점,건대,한식,4.8,190,,,2026.03.22.
1034593873,뇌산 마을 건대직영점,건대,한식,4.8,190,,,2026.03.20.
1034593873,뇌산 마을 건대직영점,건대,한식,4.8,190,,,2026.03.19.
1034593873,뇌산 마을 건대직영점,건대,한식,4.8,190,,,2026.03.11.
1034593873,뇌산 마을 건대직영점,건대,한식,4.8,190,,,2026.03.08.
1034593873,뇌산 마을 건대직영점,건대,한식,4.8,190,,,2026.02.26.
1034593873,뇌산 마을 건대직영점,건대,한식,4.8,190,,,2026.02.22.
1034593873,뇌산 마을 건대직영점,건대,한식,4.8,190,,,2026.02.18.
1034593873,뇌산 마을 건대직영점,건대,한식,4.8,190,,,2026.02.12.
1034593873,뇌산 마을 건대직영점,건대,한식,4.8,190,,,2026.02.07.
967000236,박과장의조은회사,건대,한식,4.4,494,,,"대방어먹으로갔다 
품절되서 못먹었어요 ㅜ
담에는
메뉴예약해서 꼭... 더보기"
967000236,박과장의조은회사,건대,한식,4.4,494,,,"주차편하고 분위기 최강인곳 인정!!
그릇은 어찌나 이쁜지 데이트 장소로도 손색없습니다.
매장도 넓어서 모임할 때 좋으니 총무님들 ... 더보기"
967000236,박과장의조은회사,건대,한식,4.4,494,,,올해 방어 1 티어... 개미친맛있음
967000236,박과장의조은회사,건대,한식,4.4,494,,,이딴게 횟집이냐? 사소한 재료 관리부터 못하고  대학로 앞에 있는 횟집보단 맛없는게 숙성회??? 몇시간 어떻게 숙성했길래 숙성한 맛이 안남??? 활어보다 비싼 숙성회라면 맛있어야 하... 더보기
967000236,박과장의조은회사,건대,한식,4.4,494,,,네이버 리뷰 믿고 가지마세요. 매일매일 알바 푸는거 같습니다. 방문하고 당했다라고 느낀게 블로거들은 다르면서 다들 똑같은 사진이더라구... 더보기
967000236,박과장의조은회사,건대,한식,4.4,494,,,"맛있어요! 회로 초밥 만들어먹을 수 있게 같이 주시는 것도 맛있고, 쌈장넣어서 만드는 그 양념이 유독 여기가 맛있는 듯.... 근데 회가 다... 더보기"
967000236,박과장의조은회사,건대,한식,4.4,494,,,"일요일 저녁 8시 운좋게 웨이팅없이 입장!!
신기한 하이볼 제작해서 먹을수 있음..!
방어도 방어인데 모둠회 먹어도 광어 연어 우럭 다 맛있어요!!"
967000236,박과장의조은회사,건대,한식,4.4,494,,,맛있어용~👍
967000236,박과장의조은회사,건대,한식,4.4,494,,,ㅋㅋㅋㅋㅋ여기 정말 어이없는 곳이네요. 일단 네이버 후기들 절~~~대 믿지 마세요. 다 같은메뉴 같은날 각도만 다르고 매일매일 리뷰들 올라옴. 리뷰만 보고 갔다가 리뷰 사진이랑 왜 다르냐고 같은 중자 맞는지. 2인... 더보기
967000236,박과장의조은회사,건대,한식,4.4,494,,,"친구랑 숙성회 먹고 싶어서
갔는데 가계 분위기도 좋쿠
기대이상으로 굿... 더보기"
967000236,박과장의조은회사,건대,한식,4.4,494,,,구의역 주변에 위치한 횟집인데 주차도 편하고 무엇보다 횟집같지 않게 인테리어가 깔끔하고 좋아요. 회도 이가격에 이정도 퀄리티면 굉장히 훌륭합니다. 요새 입소문 났는지 오랜만에 갔는데 사람이 많아졌네요. 맛있게 잘 먹었습니다. ^^
967000236,박과장의조은회사,건대,한식,4.4,494,,,"회랑 주먹밥은 괜찮은데...
매운탕에 알이랑 고니추가는 쫌 충격적이네요.."
967000236,박과장의조은회사,건대,한식,4.4,494,,,"숙성회 치곤 얇아요
그래도 만족스러울 정도는 됩니다
홀보다는 배달에 더욱 집중하는듯 합니다."
967000236,박과장의조은회사,건대,한식,4.4,494,,,사장님 너무 친절하시고 여태 먹어본 방어회중에 제일 맛있었어요!!!!! 건대쪽은 번잡스러워서 항상 너무 시끄러웠는데 적당히 시끄러운 분위기에서 먹을 수 있어서 좋았어요
967000236,박과장의조은회사,건대,한식,4.4,494,,,"방어회 중자 8만원에 먹었어요
회 양이 많지는 않고 매운탕이 포함되지 않지만 나오는 몇 가지 음식들이 모두 맘에 들 정... 더보기"
967000236,박과장의조은회사,건대,한식,4.4,494,,,"제가 요즘 숙성회에 빠져서 헤어나오지 못하고 있는데 그디어 인생숙성맛집을 찾았습니다~
박과장의 조은회사... 더보기"
967000236,박과장의조은회사,건대,한식,4.4,494,,,친구들모임으로 이름도 특이한 횟집으로갔었는데요~   너무 분위기도 깔끔하고 사장님도 친절하시더라구요~ 무엇보다 주차시... 더보기
967000236,박과장의조은회사,건대,한식,4.4,494,,,모든게 굿이었습니다!
967000236,박과장의조은회사,건대,한식,4.4,494,,,"숙성회의 참맛을 느꼈네용~~!!분위기가 좋아서 모임하기에도 좋고,,,주차도 편하니 부모님 모시고도 오고싶어지네여^^!!"
967000236,박과장의조은회사,건대,한식,4.4,494,,,친구들 모임이 있어서 다녀왔는데요~가게 이름도 재밌고  맛은 말해 뭐해~횟집인데 분위기도 너무 좋구  무엇보다 주차가 편해서 너무 좋았어요~모임있는 분들께 적극 추천드려요
967000236,박과장의조은회사,건대,한식,4.4,494,,,분위기
967000236,박과장의조은회사,건대,한식,4.4,494,,,사진/영상 후기만 보기
967000236,박과장의조은회사,건대,한식,4.4,494,,,2024.10.27.
967000236,박과장의조은회사,건대,한식,4.4,494,,,2024.09.11.
967000236,박과장의조은회사,건대,한식,4.4,494,,,2025.12.26.
967000236,박과장의조은회사,건대,한식,4.4,494,,,2024.10.26.
967000236,박과장의조은회사,건대,한식,4.4,494,,,2024.04.25.
967000236,박과장의조은회사,건대,한식,4.4,494,,,2025.04.28.
967000236,박과장의조은회사,건대,한식,4.4,494,,,2025.01.08.
967000236,박과장의조은회사,건대,한식,4.4,494,,,2025.01.02.
967000236,박과장의조은회사,건대,한식,4.4,494,,,2024.04.22.
967000236,박과장의조은회사,건대,한식,4.4,494,,,2022.11.15.
967000236,박과장의조은회사,건대,한식,4.4,494,,,2022.11.14.
967000236,박과장의조은회사,건대,한식,4.4,494,,,2020.10.17.
967000236,박과장의조은회사,건대,한식,4.4,494,,,2020.09.02.
967000236,박과장의조은회사,건대,한식,4.4,494,,,2025.01.05.
967000236,박과장의조은회사,건대,한식,4.4,494,,,2024.11.24.
967000236,박과장의조은회사,건대,한식,4.4,494,,,2024.10.28.
1032401631,미가담,건대,한식,4.3,48,,,"맛있긴한데 고등어가 너무 짜요
청국장 존맛"
1032401631,미가담,건대,한식,4.3,48,,,"꽤 높은 가격에 방문이 망설여졌지만 막상 나오는 음식의 퀄리티를 보니 매우 합리적인 가격
반찬 나물 제육 골고루 다 맛있다
다만 음식의 ... 더보기"
1032401631,미가담,건대,한식,4.3,48,,,"소문듣고 방문
제육.고등어 보리밥정식주문
밑반찬. 나물.청국... 더보기"
1032401631,미가담,건대,한식,4.3,48,,,"진짜진짜진짜 너무 맛나요ㅠㅠ👍👍
가성비도 좋고 양도 많고 꼭꼭 와요 최고꿀맛"
1032401631,미가담,건대,한식,4.3,48,,,"역시 모범음식점 패는 실패가 없음
맛깔난 집밥 한상
동네 살면 종종 올만 함"
1032401631,미가담,건대,한식,4.3,48,,,"밥도둑입니다.
제 상을 안닦아주셔서 삔또가 상했지만 청국장 한 입에 기분이 풀렸습니다.

고... 더보기"
1032401631,미가담,건대,한식,4.3,48,,,14000원에 이렇게 푸짐하고 맛있게 나오네요ㅠㅠ원래 잘안먹는 반찬도 왤캐 맛있는지....
1032401631,미가담,건대,한식,4.3,48,,,"진짜 숨어있다. 이 집이다.
쫌 한다.
수빈식당과 버금가... 더보기"
1032401631,미가담,건대,한식,4.3,48,,,제육의 신이 깃들여져있다....  인생맛집이다... 두명에서 보리밥&고등어와 보리밥&제육 두개 시켜보시길 추천드려요 밥도 더달라하면 주시고 내부도 엄청 깔끔하고 친절하십니다!!!!!!! 최고최고
1032401631,미가담,건대,한식,4.3,48,,,"여름엔 콩국수도 하십니다
보리밥도 정갈히 나오고
반찬하나하나가 맛있습니다"
1032401631,미가담,건대,한식,4.3,48,,,푸짐하고 먹기 좋은 보리밥집!
1032401631,미가담,건대,한식,4.3,48,,,레전드  가성비맛집.
1032401631,미가담,건대,한식,4.3,48,,,제육은 맛있는데 고등어 구이는 퍽퍽해요. 음식 가격은 나오는 양에 비하면 적당한듯 합니다.
1032401631,미가담,건대,한식,4.3,48,,,찐맛집
1032401631,미가담,건대,한식,4.3,48,,,"여기 찐맛집, 고등어, 청국장, 각종 밑반찬 모두 너무 맛있어요. 음식솜씨 최고십니다. 백번 가세요!!!"
1032401631,미가담,건대,한식,4.3,48,,,"사장님 제에발 위생좀 신경써 주세요 특히 여성사장님  접시에 손좀 넣지말아주세요
먹을때 상당히 ... 더보기"
1032401631,미가담,건대,한식,4.3,48,,,2018년부터 먹었는데 존맛
1032401631,미가담,건대,한식,4.3,48,,,"맛있어요.
근데 저랑은 안 맞나봐요.
갔다하면 복... 더보기"
1032401631,미가담,건대,한식,4.3,48,,,40분동안 기다리다가 아무안내도 음식도 못받고 나갑니다~ 뒷자리에 저희보다 나중에 주문하신분들은 식사중이시고요~
1032401631,미가담,건대,한식,4.3,48,,,가성비
1032401631,미가담,건대,한식,4.3,48,,,분위기
1032401631,미가담,건대,한식,4.3,48,,,사진/영상 후기만 보기
1032401631,미가담,건대,한식,4.3,48,,,2024.12.10.
1032401631,미가담,건대,한식,4.3,48,,,2024.10.16.
1032401631,미가담,건대,한식,4.3,48,,,2024.06.07.
1032401631,미가담,건대,한식,4.3,48,,,2024.05.25.
1032401631,미가담,건대,한식,4.3,48,,,2025.08.26.
1032401631,미가담,건대,한식,4.3,48,,,2025.08.17.
1032401631,미가담,건대,한식,4.3,48,,,2025.03.14.
1032401631,미가담,건대,한식,4.3,48,,,2025.02.13.
1032401631,미가담,건대,한식,4.3,48,,,2024.08.07.
1032401631,미가담,건대,한식,4.3,48,,,2020.10.08.
1032401631,미가담,건대,한식,4.3,48,,,2020.06.03.
1032401631,미가담,건대,한식,4.3,48,,,2026.03.12.
1032401631,미가담,건대,한식,4.3,48,,,2025.11.12.
1032401631,미가담,건대,한식,4.3,48,,,2025.02.25.
1032401631,미가담,건대,한식,4.3,48,,,2024.12.25.
1032401631,미가담,건대,한식,4.3,48,,,2024.04.14.
1032401631,미가담,건대,한식,4.3,48,,,2024.04.13.
1032401631,미가담,건대,한식,4.3,48,,,2024.04.08.
1032401631,미가담,건대,한식,4.3,48,,,2024.04.01.
14984027,자양감자탕,건대,한식,3.1,36,,,"-자양감자탕
-서울 광진구 자양동 224-23
-건대생들이 많이 찾는 쥔장이 친절한 뼈해장국집
-24시로... 더보기"
14984027,자양감자탕,건대,한식,3.1,36,,,"국내산 등뼈사용한 곳이에요
김치의 배추는 국내산, 고추가루는 중국산이라고 적혀있었습니다

(우거지)뼈해장국 맛은 좀 투박한... 더보기"
14984027,자양감자탕,건대,한식,3.1,36,,,리뷰가 안좋아서 걱정했지만 충분히 특색있는 감자탕이 었음. 그리고 양이 엄청 많다..기름이 엄청 많아서 먹고 속이 조금 더부룩한 건 있지만..
14984027,자양감자탕,건대,한식,3.1,36,,,"우거지 뼈 해장국을 시켜보았습니다
밥 - 오래보관한 냄... 더보기"
14984027,자양감자탕,건대,한식,3.1,36,,,2인분 같은 1인분..그리고 전라도인의 입맛을 사로잡았습니다. 순간 고향온 줄 착각했음요..ㅠ뼈해장국
14984027,자양감자탕,건대,한식,3.1,36,,,동네에 이런 맛집이 있었다니 너무 좋습니다. 뼈해장국 먹고 반해서 지인 데리고 감자탕까지 먹으루 갔는데 성수감자탕보다 맛있음
14984027,자양감자탕,건대,한식,3.1,36,,,"훌륭합니다 ㅎㅎ
특 1만원, 보통 8천원인데
특을 시켰음에도 ... 더보기"
14984027,자양감자탕,건대,한식,3.1,36,,,"건대생들이 많이 찾는다는 뼈해장국 , 감자탕집. 
기본양이 상당히 많은 편.

뼈해장국 (특) ㅡ ... 더보기"
14984027,자양감자탕,건대,한식,3.1,36,,,다먹고 밥볶
14984027,자양감자탕,건대,한식,3.1,36,,,"좌식이고 동네 맛집처럼 인테리어가 
좋게말하면 푸근~ 나쁘게말하면 후줄근 합니다 ㅎㅎ

해장국... 더보기"
14984027,자양감자탕,건대,한식,3.1,36,,,여기 양많고 국물이랑 고기랑 같이 먹으면 뒤짐. 밥은 꼬들밥이라 개맛있음.
14984027,자양감자탕,건대,한식,3.1,36,,,"서울 상경해서 처음 가본 음식점인데 뼈다구 양이 너무 적어서 이게 서울물가구나 하고 놀랐어요
근데 딴 곳 가보... 더보기"
14984027,자양감자탕,건대,한식,3.1,36,,,애매 친절은 한데 맛이.. ㅠㅠ
14984027,자양감자탕,건대,한식,3.1,36,,,"맛이 없어요,,, 양은 많은데 맛이 없어요"
14984027,자양감자탕,건대,한식,3.1,36,,,진짜 진짜 별로였어요. 감자탕이라면 좋아죽는 제 외국인 친구도 “이건 좀” 할 정도로 ㅜ 개선되었으면 좋겠어요…
14984027,자양감자탕,건대,한식,3.1,36,,,입맛에  안맞네요  너무  별로
14984027,자양감자탕,건대,한식,3.1,36,,,"국물 닝닝하고 밥도 별로...
매우 시끄럽고 소리가 울려서 식사가 불편"
14984027,자양감자탕,건대,한식,3.1,36,,,고기가 퍽퍽합니다 학생이면 고기가 많아서 좋아할듯 어우
14984027,자양감자탕,건대,한식,3.1,36,,,하….
14984027,자양감자탕,건대,한식,3.1,36,,,"밥은 누렇고 오래된 냄새나고
고기는 질겨서 뜯어지지도 않고
한쪽이 검... 더보기"
14984027,자양감자탕,건대,한식,3.1,36,,,가성비
14984027,자양감자탕,건대,한식,3.1,36,,,사진/영상 후기만 보기
14984027,자양감자탕,건대,한식,3.1,36,,,2026.01.07.
14984027,자양감자탕,건대,한식,3.1,36,,,2025.10.29.
14984027,자양감자탕,건대,한식,3.1,36,,,2025.09.28.
14984027,자양감자탕,건대,한식,3.1,36,,,2024.01.06.
14984027,자양감자탕,건대,한식,3.1,36,,,2023.10.12.
14984027,자양감자탕,건대,한식,3.1,36,,,2023.02.05.
14984027,자양감자탕,건대,한식,3.1,36,,,2022.09.07.
14984027,자양감자탕,건대,한식,3.1,36,,,2021.09.09.
14984027,자양감자탕,건대,한식,3.1,36,,,2020.07.25.
14984027,자양감자탕,건대,한식,3.1,36,,,2019.07.28.
14984027,자양감자탕,건대,한식,3.1,36,,,2025.12.05.
14984027,자양감자탕,건대,한식,3.1,36,,,2025.11.28.
14984027,자양감자탕,건대,한식,3.1,36,,,2025.11.09.
14984027,자양감자탕,건대,한식,3.1,36,,,2025.03.29.
14984027,자양감자탕,건대,한식,3.1,36,,,2025.01.16.
14984027,자양감자탕,건대,한식,3.1,36,,,2024.12.22.
14984027,자양감자탕,건대,한식,3.1,36,,,2024.10.20.
14984027,자양감자탕,건대,한식,3.1,36,,,2024.08.03.
14984027,자양감자탕,건대,한식,3.1,36,,,2024.07.16.
14984027,자양감자탕,건대,한식,3.1,36,,,2024.06.12.
1776400057,열불날개 건대본점,건대,한식,4.2,276,,,"열불은 스트레스 받고 나면 너무 생각납니다.
먹고나면 ㅎㅎㅎ 기분이 좋아져요^^

매... 더보기"
1776400057,열불날개 건대본점,건대,한식,4.2,276,,,"항상 먹지만 중독성 있는 매운맛에 끊을 수가 없어요..
모든 메뉴 다 먹어봤는데 진짜 맛있습니다
... 더보기"
1776400057,열불날개 건대본점,건대,한식,4.2,276,,,"ㅎ 오잉 왜 유명한지 일도모르겠어여 엄청 달고 맛도 애매ㅎ날개는 약간 잡내나고 별로에여ㅜ
바쁜지 키오스크로 리필 주문해... 더보기"
1776400057,열불날개 건대본점,건대,한식,4.2,276,,,친절한 듯 안친절한 최소한의 서비스를 군더더기없이 해주는 직원. 난 이런 곳이 좋더라. 맛도 훌륭
1776400057,열불날개 건대본점,건대,한식,4.2,276,,,마감 5분전에 알려주던데 그럴거면 추가주문은 왜받은거
1776400057,열불날개 건대본점,건대,한식,4.2,276,,,매운 걸 좋아하고 닭날개와 닭발을 사랑하는 동기를 데리고 갔는데 극찬한 곳입니다! 맛있게 매운 게 무엇인지 알려 주는 매장입니다!
1776400057,열불날개 건대본점,건대,한식,4.2,276,,,저게 2인분이라는게 안믿김
1776400057,열불날개 건대본점,건대,한식,4.2,276,,,닭발은 맛있었어요. 근데 스프 맛이 이상해서 냄새를 맡았는데 쉰내? 가 나서 얘기했더니 원래는 새로 갖다 주는게 아닌가요? 그냥 치워드릴까요 하고 치우고 나서 아무래도 맛이 ... 더보기
1776400057,열불날개 건대본점,건대,한식,4.2,276,,,무뼈닭발 진짜 매운데 진짜 맛있어요 주기적으로 들러줘야 하는 맛집입니당 맵찔이분들은 양념 안 된 막창구이랑 반반 시키시는 거 추천드려요!
1776400057,열불날개 건대본점,건대,한식,4.2,276,,,"처음 방문했는데 기대 이상으로 너무 맛있었어욤!!🔥
닭발 양념이 진짜 감칠맛 나고 중독성 있어서 계속 손이 가더라구용! 
맵기... 더보기"
1776400057,열불날개 건대본점,건대,한식,4.2,276,,,"건대 열불날개 다녀왔는데 진짜 기대 이상…🔥
불향 제대로 올라온 매콤한 양념에 쫀득한 닭발이랑 날개가 완전... 더보기"
1776400057,열불날개 건대본점,건대,한식,4.2,276,,,건대 불향 맛집 🤤 막창 닭발 잘 안먹는데 너무 맛있어용 .. 💖 분점 더 내주세여 .. 👍🏻
1776400057,열불날개 건대본점,건대,한식,4.2,276,,,맛있어요!! 재방문할게요!!
1776400057,열불날개 건대본점,건대,한식,4.2,276,,,완전 맛있게 매콤하고   재밌는 황제성사장님 있으시네용❤️ㅋㅋㅋㅋ
1776400057,열불날개 건대본점,건대,한식,4.2,276,,,"와!! 맛있어요!!! 가성비 쩔어요 
서비스도 좋고 진짜 맛있어요!!!! 또 올께요"
1776400057,열불날개 건대본점,건대,한식,4.2,276,,,막 맵진 않았으나 무난무난 맛있었던 곳이에요 ㅎㅎ 화장실 공용인 건 아쉬웠네요
1776400057,열불날개 건대본점,건대,한식,4.2,276,,,"매운거좋아하시는 분들은 열불날개 무조건이쥬
ㅋㅋㅋ스트레스받을때 먹으러가면 땀 확나구 스트레스확풀림요 존맛탱!!"
1776400057,열불날개 건대본점,건대,한식,4.2,276,,,진짜 술이 술술 들어가는 맛집입니다ㅠㅠ 양념이 입에 착착 감기고 칼국수도 국물이 ...👍🏻👍🏻저의 최애 또또도도도도또또간집입니다 ㅎㅎㅎ
1776400057,열불날개 건대본점,건대,한식,4.2,276,,,"맛있게 맵고 불향 좋네여~
술이 술술 들어가요 엄지척"
1776400057,열불날개 건대본점,건대,한식,4.2,276,,,가성비
1776400057,열불날개 건대본점,건대,한식,4.2,276,,,분위기
1776400057,열불날개 건대본점,건대,한식,4.2,276,,,사진/영상 후기만 보기
1776400057,열불날개 건대본점,건대,한식,4.2,276,,,2025.02.26.
1776400057,열불날개 건대본점,건대,한식,4.2,276,,,2025.12.04.
1776400057,열불날개 건대본점,건대,한식,4.2,276,,,2025.11.20.
1776400057,열불날개 건대본점,건대,한식,4.2,276,,,2025.08.27.
1776400057,열불날개 건대본점,건대,한식,4.2,276,,,2025.04.24.
1776400057,열불날개 건대본점,건대,한식,4.2,276,,,2025.03.29.
1776400057,열불날개 건대본점,건대,한식,4.2,276,,,2025.02.07.
1776400057,열불날개 건대본점,건대,한식,4.2,276,,,2025.01.24.
1776400057,열불날개 건대본점,건대,한식,4.2,276,,,2024.02.13.
1776400057,열불날개 건대본점,건대,한식,4.2,276,,,2023.03.08.
1776400057,열불날개 건대본점,건대,한식,4.2,276,,,2026.04.23.
1776400057,열불날개 건대본점,건대,한식,4.2,276,,,2025.06.17.
1776400057,열불날개 건대본점,건대,한식,4.2,276,,,2025.06.11.
1776400057,열불날개 건대본점,건대,한식,4.2,276,,,2025.05.12.
1776400057,열불날개 건대본점,건대,한식,4.2,276,,,2025.05.09.
1776400057,열불날개 건대본점,건대,한식,4.2,276,,,2025.02.25.
1776400057,열불날개 건대본점,건대,한식,4.2,276,,,2025.02.16.
1776400057,열불날개 건대본점,건대,한식,4.2,276,,,2025.02.10.
18542711,스시오 건대점,건대,일식,3.8,187,,,"무한리필 회전초밥중에 단연 최고입니다!!
가성비 최고 초밥집 같아요. 일반 회전초밥집에 비해 전혀 퀄러티 떨어지지 않아요.  연어가 특히 맛있어서... 더보기"
18542711,스시오 건대점,건대,일식,3.8,187,,,존맛탱
18542711,스시오 건대점,건대,일식,3.8,187,,,맛이며 가격이며 너무 좋고요 다음에 또 이용하고 싶습니다.
18542711,스시오 건대점,건대,일식,3.8,187,,,너무 맛있고 가성비도 좋고 회도 신선하니 맛있네요!
18542711,스시오 건대점,건대,일식,3.8,187,,,"집 근처 인데도 불구하고 처음 방문 했는데 
초밥들이 신선하고 양도 많고 맛잇었어요~~ 
재방문 의사 있습니당 !! 또 올게요 !!"
18542711,스시오 건대점,건대,일식,3.8,187,,,스시 종류도 많고 맛있어요! 연어초밥이 크고 한입을 꽉꽉 채워줘요 다음에 또 방문하고 싶어요😁😁
18542711,스시오 건대점,건대,일식,3.8,187,,,일요일 저녁에 왔는데 조용하게 먹을수 있어서 좋아요. 원하는 메뉴 말하면 만들어주니까 좋아요~
18542711,스시오 건대점,건대,일식,3.8,187,,,가성비로 짱입니다!!
18542711,스시오 건대점,건대,일식,3.8,187,,,홍대점도 가봤는데 스시오 가성비 좋아요! 디저트랑 라면도 있어서 스시랑 같이 먹기 좋아요! 다음에 또 올께요!
18542711,스시오 건대점,건대,일식,3.8,187,,,스시가 신선하고 맛있어요!
18542711,스시오 건대점,건대,일식,3.8,187,,,정말 맛있고 가성비 최고에요🙂🙂
18542711,스시오 건대점,건대,일식,3.8,187,,,분위기도 좋고초밥이 신선해서 너무 잘 먹었습니다!~
18542711,스시오 건대점,건대,일식,3.8,187,,,30접시 먹는듯 ㅋㅋ 가성비 좋아요 학생들이 먹기 좋네요
18542711,스시오 건대점,건대,일식,3.8,187,,,친절하고 가성비가 좋아요.
18542711,스시오 건대점,건대,일식,3.8,187,,,너무 맛있어용
18542711,스시오 건대점,건대,일식,3.8,187,,,"무한리필인 점이 너무 매력적인 초밥집이에요!
직원분들도 친절하시고, 특히 많이 먹는 남자들이 오시면 가성비 좋습니다~!!"
18542711,스시오 건대점,건대,일식,3.8,187,,,배터지게 먹었습니다.
18542711,스시오 건대점,건대,일식,3.8,187,,,스시오 처음 가봤는데 메뉴 도 괜찮고 특히 평일 점심 990원이 진짜 괜찮네요 👍🏻👍🏻
18542711,스시오 건대점,건대,일식,3.8,187,,,오래전 부터 단골 맛집이용!!! 최고~
18542711,스시오 건대점,건대,일식,3.8,187,,,"겁나 배부르게 잘먹었어요,,, 얼마나 맛있는지 냅다 40접시 해치웠어요!!!!
벌써 4번째인데 건대 오면 꼭 들려요~~"
18542711,스시오 건대점,건대,일식,3.8,187,,,가성비
18542711,스시오 건대점,건대,일식,3.8,187,,,분위기
18542711,스시오 건대점,건대,일식,3.8,187,,,사진/영상 후기만 보기
18542711,스시오 건대점,건대,일식,3.8,187,,,2026.04.29.
18542711,스시오 건대점,건대,일식,3.8,187,,,2026.04.27.
18542711,스시오 건대점,건대,일식,3.8,187,,,2026.04.18.
18542711,스시오 건대점,건대,일식,3.8,187,,,2026.04.17.
18542711,스시오 건대점,건대,일식,3.8,187,,,2026.04.11.
18542711,스시오 건대점,건대,일식,3.8,187,,,2026.04.05.
18542711,스시오 건대점,건대,일식,3.8,187,,,2026.03.29.
18542711,스시오 건대점,건대,일식,3.8,187,,,2026.03.21.
18542711,스시오 건대점,건대,일식,3.8,187,,,2026.03.18.
18542711,스시오 건대점,건대,일식,3.8,187,,,2026.03.15.
18542711,스시오 건대점,건대,일식,3.8,187,,,2026.03.14.
18542711,스시오 건대점,건대,일식,3.8,187,,,2026.03.13.
18542711,스시오 건대점,건대,일식,3.8,187,,,2026.03.12.
18542711,스시오 건대점,건대,일식,3.8,187,,,2026.03.11.
18542711,스시오 건대점,건대,일식,3.8,187,,,2026.03.10.
18542711,스시오 건대점,건대,일식,3.8,187,,,2026.03.09.
18542711,스시오 건대점,건대,일식,3.8,187,,,2026.03.08.
18542711,스시오 건대점,건대,일식,3.8,187,,,2026.03.04.
8029124,우마이도 건대점,건대,일식,3.9,249,,,여기 맛없다고 하는사람들은 라멘보단 라면먹는걸 추천함 대존맛집임 다만 웨이팅있을확률이 아주높..ㅠ
8029124,우마이도 건대점,건대,일식,3.9,249,,,"친구가 젤 좋아하는 곳이기도 하고
오랜만에 몇년만에 방문헸는데도 여전히 맛있네요!!  ◡̈ 
친절하시고 맛있고 방문 안 할 이유가 없어요 😚"
8029124,우마이도 건대점,건대,일식,3.9,249,,,"오랜만에 왔는데 예전 만큼의 임펙트가 없네요
그냥 체인점 맛이랑 비슷해 졌어요
만두도 이렇지 않았는데 실망이 커요"
8029124,우마이도 건대점,건대,일식,3.9,249,,,"꽤 오랫만의 재방문.    예전에는 웨이팅이 상당한 인기 라멘집이었는데 손님이 꽤 줄어든 느낌. 
한국에서는 희귀한 쿠마모토 스타일의... 더보기"
8029124,우마이도 건대점,건대,일식,3.9,249,,,근처 거주하시면 가볼만한 것 같아요 국물은 염도가 좀 있는 편이고 잡내도 없어서 괜찮았어요. 일반 라멘 가게에 ... 더보기
8029124,우마이도 건대점,건대,일식,3.9,249,,,오리지날이 여전히 제일 맛있는 듯.
8029124,우마이도 건대점,건대,일식,3.9,249,,,"10년전부터 갔는데 맛 변함없이 맛있음
한국에서 먹은 라멘중에 가장 맛있어여"
8029124,우마이도 건대점,건대,일식,3.9,249,,,"제발 가지 말아주세요.. 
고기 잡내, 잡내 육수, 먹고 난 뒤 입 안에 맴도는 끈적임.. 그리고 짠 거 좋아하는 저에게도 너무 짭니다.. 만두... 더보기"
8029124,우마이도 건대점,건대,일식,3.9,249,,,녹진하이 맛있음
8029124,우마이도 건대점,건대,일식,3.9,249,,,"일본에서 먹었던 돈코츠라멘과 정말 비슷해요
기름지고 짭잘한 돈코츠라멘 좋아하신다면 추천!"
8029124,우마이도 건대점,건대,일식,3.9,249,,,일본에서 먹은 라멘 맛이에요 짱!!!
8029124,우마이도 건대점,건대,일식,3.9,249,,,맛있었습니다~
8029124,우마이도 건대점,건대,일식,3.9,249,,,10년전에 자주 갔던곳이어서 근처 온김에 혹시 있나? 하고 왔는데 역시 !!! 맛있음 ㅠㅠㅠ 생마늘 바로 다져서 투하해서 먹으믄 아주 좋음👍 옛날과는 분위기가 많이 다른것같지만 맛은 여전히 조아뜸 🥹
8029124,우마이도 건대점,건대,일식,3.9,249,,,교자 구워주시는 게 안 바삭해서 아쉬웠고 라멘은 맛있는데 많이 짰습니다 아쉬운 곳.
8029124,우마이도 건대점,건대,일식,3.9,249,,,"몇년만에 갔는데
줄서서 먹을 맛 까지는 아님
친절하고 혼밥하기에도 좋음"
8029124,우마이도 건대점,건대,일식,3.9,249,,,맛있어요. 양도 많고 친절하세요. 혼밥하기 딱좋은가게
8029124,우마이도 건대점,건대,일식,3.9,249,,,라멘에 눈을 뜨게해준 인생라멘집입니다.
8029124,우마이도 건대점,건대,일식,3.9,249,,,"제 입맛엔 조금 짰어요 ㅠㅠ
그리고 김치 뚜껑 없이 테이블에 있는게 아쉽,,"
8029124,우마이도 건대점,건대,일식,3.9,249,,,가성비
8029124,우마이도 건대점,건대,일식,3.9,249,,,분위기
8029124,우마이도 건대점,건대,일식,3.9,249,,,사진/영상 후기만 보기
8029124,우마이도 건대점,건대,일식,3.9,249,,,2025.03.18.
8029124,우마이도 건대점,건대,일식,3.9,249,,,2025.02.10.
8029124,우마이도 건대점,건대,일식,3.9,249,,,2026.04.18.
8029124,우마이도 건대점,건대,일식,3.9,249,,,2026.02.02.
8029124,우마이도 건대점,건대,일식,3.9,249,,,2025.12.13.
8029124,우마이도 건대점,건대,일식,3.9,249,,,2025.08.31.
8029124,우마이도 건대점,건대,일식,3.9,249,,,2025.08.16.
8029124,우마이도 건대점,건대,일식,3.9,249,,,2025.07.28.
8029124,우마이도 건대점,건대,일식,3.9,249,,,2024.12.18.
8029124,우마이도 건대점,건대,일식,3.9,249,,,2024.01.15.
8029124,우마이도 건대점,건대,일식,3.9,249,,,2023.11.03.
8029124,우마이도 건대점,건대,일식,3.9,249,,,2023.09.08.
8029124,우마이도 건대점,건대,일식,3.9,249,,,2023.08.27.
8029124,우마이도 건대점,건대,일식,3.9,249,,,2023.08.17.
8029124,우마이도 건대점,건대,일식,3.9,249,,,2023.08.11.
8029124,우마이도 건대점,건대,일식,3.9,249,,,2023.03.09.
8029124,우마이도 건대점,건대,일식,3.9,249,,,2022.11.23.
8029124,우마이도 건대점,건대,일식,3.9,249,,,2022.10.25.
8029124,우마이도 건대점,건대,일식,3.9,249,,,2022.10.22.
8029124,우마이도 건대점,건대,일식,3.9,249,,,2022.10.05.
18834003,요비,건대,일식,4.6,816,,,"오마카세 궁금해서 방문해봤는데
이야아... 너무 맛있어요
회도 너무 신선하구!!! 생선도 신선하고 너무 ... 더보기"
18834003,요비,건대,일식,4.6,816,,,쉽지 않은 매장 청결.
18834003,요비,건대,일식,4.6,816,,,오마카세 미쳣음 알차다알차
18834003,요비,건대,일식,4.6,816,,,"나 구디사는데
해물볶음우동 먹고싶어서 건대옴
진짜임"
18834003,요비,건대,일식,4.6,816,,,모듬사시미 싱싱하고 맛있어요~~
18834003,요비,건대,일식,4.6,816,,,음식이 안 끊기고 영원히 나옴… 세 번째로 나왔던 우럭 튀김이 이 세상에서 제일 맛있어요. 짱짱
18834003,요비,건대,일식,4.6,816,,,너무 맛있어서 사진을 다 먹고 찍어버렸다....🤤🤤🤤 꼭 방문 하세요
18834003,요비,건대,일식,4.6,816,,,"오마카세 먹었으나 기대이하..
분위기는 좋았어요 맛은 다 그저 그랬다 회도"
18834003,요비,건대,일식,4.6,816,,,진짜 맛읶어요ㅠ 너무 친절하구 코스요리 보는 맛도 있어요
18834003,요비,건대,일식,4.6,816,,,"건대술집중에서 이자카야 분위기 나고 데이트하기 이만한데 없는것같아요 
그리고 타다끼 맛집이에용 잘먹고갑니다 ㅎㅎ"
18834003,요비,건대,일식,4.6,816,,,"통우럭튀김 꼭 드세요
너무 맛있습니다"
18834003,요비,건대,일식,4.6,816,,,가성비 좋은 성수 오마카세!! 프라이빗해서 정말좋고 맛도 좋네요!!
18834003,요비,건대,일식,4.6,816,,,사케 콜키지가 되어서 좋았습니다. 직장 동료들끼리 즐겁게 시간 보냈습니다.
18834003,요비,건대,일식,4.6,816,,,2주년 데이트하러 왓는데 분위기 죠쿠 조용해서 이야기하기도 너무 좋았어요!! 그리구.. 모둠 사시미는 꼭 드세여 헤헤
18834003,요비,건대,일식,4.6,816,,,건대 이자카야는 후토와 요비 양강 구도
18834003,요비,건대,일식,4.6,816,,,음식이 다 맛있구 공간이 분리되어 있어서 좋아요!ㅎㅎ
18834003,요비,건대,일식,4.6,816,,,예약할 수 있어서 좋았고 분위기나 맛도 너무 좋아요! 일본 느낌 가득입니다 😝 방명록도 있고 벽에 낙서가 더 정감가는 분위기라 좋아요~ 화장실도 내부에 있고 남녀 분리되어있어서 좋았습니다!
18834003,요비,건대,일식,4.6,816,,,직원이 정말 친절하구 음식들이 폼 미쳤어요
18834003,요비,건대,일식,4.6,816,,,"가성비 개쩜 양 개많고
오마카세 시키면 벨트 풀고도 계속 먹을수 있음
직원 너무 친절하시... 더보기"
18834003,요비,건대,일식,4.6,816,,,"벌써 몇번째 방문인지 모르겠는데,건대에서 찾아보기 힘든 가성비와 맛 ㅎ 커튼으로 분리되어있어서 나름 룸술집같아요 
만석일땐 시끄럽긴하지만 분위... 더보기"
18834003,요비,건대,일식,4.6,816,,,분위기
18834003,요비,건대,일식,4.6,816,,,가성비
18834003,요비,건대,일식,4.6,816,,,사진/영상 후기만 보기
18834003,요비,건대,일식,4.6,816,,,2026.04.14.
18834003,요비,건대,일식,4.6,816,,,2026.02.01.
18834003,요비,건대,일식,4.6,816,,,2026.02.06.
18834003,요비,건대,일식,4.6,816,,,2025.11.13.
18834003,요비,건대,일식,4.6,816,,,2025.11.20.
18834003,요비,건대,일식,4.6,816,,,2025.10.17.
18834003,요비,건대,일식,4.6,816,,,2025.10.19.
18834003,요비,건대,일식,4.6,816,,,2025.10.05.
18834003,요비,건대,일식,4.6,816,,,2025.09.17.
18834003,요비,건대,일식,4.6,816,,,2025.09.20.
18834003,요비,건대,일식,4.6,816,,,2025.09.12.
18834003,요비,건대,일식,4.6,816,,,2025.08.19.
18834003,요비,건대,일식,4.6,816,,,2025.08.29.
18834003,요비,건대,일식,4.6,816,,,2025.07.10.
18834003,요비,건대,일식,4.6,816,,,2025.09.11.
18834003,요비,건대,일식,4.6,816,,,2025.07.07.
18834003,요비,건대,일식,4.6,816,,,2025.06.22.
18834003,요비,건대,일식,4.6,816,,,2025.06.01.
18834003,요비,건대,일식,4.6,816,,,2025.04.28.
18834003,요비,건대,일식,4.6,816,,,2025.06.09.
18834003,요비,건대,일식,4.6,816,,,2025.04.18.
18834003,요비,건대,일식,4.6,816,,,2025.03.21.
18834003,요비,건대,일식,4.6,816,,,2025.03.18.
18834003,요비,건대,일식,4.6,816,,,2025.03.09.
18834003,요비,건대,일식,4.6,816,,,2025.02.17.
18834003,요비,건대,일식,4.6,816,,,2025.02.06.
18834003,요비,건대,일식,4.6,816,,,2025.01.31.
11989881,호야초밥참치 본점,건대,일식,2.9,681,,,"몇 년간 여기서 먹은 참치만 거의 한마리 될 정도로 자주 가고, 늘 오도로 가마도로 초밥 + 우니 지라시 메뉴로 먹습니다! 그런데 요즘 샤리가 정말 먹기 힘들 정도로 식초 간과 단맛이 쎄져서 아예 회 부분... 더보기"
11989881,호야초밥참치 본점,건대,일식,2.9,681,,,"아아 비려졌어요..
그 감칠맛이 없어졌어요ㅠ"
11989881,호야초밥참치 본점,건대,일식,2.9,681,,,"내가 알던 호야가 아니다

초심을 너무 많이 잃었다.. 분발하자"
11989881,호야초밥참치 본점,건대,일식,2.9,681,,,진짜 초밥 너무크고요 서비스두 주시고 너무 친절하시요~ 잘먹고 갑니다^^
11989881,호야초밥참치 본점,건대,일식,2.9,681,,,"항상 겨울에 돼지방어 먹으러 꼭 한번은 갑니다
회는 신선하고 나오는 여러 음식들도 괜찮지만 테이블간격이 너무 좁고 시끄럽고 직원들이 너무 바쁘게 움직입니다 뭐 하나시키면... 더보기"
11989881,호야초밥참치 본점,건대,일식,2.9,681,,,회가 하나도 안 비리고 엄청 두툼하고 길어요. 일반 초밥집 2배정도? 샤리도 맛있어요. 다만 매장이 정신없고 가끔 담배냄새가 들어옵니다...
11989881,호야초밥참치 본점,건대,일식,2.9,681,,,기본 2종류 먹어봤는데 연어는 풍미가 괜찮았고 다른친구들은 긴가민가했어요ㅎㅎ모찌리도후랑 탕탕이육회? 괜찮았어요~
11989881,호야초밥참치 본점,건대,일식,2.9,681,,,"24년 12월 방문입니다. 
예전부터 가끔씩 먹었는데 예전에 비해서 퀄리티도 너무 낮아졌습니다
1. 익히지도 않은 알이 나... 더보기"
11989881,호야초밥참치 본점,건대,일식,2.9,681,,,후기 안 좋아서 망설였는데 쫄깃하고 두툼해서 맛있게 먹었습니다! 특히 런치 메뉴 가성비 굿
11989881,호야초밥참치 본점,건대,일식,2.9,681,,,"참치회가 엄청 두툼해요
가성비 좋고 맛있는데 너무 시끄럽고 자리가 좁아서 좀 아쉬워요"
11989881,호야초밥참치 본점,건대,일식,2.9,681,,,"불만있으면 오지를 마라 난 인생초밥임
오마카세 생각날때
일단 가격이 싸니까 여기가고 대... 더보기"
11989881,호야초밥참치 본점,건대,일식,2.9,681,,,"서비스 주는 건 매우 좋게 생각
하지만 밥이 하나도 안 뭉쳐있고
가성비 XX
소주... 더보기"
11989881,호야초밥참치 본점,건대,일식,2.9,681,,,"이 집은 맛집이다.

웨이팅이 좀 길고 외국인 종업원이라 의사소통에 약간 문제가 있는거 빼고.."
11989881,호야초밥참치 본점,건대,일식,2.9,681,,,"초밥 진짜 두껍고 좋아요ㅠㅠ
삼겹살 밖에서 아쉽게 먹고 78000원 나오는데
초밥은 여기서 진짜 배 터지게 먹고 알탕에 술도 한잔 ... 더보기"
11989881,호야초밥참치 본점,건대,일식,2.9,681,,,https://m.blog.naver.com/second_job_/223412714455
11989881,호야초밥참치 본점,건대,일식,2.9,681,,,"유투브 보고 바로 갔던 오마카세, 근데 진짜 다르네요 절대 그 유투버 생각하고 오시지 마세요 그 유투버도 양심있으면 영상 내리세요 ㅋㅋ 절대 영상에 호갱당해서 가지마세요ㅋㅋ"
11989881,호야초밥참치 본점,건대,일식,2.9,681,,,"다양한 스끼다시와 질 좋은 초밥이 괜찮았어요~
다만 참치가 조금 아쉽네요 ㅠㅠ"
11989881,호야초밥참치 본점,건대,일식,2.9,681,,,맛있는데 평점이 이상하네용 혹시 유명해질까봐 사리는건가?
11989881,호야초밥참치 본점,건대,일식,2.9,681,,,"초밥이 진짜 크고 맛있었어요!
초밥외에도 새우나 모밀 등 다른것들도
나와서 좋았습니다"
11989881,호야초밥참치 본점,건대,일식,2.9,681,,,"옛날에 많이 다녔는데, 확장이전했네요.
옛날엔 음식 진짜 빨리 나오고 서비스로 돌솥우동이랑 모찌리도후도 나오고 했는데, 이제 그런건 ... 더보기"
11989881,호야초밥참치 본점,건대,일식,2.9,681,,,가성비
11989881,호야초밥참치 본점,건대,일식,2.9,681,,,분위기
11989881,호야초밥참치 본점,건대,일식,2.9,681,,,사진/영상 후기만 보기
11989881,호야초밥참치 본점,건대,일식,2.9,681,,,2025.11.28.
11989881,호야초밥참치 본점,건대,일식,2.9,681,,,2025.10.06.
11989881,호야초밥참치 본점,건대,일식,2.9,681,,,2025.08.19.
11989881,호야초밥참치 본점,건대,일식,2.9,681,,,2025.04.09.
11989881,호야초밥참치 본점,건대,일식,2.9,681,,,2025.02.20.
11989881,호야초밥참치 본점,건대,일식,2.9,681,,,2025.02.05.
11989881,호야초밥참치 본점,건대,일식,2.9,681,,,2025.01.24.
11989881,호야초밥참치 본점,건대,일식,2.9,681,,,2024.12.11.
11989881,호야초밥참치 본점,건대,일식,2.9,681,,,2024.10.22.
11989881,호야초밥참치 본점,건대,일식,2.9,681,,,2024.10.04.
11989881,호야초밥참치 본점,건대,일식,2.9,681,,,2024.10.02.
11989881,호야초밥참치 본점,건대,일식,2.9,681,,,2024.09.21.
11989881,호야초밥참치 본점,건대,일식,2.9,681,,,2024.08.09.
11989881,호야초밥참치 본점,건대,일식,2.9,681,,,2024.08.07.
11989881,호야초밥참치 본점,건대,일식,2.9,681,,,2024.06.11.
11989881,호야초밥참치 본점,건대,일식,2.9,681,,,2024.03.09.
11989881,호야초밥참치 본점,건대,일식,2.9,681,,,2023.12.02.
11989881,호야초밥참치 본점,건대,일식,2.9,681,,,2023.10.27.
11989881,호야초밥참치 본점,건대,일식,2.9,681,,,2023.10.01.
11989881,호야초밥참치 본점,건대,일식,2.9,681,,,2023.08.22.
1990556306,멘쇼,건대,일식,4.3,221,,,맛 괜찮고 가성비좋은데 가게 전반적으로 배어있는 돼지누린내가 너무 심함..
1990556306,멘쇼,건대,일식,4.3,221,,,건대 츠케멘 맛집 생각하던 맛이지만 가격 맛 분위기 다 너무 좋았어욤
1990556306,멘쇼,건대,일식,4.3,221,,,"마..쉿,,다...ㅜㅜ 매운맛은 생각보다 꽤 매콤해용
본인이 걸쭉한 칼국수를 좋아한다? 당장 달려갈 것..
... 더보기"
1990556306,멘쇼,건대,일식,4.3,221,,,"츠케멘을 원래 그 특유의 생선맛이라고 해야하나 그런거가 있어서 별로 안 좋아하는데, 매운맛 츠케멘 레알 도랏음. 생각보다 맵기는 매운편인데 매워서 그런지 그 특유의 생선맛 같은건 사라졌다고... 더보기"
1990556306,멘쇼,건대,일식,4.3,221,,,"여태 먹었던 츠케멘 중 가장 묽었던 츠케멘
그래서인지 육수가 면에 간이 안베는 느낌이었다
육수는 분명 짠데 면을 적샤먹으면 끝엔 어느새 ... 더보기"
1990556306,멘쇼,건대,일식,4.3,221,,,"여기 매운맛 츠케멘은 지존임… 매운맛을 이렇게 맛있게 낼 수가 없음

스프가 묽어서 별로라고 하시는... 더보기"
1990556306,멘쇼,건대,일식,4.3,221,,,"츠케멘 기본.
매운맛은 멘타카무쇼보다 맛있음
종종올듯함"
1990556306,멘쇼,건대,일식,4.3,221,,,한국에서 이정도 츠케멘 먹을 수 있는 곳은 흔치 않다. 양이 상당히 많고 스프가 짠데 나는 짠 맛을 좋아해서 더 맛있게 먹을 수 있었다. 자주 와야지.
1990556306,멘쇼,건대,일식,4.3,221,,,"국물이랑 면 다 맛있어욥
매운맛으로 시켰더니 마지막에 국물 남겨서 아까웠어요…"
1990556306,멘쇼,건대,일식,4.3,221,,,"전체적으로 미숙한 츠케멘이네요.
1. 스프 맛이 탄맛+짠맛 밖에 안나요 ....
2. 챠슈도 예전에 만들어놓은거 토치로 ... 더보기"
1990556306,멘쇼,건대,일식,4.3,221,,,츠케멘 처음 먹는데 괜찮았어요 양많고 면 쫄깃하고. 다만 기본엔 차슈가 없네요
1990556306,멘쇼,건대,일식,4.3,221,,,"후쿠오카 멘야 카네토라 맛이 생각나는 집
조금 한국화 한 느낌 ?
멘마 양이랑 차슈가 작은게 아쉽다"
1990556306,멘쇼,건대,일식,4.3,221,,,조금은 짰지만 맛은 있었던 츠케멘 전문점
1990556306,멘쇼,건대,일식,4.3,221,,,"R사이즈도 양 엄청 많음 맛있어서 맨날가요
오픈때 안가면 기다려야라는데 대기석이 협소해서 오픈런하는거 추천"
1990556306,멘쇼,건대,일식,4.3,221,,,"여기 맛있어요
츠케멘 첨 먹어보는 친구도 데리고 갔는데
합격 받았습니다"
1990556306,멘쇼,건대,일식,4.3,221,,,"재방문의사있음.
일본지사에 근무할때  우에노 공원근처에 츠케멘집에서 먹던맛."
1990556306,멘쇼,건대,일식,4.3,221,,,"어우 이정도면 훌륭해 
근데 스프와리 말고 밥을 조금주지"
1990556306,멘쇼,건대,일식,4.3,221,,,분위기
1990556306,멘쇼,건대,일식,4.3,221,,,가성비
1990556306,멘쇼,건대,일식,4.3,221,,,사진/영상 후기만 보기
1990556306,멘쇼,건대,일식,4.3,221,,,2026.01.01.
1990556306,멘쇼,건대,일식,4.3,221,,,2025.10.06.
1990556306,멘쇼,건대,일식,4.3,221,,,2025.09.30.
1990556306,멘쇼,건대,일식,4.3,221,,,2025.09.17.
1990556306,멘쇼,건대,일식,4.3,221,,,2025.08.16.
1990556306,멘쇼,건대,일식,4.3,221,,,2025.07.24.
1990556306,멘쇼,건대,일식,4.3,221,,,2025.06.30.
1990556306,멘쇼,건대,일식,4.3,221,,,2025.05.06.
1990556306,멘쇼,건대,일식,4.3,221,,,2025.04.18.
1990556306,멘쇼,건대,일식,4.3,221,,,2025.03.14.
1990556306,멘쇼,건대,일식,4.3,221,,,2024.12.27.
1990556306,멘쇼,건대,일식,4.3,221,,,2024.11.20.
1990556306,멘쇼,건대,일식,4.3,221,,,2024.10.20.
1990556306,멘쇼,건대,일식,4.3,221,,,2024.07.20.
1990556306,멘쇼,건대,일식,4.3,221,,,2024.07.02.
1990556306,멘쇼,건대,일식,4.3,221,,,2024.06.14.
1990556306,멘쇼,건대,일식,4.3,221,,,2024.05.20.
1990556306,멘쇼,건대,일식,4.3,221,,,2024.03.20.
1990556306,멘쇼,건대,일식,4.3,221,,,2024.02.22.
1990556306,멘쇼,건대,일식,4.3,221,,,2024.01.15.
129897442,고베규카츠 건대점,건대,일식,,2911,,,후기 282
129897442,고베규카츠 건대점,건대,일식,,2911,,,후기 277
129897442,고베규카츠 건대점,건대,일식,,2911,,,후기 152
129897442,고베규카츠 건대점,건대,일식,,2911,,,후기 미제공
129897442,고베규카츠 건대점,건대,일식,,2911,,,분위기
129897442,고베규카츠 건대점,건대,일식,,2911,,,방문 목적
129897442,고베규카츠 건대점,건대,일식,,2911,,,동반인
1277643944,가츠시 건대점,건대,일식,4.4,53,,,"진짜 맛있어요 돈가스 느끼해서 안 좋아하는데 고기가
진짜진짜 부드럽고 소스도 느끼함을 느끼지 않게 진짜 맛있었음 맛있었는데 조금 남기니까 사장님이... 더보기"
1277643944,가츠시 건대점,건대,일식,4.4,53,,,든든하고 완전 맛있슴다
1277643944,가츠시 건대점,건대,일식,4.4,53,,,가성비 최고에요 양이 엄청 많음! 점심엔 거의 매일 웨이팅하는거 같아요!
1277643944,가츠시 건대점,건대,일식,4.4,53,,,"김치치즈나베 지깁니다
치즈도 양이 어마어마함 ㄱㄷ"
1277643944,가츠시 건대점,건대,일식,4.4,53,,,"맛있네요~ ㅎㅎ 
양이 많아서 푸짐해요"
1277643944,가츠시 건대점,건대,일식,4.4,53,,,세종대 근처 최고 맛집 중 하나.
1277643944,가츠시 건대점,건대,일식,4.4,53,,,"아직도 양 진짜 많고 맛있음
소바 좋아하면 소바정식 추천"
1277643944,가츠시 건대점,건대,일식,4.4,53,,,양이 너무 줄었어요 후문 최애 돈까스집이었는데 가격은 오르고 양은 줄고.. 샐러드 우동 양까지 줄었습니다 ㅠㅠ 아쉬워요 .. ㅠㅠ
1277643944,가츠시 건대점,건대,일식,4.4,53,,,안심이 맛있어요!!!!
1277643944,가츠시 건대점,건대,일식,4.4,53,,,맛있어요
1277643944,가츠시 건대점,건대,일식,4.4,53,,,"가격상으로 막 가성비까지는 아닌데, 양 때문에 가성비인 집.
부드러운 돈까스보다는 나 고기! 하는 육질 탄탄한 돈까스임. 튀김옷 안두꺼움.
그냥 돈까스만 시... 더보기"
1277643944,가츠시 건대점,건대,일식,4.4,53,,,양 많고 가성비 좋은 식당! 모밀 2판입니다.
1277643944,가츠시 건대점,건대,일식,4.4,53,,,"양많고 친절한, 맛있는, 아주 좋은. 더 없이 좋다."
1277643944,가츠시 건대점,건대,일식,4.4,53,,,양이 줄었고 바삭함도 줄었다는 지난 리뷰에 다 동의합니다.
1277643944,가츠시 건대점,건대,일식,4.4,53,,,모듬까스가 푸짐하고 맛이 괜챦네요
1277643944,가츠시 건대점,건대,일식,4.4,53,,,"가성비 맛집
항상 모밀돈까스세트 먹음.."
1277643944,가츠시 건대점,건대,일식,4.4,53,,,"양도 많고 맛도 좋은
건대&세종대 1티어 맛집!
소바정식 김치나베 최고"
1277643944,가츠시 건대점,건대,일식,4.4,53,,,혼밥편해요. 가성비 최고라고생각합니다. 우동국물이 많이짰기때문에 다음엔 돈까스정식으로만 먹어보려구요.  제 입맛에는 소스도 맛있었고 샐러드도 맛있어요. 요즘 이정도양에 가격 쉽게 찾아볼 수 없기때문에 매우 추천입니다
1277643944,가츠시 건대점,건대,일식,4.4,53,,,철판돈까스 양배추 좋아하면 시키고 아니면 노호우... 전 좋아해서 잘먹었음!
1277643944,가츠시 건대점,건대,일식,4.4,53,,,분명히 가격을 훨씬 넘어서는 만족감을 선사하는 곳이에요. 종종 혼자서 가서 맛있게 잘 먹습니다. 밑간이 조금만 더 셌으면 하는 바람은 있지만요 ㅎㅎ 사장님도 친절하시고 좋으세요 추천합니다.
1277643944,가츠시 건대점,건대,일식,4.4,53,,,가성비
1277643944,가츠시 건대점,건대,일식,4.4,53,,,분위기
1277643944,가츠시 건대점,건대,일식,4.4,53,,,사진/영상 후기만 보기
1277643944,가츠시 건대점,건대,일식,4.4,53,,,2026.02.07.
1277643944,가츠시 건대점,건대,일식,4.4,53,,,2025.07.27.
1277643944,가츠시 건대점,건대,일식,4.4,53,,,2025.06.11.
1277643944,가츠시 건대점,건대,일식,4.4,53,,,2025.05.23.
1277643944,가츠시 건대점,건대,일식,4.4,53,,,2025.03.02.
1277643944,가츠시 건대점,건대,일식,4.4,53,,,2024.01.17.
1277643944,가츠시 건대점,건대,일식,4.4,53,,,2023.08.25.
1277643944,가츠시 건대점,건대,일식,4.4,53,,,2023.07.04.
1277643944,가츠시 건대점,건대,일식,4.4,53,,,2023.03.19.
1277643944,가츠시 건대점,건대,일식,4.4,53,,,2022.10.10.
1277643944,가츠시 건대점,건대,일식,4.4,53,,,2026.04.17.
1277643944,가츠시 건대점,건대,일식,4.4,53,,,2025.06.18.
1277643944,가츠시 건대점,건대,일식,4.4,53,,,2025.04.23.
1277643944,가츠시 건대점,건대,일식,4.4,53,,,2024.05.19.
1277643944,가츠시 건대점,건대,일식,4.4,53,,,2024.05.06.
1277643944,가츠시 건대점,건대,일식,4.4,53,,,2023.09.26.
1277643944,가츠시 건대점,건대,일식,4.4,53,,,2023.01.18.
1277643944,가츠시 건대점,건대,일식,4.4,53,,,2022.10.25.
1277643944,가츠시 건대점,건대,일식,4.4,53,,,2022.03.14.
1277643944,가츠시 건대점,건대,일식,4.4,53,,,2022.01.12.
1441425449,오코노미야키식당하나,건대,일식,4.6,378,,,"절대 기다리거나 예약해서 먹을맛 아님
철판이 각 테이블마다 잇는데 온기 유지말고는 아무역할이없고 전체적으로 음식들이 다 퍽퍽해서 물이 너무 캥겼음"
1441425449,오코노미야키식당하나,건대,일식,4.6,378,,,"100프로 예약제라 좋은 거 같아요
미리 예약만 하면 기다리지 않고 계획한 시간에 방문해서 맛있게 먹고 끝낼 수 있습니... 더보기"
1441425449,오코노미야키식당하나,건대,일식,4.6,378,,,"기본에 충실하고 담백한 맛이예요. 제일 인기 많은거 하나씩 시켰는데 다음엔 다른 맛으로 먹어보고 싶어요.
매장 음악 소리도 안 커서 좋고 테이블 사이... 더보기"
1441425449,오코노미야키식당하나,건대,일식,4.6,378,,,"기대를 아주아주아주 많이 갖고 방문
딱 일본 본토 맛에 한국에 맞춰 간을 많이 줄여 너무 맛있었음
둘이서 메뉴 5개 시... 더보기"
1441425449,오코노미야키식당하나,건대,일식,4.6,378,,,"100프로 예약제 덕분에 조용하고 쾌적한 환경에서 식사가 가능합니다.

덕분에 ... 더보기"
1441425449,오코노미야키식당하나,건대,일식,4.6,378,,,"둘이 에피타이저포함3개 시켰는데 배부르게 잘 먹었습니다 
다른가게에서 먹은 오꼬노미야끼보단 덜 느끼해서 맛있게 잘먹었습니다! 일식 자체를 조금 느끼하... 더보기"
1441425449,오코노미야키식당하나,건대,일식,4.6,378,,,돈페이야키가 정말 맛있었음. 근데 배가 좀 차서 그런지 오코노미야키와 야키소바는 엄청? 황홀한 맛은 아니었지만 그래도 맛있었음!! 아사히 생맥주도 위에 크림 잘 따라주셔서 정말 좋았고 분위기도 맘에 들었는데... 더보기
1441425449,오코노미야키식당하나,건대,일식,4.6,378,,,"오코노미야키만 두 개 시켜도 될 정도로 개ㅐ맛있음
돼지오징어마타 한 입 먹자마자 친구랑 둘 다 총 맞은 것처럼 미각이 하눌라라 감"
1441425449,오코노미야키식당하나,건대,일식,4.6,378,,,"돼지오징어타마 오코노미야키 & 시오야끼소바

진짜 레전드 존맛… 명성엔 이유가 있다
오코노미야키에 소스... 더보기"
1441425449,오코노미야키식당하나,건대,일식,4.6,378,,,"아주 특별한 레시피(?)는 아니지만 90점 이상의 성실한 오코노미야끼. 시오야끼소바의 면빨이 아주 뛰어나며, 간도 아주 좋다. 게다가 기본에 충실한 맛의 오코노미야끼. 네기야끼라는 레몬-간장에... 더보기"
1441425449,오코노미야키식당하나,건대,일식,4.6,378,,,"일본 가서 먹어도 이거보다 맛없더라구요,,
직원분들도 친절하시구 미리 예약가능해서
많이 기다릴 필요없는게 큰장점!"
1441425449,오코노미야키식당하나,건대,일식,4.6,378,,,"시오소바는 술술 들어가는 맛
오코노미야끼는 좀 퍽퍽한 느낌이 있었어요
맥주맛집이예요"
1441425449,오코노미야키식당하나,건대,일식,4.6,378,,,너므너므 마싯서요 사댱님.. 🥺🥺🩷
1441425449,오코노미야키식당하나,건대,일식,4.6,378,,,대학생 때 자주 갔던 곳이에요. 없어지고 문득문득 생각이 나 너무 아쉬웠는데 장사 접지 않고 서울의 반대편이라도 계속 해주셔서 너무 감사합니다. 제 인생... 더보기
1441425449,오코노미야키식당하나,건대,일식,4.6,378,,,네이버 예약제 100퍼라서 예약만 한다면 쉽게 먹을 수 있습니다! 일본인 직원분들이 너무 친절하게 대해주시고 먹는 방법까지 자세히 알려주셔서 어제 3/1에 여자... 더보기
1441425449,오코노미야키식당하나,건대,일식,4.6,378,,,일본에서 먹은것보다 맛나는..
1441425449,오코노미야키식당하나,건대,일식,4.6,378,,,오코노미야끼랑 야키우동 짱맛있어요 🥹👍 오래오래 영업해주세요!!
1441425449,오코노미야키식당하나,건대,일식,4.6,378,,,모든 직원 분들 사장님까지 너무 친절하시고 음식도 자극적이지 않게 ... 더보기
1441425449,오코노미야키식당하나,건대,일식,4.6,378,,,분위기
1441425449,오코노미야키식당하나,건대,일식,4.6,378,,,가성비
1441425449,오코노미야키식당하나,건대,일식,4.6,378,,,사진/영상 후기만 보기
1441425449,오코노미야키식당하나,건대,일식,4.6,378,,,2026.03.07.
1441425449,오코노미야키식당하나,건대,일식,4.6,378,,,2026.03.08.
1441425449,오코노미야키식당하나,건대,일식,4.6,378,,,2026.05.01.
1441425449,오코노미야키식당하나,건대,일식,4.6,378,,,2026.04.18.
1441425449,오코노미야키식당하나,건대,일식,4.6,378,,,2026.04.19.
1441425449,오코노미야키식당하나,건대,일식,4.6,378,,,2026.04.03.
1441425449,오코노미야키식당하나,건대,일식,4.6,378,,,2026.03.26.
1441425449,오코노미야키식당하나,건대,일식,4.6,378,,,2025.11.15.
1441425449,오코노미야키식당하나,건대,일식,4.6,378,,,2025.11.16.
1441425449,오코노미야키식당하나,건대,일식,4.6,378,,,2025.11.09.
1441425449,오코노미야키식당하나,건대,일식,4.6,378,,,2025.09.18.
1441425449,오코노미야키식당하나,건대,일식,4.6,378,,,2025.09.19.
1441425449,오코노미야키식당하나,건대,일식,4.6,378,,,2025.07.08.
1441425449,오코노미야키식당하나,건대,일식,4.6,378,,,2025.07.06.
1441425449,오코노미야키식당하나,건대,일식,4.6,378,,,2025.06.29.
1441425449,오코노미야키식당하나,건대,일식,4.6,378,,,2025.05.29.
1441425449,오코노미야키식당하나,건대,일식,4.6,378,,,2025.05.30.
1441425449,오코노미야키식당하나,건대,일식,4.6,378,,,2025.05.26.
1441425449,오코노미야키식당하나,건대,일식,4.6,378,,,2025.05.27.
1441425449,오코노미야키식당하나,건대,일식,4.6,378,,,2025.03.31.
1441425449,오코노미야키식당하나,건대,일식,4.6,378,,,2025.03.12.
1441425449,오코노미야키식당하나,건대,일식,4.6,378,,,2025.03.13.
1441425449,오코노미야키식당하나,건대,일식,4.6,378,,,2025.03.06.
1441425449,오코노미야키식당하나,건대,일식,4.6,378,,,2025.03.02.
1441425449,오코노미야키식당하나,건대,일식,4.6,378,,,2025.03.03.
1441425449,오코노미야키식당하나,건대,일식,4.6,378,,,2024.12.14.
1441425449,오코노미야키식당하나,건대,일식,4.6,378,,,2024.12.15.
1441425449,오코노미야키식당하나,건대,일식,4.6,378,,,2024.11.02.
1441425449,오코노미야키식당하나,건대,일식,4.6,378,,,2024.11.03.
26874320,포크포크 본점,건대,일식,4.2,111,,,"돈까스 양 많고 맛있어요~ 공기밥 무한리필이용
냉면은 그냥 그럭저럭"
26874320,포크포크 본점,건대,일식,4.2,111,,,"일단 맛잇어여
그렇지만 공기밥을 너무 조금 주네여..
... 더보기"
26874320,포크포크 본점,건대,일식,4.2,111,,,맛있는거+맛있는거 = 졸라 맛있는거
26874320,포크포크 본점,건대,일식,4.2,111,,,"건대맛집
특이하게 맛잇음"
26874320,포크포크 본점,건대,일식,4.2,111,,,이게 돈가스지 고기두께도 두껍고 마감한시간전에 방문했는데도 기름깨끗하고 신기할정도로 맛있었음.
26874320,포크포크 본점,건대,일식,4.2,111,,,맛있고 혼밥하기 좋아요 ㅎㅎ
26874320,포크포크 본점,건대,일식,4.2,111,,,나만알고싶은 혼밥집 ㅠㅠ!
26874320,포크포크 본점,건대,일식,4.2,111,,,"먹어봤던 돈냉면 중 최고는 아니지만
근방에서 괜찮은 선택지가 될 수 있는 곳"
26874320,포크포크 본점,건대,일식,4.2,111,,,"혼밥하기도 좋고 맛있고, 가성비도 좋아서 또갈것같네요"
26874320,포크포크 본점,건대,일식,4.2,111,,,"돈가스가 썩 마싰는거 같지 않아요
냉동 돈가스 같움

냉면도 뭔... 더보기"
26874320,포크포크 본점,건대,일식,4.2,111,,,"돈까스가 이전거에비해 크기가 정말 많이 작아졌네요.
일부러 돈까스 추가했는데 그래도 배가안부르네요.
너무 심하게 차이가 느껴져서 가게 전화했는데 사장님이 박스 공급받은 돈까스가 작으면 그럴... 더보기"
26874320,포크포크 본점,건대,일식,4.2,111,,,사진으로 대체함
26874320,포크포크 본점,건대,일식,4.2,111,,,무난한 맛. 매운돈까스는 혓바닥 얼얼한 게 맘에 들었는디 비냉은 별로 안 매운게 아쉬움ㅠㅠ
26874320,포크포크 본점,건대,일식,4.2,111,,,"후기쓰니까 또 가고싶다 ㅜ
겨울에도 먹고싶은 맛"
26874320,포크포크 본점,건대,일식,4.2,111,,,"바삭한 빵가루가 맛있네요.
매콤하진 않음."
26874320,포크포크 본점,건대,일식,4.2,111,,,첨 가봤는데 돈냉면 존맛탱 또 먹고싶을듯
26874320,포크포크 본점,건대,일식,4.2,111,,,양많고 무난무난 가성비
26874320,포크포크 본점,건대,일식,4.2,111,,,무난해요
26874320,포크포크 본점,건대,일식,4.2,111,,,"견대 가면 꼭 가는 집~ 
 돈까스를 냉면에 넣어도 맛있는데 요즘은 이렇게 따로 주뮨해서 먹는데.
  국물에 찍어 먹으면  고소하고 달콤하고 맛있어요~~"
26874320,포크포크 본점,건대,일식,4.2,111,,,가성비
26874320,포크포크 본점,건대,일식,4.2,111,,,분위기
26874320,포크포크 본점,건대,일식,4.2,111,,,사진/영상 후기만 보기
26874320,포크포크 본점,건대,일식,4.2,111,,,2025.04.28.
26874320,포크포크 본점,건대,일식,4.2,111,,,2025.03.15.
26874320,포크포크 본점,건대,일식,4.2,111,,,2025.03.03.
26874320,포크포크 본점,건대,일식,4.2,111,,,2024.10.24.
26874320,포크포크 본점,건대,일식,4.2,111,,,2024.09.25.
26874320,포크포크 본점,건대,일식,4.2,111,,,2024.08.29.
26874320,포크포크 본점,건대,일식,4.2,111,,,2024.02.21.
26874320,포크포크 본점,건대,일식,4.2,111,,,2023.08.30.
26874320,포크포크 본점,건대,일식,4.2,111,,,2023.08.19.
26874320,포크포크 본점,건대,일식,4.2,111,,,2022.09.11.
26874320,포크포크 본점,건대,일식,4.2,111,,,2025.10.22.
26874320,포크포크 본점,건대,일식,4.2,111,,,2025.10.08.
26874320,포크포크 본점,건대,일식,4.2,111,,,2025.07.29.
26874320,포크포크 본점,건대,일식,4.2,111,,,2025.02.13.
26874320,포크포크 본점,건대,일식,4.2,111,,,2025.01.24.
26874320,포크포크 본점,건대,일식,4.2,111,,,2025.01.11.
26874320,포크포크 본점,건대,일식,4.2,111,,,2023.05.31.
26874320,포크포크 본점,건대,일식,4.2,111,,,2023.05.05.
26874320,포크포크 본점,건대,일식,4.2,111,,,2023.03.21.
26874320,포크포크 본점,건대,일식,4.2,111,,,2022.11.21.
2124112913,부탄츄 건대점,건대,일식,3.7,149,,,시오-보통-보통
2124112913,부탄츄 건대점,건대,일식,3.7,149,,,"무난무난함 볶음밥도 가라아게도
숙주 대파 많이 옵션하면 진짜 많이줘서 굿이긴 한데 조심할것"
2124112913,부탄츄 건대점,건대,일식,3.7,149,,,"가라아게 너무너무너무너무너무너무 짜요
혀가 얼얼할 정도입니다.

라... 더보기"
2124112913,부탄츄 건대점,건대,일식,3.7,149,,,"음? 나에게 음식을 잘못 주신걸까
국물이 너무 물맛이었음."
2124112913,부탄츄 건대점,건대,일식,3.7,149,,,"맛 : 중
가성비 : 상
친절도 : 중"
2124112913,부탄츄 건대점,건대,일식,3.7,149,,,"양이 정말정말 많아요!
첫방문이라 잘 몰라서 차슈추가했는데 기본으로도 많이 주시나봐요!!ㄷㄷ 당황했어요...ㅋㅋㅋㅋㅋ... 더보기"
2124112913,부탄츄 건대점,건대,일식,3.7,149,,,"매장에서 돼지 비린내가 너무 심해요ㅠㅠㅠ 가게 전체랑 식기에서도 냄새가 나서 힘들었어요
맛은 그래도 짠 거 제외하면 나쁘지 않았는데 냄새랑 위생 때문에 안 올 것 같아요"
2124112913,부탄츄 건대점,건대,일식,3.7,149,,,양 많고 맛있어요 추운 날 먹어서 더 맛있었음
2124112913,부탄츄 건대점,건대,일식,3.7,149,,,솔직히 맛있음 젠모리+가라아게 세트 필수
2124112913,부탄츄 건대점,건대,일식,3.7,149,,,꼬리꼬리한 돼지사골향이 뜨겁게 반겨주는 라멘집. 가성비도 좋고 라멘도 좋고. 가라아게도 좋지만 볶음밥이 특히 맛있다
2124112913,부탄츄 건대점,건대,일식,3.7,149,,,여기 볶음밥 타카하시 준도 울면서 먹음
2124112913,부탄츄 건대점,건대,일식,3.7,149,,,그럭저럭 쏘쏘한 돈코츠라멘. 국물의 농도가 애매하다
2124112913,부탄츄 건대점,건대,일식,3.7,149,,,개인적으로는 정말 좋아하는 라멘집 중 하나. 국물이 사람에 따라서는 지나치게 진할 순 있으나 우리나라에서 이정도 퀄리티의 라멘은 그리 많지 않음
2124112913,부탄츄 건대점,건대,일식,3.7,149,,,"진한맛의 가라아게, 차항 GOAT 

라멘은 조리한사람에 따라 편차있음, 맛있을땐 맛있는데 맛없을땐 진짜 돈아... 더보기"
2124112913,부탄츄 건대점,건대,일식,3.7,149,,,맛있는데 좀 짜다 냥
2124112913,부탄츄 건대점,건대,일식,3.7,149,,,"일주일 동안 3번 방문. 맛, 서비스, 가격, 구성 부족한 부분이 없다. 돼지뼈 육수를 하루종일 끓이기 때문에 매장에서 구리구리한 냄새가 나고 테이블이 끈끈한 건 당연지사. 탕후루 가게에서는 설탕냄새, 피자 가... 더보기"
2124112913,부탄츄 건대점,건대,일식,3.7,149,,,"맛은 소소인듯
가라아게는 비추
친절도는 ... 더보기"
2124112913,부탄츄 건대점,건대,일식,3.7,149,,,"맛있음,
볶음밥도 수준급이고 가라아게도 괜찮음,
근방에 있었으면 훨씬 자주 갔을듯,
근데 ... 더보기"
2124112913,부탄츄 건대점,건대,일식,3.7,149,,,"맛도 훌륭하고 매우 친절하십니다. 면발 종류를 골라야 하는데, 일반적인 라멘에 들어가는 면을 드시고 싶은 분은 '호소멘'으로 드시면 됩니다. '치지레멘'도 꼬들한 식감이 좋아서 추천합니다."
2124112913,부탄츄 건대점,건대,일식,3.7,149,,,나쁘지 않습니다. 다만 조금 청결하지 않습니다. 그리고 새로 오신 알바이신지 세아부라를 못알아들으시더라고요 ㅠ 그런 부분은 아쉽지만 맛은 괜찮은 편입니다.
2124112913,부탄츄 건대점,건대,일식,3.7,149,,,가성비
2124112913,부탄츄 건대점,건대,일식,3.7,149,,,분위기
2124112913,부탄츄 건대점,건대,일식,3.7,149,,,사진/영상 후기만 보기
2124112913,부탄츄 건대점,건대,일식,3.7,149,,,2026.04.19.
2124112913,부탄츄 건대점,건대,일식,3.7,149,,,2026.03.28.
2124112913,부탄츄 건대점,건대,일식,3.7,149,,,2025.12.02.
2124112913,부탄츄 건대점,건대,일식,3.7,149,,,2025.11.21.
2124112913,부탄츄 건대점,건대,일식,3.7,149,,,2025.09.16.
2124112913,부탄츄 건대점,건대,일식,3.7,149,,,2025.09.06.
2124112913,부탄츄 건대점,건대,일식,3.7,149,,,2025.07.12.
2124112913,부탄츄 건대점,건대,일식,3.7,149,,,2025.03.27.
2124112913,부탄츄 건대점,건대,일식,3.7,149,,,2025.03.25.
2124112913,부탄츄 건대점,건대,일식,3.7,149,,,2025.03.13.
2124112913,부탄츄 건대점,건대,일식,3.7,149,,,2025.01.14.
2124112913,부탄츄 건대점,건대,일식,3.7,149,,,2024.10.30.
2124112913,부탄츄 건대점,건대,일식,3.7,149,,,2024.10.22.
2124112913,부탄츄 건대점,건대,일식,3.7,149,,,2024.10.12.
2124112913,부탄츄 건대점,건대,일식,3.7,149,,,2024.08.17.
2124112913,부탄츄 건대점,건대,일식,3.7,149,,,2024.08.10.
2124112913,부탄츄 건대점,건대,일식,3.7,149,,,2024.07.31.
2124112913,부탄츄 건대점,건대,일식,3.7,149,,,2024.04.22.
2124112913,부탄츄 건대점,건대,일식,3.7,149,,,2024.02.29.
2124112913,부탄츄 건대점,건대,일식,3.7,149,,,2023.12.27.
26602338,스위트앤카츠 화양직영점,건대,일식,3.5,91,,,"12시경에 도착했는데 4인 한테이블 있었고 반갑게 맞이 해주며 이용방법을 알려주셔서 편하게 이용했구요.

셀러드 부터 디저트 까지 다 먹었는데 전체적으로 맛있게 ... 더보기"
26602338,스위트앤카츠 화양직영점,건대,일식,3.5,91,,,"입장 인원에 맞추어 음식을 조리하기 때문에 튀김류가 비어있을 수 있는데, 말하면 채워줍니다. 친절하게 응대해주시니 부담갖지말고 말하세요. 저는 개인적으로 디저트를 한 종류라도 갖춰준게... 더보기"
26602338,스위트앤카츠 화양직영점,건대,일식,3.5,91,,,맛이...   그닥....
26602338,스위트앤카츠 화양직영점,건대,일식,3.5,91,,,"어린이대공원 근처에서 스위트앤카츠 다녀왔는데 진짜 가성비 끝판왕이에요!

평일 런치 12,90... 더보기"
26602338,스위트앤카츠 화양직영점,건대,일식,3.5,91,,,"돈까스, 국수, 스프, 밥, 밑반찬 모든게 맛있음"
26602338,스위트앤카츠 화양직영점,건대,일식,3.5,91,,,"후기는 안 좋은대 사람이 항상 많길래 가봤어요~
역시 사람 많은식당은 이유가 있습니다
기대이상 맛있어요 요즘 물가에 돈가스를 무한으로 먹을 ... 더보기"
26602338,스위트앤카츠 화양직영점,건대,일식,3.5,91,,,치돈 맛있어요
26602338,스위트앤카츠 화양직영점,건대,일식,3.5,91,,,"돈까스종류는 맛있게 먹고 가격도 착하니 아주 맘에 들었으나 사이드요리들이 좀 아쉽다.
그래도 이 가격에 이 정도면 5점."
26602338,스위트앤카츠 화양직영점,건대,일식,3.5,91,,,"무한리필, 뷔페
다양한음식을 합리적인가격에 마음것 즐기는곳인데
음식의 질이나 고객대응 같은건 어느정도 감안합... 더보기"
26602338,스위트앤카츠 화양직영점,건대,일식,3.5,91,,,착한가격에 배불리 맛나게 먹었습니다.
26602338,스위트앤카츠 화양직영점,건대,일식,3.5,91,,,"돈까스 한돈인증인지는 확실하게 들여다볼필요가
있고 샐러드쪽에있는 볶음밥? 그거 왤케 딱딱하죠?
떡인줄알았네ㅋ 그래도 전반적으로 괜찮은편입니다"
26602338,스위트앤카츠 화양직영점,건대,일식,3.5,91,,,여기 가봤는데 생각보다 음식 잘나오구요 재방문 더하고싶네여
26602338,스위트앤카츠 화양직영점,건대,일식,3.5,91,,,"아.. 초등,중학생들이 좋아할듯
돈가스를 안좋아해서 그런가 가성비가 생각보다 별로
돈가스 좋아하면 또 좋아할 수도"
26602338,스위트앤카츠 화양직영점,건대,일식,3.5,91,,,"예전부터 궁금해서 가봐야지하다 이번에 가보곤 참 돈 아깝다고 느꼈습니다. 후기들 알바인지 참 후하시네요.
 기본적으로 맛이 없고, 음식도 별로 안남아있었음. 들어가니까 그제서야 맛도 없... 더보기"
26602338,스위트앤카츠 화양직영점,건대,일식,3.5,91,,,이 가성비라면 통풍을 감수할 가치가 있다.
26602338,스위트앤카츠 화양직영점,건대,일식,3.5,91,,,딱히 맛있지않은듯..?;
26602338,스위트앤카츠 화양직영점,건대,일식,3.5,91,,,돈까스 등심까스 치킨마요밥 망고푸딩 요거트마카롱 잔치국수 우동국물 멘보샤 떡볶이 닭다리 등등등등 있음 후기 안좋아서 좀 걱정했는데 먹을만했다. 돈까스가 튀김옷이 치킨느낌나긴 했는데 맛있었음.  혼밥러들 조금 ... 더보기
26602338,스위트앤카츠 화양직영점,건대,일식,3.5,91,,,"평일 점심에 방문했습니다.

다양한 종류의 돈까스,스프 포함 3종의 국물,볶음밥... 더보기"
26602338,스위트앤카츠 화양직영점,건대,일식,3.5,91,,,밖에서 보니깐 수제돈카츠이라 들어오는데 사진과 맛이 다르네요. 넘 실망
26602338,스위트앤카츠 화양직영점,건대,일식,3.5,91,,,"평일 점심 방문했어요.
가격대비 가성비는 괜찮았어요.
맛에 너무 큰 기대는 하지 마세요."
26602338,스위트앤카츠 화양직영점,건대,일식,3.5,91,,,가성비
26602338,스위트앤카츠 화양직영점,건대,일식,3.5,91,,,분위기
26602338,스위트앤카츠 화양직영점,건대,일식,3.5,91,,,사진/영상 후기만 보기
26602338,스위트앤카츠 화양직영점,건대,일식,3.5,91,,,2026.01.09.
26602338,스위트앤카츠 화양직영점,건대,일식,3.5,91,,,2024.06.15.
26602338,스위트앤카츠 화양직영점,건대,일식,3.5,91,,,2025.07.26.
26602338,스위트앤카츠 화양직영점,건대,일식,3.5,91,,,2025.06.03.
26602338,스위트앤카츠 화양직영점,건대,일식,3.5,91,,,2025.04.25.
26602338,스위트앤카츠 화양직영점,건대,일식,3.5,91,,,2025.02.14.
26602338,스위트앤카츠 화양직영점,건대,일식,3.5,91,,,2024.10.09.
26602338,스위트앤카츠 화양직영점,건대,일식,3.5,91,,,2024.07.10.
26602338,스위트앤카츠 화양직영점,건대,일식,3.5,91,,,2022.04.02.
26602338,스위트앤카츠 화양직영점,건대,일식,3.5,91,,,2020.02.14.
26602338,스위트앤카츠 화양직영점,건대,일식,3.5,91,,,2018.08.16.
26602338,스위트앤카츠 화양직영점,건대,일식,3.5,91,,,2026.04.25.
26602338,스위트앤카츠 화양직영점,건대,일식,3.5,91,,,2026.04.05.
26602338,스위트앤카츠 화양직영점,건대,일식,3.5,91,,,2026.03.20.
26602338,스위트앤카츠 화양직영점,건대,일식,3.5,91,,,2025.11.27.
26602338,스위트앤카츠 화양직영점,건대,일식,3.5,91,,,2025.09.23.
26602338,스위트앤카츠 화양직영점,건대,일식,3.5,91,,,2025.09.08.
26602338,스위트앤카츠 화양직영점,건대,일식,3.5,91,,,2025.08.30.
26602338,스위트앤카츠 화양직영점,건대,일식,3.5,91,,,2025.07.10.
26602338,스위트앤카츠 화양직영점,건대,일식,3.5,91,,,2025.07.01.
26639136,홍도초밥,건대,일식,4.2,76,,,"샐러드 우동 콘치즈 초밥 순으로 나와서 가성비 코스요리 먹는 줄 알았음🥹
초밥도 양 많고 맛있어서 다음에 또 갈 예정"
26639136,홍도초밥,건대,일식,4.2,76,,,맛있고 친절하고 가격도 좋음
26639136,홍도초밥,건대,일식,4.2,76,,,무난하게 맛있어용
26639136,홍도초밥,건대,일식,4.2,76,,,"언제나 맛있게 먹고 있습니다~~ 🤗
맛도 좋고 친철하고 차량 가져왔었는데 주차권도 넉넉하게 챙겨주셔요 
건대에서 초밥,사시미는 여기 많큼 좋은데가 없는거 같아요 🤗"
26639136,홍도초밥,건대,일식,4.2,76,,,초밥 기본 세트 먹었어요. 참 맛있게 잘 먹었어요. 근처 ㅎㅇ대기하다가 시장바닥 같아서 현타 와서 홍도초밥으로 오길 백번 잘한듯. 서비스도 좋고 맛도 좋았습니다. 다만 흡연하는 손님이 가게 바... 더보기
26639136,홍도초밥,건대,일식,4.2,76,,,모둠초밥 시켰는데 광어도 진짜 쫄깃하고 연어도 엄청 맛있고 다른 초밥들도 맛있었어요! 샐러드도 주고 모밀도 주고 돌아다니시면서 장국 부족하면 더 드리고 친절하셨어요! 건대... 더보기
26639136,홍도초밥,건대,일식,4.2,76,,,"남자친구랑 자주 오는 맛집
진짜 건대에서 1티어임
호야초밥보다 여기가 훨씬 맛있어요
숨겨... 더보기"
26639136,홍도초밥,건대,일식,4.2,76,,,진짜 너무 맛있었어요!! 회도 신선하고 샤리도 맛있었습니다 밥 양도 안많고 좋았어요. 글구 콘치즈에 우동이랑 샐러드까지 .. 건대 초밥 먹을땐 무족건 여기로
26639136,홍도초밥,건대,일식,4.2,76,,,진짜 초밥 1등입니다 미쳤어요 구성 맛 친절함까지!
26639136,홍도초밥,건대,일식,4.2,76,,,여기서 한번 초밥먹은 이후로 건대 초밥은 여기만 감
26639136,홍도초밥,건대,일식,4.2,76,,,여긴 고냥 좋아요🙂
26639136,홍도초밥,건대,일식,4.2,76,,,자주 가는 곳이에요 회 두툼하니 맛있어요
26639136,홍도초밥,건대,일식,4.2,76,,,"맛있다... 연어 실패 없음
우동면이 없는 국물을 주는데 찐하고 맛있었다 콘치즈는 치즈가 없었지만 좋았음"
26639136,홍도초밥,건대,일식,4.2,76,,,"[연어덮밥]
슴슴하다. 밑반찬으로 우동면과 어묵이 들어간 장국, 콘치즈가 나왔는데 짜임새가 좋았다... 더보기"
26639136,홍도초밥,건대,일식,4.2,76,,,"1만4천원 모듬초밥을 먹었는데 맛있습니다. 성인 남성 기준으로 12psc라서 스시만으로는 양이 좀 적을 수도 있지만, 사이드로 샐러드랑 콘치즈, 그리고 뚝배기 우동도 같이 나와서 양은 비교적 만족스럽습니다. 스시만 나와서... 더보기"
26639136,홍도초밥,건대,일식,4.2,76,,,좌석이 협소하고 불편한거 빼고는 맛도 있고 사장님도 친절하셔요
26639136,홍도초밥,건대,일식,4.2,76,,,"너무너무 맛있어요!!!
끝내줍니다♡♡♡
친절 .......GOOD ^^"
26639136,홍도초밥,건대,일식,4.2,76,,,"회덮밥 양 무슨 일?! 회도 신선하고 사장님도 너무 침절하시고💕 재방문 의사 1000%에요!!
우동이랑 콘치즈가 이렇게 양도 많을줄이야...💖  ... 더보기"
26639136,홍도초밥,건대,일식,4.2,76,,,"깔끔하고  맛있었습니다.  친절하고
양도많고  가성비 ~~   굳^^"
26639136,홍도초밥,건대,일식,4.2,76,,,"우리 동네 맛집 홍도초밥
오늘도 ... 더보기"
26639136,홍도초밥,건대,일식,4.2,76,,,가성비
26639136,홍도초밥,건대,일식,4.2,76,,,분위기
26639136,홍도초밥,건대,일식,4.2,76,,,사진/영상 후기만 보기
26639136,홍도초밥,건대,일식,4.2,76,,,2025.12.03.
26639136,홍도초밥,건대,일식,4.2,76,,,2025.11.11.
26639136,홍도초밥,건대,일식,4.2,76,,,2025.08.08.
26639136,홍도초밥,건대,일식,4.2,76,,,2024.09.21.
26639136,홍도초밥,건대,일식,4.2,76,,,2024.07.13.
26639136,홍도초밥,건대,일식,4.2,76,,,2024.06.01.
26639136,홍도초밥,건대,일식,4.2,76,,,2024.01.06.
26639136,홍도초밥,건대,일식,4.2,76,,,2023.11.15.
26639136,홍도초밥,건대,일식,4.2,76,,,2023.11.09.
26639136,홍도초밥,건대,일식,4.2,76,,,2023.11.07.
26639136,홍도초밥,건대,일식,4.2,76,,,2023.10.09.
26639136,홍도초밥,건대,일식,4.2,76,,,2022.11.19.
26639136,홍도초밥,건대,일식,4.2,76,,,2025.11.01.
26639136,홍도초밥,건대,일식,4.2,76,,,2024.10.31.
26639136,홍도초밥,건대,일식,4.2,76,,,2024.03.10.
26639136,홍도초밥,건대,일식,4.2,76,,,2024.01.08.
26639136,홍도초밥,건대,일식,4.2,76,,,2024.01.07.
26639136,홍도초밥,건대,일식,4.2,76,,,2024.01.04.
26639136,홍도초밥,건대,일식,4.2,76,,,2023.12.21.
1451273565,오마카세 오사이초밥 건대본점,건대,일식,4.2,304,,,비싼 오마카세 못지않은 퀄리티라 놀랐어요. 우니 양도 푸짐하고 전복 게우소스가 특히 맛있었어요. 분위기도 좋아서 건대 데이트 코스로 추천해요!!!
1451273565,오마카세 오사이초밥 건대본점,건대,일식,4.2,304,,,"가지초밥 안키모초밥이 특히 맛있고 셰프님 입담이 좋으심
본점이라 기대했는데 성수점이 더 맛있음"
1451273565,오마카세 오사이초밥 건대본점,건대,일식,4.2,304,,,오사이초밥 건대점에서 남자친구와 오마카세 첫 데이트 했어요☺️ 매장 분위기가 조용하고 다찌석이라 셰프님과 소통하면서 먹는 재미가 있었어요~~ 하나하나 정성스럽게 만들어주시는데 ... 더보기
1451273565,오마카세 오사이초밥 건대본점,건대,일식,4.2,304,,,바로 옆에 공영주차장이 있어서 주차도 편리했고 대기실도 있어서 기다리기도 좋았습니다!! 가성비가 좋은만큼 예약이 빨리 차니까 서둘러야겠어요 ㅎㅎ 정말 신선하고 맛있었습니다!!
1451273565,오마카세 오사이초밥 건대본점,건대,일식,4.2,304,,,하나하나 맛있고 정성스레 만들어주셔서 좋았구요. 위트있게 설명해주셔서 즐거운 식사시간이었습니다. 이 가격에 오마카세로 다양하게 즐길 수 있다니…비린내도 없고 가성비 너무 좋은 오마카세였어요!
1451273565,오마카세 오사이초밥 건대본점,건대,일식,4.2,304,,,"차완무시, 사시미, 에피타이저와
스시 10종류, 후토마끼, 우동,
차 디저트까지 ... 더보기"
1451273565,오마카세 오사이초밥 건대본점,건대,일식,4.2,304,,,"처음으로 오마카세 왔는데 가성비도 좋고 사장님도 친절하시고..! 아주 만족스러웠습니다:)
기회가 된다면 또 오겠습니다!"
1451273565,오마카세 오사이초밥 건대본점,건대,일식,4.2,304,,,"오마카세 먹고싶을때마다 자주 찾게되는 오사이초밥! 다른 지점도 가봤지만 건대점 퀄이 가장 좋고, 서비스도 만족스러워요 벌써 네번째 재방문인만큼 항상 믿고 먹는 건대 맛집이에요! 1인당 2만... 더보기"
1451273565,오마카세 오사이초밥 건대본점,건대,일식,4.2,304,,,"내가 오마카세를 가다니....
풍문에 오마카세는 분위기 값이으로 10만원 가까운 돈을 지불해야 한다해서 차라... 더보기"
1451273565,오마카세 오사이초밥 건대본점,건대,일식,4.2,304,,,가성비는 끝내주는듯 근데 초밥이 너무 차가웠어요
1451273565,오마카세 오사이초밥 건대본점,건대,일식,4.2,304,,,가격대비 정말 좋았어요 하이급으로 기대하시면 가짓수에 실망하실 수 있겠지만 저랑 일행은 걍 떵개가되.. mood로 잘 먹고 나왔어요 또 방문하면 우니는 두개씩 추가할라구요 정말 추천합니데이 ㅋㅋ
1451273565,오마카세 오사이초밥 건대본점,건대,일식,4.2,304,,,"홀직원분이 친절하긴한데
주방장은 형식적이고
다른 가성비 오마카세에 비하면
배부르지도않고 ... 더보기"
1451273565,오마카세 오사이초밥 건대본점,건대,일식,4.2,304,,,나만 알 고 싶 다…  맛있고 친절하시고 ㅠㅜ
1451273565,오마카세 오사이초밥 건대본점,건대,일식,4.2,304,,,가성비 오마카세로 적당히 만족스러운 식사 하고싶을 때 좋아요. 가격대비 맛도 괜찮고 색다른 기분 내고 싶으면 한 번씩 방문 추천 합니다. 인기가 워낙 많다보니 원하는 시간 대 예약하기가 조금 힘들어요.
1451273565,오마카세 오사이초밥 건대본점,건대,일식,4.2,304,,,가 본 오마카세중 가성비 맛집
1451273565,오마카세 오사이초밥 건대본점,건대,일식,4.2,304,,,첫 오마카세 경험으로는 추천
1451273565,오마카세 오사이초밥 건대본점,건대,일식,4.2,304,,,가성비는 좋으나 그게 끝
1451273565,오마카세 오사이초밥 건대본점,건대,일식,4.2,304,,,"아니 가성비 너무 좋은 맛집
심지어 하나씩 찍었는데 사진을 다 못올려서 안타깝.
같이간 친구들 다들 인... 더보기"
1451273565,오마카세 오사이초밥 건대본점,건대,일식,4.2,304,,,"건대에서 가성비 오마카세 찾는다면 오사이초밥 추천해요. 가격 대비 코스 구성 탄탄하고 전복, 간장새우, 안키모까지 만족도 높았어요. 바 자리라 쉐프님 설명 들으며 먹는... 더보기"
1451273565,오마카세 오사이초밥 건대본점,건대,일식,4.2,304,,,친구들이랑 같이 학교 교외 학습 끝나고 먹으러 갔다왔습니다. 사장님도 매우 친절하시고 맛고 너무 맛있었어요~
1451273565,오마카세 오사이초밥 건대본점,건대,일식,4.2,304,,,가성비
1451273565,오마카세 오사이초밥 건대본점,건대,일식,4.2,304,,,분위기
1451273565,오마카세 오사이초밥 건대본점,건대,일식,4.2,304,,,사진/영상 후기만 보기
1451273565,오마카세 오사이초밥 건대본점,건대,일식,4.2,304,,,2026.02.03.
1451273565,오마카세 오사이초밥 건대본점,건대,일식,4.2,304,,,2026.01.26.
1451273565,오마카세 오사이초밥 건대본점,건대,일식,4.2,304,,,2025.10.15.
1451273565,오마카세 오사이초밥 건대본점,건대,일식,4.2,304,,,2025.10.10.
1451273565,오마카세 오사이초밥 건대본점,건대,일식,4.2,304,,,2025.08.30.
1451273565,오마카세 오사이초밥 건대본점,건대,일식,4.2,304,,,2025.07.26.
1451273565,오마카세 오사이초밥 건대본점,건대,일식,4.2,304,,,2025.06.27.
1451273565,오마카세 오사이초밥 건대본점,건대,일식,4.2,304,,,2025.03.29.
1451273565,오마카세 오사이초밥 건대본점,건대,일식,4.2,304,,,2025.01.28.
1451273565,오마카세 오사이초밥 건대본점,건대,일식,4.2,304,,,2024.12.23.
1451273565,오마카세 오사이초밥 건대본점,건대,일식,4.2,304,,,2024.02.29.
1451273565,오마카세 오사이초밥 건대본점,건대,일식,4.2,304,,,2023.11.20.
1451273565,오마카세 오사이초밥 건대본점,건대,일식,4.2,304,,,2023.10.07.
1451273565,오마카세 오사이초밥 건대본점,건대,일식,4.2,304,,,2023.08.18.
1451273565,오마카세 오사이초밥 건대본점,건대,일식,4.2,304,,,2023.03.01.
1451273565,오마카세 오사이초밥 건대본점,건대,일식,4.2,304,,,2022.11.13.
1451273565,오마카세 오사이초밥 건대본점,건대,일식,4.2,304,,,2022.11.09.
1451273565,오마카세 오사이초밥 건대본점,건대,일식,4.2,304,,,2022.09.01.
1451273565,오마카세 오사이초밥 건대본점,건대,일식,4.2,304,,,2026.01.29.
1451273565,오마카세 오사이초밥 건대본점,건대,일식,4.2,304,,,2025.12.22.
1477555417,초라멘,건대,일식,4.6,172,,,"3점 이하 주는 사람들은 원래 칭찬을 잘 안 하는 편이거나,사실 100점이지만 괜히 100점은 주기 싫은 그런 심보의 사람들인듯.
부천... 더보기"
1477555417,초라멘,건대,일식,4.6,172,,,"마제소바 1점
토리파이탄 2점
카라이파이탄 1.5점

여자친구가 너무 맛있다해... 더보기"
1477555417,초라멘,건대,일식,4.6,172,,,인생 라멘
1477555417,초라멘,건대,일식,4.6,172,,,"마제소바가 다 똑같이 생겼다 해서 다 똑같은 맛이 아니란걸 증명하는 맛집
심지어 사장님도 친절하고 활기차셔서 들어오는 순간부터 나갈때까지 기분도 좋다!"
1477555417,초라멘,건대,일식,4.6,172,,,"개인적으로 마제소바는 쫌 짰는데 그래도 맛있었어요
국물이 진짜 죽여줌 ㅠㅠㅠ 술도 안마셨는데 해장돼요
계속 생각나는맛!!!!"
1477555417,초라멘,건대,일식,4.6,172,,,"친절함 + 마제멘 존맛 ㅜㅜㅜㅜ
나 마제멘 좋아했네.. 아 또 먹고시퍼라"
1477555417,초라멘,건대,일식,4.6,172,,,"여기가 고평가됐다고 1점 주는 건 좀..?
4점대 받아 마땅한 곳
동서울에 토리파... 더보기"
1477555417,초라멘,건대,일식,4.6,172,,,"토리, 카라, 마제 다 먹어봤는데 다 맛있음
알바가 귀여워요 ㅎㅡㅎᩚ"
1477555417,초라멘,건대,일식,4.6,172,,,국물 진하고 맛있음 또먹고싶다
1477555417,초라멘,건대,일식,4.6,172,,,사장님이 정말 친절하시고 준나 맛있어요.
1477555417,초라멘,건대,일식,4.6,172,,,"짠데 맛있어요
생각나면 또 방문하고싶은곳"
1477555417,초라멘,건대,일식,4.6,172,,,"맛있어요.
라멘, 요근래 가본 집들중 Best
인테리어는 도쿄/오사카랑 비슷해요"
1477555417,초라멘,건대,일식,4.6,172,,,"두번 방문했고 다른 메뉴를 먹었는데요! 둘 다 너무 맛있었네요~~ 부추김치도 달라고 해서 같이 먹었는데 너무 맛있어서 리필했어요..ㅎㅎ 
사장님도 엄청 열정적이시고 조용조용한 분위기라 좋아요 😀"
1477555417,초라멘,건대,일식,4.6,172,,,면이 아주 탄탄하고 흔한 마제소바와는 차별화된 맛을 가지고 있음
1477555417,초라멘,건대,일식,4.6,172,,,"마제소바 먹었는데 제입에는 그냥 그랬습니다. 엄청 맛있지도 맛없지도 않은 적당한 맛? 
소스가 많아서 그런건지 살짝 짠 느낌이 있었는데 밥... 더보기"
1477555417,초라멘,건대,일식,4.6,172,,,매운빠이탄 맛있었습니다. 매우 친절하십니다.
1477555417,초라멘,건대,일식,4.6,172,,,여기도 1점 줄정도 아닌거 아는데 너무 고평가 오레노 본점하고 비교하면 국물 덜 진함 물론 조미료 덜 넣은거 높게 치지만 국물 개성 없고 진한 ... 더보기
1477555417,초라멘,건대,일식,4.6,172,,,"여기 리얼로 마제소바 맛집이에요
일본 마제소바집 여기저기 다녀봤는데
한국인 니즈에 적당... 더보기"
1477555417,초라멘,건대,일식,4.6,172,,,가성비
1477555417,초라멘,건대,일식,4.6,172,,,분위기
1477555417,초라멘,건대,일식,4.6,172,,,사진/영상 후기만 보기
1477555417,초라멘,건대,일식,4.6,172,,,2026.03.17.
1477555417,초라멘,건대,일식,4.6,172,,,2026.04.03.
1477555417,초라멘,건대,일식,4.6,172,,,2026.02.05.
1477555417,초라멘,건대,일식,4.6,172,,,2025.12.11.
1477555417,초라멘,건대,일식,4.6,172,,,2025.11.11.
1477555417,초라멘,건대,일식,4.6,172,,,2025.09.26.
1477555417,초라멘,건대,일식,4.6,172,,,2025.09.18.
1477555417,초라멘,건대,일식,4.6,172,,,2025.08.16.
1477555417,초라멘,건대,일식,4.6,172,,,2025.06.14.
1477555417,초라멘,건대,일식,4.6,172,,,2025.06.08.
1477555417,초라멘,건대,일식,4.6,172,,,2025.04.09.
1477555417,초라멘,건대,일식,4.6,172,,,2025.03.14.
1477555417,초라멘,건대,일식,4.6,172,,,2025.03.02.
1477555417,초라멘,건대,일식,4.6,172,,,2025.01.24.
1477555417,초라멘,건대,일식,4.6,172,,,2025.01.05.
1477555417,초라멘,건대,일식,4.6,172,,,2025.01.02.
1477555417,초라멘,건대,일식,4.6,172,,,2024.12.21.
1477555417,초라멘,건대,일식,4.6,172,,,2024.11.16.
1477555417,초라멘,건대,일식,4.6,172,,,2024.10.14.
1477555417,초라멘,건대,일식,4.6,172,,,2024.10.12.
1477555417,초라멘,건대,일식,4.6,172,,,2024.09.09.
101376727,코노하 건대점,건대,일식,4.5,206,,,"순살닭에 치즈밥 ㄹㅇ 국룰
넘 맛있어요 야채도 많아서 건강한 느낌
웨이팅이 유일한 단점"
101376727,코노하 건대점,건대,일식,4.5,206,,,밥리필되서 좋아요🐷 혼밥가능해서 좋아요🙂 스프카레의 묘미 재료하나하나맛있어요
101376727,코노하 건대점,건대,일식,4.5,206,,,일본보다 맛있는 브로콜리
101376727,코노하 건대점,건대,일식,4.5,206,,,"스프여서 간이 자극적임 
친구는 맵찔인데 기본단계도 맵다고 해서 맵찔이분들은  조금 매울수 있을듯
첫방문이라 야채 먹었는데 편식쟁이라 조금 힘... 더보기"
101376727,코노하 건대점,건대,일식,4.5,206,,,음식은 맛있는데.. 사장님? 매니저분?이 직원들 단도리 잔소리를 너무 계속하시는데 그 소리가 너무 커서 ㅠㅠ 밥먹는데 체하는줄 알았어요ㅜㅜ 돈내고 잔소리 듣는 느낌 ㅜ 똑같은말 계속듣기 ㅠㅠㅠ
101376727,코노하 건대점,건대,일식,4.5,206,,,간이 세지 않고 계속 퍼먹기 딱 좋았음 고소한 치즈밥과 잘 어울림 굿 개인적으론 스아게보다 나은듯
101376727,코노하 건대점,건대,일식,4.5,206,,,대존맛. 2025년 먹은 음식중에 제일 맛있었다. 연말에 맛있는음식 먹어서 행복했습니다
101376727,코노하 건대점,건대,일식,4.5,206,,,국물과 고기의 염도 벨런스가 아쉽습니다.
101376727,코노하 건대점,건대,일식,4.5,206,,,음식도 맛있고 밥도 원하면 더주세요 겨울에 먹기 좋은 음식이니까 꼭 가보세요
101376727,코노하 건대점,건대,일식,4.5,206,,,나만 갈 거임 아무도 가지 마셈
101376727,코노하 건대점,건대,일식,4.5,206,,,"홋카이도 갈 필요 없는 서울 스프카레 맛집
추운 날에 뜨뜻한 거 떠오를때 호다닥 가기 짱좋음
브로콜리 싫어하는데 코노하 브로콜리는 존맛,,,"
101376727,코노하 건대점,건대,일식,4.5,206,,,휴업끝났어요!! 장사하고있어요 스프카레 존맛탱~~
101376727,코노하 건대점,건대,일식,4.5,206,,,간이 묘하게 잘맛습니다 일본에서 먹을땐 짜고 헤비함이 강했는데 건강식에 가깝다 느껴질 정도로 우엉 감자 무 당근 컬리플라워 브로콜리 적절하게 이븐 합니... 더보기
101376727,코노하 건대점,건대,일식,4.5,206,,,후기 안다는데 달게 됨
101376727,코노하 건대점,건대,일식,4.5,206,,,"건대에 스프카레집이 새로 오픈했다고 해서 
스프카레를 한번 도전해볼 겸 방문함

인테리... 더보기"
101376727,코노하 건대점,건대,일식,4.5,206,,,한국에서 이도저도 아닌 스프카레만 먹이보며 실망하딘 차에 오픈 소식 듣고 너무 기대하며 방문했습니다. 아주 만족스러웠습니다. 스프 자체도 맛있는데다가 각 재료들도 특성에 맞... 더보기
101376727,코노하 건대점,건대,일식,4.5,206,,,"꽤나 괜찮은 스프카레였음. 맵찔이에게도 정말 맛있게 느껴졌어요.

브로콜리 구움이 정... 더보기"
101376727,코노하 건대점,건대,일식,4.5,206,,,"레전드로 맛있다.
흑백요리사 시식단이된기분임"
101376727,코노하 건대점,건대,일식,4.5,206,,,브로콜리 왜케 맛있음 ㄷ 오래걸리나 했는데 각 재료 요리하는 정성에 시간이 걸릴수 밖에 없구나 생각이 들었음
101376727,코노하 건대점,건대,일식,4.5,206,,,"3.7/5
카레 라멘
약간 매콤한 국물과 은은한 카... 더보기"
101376727,코노하 건대점,건대,일식,4.5,206,,,분위기
101376727,코노하 건대점,건대,일식,4.5,206,,,가성비
101376727,코노하 건대점,건대,일식,4.5,206,,,사진/영상 후기만 보기
101376727,코노하 건대점,건대,일식,4.5,206,,,2026.03.28.
101376727,코노하 건대점,건대,일식,4.5,206,,,2026.03.24.
101376727,코노하 건대점,건대,일식,4.5,206,,,2026.03.17.
101376727,코노하 건대점,건대,일식,4.5,206,,,2026.03.03.
101376727,코노하 건대점,건대,일식,4.5,206,,,2026.02.20.
101376727,코노하 건대점,건대,일식,4.5,206,,,2026.01.19.
101376727,코노하 건대점,건대,일식,4.5,206,,,2025.12.29.
101376727,코노하 건대점,건대,일식,4.5,206,,,2025.11.21.
101376727,코노하 건대점,건대,일식,4.5,206,,,2025.11.11.
101376727,코노하 건대점,건대,일식,4.5,206,,,2025.10.24.
101376727,코노하 건대점,건대,일식,4.5,206,,,2025.09.06.
101376727,코노하 건대점,건대,일식,4.5,206,,,2025.02.27.
101376727,코노하 건대점,건대,일식,4.5,206,,,2025.02.20.
101376727,코노하 건대점,건대,일식,4.5,206,,,2025.01.22.
101376727,코노하 건대점,건대,일식,4.5,206,,,2026.04.12.
101376727,코노하 건대점,건대,일식,4.5,206,,,2025.11.25.
101376727,코노하 건대점,건대,일식,4.5,206,,,2025.11.17.
413860309,고씨네 건국대점,건대,일식,4.9,28,,,"카레 우동이 너무 먹고싶어서 비오는 날에도 찾아왔어요!!
맵기 단계조절할 수 있어서 좋고 셀프로 떠서 먹을 수 있는 국물도 너무 좋네요 ㅎㅎㅎ🫶"
413860309,고씨네 건국대점,건대,일식,4.9,28,,,여기 카레 제일 맜있어요~ 밥이랑 카레도 무한리필이용 🤩🤩
413860309,고씨네 건국대점,건대,일식,4.9,28,,,"고씨네 올 때마다 너무 맛있습니다!!
밥이랑 카레도 리필 돼서 양 많으신 분들은 오시면 가성비도 좋습니다👍👍
사장님도 친절하셔서 자주 오게 되는 곳입니다:)"
413860309,고씨네 건국대점,건대,일식,4.9,28,,,카레 먹고싶었는데 먹으러 와서 맛있게 먹고가요 감사합니다 또 올게요!
413860309,고씨네 건국대점,건대,일식,4.9,28,,,Been here once and wanted to go again for the chicken curry rice. Their spice levels are well balanced for people who like non-spicy and spicy alike. Must visit when you're in Konkuk area. ☺️
413860309,고씨네 건국대점,건대,일식,4.9,28,,,날이 추워서 따뜻한 게 먹고싶어서 방문했는데 카레가 넘 맛있어요!!! 닭튀김이랑 건대생이벤트로 받은 고로케도... 더보기
413860309,고씨네 건국대점,건대,일식,4.9,28,,,맛과 가격 둘다 잡았습니다 자주 올거같아요!
413860309,고씨네 건국대점,건대,일식,4.9,28,,,처음 먹어봤는데 진쨔진짜 맛있어요!! 카레도 먹고싶고 돈까스도 먹고싶어서 바로 들어왔는데 완전 짱짱 맛있게 잘 먹었습니당🙇‍♀️🙂
413860309,고씨네 건국대점,건대,일식,4.9,28,,,"소고기치즈세트 맵기 1단계 주문
카레는 맛있는데 돈까스는 음…
밥 카레 리필 가능해서 가성비 좋음
리필 카레는 치즈 안 ... 더보기"
413860309,고씨네 건국대점,건대,일식,4.9,28,,,너무너무 맛있어요..우동면으로 시키고 토핑 추가 한 다음에 밥추가해서(무한리필-심지어 카레도..) 남은 토핑이랑 또 먹으면 맛있습니다 다음에 또 오겠습니다
413860309,고씨네 건국대점,건대,일식,4.9,28,,,맛있어요
413860309,고씨네 건국대점,건대,일식,4.9,28,,,"세트 구성 좋고 메뉴 다양해서 좋아요
맵기 단계도 많고 맛있어요~"
413860309,고씨네 건국대점,건대,일식,4.9,28,,,처음 방문했는데 카레 전문점 답게 맛있었고 리필 되는 게 가성비 좋아요!
413860309,고씨네 건국대점,건대,일식,4.9,28,,,가성비 있고 맛있어요. 건대 근처에서 식사하기 좋은 식당인 것 같아요. 추천합니다.
413860309,고씨네 건국대점,건대,일식,4.9,28,,,가성비
413860309,고씨네 건국대점,건대,일식,4.9,28,,,분위기
413860309,고씨네 건국대점,건대,일식,4.9,28,,,사진/영상 후기만 보기
413860309,고씨네 건국대점,건대,일식,4.9,28,,,2026.04.22.
413860309,고씨네 건국대점,건대,일식,4.9,28,,,2026.04.14.
413860309,고씨네 건국대점,건대,일식,4.9,28,,,2026.04.13.
413860309,고씨네 건국대점,건대,일식,4.9,28,,,2026.04.10.
413860309,고씨네 건국대점,건대,일식,4.9,28,,,2026.03.25.
413860309,고씨네 건국대점,건대,일식,4.9,28,,,2026.03.18.
413860309,고씨네 건국대점,건대,일식,4.9,28,,,2026.03.17.
413860309,고씨네 건국대점,건대,일식,4.9,28,,,2026.03.06.
413860309,고씨네 건국대점,건대,일식,4.9,28,,,2026.01.27.
413860309,고씨네 건국대점,건대,일식,4.9,28,,,2026.01.08.
413860309,고씨네 건국대점,건대,일식,4.9,28,,,2026.01.05.
413860309,고씨네 건국대점,건대,일식,4.9,28,,,2025.12.23.
413860309,고씨네 건국대점,건대,일식,4.9,28,,,2025.12.16.
413860309,고씨네 건국대점,건대,일식,4.9,28,,,2025.12.15.
413860309,고씨네 건국대점,건대,일식,4.9,28,,,2025.12.14.
413860309,고씨네 건국대점,건대,일식,4.9,28,,,2025.11.28.
413860309,고씨네 건국대점,건대,일식,4.9,28,,,2025.11.26.
413860309,고씨네 건국대점,건대,일식,4.9,28,,,2025.11.20.
413860309,고씨네 건국대점,건대,일식,4.9,28,,,2025.11.16.
1873080066,포비,건대,일식,3.6,128,,,"주차할 곳 마땅치 않음
분위기 일본풍이라 좋고 맛 무난함
엄청 맛집인지는 모르겠고 가끔 ... 더보기"
1873080066,포비,건대,일식,3.6,128,,,4인이서 3개 시켰고 양배추라서 그런지 포만감 매우 있음 특히 치즈 JMT
1873080066,포비,건대,일식,3.6,128,,,생각보다 넘 짜고 기대를 너무 많이 해서인지 그냥 그랬다.. 메뉴의 다양성이 조금 아쉬웠다
1873080066,포비,건대,일식,3.6,128,,,여기야끼소바 ○○○○임 또 갈기러 가야겟음
1873080066,포비,건대,일식,3.6,128,,,자리가 좁지만 가성비좋고 이만한 이자카야 건대에 없다
1873080066,포비,건대,일식,3.6,128,,,야끼소바가 특히 맛있어요 대창추가추천 따봉
1873080066,포비,건대,일식,3.6,128,,,"일단 분위기가 너무 좋아요❣️
외국까진 아니어도 기분전환이 되는 그런 공간이었어요

오코노미야끼... 더보기"
1873080066,포비,건대,일식,3.6,128,,,"일본분위기 하이볼 맛집이네용 
오꼬노미야끼 등등 다 마싯었어요 
전메뉴 다 먹어... 더보기"
1873080066,포비,건대,일식,3.6,128,,,"B세트 무난하고 인테리어 보는 맛도 있음
긴 웨이팅 감수하며 먹을 정도는 아님
토마토샐러드는 별로 생토마토에 올리브유 마요네즈만 뿌린게나와서 당혹스러웠음"
1873080066,포비,건대,일식,3.6,128,,,무난하게 맛있어요 근데 사람이 너무 많아서 웨이팅 예상하고 가야합니다
1873080066,포비,건대,일식,3.6,128,,,일본의 느낌이 있고 좋았습니다^^
1873080066,포비,건대,일식,3.6,128,,,분위기 이쁘고 음식도 맛있고 직원분들도 친절하세요!!
1873080066,포비,건대,일식,3.6,128,,,느낌 좋음 !!
1873080066,포비,건대,일식,3.6,128,,,무난 ㄱㅊ 미도리 사와랑 카시스오렌지 맛있음
1873080066,포비,건대,일식,3.6,128,,,분위기
1873080066,포비,건대,일식,3.6,128,,,가성비
1873080066,포비,건대,일식,3.6,128,,,사진/영상 후기만 보기
1873080066,포비,건대,일식,3.6,128,,,2026.01.24.
1873080066,포비,건대,일식,3.6,128,,,2025.08.20.
1873080066,포비,건대,일식,3.6,128,,,2024.08.17.
1873080066,포비,건대,일식,3.6,128,,,2024.06.27.
1873080066,포비,건대,일식,3.6,128,,,2024.06.25.
1873080066,포비,건대,일식,3.6,128,,,2024.06.14.
1873080066,포비,건대,일식,3.6,128,,,2024.03.14.
1873080066,포비,건대,일식,3.6,128,,,2024.01.23.
1873080066,포비,건대,일식,3.6,128,,,2023.11.07.
1873080066,포비,건대,일식,3.6,128,,,2023.10.31.
1873080066,포비,건대,일식,3.6,128,,,2023.10.26.
1873080066,포비,건대,일식,3.6,128,,,2023.09.08.
1873080066,포비,건대,일식,3.6,128,,,2023.07.31.
1873080066,포비,건대,일식,3.6,128,,,2023.07.16.
1873080066,포비,건대,일식,3.6,128,,,2023.05.22.
1873080066,포비,건대,일식,3.6,128,,,2023.05.03.
1873080066,포비,건대,일식,3.6,128,,,2023.02.02.
1873080066,포비,건대,일식,3.6,128,,,2025.11.18.
1873080066,포비,건대,일식,3.6,128,,,2025.11.09.
1873080066,포비,건대,일식,3.6,128,,,2025.09.27.
15092552,겐로쿠우동 건대직영점,건대,일식,3.8,121,,,"맛으로는 별 5개
맛과 가성비로는 최고였지만
매장위치상 계속 들어오는 담배냄새때문에 아쉬웠... 더보기"
15092552,겐로쿠우동 건대직영점,건대,일식,3.8,121,,,양이 매우 많고 점심에는 서비스도 주심. 파국물이 매우 시원하여 다른 우동집과 차별점이 있음. 엄마가 굉장히 좋아하셨다.
15092552,겐로쿠우동 건대직영점,건대,일식,3.8,121,,,"요즘처럼 쌀쌀한 날 저녁
뜨끈한 우동국물이 당기는 날에 제격
좁은 골목을 들어서 가다보면 가게가 눈에... 더보기"
15092552,겐로쿠우동 건대직영점,건대,일식,3.8,121,,,"맛있음.!! 
친절하지도 하지않지도 않음😶‍🌫️😶‍🌫️
운영시간이 아쉬움….."
15092552,겐로쿠우동 건대직영점,건대,일식,3.8,121,,,아...  이건 제가 알던 우동이 아니네요 이십다 시절 명동에서 먹어보고 최애 우동 집이었는데 밍밍하고 면이 왜케 끊어지죠?  우동면 진짜 잘못됐어요 사장님..  싱거우면 이야기해달라했는데 이미 면... 더보기
15092552,겐로쿠우동 건대직영점,건대,일식,3.8,121,,,두곱배기 시켜 먹었는데 다음엔 세곱배기로 먹어야겠습니다. 만원이라 가격이 부담스럽지도 않구요
15092552,겐로쿠우동 건대직영점,건대,일식,3.8,121,,,"홍대 본점과 전혀.. 다른 맛입니다..
저 겐로쿠 우동 진짜 좋아하는데..
너무 실... 더보기"
15092552,겐로쿠우동 건대직영점,건대,일식,3.8,121,,,"국물이 진하진 않고, 면발에 베이지않아 다소 밍밍.
가격, 양... 더보기"
15092552,겐로쿠우동 건대직영점,건대,일식,3.8,121,,,"생맥주 세 잔 다 검은 묵은 때가 둥둥 떠다녔어요
시키는 사람이 별로 없었는지..

그냥 먹으려다 한 모금 마실... 더보기"
15092552,겐로쿠우동 건대직영점,건대,일식,3.8,121,,,"브라질냉동닭에 면은 뚝뚝끊어지고 밀가루맛이 너무심해서
다시 끓여왔는데도 그대로라서 먹고 배탈날거같았던집
에지간하면 음식 안남기는데... 더보기"
15092552,겐로쿠우동 건대직영점,건대,일식,3.8,121,,,무단하다
15092552,겐로쿠우동 건대직영점,건대,일식,3.8,121,,,"면은 훌륭하나 3번 이상 리필시키기는 눈치보임

돈 500원~1000원 정도 더 받으셔도 좋으니 고모꾸메시 양좀 늘려주세용 ㅠ"
15092552,겐로쿠우동 건대직영점,건대,일식,3.8,121,,,"구운 대파향이 너무 좋음. 편식쟁이마저도 파를 먹게 만드는 향. 유부우동의 유부가 내가 기대했던 것과는 좀 달라서 아쉬웠지만, 곱빼기나 면 사리 추가 생각하면 가성비만큼은 압도적. 주변 골목이 담배존이라 가는 길이 조금 힘들다"
15092552,겐로쿠우동 건대직영점,건대,일식,3.8,121,,,"요새 약간 맛이 예전만 못하다???
그래도 맛은 있음~"
15092552,겐로쿠우동 건대직영점,건대,일식,3.8,121,,,"+ 추천: 1인 1메뉴 시 사리 무제한 가성비
- 비추천: 마트에서 파는 국물과 면.... 더보기"
15092552,겐로쿠우동 건대직영점,건대,일식,3.8,121,,,음... 면사리 무한추가는 좋은데 정작 면이 시중 면사리 느낌이고 국물도 너무 평범하네요. 가성비로 가는게 아니라면 별로 추천은 못해드립니다.
15092552,겐로쿠우동 건대직영점,건대,일식,3.8,121,,,진짜 걍 개쳐맛있어요 오픈 때 가길 잘함
15092552,겐로쿠우동 건대직영점,건대,일식,3.8,121,,,겐로쿠 우동 신촌 지점 사라진뒤로 넘나 슬펐는데 건대에 있어서 다행입니당! 겐로쿠 답게 테이블 수는 많지 않고 매장도 넓진 않은데 테이블이 넓어서 좋아요! 맛은 뭐.....     제가 돈주고 찾아먹는 유일한 우동이랄까....
15092552,겐로쿠우동 건대직영점,건대,일식,3.8,121,,,첫입은 생각했던 우동 맛이 아니라 어라라!? 했는데 먹다보니까 너무 맛있어서 파까지 씹어 먹음
15092552,겐로쿠우동 건대직영점,건대,일식,3.8,121,,,가성비
15092552,겐로쿠우동 건대직영점,건대,일식,3.8,121,,,분위기
15092552,겐로쿠우동 건대직영점,건대,일식,3.8,121,,,사진/영상 후기만 보기
15092552,겐로쿠우동 건대직영점,건대,일식,3.8,121,,,2026.04.03.
15092552,겐로쿠우동 건대직영점,건대,일식,3.8,121,,,2025.02.24.
15092552,겐로쿠우동 건대직영점,건대,일식,3.8,121,,,2024.10.14.
15092552,겐로쿠우동 건대직영점,건대,일식,3.8,121,,,2024.07.31.
15092552,겐로쿠우동 건대직영점,건대,일식,3.8,121,,,2022.12.04.
15092552,겐로쿠우동 건대직영점,건대,일식,3.8,121,,,2025.12.04.
15092552,겐로쿠우동 건대직영점,건대,일식,3.8,121,,,2025.09.27.
15092552,겐로쿠우동 건대직영점,건대,일식,3.8,121,,,2025.05.24.
15092552,겐로쿠우동 건대직영점,건대,일식,3.8,121,,,2025.01.12.
15092552,겐로쿠우동 건대직영점,건대,일식,3.8,121,,,2024.10.29.
15092552,겐로쿠우동 건대직영점,건대,일식,3.8,121,,,2024.08.25.
15092552,겐로쿠우동 건대직영점,건대,일식,3.8,121,,,2024.07.25.
15092552,겐로쿠우동 건대직영점,건대,일식,3.8,121,,,2024.06.26.
15092552,겐로쿠우동 건대직영점,건대,일식,3.8,121,,,2023.11.01.
15092552,겐로쿠우동 건대직영점,건대,일식,3.8,121,,,2023.09.15.
15092552,겐로쿠우동 건대직영점,건대,일식,3.8,121,,,2023.07.03.
15092552,겐로쿠우동 건대직영점,건대,일식,3.8,121,,,2022.12.24.
15092552,겐로쿠우동 건대직영점,건대,일식,3.8,121,,,2022.08.13.
15092552,겐로쿠우동 건대직영점,건대,일식,3.8,121,,,2022.03.21.
15092552,겐로쿠우동 건대직영점,건대,일식,3.8,121,,,2022.03.17.
798519975,멘츠루 어린이대공원점,건대,일식,4.4,340,,,"밥 상태 ㅋㅋ

그리고 기본적으로 자리 안내해주시기 전에 반찬 그릇이나 물이 충분한지 ... 더보기"
798519975,멘츠루 어린이대공원점,건대,일식,4.4,340,,,정진이 답사하여 먹수지리적으로 평범한 곳 (中)
798519975,멘츠루 어린이대공원점,건대,일식,4.4,340,,,그냥 매우 무난한 라멘가게입니다! 라멘을 많이 먹어보진 않았지만 저에겐 그냥 평균정도 하는 라멘 맛으로 느껴졌어요. 개인적으로는 차슈가 좀 아쉽네요.. ㅎㅎ
798519975,멘츠루 어린이대공원점,건대,일식,4.4,340,,,"그냥저냥 먹을만함 
매운쇼유라멘 먹었는데 딱 신라면 맵기정도"
798519975,멘츠루 어린이대공원점,건대,일식,4.4,340,,,"방금 잘 먹고와서 후기를 살펴봤는데
실망이네요ㅜ
리뷰 댓글 알바 쓰신거 너무 티나요
글쓴분들 프로필... 더보기"
798519975,멘츠루 어린이대공원점,건대,일식,4.4,340,,,흐따 이 집 재밌다잉
798519975,멘츠루 어린이대공원점,건대,일식,4.4,340,,,"기본은 하는 곳
먹어본 메뉴마다 실패가 없다
그리고 처음 먹었을 때 소유라멘이 상당히 맛이 좋았어서 인상이 깊게 ... 더보기"
798519975,멘츠루 어린이대공원점,건대,일식,4.4,340,,,"매운 쇼유라멘먹었는데 인공적인 매운 맛
매움에 가려진 간장 국물과 육수맛
매운 무국을 먹... 더보기"
798519975,멘츠루 어린이대공원점,건대,일식,4.4,340,,,"호르몬동 ❤️
대창 러버로써
간간하게 양념이 잘 베... 더보기"
798519975,멘츠루 어린이대공원점,건대,일식,4.4,340,,,곱창 들어있는게 좋았습니다. 다음엔 아부라소바 먹어봐야겠습니다 맛있네요
798519975,멘츠루 어린이대공원점,건대,일식,4.4,340,,,정말 맛있어 최고야
798519975,멘츠루 어린이대공원점,건대,일식,4.4,340,,,"시판용 육수 추측.
간단한 한끼하기 좋으나
그이상 퀄리티를 바라면 안됨."
798519975,멘츠루 어린이대공원점,건대,일식,4.4,340,,,"한국에서 살고 있는 일본사람입니다.
일본 라멘 그리워서 먹으러 왔는데 일단 들어가자마자 메뉴 보고 슬... 더보기"
798519975,멘츠루 어린이대공원점,건대,일식,4.4,340,,,"친절하시고 맛있네요, 현재 메뉴에 없는 신메뉴 정말 맛있어요!! 꼭 메뉴에 추가되었으면 좋겠습니다!"
798519975,멘츠루 어린이대공원점,건대,일식,4.4,340,,,그냥 무난함. 혼자 맥주한잔 하기 좋음
798519975,멘츠루 어린이대공원점,건대,일식,4.4,340,,,"여기 줄 서는 사람들 좀 불쌍함,,"
798519975,멘츠루 어린이대공원점,건대,일식,4.4,340,,,여기 혼자 앉는 곳은 부엌이랑 붙어있어서 설거지 냄새나서 밥 못먹겠어요
798519975,멘츠루 어린이대공원점,건대,일식,4.4,340,,,몹시 아쉬운 집. 특히 고기에서 뭔가 모를 싫은 냄새가 남.. 라면 국물도 많이 아쉬운 편. 주변 라멘집은 차고 넘쳐서 여기를 굳이...?! 덮밥류 뭐먹었더라.... 더보기
798519975,멘츠루 어린이대공원점,건대,일식,4.4,340,,,"리뷰 댓글 알바 ㅋ ㅋ
어떻게 모든 사람들이 사진도 없이 멘츠루 어린이대공원점... 더보기"
798519975,멘츠루 어린이대공원점,건대,일식,4.4,340,,,"국물 한 숟갈 먹자마자 진하다는 말이 딱 떠올랐어요
일본 라멘집 느낌?
면도 탱글해서 끝까지 맛있게 먹고 나왔습니다~"
798519975,멘츠루 어린이대공원점,건대,일식,4.4,340,,,분위기
798519975,멘츠루 어린이대공원점,건대,일식,4.4,340,,,가성비
798519975,멘츠루 어린이대공원점,건대,일식,4.4,340,,,사진/영상 후기만 보기
798519975,멘츠루 어린이대공원점,건대,일식,4.4,340,,,2026.04.12.
798519975,멘츠루 어린이대공원점,건대,일식,4.4,340,,,2026.01.11.
798519975,멘츠루 어린이대공원점,건대,일식,4.4,340,,,2025.12.21.
798519975,멘츠루 어린이대공원점,건대,일식,4.4,340,,,2025.10.22.
798519975,멘츠루 어린이대공원점,건대,일식,4.4,340,,,2025.10.16.
798519975,멘츠루 어린이대공원점,건대,일식,4.4,340,,,2025.08.27.
798519975,멘츠루 어린이대공원점,건대,일식,4.4,340,,,2025.07.24.
798519975,멘츠루 어린이대공원점,건대,일식,4.4,340,,,2025.02.07.
798519975,멘츠루 어린이대공원점,건대,일식,4.4,340,,,2024.11.27.
798519975,멘츠루 어린이대공원점,건대,일식,4.4,340,,,2025.10.30.
798519975,멘츠루 어린이대공원점,건대,일식,4.4,340,,,2025.06.12.
798519975,멘츠루 어린이대공원점,건대,일식,4.4,340,,,2025.04.13.
798519975,멘츠루 어린이대공원점,건대,일식,4.4,340,,,2025.02.08.
798519975,멘츠루 어린이대공원점,건대,일식,4.4,340,,,2024.12.03.
798519975,멘츠루 어린이대공원점,건대,일식,4.4,340,,,2026.04.05.
798519975,멘츠루 어린이대공원점,건대,일식,4.4,340,,,2026.04.04.
798519975,멘츠루 어린이대공원점,건대,일식,4.4,340,,,2026.04.03.
798519975,멘츠루 어린이대공원점,건대,일식,4.4,340,,,2026.03.19.
798519975,멘츠루 어린이대공원점,건대,일식,4.4,340,,,2025.12.22.
759662030,스시온기,건대,일식,4.7,86,,,와 초밥 튀김 서비스 전부 핵존맛 ㄷ ㄷ
759662030,스시온기,건대,일식,4.7,86,,,"적당한 가격에 간결하게 좋은 맛.

어린이대공원역 근처 스시집중 가장 좋은곳... 더보기"
759662030,스시온기,건대,일식,4.7,86,,,최고 근엄 맛집 ㅜㅜ
759662030,스시온기,건대,일식,4.7,86,,,"2인 세트먹었는데 진짜 맛있어씀
세트여서 마끼도나오고 새우랑 양파튀김 새우초밥... 더보기"
759662030,스시온기,건대,일식,4.7,86,,,"무난하게 맛있음 근데 건대에 초밥강자들이 꽤 있어서... 친절하심 가족,친구, 연인과 식사하기 좋음

초밥 전체적으로 뭔가 ... 더보기"
759662030,스시온기,건대,일식,4.7,86,,,"저녁에 밥 먹을 곳 찾다 우연히 들어간 곳인데 너무 맛있게 잘 먹고 왔습니다!! 우선 샤리가 정말정말 맛있고, 횟감 두께도 많이 다른 가게들에 비해 두꺼운 편이었어요!! 저는 또또 갈 거 같아요 ㅎㅎ 사장님 번창하세용🤤💗"
759662030,스시온기,건대,일식,4.7,86,,,"스시 엄청 신선하고 맛있어요!! 우동 양도 많이나오고 디저트도 진짜 맛있어요!!
가게도 너무 예뻐서 사진도 잘나오고! 직원분들도 엄청 친절합니다!"
759662030,스시온기,건대,일식,4.7,86,,,토요일 저녁 8시 반쯤? 갔습니다. 토욜 점심쯤에는 바글바글 한 집으로 알고 있는데 일단 저녁시간대가 좀 지났을대라 사람이 없어서 좋았구 매장이 넓직... 더보기
759662030,스시온기,건대,일식,4.7,86,,,양도 많고 서비스도 주시고.. 2인세트 먹었는데 진짜 배부르게 잘먹었어요!
759662030,스시온기,건대,일식,4.7,86,,,서비스 많고 맛있어서 좋았아요. 근데 음식 나올때까지 오래걸림..
759662030,스시온기,건대,일식,4.7,86,,,"20분 줄서고 일요일 점심 먹었는데 오픈한지 안됬고 후기가 좋아 줄 서는가봐요. 후기를 읽고 2인 세트를 시켰는데 그냥 스시만 특선 초밥으로 시킬걸 그랬어요. 보통 안먹는 타마고 스시, 익힌 새우.... 더보기"
759662030,스시온기,건대,일식,4.7,86,,,"샐러드 + 죽 + 모듬초밥 + 우동

리뷰 이벤트를 떠나서 가격 대비 구성과 생선 퀄리티가 훌륭합니다. 특히 저렴한 곳은 참... 더보기"
759662030,스시온기,건대,일식,4.7,86,,,"최근에 새로 생겼길래 가봤는데 여긴 찐맛집 인정입니다
2인세트 먹었는데 배터지게 먹고 맛도 정말 좋았습니다!"
759662030,스시온기,건대,일식,4.7,86,,,"그저 초밥의 GOAT 맛이 정말 좋음. 
식당 분위기도 너무 좋고 깔끔.
""정말 좋다""의 수식어가 어울리는 집"
759662030,스시온기,건대,일식,4.7,86,,,맛도 친절도 살면서 가본 수많은 국내 초밥집들 중 탑급이에요!!제가 보장합니다!!
759662030,스시온기,건대,일식,4.7,86,,,동가격대 초밥 중에 퀄리티 가장 나은듯. 디저트랑 서비스 초밥도 나옴
759662030,스시온기,건대,일식,4.7,86,,,"배달에서 쉐프의 손길이 느껴지는 경험을 할 수 있음
너무 맛있어서 깜놀
매장 꼭 가서 먹어보고 싶다는 생각이 절로 들만큼 퀄리티 맛 다 좋았다"
759662030,스시온기,건대,일식,4.7,86,,,너무맛있어요.... 쌰갈!!!
759662030,스시온기,건대,일식,4.7,86,,,"스페셜초밥 먹음. 맛있음.
밥양적게를 미리 안해서 밥 뜯어내서 죄송... 더보기"
759662030,스시온기,건대,일식,4.7,86,,,"와 진짜. . 인생 스시집 찾음 ㅜㅜ
배민으로 12번 시켜먹고
한결같이 맛있어서 매... 더보기"
759662030,스시온기,건대,일식,4.7,86,,,분위기
759662030,스시온기,건대,일식,4.7,86,,,가성비
759662030,스시온기,건대,일식,4.7,86,,,사진/영상 후기만 보기
759662030,스시온기,건대,일식,4.7,86,,,2026.04.30.
759662030,스시온기,건대,일식,4.7,86,,,2026.03.25.
759662030,스시온기,건대,일식,4.7,86,,,2026.02.16.
759662030,스시온기,건대,일식,4.7,86,,,2026.02.08.
759662030,스시온기,건대,일식,4.7,86,,,2025.12.29.
759662030,스시온기,건대,일식,4.7,86,,,2025.12.08.
759662030,스시온기,건대,일식,4.7,86,,,2025.11.29.
759662030,스시온기,건대,일식,4.7,86,,,2025.11.09.
759662030,스시온기,건대,일식,4.7,86,,,2025.11.07.
759662030,스시온기,건대,일식,4.7,86,,,2025.10.18.
759662030,스시온기,건대,일식,4.7,86,,,2025.09.21.
759662030,스시온기,건대,일식,4.7,86,,,2025.09.18.
759662030,스시온기,건대,일식,4.7,86,,,2025.07.27.
759662030,스시온기,건대,일식,4.7,86,,,2025.07.24.
759662030,스시온기,건대,일식,4.7,86,,,2026.04.17.
759662030,스시온기,건대,일식,4.7,86,,,2026.04.06.
759662030,스시온기,건대,일식,4.7,86,,,2026.04.04.
759662030,스시온기,건대,일식,4.7,86,,,2026.02.12.
759662030,스시온기,건대,일식,4.7,86,,,2026.01.05.
759662030,스시온기,건대,일식,4.7,86,,,2025.12.17.
341349377,고미돈까스,건대,일식,4.2,847,,,"추억의 경양식 돈가스집인데 가성비가 일단 최고에요! 모듬이랑 치즈돈가스 시켰는데 양 진짜 많아서 다 못먹었어요.. 기본 돈가스도 두툼하고, 스프나 밥도 무한으로 먹을 수 있어요! 대... 더보기"
341349377,고미돈까스,건대,일식,4.2,847,,,"아내가 블로거라서 방문하게 됐는데요 너무 맛있어서 후기 남겨요. 

I’m not the type of person that gives out reviews to just any place. But seriously this place is worth a visit. 고구마치즈 돈가스 really is som... 더보기"
341349377,고미돈까스,건대,일식,4.2,847,,,"지갑이 가볍고 배고픈 대학생들을 위한 맛집
그 이상 그 이하도 아니다"
341349377,고미돈까스,건대,일식,4.2,847,,,"고기가 두꺼운데 그만큼 튀김옷도 두꺼워요
맛은 있는데 금방 물려요. 남학생들이 환장할 것 같아요. 저는 여학생이라 그냥 그랬어요.
셀프라서 편하고 좋... 더보기"
341349377,고미돈까스,건대,일식,4.2,847,,,소스만 경양식이고 고기 두께는 일식이에요 왕푸짐..다만 스프나 밥은 음식 나올때 같이 담아줬으면 좋겠어요
341349377,고미돈까스,건대,일식,4.2,847,,,"양이 진짜 많고 맛있어요
갠취지만 건대에서 젤 맛있는 경양식 돈까스임
근데 친절하진 않음"
341349377,고미돈까스,건대,일식,4.2,847,,,매일 아침 신선한 재료로 직접 만든 정통 일본식 돈까스 맛집! 옛날 호텔 돈까스 느낌 그대로 살아있는 곳이에요... 더보기
341349377,고미돈까스,건대,일식,4.2,847,,,"고미돈까스 건대본점
건대맛집 / 어린이대공원맛집 / 돈까스맛집

 “맛있어서 또 온집… 고미돈까스 건대본... 더보기"
341349377,고미돈까스,건대,일식,4.2,847,,,양이 엄청 많아서 지립니다.  더블돈가스는 2인분으로 추정되는데요. 실수해서 혼자서 주문한다면 포장해서 집에서 냠냠하시는걸 추천해요!
341349377,고미돈까스,건대,일식,4.2,847,,,"2024. 3월 오후7시 방문 기준
건대상권 대비 갈 이유가 없는 곳...
키오스크+픽업+리턴하는거 셀프인 건 다른 가게들도 비슷하... 더보기"
341349377,고미돈까스,건대,일식,4.2,847,,,돈까스 어묵튀김 만두 잡곡밥 스프 맛집 인정입니다.
341349377,고미돈까스,건대,일식,4.2,847,,,가성비굿 진짜 존맛
341349377,고미돈까스,건대,일식,4.2,847,,,가성비
341349377,고미돈까스,건대,일식,4.2,847,,,분위기
341349377,고미돈까스,건대,일식,4.2,847,,,사진/영상 후기만 보기
341349377,고미돈까스,건대,일식,4.2,847,,,2026.04.18.
341349377,고미돈까스,건대,일식,4.2,847,,,2025.05.23.
341349377,고미돈까스,건대,일식,4.2,847,,,2024.11.07.
341349377,고미돈까스,건대,일식,4.2,847,,,2026.04.15.
341349377,고미돈까스,건대,일식,4.2,847,,,2026.02.16.
341349377,고미돈까스,건대,일식,4.2,847,,,2025.11.29.
341349377,고미돈까스,건대,일식,4.2,847,,,2025.10.16.
341349377,고미돈까스,건대,일식,4.2,847,,,2025.08.30.
341349377,고미돈까스,건대,일식,4.2,847,,,2025.02.17.
341349377,고미돈까스,건대,일식,4.2,847,,,2024.09.01.
341349377,고미돈까스,건대,일식,4.2,847,,,2025.01.05.
341349377,고미돈까스,건대,일식,4.2,847,,,2024.08.26.
341349377,고미돈까스,건대,일식,4.2,847,,,2024.08.19.
341349377,고미돈까스,건대,일식,4.2,847,,,2025.05.25.
335180419,동경규동 건대점,건대,일식,4,66,,,맛있고 가성비도 좋아요! 건대 오시면 한번씩 드셔보세용 추천!!👍👍👍👍👍👍
335180419,동경규동 건대점,건대,일식,4,66,,,가성비도 좋고 맛있어요!
335180419,동경규동 건대점,건대,일식,4,66,,,깔끔하고 맛있어요!
335180419,동경규동 건대점,건대,일식,4,66,,,깔끔하고 가격이 저렴한데 맛있어요
335180419,동경규동 건대점,건대,일식,4,66,,,"가성비 좋게 먹기 좋아용~ 
테이블 10개 정도 되고 혼밥 하기에 부담없는 분위기에용!!"
335180419,동경규동 건대점,건대,일식,4,66,,,"맛있어서 또 왔어요
잘먹었습니당
사장님 마니마니 번창하세요"
335180419,동경규동 건대점,건대,일식,4,66,,,"온센타마고 익힘수준;; 노른자가 아예 차가웠음
전체적인 양도 쥐꼬리고.. 등심돈까스+우동=12000
양상추는 저 돈까스 ... 더보기"
335180419,동경규동 건대점,건대,일식,4,66,,,"부타동 먹었는데 양파와 고추로 느끼한 맛을 딱 잡아줘서 맛있었습니다.
재방문 의사 있습니다"
335180419,동경규동 건대점,건대,일식,4,66,,,"정말 괜찮네요!
양도 가격도 적당합니다!"
335180419,동경규동 건대점,건대,일식,4,66,,,"직원분들도 너무 친절하고 가격도 저렴해서 가성비 좋게 배부르게 먹을 수 있었습니다. :)
마
메뉴... 더보기"
335180419,동경규동 건대점,건대,일식,4,66,,,"가성비 혼밥가능집. 
건대에서 가성비와 혼밥이 가능하다는 점에서, 높은 점수을 줄 수 있다. 그외에는 ...^^..."
335180419,동경규동 건대점,건대,일식,4,66,,,"메뉴 사진이랑 실제랑 비교해보세요
판단은 알아서
가면안되는 가게
맛있고 양많고 가성비라... 더보기"
335180419,동경규동 건대점,건대,일식,4,66,,,튀김도 바삭하고 맛있어요!
335180419,동경규동 건대점,건대,일식,4,66,,,"얼큰니쿠우동 먹었는데 일단 양 적음
얼큰이래서 기대했지만 그냥 고추기름 끼얹어주는거였음

그냥그냥 무난한 맛... 더보기"
335180419,동경규동 건대점,건대,일식,4,66,,,알던 가츠동 맛이에요. 음식은 빨리나와서 좋았어요.
335180419,동경규동 건대점,건대,일식,4,66,,,"규동 소고기가 너무 건조해요. 종잇장 같음. 아주 오래전에 요리한 걸 밥 위에 얹어 주는 건지… 알바들 떠드는 소리가 식당에서 제일 커요. 
요리 담당이 아니고 조리사들이 일하는 듯.. 하 특히나 ... 더보기"
335180419,동경규동 건대점,건대,일식,4,66,,,"인사를 잘하자 

바쁜것도아니고 퇴식구에 친절히 넣어주고 있는데 옆에서 핸드폰을 쳐 하고 있으시면 어떻게합... 더보기"
335180419,동경규동 건대점,건대,일식,4,66,,,"리뉴얼 전엔 건대에서 믿고가는 맛집이었는데... 조리법이 싹 바뀐건지.... 메뉴들도 달라졌더라고요
리뉴얼 후 한번가보고 재방문의사 없음.. 아쉽습니다"
335180419,동경규동 건대점,건대,일식,4,66,,,가성비
335180419,동경규동 건대점,건대,일식,4,66,,,분위기
335180419,동경규동 건대점,건대,일식,4,66,,,사진/영상 후기만 보기
335180419,동경규동 건대점,건대,일식,4,66,,,2026.03.19.
335180419,동경규동 건대점,건대,일식,4,66,,,2026.03.04.
335180419,동경규동 건대점,건대,일식,4,66,,,2026.02.10.
335180419,동경규동 건대점,건대,일식,4,66,,,2026.01.16.
335180419,동경규동 건대점,건대,일식,4,66,,,2025.10.11.
335180419,동경규동 건대점,건대,일식,4,66,,,2025.10.07.
335180419,동경규동 건대점,건대,일식,4,66,,,2024.04.05.
335180419,동경규동 건대점,건대,일식,4,66,,,2023.08.03.
335180419,동경규동 건대점,건대,일식,4,66,,,2022.10.20.
335180419,동경규동 건대점,건대,일식,4,66,,,2026.02.15.
335180419,동경규동 건대점,건대,일식,4,66,,,2025.07.12.
335180419,동경규동 건대점,건대,일식,4,66,,,2025.02.06.
335180419,동경규동 건대점,건대,일식,4,66,,,2024.01.15.
335180419,동경규동 건대점,건대,일식,4,66,,,2022.09.10.
335180419,동경규동 건대점,건대,일식,4,66,,,2022.08.09.
335180419,동경규동 건대점,건대,일식,4,66,,,2019.11.11.
335180419,동경규동 건대점,건대,일식,4,66,,,2026.02.07.
335180419,동경규동 건대점,건대,일식,4,66,,,2025.10.26.
335180419,동경규동 건대점,건대,일식,4,66,,,2025.10.03.
251280950,강경수참치,건대,일식,3.9,37,,,대단한 코스 구성은 아니지만 가성비가 매우 좋아요
251280950,강경수참치,건대,일식,3.9,37,,,"맛 ☆☆
가격 분위기 ☆☆☆
친절 ☆☆☆

일단참치가 좋... 더보기"
251280950,강경수참치,건대,일식,3.9,37,,,3년째 단골 이 가격에 여기만한 곳 없다 진짜로
251280950,강경수참치,건대,일식,3.9,37,,,"갓경수 인정합니다.
1. 참치 퀄리티는 진짜 최최최상(사진빨을 못받네요 ㅠ)
2. 적절한... 더보기"
251280950,강경수참치,건대,일식,3.9,37,,,술이 술술술
251280950,강경수참치,건대,일식,3.9,37,,,"평소에 얼마나 맛이 없으면 김에 싸서 참기름을 찍어먹냐고 했었는데, 참치 맛있다는거 처음 알았어요.
사장님 혼자... 더보기"
251280950,강경수참치,건대,일식,3.9,37,,,"건대 참치집
메뉴는 하나 > 인당 35,000
참치회 배부를때까지. 테이블보고 떨어졌다 싶으면 계속 썰어서... 더보기"
251280950,강경수참치,건대,일식,3.9,37,,,분위기는 좋아요
251280950,강경수참치,건대,일식,3.9,37,,,예전같지않게 고기도 찔끔찔끔? 주시면서 부위도 많이 약하고… 얇기는 왜케 얇은지… 사장님이 바뀌신건가? 여러모로 많이 아쉬웠습니다~  그냥 새우 맛집인걸로~
251280950,강경수참치,건대,일식,3.9,37,,,대화하면서 회포 풀기 좋더라고요. 두번 정도 갔는게 부족함 없는 식사였어요.
251280950,강경수참치,건대,일식,3.9,37,,,전에 비해 고기를 찔끔찔끔 주며 부위도 많이 약해짐
251280950,강경수참치,건대,일식,3.9,37,,,안 알려졌으면 좋겠음
251280950,강경수참치,건대,일식,3.9,37,,,깔끔하게 잘 나옵니다
251280950,강경수참치,건대,일식,3.9,37,,,"1인업장

느림
마구로 퀄... 더보기"
251280950,강경수참치,건대,일식,3.9,37,,,건대에서 참치먹기 좋은 곳
251280950,강경수참치,건대,일식,3.9,37,,,진짜 맛있어요!! 양도 엄청 많구 좋은데 참치 특성상 많이 못먹겠움
251280950,강경수참치,건대,일식,3.9,37,,,가격이 별로 착하지 않아요! 이근처 자양동 선남씨가면 여기의 반 값에 더 다양하게 더 배불르게 먹어요.
251280950,강경수참치,건대,일식,3.9,37,,,퀄리티가 너무 좋음 너무 만족스러움 너무 맛있음!!!!!
251280950,강경수참치,건대,일식,3.9,37,,,소주 및 맥주 5000원
251280950,강경수참치,건대,일식,3.9,37,,,"하루 딱 5테이블만 받기위해 적당량만 해동시키고 음식을 준비하는 사장님 마인드도 좋고
나오는 부위가 확실히 ... 더보기"
251280950,강경수참치,건대,일식,3.9,37,,,가성비
251280950,강경수참치,건대,일식,3.9,37,,,분위기
251280950,강경수참치,건대,일식,3.9,37,,,사진/영상 후기만 보기
251280950,강경수참치,건대,일식,3.9,37,,,2025.06.11.
251280950,강경수참치,건대,일식,3.9,37,,,2024.12.28.
251280950,강경수참치,건대,일식,3.9,37,,,2022.01.12.
251280950,강경수참치,건대,일식,3.9,37,,,2021.12.10.
251280950,강경수참치,건대,일식,3.9,37,,,2021.09.18.
251280950,강경수참치,건대,일식,3.9,37,,,2020.05.11.
251280950,강경수참치,건대,일식,3.9,37,,,2018.06.16.
251280950,강경수참치,건대,일식,3.9,37,,,2025.12.02.
251280950,강경수참치,건대,일식,3.9,37,,,2025.11.25.
251280950,강경수참치,건대,일식,3.9,37,,,2025.07.22.
251280950,강경수참치,건대,일식,3.9,37,,,2025.05.27.
251280950,강경수참치,건대,일식,3.9,37,,,2025.05.11.
251280950,강경수참치,건대,일식,3.9,37,,,2024.12.19.
251280950,강경수참치,건대,일식,3.9,37,,,2023.10.13.
251280950,강경수참치,건대,일식,3.9,37,,,2023.09.28.
251280950,강경수참치,건대,일식,3.9,37,,,2023.09.03.
251280950,강경수참치,건대,일식,3.9,37,,,2023.08.25.
251280950,강경수참치,건대,일식,3.9,37,,,2023.05.25.
251280950,강경수참치,건대,일식,3.9,37,,,2022.07.20.
251280950,강경수참치,건대,일식,3.9,37,,,2021.07.31.
1176716498,난바다스시 구의본점,건대,일식,3.6,167,,,"가성비 최고의 식당. 횟감들이 전부 신선, 달고 쫄깃함."
1176716498,난바다스시 구의본점,건대,일식,3.6,167,,,"가성비 회전초밥입니당
맛은 무난해요"
1176716498,난바다스시 구의본점,건대,일식,3.6,167,,,새우를 좋아하시는분들이라면 추천…  도마위에 개인 물품 올리는건 비위생적 아닐가요.?
1176716498,난바다스시 구의본점,건대,일식,3.6,167,,,"가성비 굿 종류는 뭔가 엄청 다양하지는 않은것같고,,맛도 무난해여"
1176716498,난바다스시 구의본점,건대,일식,3.6,167,,,가격대비 맛있습니다 아주 다양하지는 않으나 이정도면 만족했습니다
1176716498,난바다스시 구의본점,건대,일식,3.6,167,,,"미카도스시에서 난바다스시로 상호명이 바뀌었네요
이전 미카도스시를 가보지는 못했지만
제가 가본 이곳은 ... 더보기"
1176716498,난바다스시 구의본점,건대,일식,3.6,167,,,"힘든시기에 어렵게 영업중인거, 항상 보며 지나가다 몇번 저녁 해결하러 들렀다. 업체 컨셉인거 이해는 하는데, 이럴거면 그냥 전부 다 가격 좀 올렸으면 좋겠다. 아님 몇가지만 비싸게 팔던가. 사실 싼것도 아니다. 배불리 먹... 더보기"
1176716498,난바다스시 구의본점,건대,일식,3.6,167,,,"맛있고 가성비 짱이에여 ㅋㅋㅋㅋㅋㅋ 배불렁 ㅠㅠ 혼자 자주 와야겠어용....
배가 너무 불러요 더먹고싶은데....☆☆☆ 번창하세요오~~~~"
1176716498,난바다스시 구의본점,건대,일식,3.6,167,,,"개 존맛 
밑에 별점 진짜 왜저런데요"
1176716498,난바다스시 구의본점,건대,일식,3.6,167,,,"전 가성비 넘 별로. 
신선도도 떨어지고 맛도 없어서 몇 점 안먹고 나왔어요. 비추."
1176716498,난바다스시 구의본점,건대,일식,3.6,167,,,돈아까움
1176716498,난바다스시 구의본점,건대,일식,3.6,167,,,"요즘 물가생각하면 가성비가 굿~ 묵은지활어 맛있어요 혼밥하기 좋고 시간대 잘맞추면 안붐비고 좋음
직원분들 항상 친절하세요 잘먹구 갑니다!"
1176716498,난바다스시 구의본점,건대,일식,3.6,167,,,부담없는 가격이라 초밥좋아하는 사람은 한번씩 들리기 좋은곳 혼자가도 편히먹고 나올수있어서 좋습니다 종류도 다양하고 맛도있고 가성비도 있는곳
1176716498,난바다스시 구의본점,건대,일식,3.6,167,,,"하 남자직원들 불친절 사과도안함
외국직원들 시키지도 않은거줌 실수가 잦음
주변에 초... 더보기"
1176716498,난바다스시 구의본점,건대,일식,3.6,167,,,"맛:⭐️⭐️⭐️⭐️
크기:⭐️⭐️⭐️⭐️⭐️
위생:⭐️⭐️⭐️⭐️
진짜 저 웬만하면 리뷰 안남기는데 처음으로 이득없이 많은 분이 가셨으면 좋겠어... 더보기"
1176716498,난바다스시 구의본점,건대,일식,3.6,167,,,"초밥의 맛과 신선도도 괜찮고, 무엇보다도 가성비가 정말 좋아서 종종 올 것 같아요. 개인적으로 밥이 적게 들어간 초밥을 선호하고 양이 적은 편이라 더 만족스럽네요."
1176716498,난바다스시 구의본점,건대,일식,3.6,167,,,"맛은 안 먹어봐서 모르겠구요. 
여기 사장님이 알바생 당일 해고하고 일한 수당도 안 줍니다. 수당 달라고 요청해도 계속 안주고 알겠다... 더보기"
1176716498,난바다스시 구의본점,건대,일식,3.6,167,,,시간대 잘 맞춰가면 여러 종류를 가성비 있게 먹을 수 있어요 ! 개별 주문도 잘 받아주십니다 ~~~
1176716498,난바다스시 구의본점,건대,일식,3.6,167,,,가성비 쵝오.
1176716498,난바다스시 구의본점,건대,일식,3.6,167,,,가성비 좋음
1176716498,난바다스시 구의본점,건대,일식,3.6,167,,,가성비
1176716498,난바다스시 구의본점,건대,일식,3.6,167,,,분위기
1176716498,난바다스시 구의본점,건대,일식,3.6,167,,,사진/영상 후기만 보기
1176716498,난바다스시 구의본점,건대,일식,3.6,167,,,2026.04.24.
1176716498,난바다스시 구의본점,건대,일식,3.6,167,,,2025.11.26.
1176716498,난바다스시 구의본점,건대,일식,3.6,167,,,2024.02.12.
1176716498,난바다스시 구의본점,건대,일식,3.6,167,,,2025.12.22.
1176716498,난바다스시 구의본점,건대,일식,3.6,167,,,2025.06.05.
1176716498,난바다스시 구의본점,건대,일식,3.6,167,,,2020.11.01.
1176716498,난바다스시 구의본점,건대,일식,3.6,167,,,2020.10.17.
1176716498,난바다스시 구의본점,건대,일식,3.6,167,,,2020.10.04.
1176716498,난바다스시 구의본점,건대,일식,3.6,167,,,2020.04.16.
1176716498,난바다스시 구의본점,건대,일식,3.6,167,,,2026.03.23.
1176716498,난바다스시 구의본점,건대,일식,3.6,167,,,2025.10.19.
1176716498,난바다스시 구의본점,건대,일식,3.6,167,,,2025.08.05.
1176716498,난바다스시 구의본점,건대,일식,3.6,167,,,2025.08.04.
1176716498,난바다스시 구의본점,건대,일식,3.6,167,,,2025.07.30.
1176716498,난바다스시 구의본점,건대,일식,3.6,167,,,2025.07.24.
1176716498,난바다스시 구의본점,건대,일식,3.6,167,,,2025.04.07.
1176716498,난바다스시 구의본점,건대,일식,3.6,167,,,2024.11.25.
1176716498,난바다스시 구의본점,건대,일식,3.6,167,,,2024.08.30.
1176716498,난바다스시 구의본점,건대,일식,3.6,167,,,2024.08.08.
1176716498,난바다스시 구의본점,건대,일식,3.6,167,,,2024.07.01.
917132114,긴자료코 건대점,건대,일식,3.3,181,,,"음식의 퀄리티와 가격, 양 모두 만족스럽고 부담 없이 즐길 수 있는 점은 분명 장점입니다. 하지만 가게 운영 방식에 있어 개선이 필요하다고 느껴지는 부분이 있... 더보기"
917132114,긴자료코 건대점,건대,일식,3.3,181,,,사케동 맛도 그냥 뭐 .. 맛있진 않구요 우선 제일 불편했던건 직원들이었습니다 큰 소리로 같은 곳 근무하시는 다른 직원 욕을 하고 불편사항을 말하시던데 그런건 뒤에서 조용히 하세요 왜 편하게 식사... 더보기
917132114,긴자료코 건대점,건대,일식,3.3,181,,,"함박스테이크는 나쁘지 않았지만, 가라아게는 사용된 기름이 오래된 듯 탄맛과 느끼함이 조금 느껴졌습니다. 특별히 찾아갈 정도는 아니지만, 지나가다 연어덮밥이 갑자기 당길 때 가볍게 들르기엔 무난한 곳입니다."
917132114,긴자료코 건대점,건대,일식,3.3,181,,,맛있어요! 양도 많아서 배부르게 먹었네요
917132114,긴자료코 건대점,건대,일식,3.3,181,,,"저녁시간에 방문
사람들이 많아서 좁은 가게에 만석입니다
규동 특 주문하였고 맛은 평범합니다
하지만 양이 두배라던... 더보기"
917132114,긴자료코 건대점,건대,일식,3.3,181,,,"음식 다 안먹었는데 그릇 치우는건 무슨상황이죠?
 밑반찬 뜨러 간 사이에 그릇을 치우는 황당한 ... 더보기"
917132114,긴자료코 건대점,건대,일식,3.3,181,,,Very yummy and lots of of food in one serving! i will definitely come back~~
917132114,긴자료코 건대점,건대,일식,3.3,181,,,양도 많고 사진도 잘나오게 조명도 좋아요♥️
917132114,긴자료코 건대점,건대,일식,3.3,181,,,"돈까스, 함박스테이크 둘 다 맛있어요
자리가 협소해서 아쉽긴한데 감안할만 함"
917132114,긴자료코 건대점,건대,일식,3.3,181,,,사람이 많아서 좀 일찍 가야하긴 하지만 돈까스가 아주 맛있습니다ㅎㅎ 음식도 빨리 나와서 좋아요 다음엔 다른 메뉴도 먹어보고 싶네요
917132114,긴자료코 건대점,건대,일식,3.3,181,,,"특별한 맛 없음... +연어덮밥 맛없음
일본식 컨셉에 잡아 먹히는 느낌"
917132114,긴자료코 건대점,건대,일식,3.3,181,,,돈까스
917132114,긴자료코 건대점,건대,일식,3.3,181,,,소소합니다. 그래도 돈까스 덮밥 메뉴들은 굿입니다.
917132114,긴자료코 건대점,건대,일식,3.3,181,,,점심시간에는 사람이 좀 많긴한데 데미그라스 돈가스 맛있었어요~ 양이 많은편이라 양 많은사람들이 좋아하실듯요
917132114,긴자료코 건대점,건대,일식,3.3,181,,,"함박+돈가스 1.5인분으로 시켰는데, 두께나 잘린 결이 너무 달라요! 그래서 맛있게 먹은 부위도 있고, 맛없게 먹은 부위도 있어요ㅠㅠ
하지만 소스는 여전히 맛있으니까 별 세 개 드려요!"
917132114,긴자료코 건대점,건대,일식,3.3,181,,,"돈까스 정말 최고예요!! 원래도 돈까스를 좋아하는 편이긴한데, 긴자료코의 데미그라스소스 돈까스는 정말 최고입니다! 무료로 사이즈 업도 되어서 더 좋아요."
917132114,긴자료코 건대점,건대,일식,3.3,181,,,"친절하고 맛있습니다 
옆에분 나가시니 음식 다 비우셨는데 확인하셔서 
오~~했어요"
917132114,긴자료코 건대점,건대,일식,3.3,181,,,"토요일 기대를 하고 방문했습니다. 
데미그라스돈가스세트 1.5인분과
명란크림우동 1.5인분을 시켰습니다. 
대... 더보기"
917132114,긴자료코 건대점,건대,일식,3.3,181,,,"건대의 유명한 푸드파이터 판독기
아ㅋㅋ 이걸 어떻게 다 먹냐고 (다 먹음)"
917132114,긴자료코 건대점,건대,일식,3.3,181,,,"자극적이고 첫입이 맛있지만 먹다보면 질려서 다 먹기 힘듦
+ 기본으로 1.5인분 시켜도 양이 좀 적은듯"
917132114,긴자료코 건대점,건대,일식,3.3,181,,,가성비
917132114,긴자료코 건대점,건대,일식,3.3,181,,,분위기
917132114,긴자료코 건대점,건대,일식,3.3,181,,,사진/영상 후기만 보기
917132114,긴자료코 건대점,건대,일식,3.3,181,,,2026.02.16.
917132114,긴자료코 건대점,건대,일식,3.3,181,,,2026.01.03.
917132114,긴자료코 건대점,건대,일식,3.3,181,,,2025.11.01.
917132114,긴자료코 건대점,건대,일식,3.3,181,,,2025.01.22.
917132114,긴자료코 건대점,건대,일식,3.3,181,,,2024.10.07.
917132114,긴자료코 건대점,건대,일식,3.3,181,,,2024.04.28.
917132114,긴자료코 건대점,건대,일식,3.3,181,,,2024.04.11.
917132114,긴자료코 건대점,건대,일식,3.3,181,,,2023.12.23.
917132114,긴자료코 건대점,건대,일식,3.3,181,,,2023.08.05.
917132114,긴자료코 건대점,건대,일식,3.3,181,,,2023.07.30.
917132114,긴자료코 건대점,건대,일식,3.3,181,,,2023.07.10.
917132114,긴자료코 건대점,건대,일식,3.3,181,,,2023.05.23.
917132114,긴자료코 건대점,건대,일식,3.3,181,,,2023.05.15.
917132114,긴자료코 건대점,건대,일식,3.3,181,,,2023.04.15.
917132114,긴자료코 건대점,건대,일식,3.3,181,,,2025.02.25.
917132114,긴자료코 건대점,건대,일식,3.3,181,,,2024.01.25.
917132114,긴자료코 건대점,건대,일식,3.3,181,,,2024.01.21.
917132114,긴자료코 건대점,건대,일식,3.3,181,,,2023.09.17.
917132114,긴자료코 건대점,건대,일식,3.3,181,,,2023.08.28.
917132114,긴자료코 건대점,건대,일식,3.3,181,,,2026.04.07.
1026281815,하이디라오 건대점,건대,중식,4.2,941,,,"괜찮았지만 재방문은 없을 것 같은 하이디라오.
시켜먹을 수 있는 재료도 많고 소스바도 좋지만 괜찮... 더보기"
1026281815,하이디라오 건대점,건대,중식,4.2,941,,,소스바가 작아서 사람 좀만 모여도 너무 붐벼요 근데 직원분들 적당히 친절하셔서 좋음!! 과하면 좀 부담스러워서
1026281815,하이디라오 건대점,건대,중식,4.2,941,,,친절하고 맛있습니다! 최고
1026281815,하이디라오 건대점,건대,중식,4.2,941,,,"아니 하이디라오 진짜 여러집 뿌시고다니는데
여기 고기질이 너무별로임ㅜㅜ 차돌박이가 마치 돼지같았어여..(뼈도있었음 진짜 돼지였던가)"
1026281815,하이디라오 건대점,건대,중식,4.2,941,,,"직원분들 항상친절하시네요
청유마라훠거,소기름훠거,셀프바,오리창자,양고기,밥,죽순,항정살,제로콜라,더티초코 꽃빵,유탸오 주문했... 더보기"
1026281815,하이디라오 건대점,건대,중식,4.2,941,,,직원분들 굉장히 친절바리 나이스바리
1026281815,하이디라오 건대점,건대,중식,4.2,941,,,"진짜 하이디라오 말해뭐해..
웨이팅 좀 있는거 감수하고 가셔야 합니당"
1026281815,하이디라오 건대점,건대,중식,4.2,941,,,예약을 안하고 캐치테이블로 대기걸어 먹는바람에 애매한 점심시간인데도 불구하고 꽤 오래 기다렸지만 직원분들도 친절하신편이고 가게도 쾌적하고 훠궈는 당연히 맛있었다
1026281815,하이디라오 건대점,건대,중식,4.2,941,,,"건대가 제일 맛있음
근데 직원 복불복도 제일 심함"
1026281815,하이디라오 건대점,건대,중식,4.2,941,,,맛있어요 매장도 깔끔합니다! 친절해요. 다만 둘이서 가니 가격대가 좀 나와서 가성비가 떨어집니다.. 캐치테이블로 예약 미리하거나 전화로 예약하고 가세요
1026281815,하이디라오 건대점,건대,중식,4.2,941,,,"맛 : 상
가성비 : 하
친절도 : 최상"
1026281815,하이디라오 건대점,건대,중식,4.2,941,,,"중국 1위 훠궈집은 어마어마해요 
1층은 웨이팅 동안 네일아트도 해줌..... 더보기"
1026281815,하이디라오 건대점,건대,중식,4.2,941,,,"리뉴얼되고 더 맛있어짐!!🤤
할인이벤트 많이해주세요!!"
1026281815,하이디라오 건대점,건대,중식,4.2,941,,,분위기
1026281815,하이디라오 건대점,건대,중식,4.2,941,,,사진/영상 후기만 보기
1026281815,하이디라오 건대점,건대,중식,4.2,941,,,2026.04.29.
1026281815,하이디라오 건대점,건대,중식,4.2,941,,,2026.02.15.
1026281815,하이디라오 건대점,건대,중식,4.2,941,,,2026.02.14.
1026281815,하이디라오 건대점,건대,중식,4.2,941,,,2026.01.14.
1026281815,하이디라오 건대점,건대,중식,4.2,941,,,2026.01.09.
1026281815,하이디라오 건대점,건대,중식,4.2,941,,,2025.12.19.
1026281815,하이디라오 건대점,건대,중식,4.2,941,,,2025.11.16.
1026281815,하이디라오 건대점,건대,중식,4.2,941,,,2025.11.05.
1026281815,하이디라오 건대점,건대,중식,4.2,941,,,2025.11.04.
1026281815,하이디라오 건대점,건대,중식,4.2,941,,,2025.10.22.
1026281815,하이디라오 건대점,건대,중식,4.2,941,,,2025.10.20.
1026281815,하이디라오 건대점,건대,중식,4.2,941,,,2025.10.12.
1026281815,하이디라오 건대점,건대,중식,4.2,941,,,2025.10.04.
1026281815,하이디라오 건대점,건대,중식,4.2,941,,,2025.10.02.
1026281815,하이디라오 건대점,건대,중식,4.2,941,,,2025.09.25.
1026281815,하이디라오 건대점,건대,중식,4.2,941,,,2025.08.28.
1026281815,하이디라오 건대점,건대,중식,4.2,941,,,2025.07.14.
1026281815,하이디라오 건대점,건대,중식,4.2,941,,,2025.06.07.
1026281815,하이디라오 건대점,건대,중식,4.2,941,,,2025.05.17.
610799971,송화산시도삭면 2호점,건대,중식,4.2,983,,,"26.01 재방문
가게를 옮긴 듯? 넓어진건 좋은데.. 짜사이가 원래 이렇게 달았나? 육향어슬도 많이 달고 꿔바로우도 간이 안 됨 ㅠㅠ 다른 메뉴 기... 더보기"
610799971,송화산시도삭면 2호점,건대,중식,4.2,983,,,바쁜 점심보다 늦은 저녁 고량주 한잔 치기 좋읍니다.
610799971,송화산시도삭면 2호점,건대,중식,4.2,983,,,도삭면은 별로... 딤섬이랑 꿔바로우는 맛있어요~ 근데 웨이팅까지 하면서 갈 정돈 아닙니다...
610799971,송화산시도삭면 2호점,건대,중식,4.2,983,,,"야채볶음 도삭면에 계란 추가해서 먹으니 👍
라즈지도 술을 부르는 맛도리(맵찔이한테 살짝 매울 수 있음)"
610799971,송화산시도삭면 2호점,건대,중식,4.2,983,,,"웨이팅이 길어 표정 관리가 안 됐지만
음식이 입에 들어가니 텐션이 180도 달라짐.
면발이 쫄깃해서 너무... 더보기"
610799971,송화산시도삭면 2호점,건대,중식,4.2,983,,,"대기시스템 불편함있지만
건대에 간다면
도삭면+꿔바로우 조합 꼭 드셔보세요 🤤"
610799971,송화산시도삭면 2호점,건대,중식,4.2,983,,,매우 신남 매우 맛남 매우 칭찬
610799971,송화산시도삭면 2호점,건대,중식,4.2,983,,,"딤섬은 맛있지만
도삭면은 진짜 내스탈아님

밀가루맛+다... 더보기"
610799971,송화산시도삭면 2호점,건대,중식,4.2,983,,,고수에 눈을 뜨게 해준 집. 느끼하고 자극적인 도삭면에 고수가 잘 어울린다. 앞치마는 필수!
610799971,송화산시도삭면 2호점,건대,중식,4.2,983,,,고소한 육즙이 인상적인 소룡포와 바삭한 식감이 살아있는 튀김류
610799971,송화산시도삭면 2호점,건대,중식,4.2,983,,,"도삭면 가지튀김 소룡포 맛있어욤
웨이팅하면서 재방문할 정도는 아님"
610799971,송화산시도삭면 2호점,건대,중식,4.2,983,,,기대를 너무했나
610799971,송화산시도삭면 2호점,건대,중식,4.2,983,,,"도삭면이랑 가지튀김, 샤오롱바오 맛있고 저렴해서 좋네요."
610799971,송화산시도삭면 2호점,건대,중식,4.2,983,,,도삭면 가지튀김 존맛.. 갠적으로 도삭면은 마라맛이 더 났음 좋겠고 가지튀김은 튀김옷 더 두꺼웠음 조켔음 어쨋든 존맛 또 오고싶음 (화요일 저녁7시쯤 갔는데 1시간 웨이팅 ㅠ 본점이 안열어서 2호점에 몰린듯)
610799971,송화산시도삭면 2호점,건대,중식,4.2,983,,,오리지널 먹어봤는데.. 재밌게 먹고감
610799971,송화산시도삭면 2호점,건대,중식,4.2,983,,,가성비
610799971,송화산시도삭면 2호점,건대,중식,4.2,983,,,분위기
610799971,송화산시도삭면 2호점,건대,중식,4.2,983,,,사진/영상 후기만 보기
610799971,송화산시도삭면 2호점,건대,중식,4.2,983,,,2026.03.30.
610799971,송화산시도삭면 2호점,건대,중식,4.2,983,,,2026.03.25.
610799971,송화산시도삭면 2호점,건대,중식,4.2,983,,,2026.03.09.
610799971,송화산시도삭면 2호점,건대,중식,4.2,983,,,2026.02.11.
610799971,송화산시도삭면 2호점,건대,중식,4.2,983,,,2026.02.03.
610799971,송화산시도삭면 2호점,건대,중식,4.2,983,,,2026.02.02.
610799971,송화산시도삭면 2호점,건대,중식,4.2,983,,,2026.01.20.
610799971,송화산시도삭면 2호점,건대,중식,4.2,983,,,2026.01.01.
610799971,송화산시도삭면 2호점,건대,중식,4.2,983,,,2025.09.28.
610799971,송화산시도삭면 2호점,건대,중식,4.2,983,,,2025.08.30.
610799971,송화산시도삭면 2호점,건대,중식,4.2,983,,,2025.08.03.
610799971,송화산시도삭면 2호점,건대,중식,4.2,983,,,2025.05.30.
610799971,송화산시도삭면 2호점,건대,중식,4.2,983,,,2025.05.28.
610799971,송화산시도삭면 2호점,건대,중식,4.2,983,,,2025.05.22.
610799971,송화산시도삭면 2호점,건대,중식,4.2,983,,,2025.05.05.
610799971,송화산시도삭면 2호점,건대,중식,4.2,983,,,2025.05.03.
610799971,송화산시도삭면 2호점,건대,중식,4.2,983,,,2025.03.12.
610799971,송화산시도삭면 2호점,건대,중식,4.2,983,,,2025.03.02.
610799971,송화산시도삭면 2호점,건대,중식,4.2,983,,,2025.02.25.
610799971,송화산시도삭면 2호점,건대,중식,4.2,983,,,2025.02.18.
7971958,시옌 건대점,건대,중식,4,66,,,"일단 중문과 굉장히 가까워서 좋음
가게에 들어가면 정말 중국 현지 음식점 어딘가에 도착한 느낌
그리고 음식도 깔끔하게 나오는데 가... 더보기"
7971958,시옌 건대점,건대,중식,4,66,,,간짜장을 먹었는데 소스 따로 내놓기만 하는 방식이 아니라 물기없이 볶은 정통 간짜장이라 맛있었어요ㅎㅎ
7971958,시옌 건대점,건대,중식,4,66,,,깨끗하고 탕수육 맛있게 먹고 왔어요
7971958,시옌 건대점,건대,중식,4,66,,,사장님과 배다른 모자 관계를 맺은 단골입니다. 식사 메뉴 전부 다 먹어보았습니다. 다 맛있어요(진짜임)
7971958,시옌 건대점,건대,중식,4,66,,,"가성비 좋은 고급 중식당
식사 메뉴만 시켜도 충분히 맛있다
점심 피크시간에는 웨이팅이 있을수 ... 더보기"
7971958,시옌 건대점,건대,중식,4,66,,,"양도 많고 맛도 좋고 무엇보다 서비스 최고예요
짬뽕 짜장 가운데 놔주세요 했더니
그름에 가위에 국자에 미리 챙겨주시고 엄청 친절하시네요
고추... 더보기"
7971958,시옌 건대점,건대,중식,4,66,,,"종업원 불친절, 손님이 주문하는데 끼어들어서 이것이 좋다고 추천해서 주문했더니 가격이 아주 비싸고 맛은 그저그랬음. 가지요리도 비싸기만 하고 맛은 별로. 3인이 가서 요리2개에 연태고량주(중... 더보기"
7971958,시옌 건대점,건대,중식,4,66,,,"딱 교수님들 오는 중국집 느낌 ㅋㅋㅋㅋ 삼선짜장, 찹쌀탕수육, 마파두부밥 이렇게 시켰는데 다 좋았고 특히 계란국이 정말 맛있었습니다!"
7971958,시옌 건대점,건대,중식,4,66,,,"사진은 고추간짜장 곱빼기와 차돌짬뽕 기본 입니다.
고추간짜장이 유명해서 먹었는데 갠인적으로 좋아하는 맛입니다. 간짜장의 느끼함을 고추가 잡아주는데 짜장을 먹다... 더보기"
7971958,시옌 건대점,건대,중식,4,66,,,"맛이 들쭉날쭉해서 너무 아쉬움.. 
처음 갔을 때 먹었던 고추간짜장의 맛이 그리운데 그 다음엔 그 맛이 아니었음 ㅠㅠ 4번정도 갔는데 2번 성공한 맛.."
7971958,시옌 건대점,건대,중식,4,66,,,곱배기아닌데 양이 많고 맛있고 서비스도 좋아요!
7971958,시옌 건대점,건대,중식,4,66,,,"23.7.22.고추간짜장, 차돌짬뽕 각 9,900원
야채, 해물, 고기 등 재료 ... 더보기"
7971958,시옌 건대점,건대,중식,4,66,,,이게 탕수육 레귤러 2만얼마짜리. 실제로보면 많이 비어 보여서 스몰 사이즈 온거 아니지? 눈빛교환하게됨. 그치만 고추짜장면 같은 식사류는 맛있었음.
7971958,시옌 건대점,건대,중식,4,66,,,"고추간짜장, 탕수육 소자 굿"
7971958,시옌 건대점,건대,중식,4,66,,,건대자식들 지들끼리만 이렇게 맛있는 간짜장을 먹고있었다니
7971958,시옌 건대점,건대,중식,4,66,,,주문서 잊어버렸다고 20분 지났는데도 음식이 안나옴ㅋㅋㅋㅋ
7971958,시옌 건대점,건대,중식,4,66,,,땡기는 메뉴가 없다면 고기볶음밥을 시켜보세요. 맛있습니다...
7971958,시옌 건대점,건대,중식,4,66,,,"양이 정말 놀랄정도로 많음..맛도 그럭저럭 괜찮은 중국집!
엄청 고급은 아니어도 가끔 갈만한 느낌"
7971958,시옌 건대점,건대,중식,4,66,,,"건물 하나 통째로 중국집인데
가격도 비싸지 않고
맛도 ... 더보기"
7971958,시옌 건대점,건대,중식,4,66,,,분위기
7971958,시옌 건대점,건대,중식,4,66,,,가성비
7971958,시옌 건대점,건대,중식,4,66,,,사진/영상 후기만 보기
7971958,시옌 건대점,건대,중식,4,66,,,2025.06.21.
7971958,시옌 건대점,건대,중식,4,66,,,2025.05.15.
7971958,시옌 건대점,건대,중식,4,66,,,2025.02.28.
7971958,시옌 건대점,건대,중식,4,66,,,2024.12.10.
7971958,시옌 건대점,건대,중식,4,66,,,2024.12.05.
7971958,시옌 건대점,건대,중식,4,66,,,2024.10.20.
7971958,시옌 건대점,건대,중식,4,66,,,2024.09.05.
7971958,시옌 건대점,건대,중식,4,66,,,2024.09.04.
7971958,시옌 건대점,건대,중식,4,66,,,2024.08.01.
7971958,시옌 건대점,건대,중식,4,66,,,2024.07.20.
7971958,시옌 건대점,건대,중식,4,66,,,2024.04.24.
7971958,시옌 건대점,건대,중식,4,66,,,2023.10.02.
7971958,시옌 건대점,건대,중식,4,66,,,2023.08.16.
7971958,시옌 건대점,건대,중식,4,66,,,2023.06.21.
7971958,시옌 건대점,건대,중식,4,66,,,2023.05.16.
7971958,시옌 건대점,건대,중식,4,66,,,2022.11.30.
7971958,시옌 건대점,건대,중식,4,66,,,2022.11.23.
7971958,시옌 건대점,건대,중식,4,66,,,2022.08.05.
7971958,시옌 건대점,건대,중식,4,66,,,2025.11.29.
7971958,시옌 건대점,건대,중식,4,66,,,2025.01.10.
404796788,용가회전훠궈 건대점,건대,중식,3.8,840,,,여기 유명하다고 해서 점심시간 살짝 피해서 오후 2시쯤 방문했는데 대기가 3명 있더라고요. 그래서 한 10분 가량 기다리다가 자리에 앉았습니다. 주문은 QR코드 찍고 하면 되고 오후 3시 이전이라 1... 더보기
404796788,용가회전훠궈 건대점,건대,중식,3.8,840,,,확실히 나중에 생긴 용가훠궈가 더 쾌적한 것 같음 너무 좋음 ㅎ 맛있음 근데 웨이팅이 너무 길어요.. 금요일 5시에 웨이팅 3시간정도 하고 들어갔어요 하지만 캐치테이블로 미리하면 되니까 불만은 없어용
404796788,용가회전훠궈 건대점,건대,중식,3.8,840,,,넘 맛있습니다. 여기오셔서 드셔보세요
404796788,용가회전훠궈 건대점,건대,중식,3.8,840,,,맛있고 가성비 좋음. 매장도 쾌적함
404796788,용가회전훠궈 건대점,건대,중식,3.8,840,,,맛있습니다.화이팅!!!
404796788,용가회전훠궈 건대점,건대,중식,3.8,840,,,"90분 시간 제약있어요
종류 많아서 좋아요"
404796788,용가회전훠궈 건대점,건대,중식,3.8,840,,,"저렇게 앞에 접시 두고 원하는 거 미리 덜어줘야함
자리 안 좋으면 내 앞에서 다 가져감 ㅜ
홍탕 진하고 맛있음 근데 먼가 시간에... 더보기"
404796788,용가회전훠궈 건대점,건대,중식,3.8,840,,,"훠궈 먹고 디저트까지 먹을 수 있으니 좋았어요
2만원 이하로 먹었으니 괜찮은 것 같아요
근데 웨이팅이 심함ㅜㅜ"
404796788,용가회전훠궈 건대점,건대,중식,3.8,840,,,"가성비개꿀 고기 보이면 무조건 킵해두세여 언제돌아올지모름 그냥 원하는 재료 다 킵해두삼
꿔바로우 나오자마자 다 없어... 더보기"
404796788,용가회전훠궈 건대점,건대,중식,3.8,840,,,날계란 돌아가는데 그중에 썩은거 랜덤으로있으니까 운 좋은사람만 드세요..
404796788,용가회전훠궈 건대점,건대,중식,3.8,840,,,하이디라오보다 훨씬 낫다.
404796788,용가회전훠궈 건대점,건대,중식,3.8,840,,,매장이 넓고 쾌적해요. 늦게까지 해서 정말 좋아요.
404796788,용가회전훠궈 건대점,건대,중식,3.8,840,,,"레일 돌아가는게 신기하고 재밋긴한데 먹고싶은거 올때까지 기다려야되는 단점이,, 맛은 좋아요 매장도 쾌적하구 화장실 안에 남녀 구분 되어있고 깨끗해요! ㄹ화장실안에 에어컨설치되어잇음 ㄷ"
404796788,용가회전훠궈 건대점,건대,중식,3.8,840,,,"식재료 80%이상 하이디라오랑 똑같고
직원도 친철함
가성비 최고👍🏻😁"
404796788,용가회전훠궈 건대점,건대,중식,3.8,840,,,맛있어요. 가성비도 좋습니다~
404796788,용가회전훠궈 건대점,건대,중식,3.8,840,,,맛있고 청결해서 좋아요!!!!!!!
404796788,용가회전훠궈 건대점,건대,중식,3.8,840,,,재밌는 경험이었어요 회전율도 좋고 가성비 좋네요 근데 사람이 좀 많아서 전투적으로 먹어야 했음
404796788,용가회전훠궈 건대점,건대,중식,3.8,840,,,"재료들이 특별하진 않은데 몇번을 가도 균일한 퀄리티라 언제 먹어도 평타는 칠만큼 나쁘지않음. 회전훠궈라는 분위기가 재밌고
후식 아이스크림이랑 중국음료들 아주 맛있음"
404796788,용가회전훠궈 건대점,건대,중식,3.8,840,,,그 사이 메뉴가 더 많아졌어용 맛있고 좋아요
404796788,용가회전훠궈 건대점,건대,중식,3.8,840,,,가성비
404796788,용가회전훠궈 건대점,건대,중식,3.8,840,,,분위기
404796788,용가회전훠궈 건대점,건대,중식,3.8,840,,,사진/영상 후기만 보기
404796788,용가회전훠궈 건대점,건대,중식,3.8,840,,,2026.04.21.
404796788,용가회전훠궈 건대점,건대,중식,3.8,840,,,2026.04.01.
404796788,용가회전훠궈 건대점,건대,중식,3.8,840,,,2026.03.30.
404796788,용가회전훠궈 건대점,건대,중식,3.8,840,,,2026.03.02.
404796788,용가회전훠궈 건대점,건대,중식,3.8,840,,,2026.02.12.
404796788,용가회전훠궈 건대점,건대,중식,3.8,840,,,2026.02.09.
404796788,용가회전훠궈 건대점,건대,중식,3.8,840,,,2026.01.07.
404796788,용가회전훠궈 건대점,건대,중식,3.8,840,,,2025.12.26.
404796788,용가회전훠궈 건대점,건대,중식,3.8,840,,,2025.12.14.
404796788,용가회전훠궈 건대점,건대,중식,3.8,840,,,2025.11.13.
404796788,용가회전훠궈 건대점,건대,중식,3.8,840,,,2025.09.17.
404796788,용가회전훠궈 건대점,건대,중식,3.8,840,,,2025.09.14.
404796788,용가회전훠궈 건대점,건대,중식,3.8,840,,,2025.09.13.
404796788,용가회전훠궈 건대점,건대,중식,3.8,840,,,2025.09.01.
404796788,용가회전훠궈 건대점,건대,중식,3.8,840,,,2025.08.16.
404796788,용가회전훠궈 건대점,건대,중식,3.8,840,,,2025.08.15.
404796788,용가회전훠궈 건대점,건대,중식,3.8,840,,,2026.04.08.
404796788,용가회전훠궈 건대점,건대,중식,3.8,840,,,2026.03.22.
404796788,용가회전훠궈 건대점,건대,중식,3.8,840,,,2026.02.05.
404796788,용가회전훠궈 건대점,건대,중식,3.8,840,,,2026.01.20.
27594064,훈춘양꼬치 1호점,건대,중식,4.6,217,,,"양꼬치 맛 평범함.. 이정도 줄서서 먹을 맛집은 아님
마라샹궈는 별로였음 심지어.. ㅠㅠ
풍류가지는 맛있었으나 예전에 비해 양이 너무 줄어듦"
27594064,훈춘양꼬치 1호점,건대,중식,4.6,217,,,"맛으로만 보면 100점이고 서비스도 개많이 주심
근데 식기 개드럽고 하수구 냄새나는 걸레로 모든 것을 닦아서 들어가자마자 너뮤 불쾌했... 더보기"
27594064,훈춘양꼬치 1호점,건대,중식,4.6,217,,,"양꼬치맛: 상타치 (두껍고 부드러움)
크림새우맛: 상타치 (시간이지나더 소스묻지않은곳은 바삭)
가... 더보기"
27594064,훈춘양꼬치 1호점,건대,중식,4.6,217,,,평범한 고기에 비범한 서비스.
27594064,훈춘양꼬치 1호점,건대,중식,4.6,217,,,"양꼬치 이렇게 두껍고 부드러운 데는 첨 먹어봄
서비스도 주시고 좋았음
양꼬치 많이 먹어본적이 없어서 그런가 지금까지 먹은 양꼬치 중 젤 맛있었음"
27594064,훈춘양꼬치 1호점,건대,중식,4.6,217,,,이 동네 4년 사는데요 여기가 찐이에용. 연맥 ㄱㄱ
27594064,훈춘양꼬치 1호점,건대,중식,4.6,217,,,양꼬치 알 굵고 맛있어요! 꿔바로우도 시켰는데 꿔바로우는 쏘쏘!
27594064,훈춘양꼬치 1호점,건대,중식,4.6,217,,,훈춘양꼬치는 지존입니다
27594064,훈춘양꼬치 1호점,건대,중식,4.6,217,,,"먹어본 양꼬치집 중에 최고...!!
양꼬치 2인분이상 필수 주문. (일반 / 마라 반반 주문, 마라맛은 살짝 매운느낌-신라면 맵기, ... 더보기"
27594064,훈춘양꼬치 1호점,건대,중식,4.6,217,,,"깔끔하게 잘 구워지는 자동 회전 꼬치구이가 인상적이었습니다.

양념된 마라 양꼬치는 마라 향이 과하... 더보기"
27594064,훈춘양꼬치 1호점,건대,중식,4.6,217,,,여기는 진짜 괜찮은 양꼬치임
27594064,훈춘양꼬치 1호점,건대,중식,4.6,217,,,"양꼬치 진짜 엄청 두껍고
양도 진짜 많아요
서비스로 나온 만두랑 냉면도 맛있음"
27594064,훈춘양꼬치 1호점,건대,중식,4.6,217,,,맛있었습니다! 잘 먹었습니다
27594064,훈춘양꼬치 1호점,건대,중식,4.6,217,,,맛나게 먹었습니다
27594064,훈춘양꼬치 1호점,건대,중식,4.6,217,,,"후기가 좋아서 방문했는데 너무맛있었어요!
맛뿐만아니라 다들 친절하시고,,서비스도 진짜 많이주심
양꼬치 맛별로 다 존맛이고, 어향가지 추천받아서 시켰는데 인생가지 등극... 더보기"
27594064,훈춘양꼬치 1호점,건대,중식,4.6,217,,,"왜케 부드러워 
마라양꼬치 jm"
27594064,훈춘양꼬치 1호점,건대,중식,4.6,217,,,양꼬치 고기가 두껍고 냄새 하나도 안나고 맛있었어요! 어향가지 꼭 먹으라 해서 먹었는데 진짜 넘 맛있습니다👍 오픈시간 정확히 맞춰서 갔는데도 너무 친절하시고 서비스도 챙겨주시고 재방문하고 싶네요!! 인생 양꼬치 집이었습니다~
27594064,훈춘양꼬치 1호점,건대,중식,4.6,217,,,건대 양꼬치 Top
27594064,훈춘양꼬치 1호점,건대,중식,4.6,217,,,"진짜 여태 먹은것중 탑3안에 듭니다.. 왜 손님많은지 이해가가요,,귣,,,  ㅎ"
27594064,훈춘양꼬치 1호점,건대,중식,4.6,217,,,가지튀김을 꼭 드십시오ㅜㅜㅜ 양꼬치도 맛있어요
27594064,훈춘양꼬치 1호점,건대,중식,4.6,217,,,가성비
27594064,훈춘양꼬치 1호점,건대,중식,4.6,217,,,분위기
27594064,훈춘양꼬치 1호점,건대,중식,4.6,217,,,사진/영상 후기만 보기
27594064,훈춘양꼬치 1호점,건대,중식,4.6,217,,,2026.03.30.
27594064,훈춘양꼬치 1호점,건대,중식,4.6,217,,,2026.03.23.
27594064,훈춘양꼬치 1호점,건대,중식,4.6,217,,,2026.02.05.
27594064,훈춘양꼬치 1호점,건대,중식,4.6,217,,,2026.02.01.
27594064,훈춘양꼬치 1호점,건대,중식,4.6,217,,,2025.11.12.
27594064,훈춘양꼬치 1호점,건대,중식,4.6,217,,,2025.09.03.
27594064,훈춘양꼬치 1호점,건대,중식,4.6,217,,,2025.08.27.
27594064,훈춘양꼬치 1호점,건대,중식,4.6,217,,,2025.08.01.
27594064,훈춘양꼬치 1호점,건대,중식,4.6,217,,,2025.07.22.
27594064,훈춘양꼬치 1호점,건대,중식,4.6,217,,,2025.05.21.
27594064,훈춘양꼬치 1호점,건대,중식,4.6,217,,,2025.05.12.
27594064,훈춘양꼬치 1호점,건대,중식,4.6,217,,,2025.05.11.
27594064,훈춘양꼬치 1호점,건대,중식,4.6,217,,,2025.04.16.
27594064,훈춘양꼬치 1호점,건대,중식,4.6,217,,,2025.04.15.
27594064,훈춘양꼬치 1호점,건대,중식,4.6,217,,,2025.04.05.
27594064,훈춘양꼬치 1호점,건대,중식,4.6,217,,,2025.03.28.
27594064,훈춘양꼬치 1호점,건대,중식,4.6,217,,,2025.03.27.
27594064,훈춘양꼬치 1호점,건대,중식,4.6,217,,,2025.03.16.
27594064,훈춘양꼬치 1호점,건대,중식,4.6,217,,,2025.03.02.
27594064,훈춘양꼬치 1호점,건대,중식,4.6,217,,,2025.02.28.
1419567762,중경식객,건대,중식,3.3,202,,,"여기 훠궈는 꽈 평범 훠궈 같그든요?
근데 재료가 다양하고 진!짜! 신선!!
특히!! 여기 볶음밥... 더보기"
1419567762,중경식객,건대,중식,3.3,202,,,식사 중 탄 냄새가 나서 보니 직원분이 “탔어요”라고 퉁명스럽게 한마디만 하고 가셨습니다. 대처를 기다렸으나 아무도 오지 않아 냄비 교체를 요청했더니 추가 금액을 내야 한다며 계속 끓여서 탔다고 하셨습니다. 저희는... 더보기
1419567762,중경식객,건대,중식,3.3,202,,,"지하로 내려가라고 하면 절대 가지 마세요
서버 분들이 중국분이라 좀 싸나우신 건 예상하고 갔지만 지하 서버분은... 더보기"
1419567762,중경식객,건대,중식,3.3,202,,,"무한리필 21,900원. 매운맛+보통 욱수. 새우, 돼지, 소, 양고기, 각종 야채, 찹쌀떡, 꿔바로우, 과일 복숭아, 콜라 등등.. 가성비 괜찮음. 남기면 5천원 벌금있음."
1419567762,중경식객,건대,중식,3.3,202,,,"개존맛!!!!!!! 맛좋아요 꿔바로우가 진심 개맛있음 
20분정도?에 한번씩 나오는데 후다닥 가서 줄서야됨 한번에 인당 3조각씩 갖고올수있음 
자... 더보기"
1419567762,중경식객,건대,중식,3.3,202,,,"대기가 좀 잇으면 슬프지만 기다릴만함!
만두는 쏘쏘 깨찰빵 굿 볶읍밥 굿 꿔바로우 20분 마다 나오는것 같은데 충분함! 
전체적으로 평범한 훠궈 무한같은데 깔끔하고 꿔바로우가 나온다는점이 5점 포인트"
1419567762,중경식객,건대,중식,3.3,202,,,"홍대 중경식객과 달리 꿔바로우 마파두부도 무한리필 가능, 기본토핑도 많고 소스의 종류도 다양하여 원하는대로 먹기좋았음. 재방문의사 100"
1419567762,중경식객,건대,중식,3.3,202,,,"진짜 따뜻하고 바삭한 꿔바로우 계속 나와서 천국인 줄 알았음 마파두부도 맛있고 걍 모든 음식이 개맛있는 건 ㅇㅈ
근데 확실히 직원분들 쫌 무섭긴 함 나랑 친구 아이... 더보기"
1419567762,중경식객,건대,중식,3.3,202,,,"주말 12시반 쯤에 갔는데 웨이팅은 없었음
(밥먹고난후에는 웨이팅ㅇ)
지하랑 1... 더보기"
1419567762,중경식객,건대,중식,3.3,202,,,원래 맛이라던지 퀄리티라던지 그닥이었는데 입소문타고 퀄리티도 좋아지고 서비스도 완전 좋아짐
1419567762,중경식객,건대,중식,3.3,202,,,"꿔바로우가 무한리필인데 생각보다 퀄리티가 좋았어요!! 그리고 토마토탕이 맛있습니다
평일 점심에 갔는데도 사람 많았어요"
1419567762,중경식객,건대,중식,3.3,202,,,"2024.1 오랜만에 갔는데 21,900/인
가격 너무 올라서 괜찮은건지 잘 모르겠다. 아이스크림이랑 마파두부 같은거가 새로 생겼던데, 그냥 싸고 꿔바로우 같은 음식 1-2개 있던 때가 더 좋았던거같다"
1419567762,중경식객,건대,중식,3.3,202,,,웨이팅 방식 바뀌어서 번호표 받고 차례 기다려야 해요 따로 전화 주지 않아요 토마토탕은 생각보다 그냥 그랬고 홍탕은 괜찮았어요~ 재료 종류도 다양해서 좋았어요 꿔바로우가 진짜 ... 더보기
1419567762,중경식객,건대,중식,3.3,202,,,"은혜로운 점심 할인 18900원
냄비가 다른 훠궈 집에 비해 좀 얕은듯
재료 한번에 많이 넣으... 더보기"
1419567762,중경식객,건대,중식,3.3,202,,,와 진짜..별로..일단 퀄러티가 엄청 좋은것도 아님..그리고 자리 지하로 가라했는데 1층이랑 뷔폐 메뉴가 달라서ㅋ 계단으로 왔다갔다하며 떠와야됨..당연히 그러기 싫으니 한번에 많이 떠오게 되겠죠? 그래서 볶음... 더보기
1419567762,중경식객,건대,중식,3.3,202,,,"백탕/토마토탕 시킴
꿔바로우랑 기타등등 샐러드바도 개맛있음
하이디라오 갈 필요가 없음;; 맛&가성비 개미침"
1419567762,중경식객,건대,중식,3.3,202,,,"맛도 있고 꿔바로우도 무한인게 넘 좋아요 두번째 방문입니다
차예단도 있어요ㅠㅠ"
1419567762,중경식객,건대,중식,3.3,202,,,지하에 앉았는데 서빙 해주시는 이모님이 엄청 친절하셨어요. 1층에만 볶음밥 꿔바로우 침깨빵 음료수 기계가 있는게 아주 조금 불편하지만 꿔바로우 새로 나오면 이모님이 말씀해주세요 그럼 후다닥... 더보기
1419567762,중경식객,건대,중식,3.3,202,,,"훠궈보다 다른 게 더 맛있었어요
홍탕 너무 맵고 토마토탕은 특유의 감칠맛이 없슨.. 
꿔바로우랑 무슨 찹쌀빵 같은 거 맛잇음"
1419567762,중경식객,건대,중식,3.3,202,,,"친구랑 점심에 훠궈 먹으러 갔다가 완전 만족하고 왔어요! 마라 육수랑 토마토 육수 반반으로 시켰는데 둘 다 진한 맛이 제대로에요. 

특... 더보기"
1419567762,중경식객,건대,중식,3.3,202,,,가성비
1419567762,중경식객,건대,중식,3.3,202,,,분위기
1419567762,중경식객,건대,중식,3.3,202,,,사진/영상 후기만 보기
1419567762,중경식객,건대,중식,3.3,202,,,2026.03.05.
1419567762,중경식객,건대,중식,3.3,202,,,2025.11.09.
1419567762,중경식객,건대,중식,3.3,202,,,2025.05.29.
1419567762,중경식객,건대,중식,3.3,202,,,2025.03.24.
1419567762,중경식객,건대,중식,3.3,202,,,2025.01.22.
1419567762,중경식객,건대,중식,3.3,202,,,2025.01.21.
1419567762,중경식객,건대,중식,3.3,202,,,2025.01.13.
1419567762,중경식객,건대,중식,3.3,202,,,2024.07.29.
1419567762,중경식객,건대,중식,3.3,202,,,2024.03.01.
1419567762,중경식객,건대,중식,3.3,202,,,2024.02.13.
1419567762,중경식객,건대,중식,3.3,202,,,2024.02.04.
1419567762,중경식객,건대,중식,3.3,202,,,2024.02.03.
1419567762,중경식객,건대,중식,3.3,202,,,2024.01.07.
1419567762,중경식객,건대,중식,3.3,202,,,2026.04.02.
1419567762,중경식객,건대,중식,3.3,202,,,2026.01.17.
1419567762,중경식객,건대,중식,3.3,202,,,2025.09.27.
1419567762,중경식객,건대,중식,3.3,202,,,2025.09.20.
1419567762,중경식객,건대,중식,3.3,202,,,2025.07.30.
1419567762,중경식객,건대,중식,3.3,202,,,2025.04.27.
1419567762,중경식객,건대,중식,3.3,202,,,2025.02.19.
15101449,빠오즈푸,건대,중식,3.9,306,,,무슨 맛인지 모를 밍숭맹숭한 맛입니다. 면 자체에 간이 하나도 안 배어있어서 원래 이렇게 고추기름에 잠깐 담궜다 뺀 면의 맛으로 먹는 건지... 빠오즈는 육즙이 가득했는데 특이한 육향이 났습니다. 호불호 ... 더보기
15101449,빠오즈푸,건대,중식,3.9,306,,,"삼선,고기 빠오즈 맛있게 먹었습니다. 훈둔보단 탄탄멘 추천합니다."
15101449,빠오즈푸,건대,중식,3.9,306,,,국물에서 헤엄치고 싶을지경
15101449,빠오즈푸,건대,중식,3.9,306,,,"빠오즈 맛이 변했어요.. 고기빠오즈 맛없어짐 ㅜㅜ
훈둔면 존맛탱"
15101449,빠오즈푸,건대,중식,3.9,306,,,"매운 훈둔면좋아요.
빠오즈는 기대보단 조금 못하네요."
15101449,빠오즈푸,건대,중식,3.9,306,,,맥주는 맛있는데 만두는 좀 애매하네요.
15101449,빠오즈푸,건대,중식,3.9,306,,,"16,500 JMTGR"
15101449,빠오즈푸,건대,중식,3.9,306,,,"샤오롱바오 먹고 싶을 때 만난 정말 맛있는 만두...
고기 들어간 게 제일 맛있다"
15101449,빠오즈푸,건대,중식,3.9,306,,,"훈둔이랑 딴딴면 먹어봤는데 
둘 다 맛있어요
다음엔 만두만 먹어보러 올거에요"
15101449,빠오즈푸,건대,중식,3.9,306,,,"만두는 그럭저럭 맛은 무난합니다 엄청 맛있다고는 쓰지 않겠습니다.
속재료는 많지 않은 것 같고 육즙은 풍부한 편입니다. 냉정하게 훈둔면 딴딴면 맛이 없어요 비추드립니다. 현지에서 먹어본 경험이 있다면 더더욱이요."
15101449,빠오즈푸,건대,중식,3.9,306,,,"탄탄면은 생각보다 국물이 없지만 맛있어요!
고기빠오즈푸 꼭 드세요ㅜㅜ"
15101449,빠오즈푸,건대,중식,3.9,306,,,"삐오즈푸는 가성비는 나쁘지 않고요
고기빠오즈는 육수 많고 맛있네요 그러나 새우지짐은 새우향 일도 없고 애매한 맛에 실망할 듯…
매운 훈둔면은 설명과 다르게... 더보기"
15101449,빠오즈푸,건대,중식,3.9,306,,,ㅈㄴ맛있음
15101449,빠오즈푸,건대,중식,3.9,306,,,"훈둔, 매운훈둔, 고기빠오즈 시켜서 먹었는데
기대에 비해서는 그냥 그랬어요!"
15101449,빠오즈푸,건대,중식,3.9,306,,,"국물이 그나마 괜찮고 면은 쏘쏘
훈둔은 먹다가 뱉음
피가 이상한건가 속이 이상한건가 싶어
분해해서 먹... 더보기"
15101449,빠오즈푸,건대,중식,3.9,306,,,"고기 빠오즈 8500
-기대했던 맛. 가성비 있음, 육즘을 느껴볼 것.
새우지짐만... 더보기"
15101449,빠오즈푸,건대,중식,3.9,306,,,"갈 이유: 소룡포 볼모지인 서울에서 그나마
말 이유: 두판 먹으면 물리는 맛"
15101449,빠오즈푸,건대,중식,3.9,306,,,가성비
15101449,빠오즈푸,건대,중식,3.9,306,,,분위기
15101449,빠오즈푸,건대,중식,3.9,306,,,사진/영상 후기만 보기
15101449,빠오즈푸,건대,중식,3.9,306,,,2025.06.22.
15101449,빠오즈푸,건대,중식,3.9,306,,,2025.04.17.
15101449,빠오즈푸,건대,중식,3.9,306,,,2024.07.07.
15101449,빠오즈푸,건대,중식,3.9,306,,,2024.05.26.
15101449,빠오즈푸,건대,중식,3.9,306,,,2024.03.13.
15101449,빠오즈푸,건대,중식,3.9,306,,,2024.02.11.
15101449,빠오즈푸,건대,중식,3.9,306,,,2024.01.21.
15101449,빠오즈푸,건대,중식,3.9,306,,,2024.01.01.
15101449,빠오즈푸,건대,중식,3.9,306,,,2023.12.31.
15101449,빠오즈푸,건대,중식,3.9,306,,,2023.10.21.
15101449,빠오즈푸,건대,중식,3.9,306,,,2023.10.04.
15101449,빠오즈푸,건대,중식,3.9,306,,,2023.09.16.
15101449,빠오즈푸,건대,중식,3.9,306,,,2023.08.21.
15101449,빠오즈푸,건대,중식,3.9,306,,,2023.05.12.
15101449,빠오즈푸,건대,중식,3.9,306,,,2022.10.10.
15101449,빠오즈푸,건대,중식,3.9,306,,,2026.03.19.
15101449,빠오즈푸,건대,중식,3.9,306,,,2025.08.20.
15101449,빠오즈푸,건대,중식,3.9,306,,,2025.07.22.
15101449,빠오즈푸,건대,중식,3.9,306,,,2025.04.08.
15101449,빠오즈푸,건대,중식,3.9,306,,,2025.04.03.
14822911,송화양꼬치,건대,중식,4.2,297,,,"양꼬치는 살짝 냄새남
근데 지삼선이 진짜 맛있음 양도 많고 굳"
14822911,송화양꼬치,건대,중식,4.2,297,,,"진짜 맛있고 만족스러운 식사였슴
물만두 서비스, 건두부 무침 밑반찬,
양꼬치 찍어먹는... 더보기"
14822911,송화양꼬치,건대,중식,4.2,297,,,양꼬치가 전에 비해 좀 작아진 것 같아서 마음이 아프지만 맛있습니다! 양꼬치만 시켜도 곁들여 먹을 찬이 다양해서 좋고 요리류도 다 평균이상이에요 서비스 만두도 늘 맛있어요 가지 잘 안 먹었는데 여기 지삼선 먹고 가지 편식 안하게 됨 ㅎ
14822911,송화양꼬치,건대,중식,4.2,297,,,"개맛있음 
양꼬치 20꼬치
꿔... 더보기"
14822911,송화양꼬치,건대,중식,4.2,297,,,"양고기 냄새 안나고 맛있음 숙성이 더 야들하긴함
온면도 ㄹㅇ 맛도리고
마파... 더보기"
14822911,송화양꼬치,건대,중식,4.2,297,,,양꼬치 쏘쏘한데 여긴 어향가지 맛집 ㅠㅠ
14822911,송화양꼬치,건대,중식,4.2,297,,,#NAME?
14822911,송화양꼬치,건대,중식,4.2,297,,,"양꼬치도 먹고 싶고 꿔바로우도 먹고 싶고 면도 먹고 싶고 할 때 오기 좋아요.
양꼬치도 잡내 없이 맛있었습니다.
꿔바로우는 새콤한 느낌이 강해 저의 ... 더보기"
14822911,송화양꼬치,건대,중식,4.2,297,,,온면 양꼬치 다 너무너무맛잇당…
14822911,송화양꼬치,건대,중식,4.2,297,,,"숙성양꼬치, 꿔바로우, 옥수수온면 시켜서 먹었어요.
숙성 양꼬치는 숙성 안한거를 같이 안먹어봐서 큰 차이는 모르겠지만 부드럽고 맛있었어요. 
꿔바로우는 그냥 ... 더보기"
14822911,송화양꼬치,건대,중식,4.2,297,,,진짜 깨끗해요 사람 가면 바로 꼬치 꽂았던데까지 다 빡빡 닦음 충분히 깨끗이 닦는것처럼 보이는데도 더 빡빡 닦으라고 함 ㅋㅋㅋ 그리고 양꼬치가 진짜 맛있는데 이정도명 가성비 좋은 것 같음 무한리필 갈 바엔 여기가는게 나음
14822911,송화양꼬치,건대,중식,4.2,297,,,먹어본 양꼬치 중 최고의 맛. 야들야들하고 요리류도 가성비가 아주 좋습니다
14822911,송화양꼬치,건대,중식,4.2,297,,,"대존맛 진짜…
건대양꼬치 1등"
14822911,송화양꼬치,건대,중식,4.2,297,,,맛있게 잘먹음요
14822911,송화양꼬치,건대,중식,4.2,297,,,숙성이 안숙성보다 맛있긴해료.. 비싸지만. 꿔바로우도 맛있음!!
14822911,송화양꼬치,건대,중식,4.2,297,,,"서비스로 나온 물만두 맛있어요!
그리고 양꼬치는 숙성 너무 맛있네요. 또 와서 먹고... 더보기"
14822911,송화양꼬치,건대,중식,4.2,297,,,"직원인지 알바인지, 테이블에서 맥주 병 쏟아서 맥주도 날라가고 바지도 젖었는데 고개 까딱 죄송하다고하고 뭐 아무것도 없네요 적어도 바지 닦을 휴지 가져오는 척이라도 했으면 기분이 안나빴을거같네요"
14822911,송화양꼬치,건대,중식,4.2,297,,,"인생 양꼬치집이에여 기본 안주, 어향가지도 맛있고 양꼬치도 존맛탱"
14822911,송화양꼬치,건대,중식,4.2,297,,,가성비
14822911,송화양꼬치,건대,중식,4.2,297,,,분위기
14822911,송화양꼬치,건대,중식,4.2,297,,,사진/영상 후기만 보기
14822911,송화양꼬치,건대,중식,4.2,297,,,2026.04.28.
14822911,송화양꼬치,건대,중식,4.2,297,,,2026.02.28.
14822911,송화양꼬치,건대,중식,4.2,297,,,2026.01.27.
14822911,송화양꼬치,건대,중식,4.2,297,,,2025.11.12.
14822911,송화양꼬치,건대,중식,4.2,297,,,2025.08.25.
14822911,송화양꼬치,건대,중식,4.2,297,,,2025.06.26.
14822911,송화양꼬치,건대,중식,4.2,297,,,2025.04.03.
14822911,송화양꼬치,건대,중식,4.2,297,,,2025.03.06.
14822911,송화양꼬치,건대,중식,4.2,297,,,2025.03.05.
14822911,송화양꼬치,건대,중식,4.2,297,,,2024.12.21.
14822911,송화양꼬치,건대,중식,4.2,297,,,2024.11.17.
14822911,송화양꼬치,건대,중식,4.2,297,,,2024.06.23.
14822911,송화양꼬치,건대,중식,4.2,297,,,2024.05.12.
14822911,송화양꼬치,건대,중식,4.2,297,,,2024.04.10.
14822911,송화양꼬치,건대,중식,4.2,297,,,2024.03.09.
14822911,송화양꼬치,건대,중식,4.2,297,,,2024.01.20.
14822911,송화양꼬치,건대,중식,4.2,297,,,2024.01.01.
14822911,송화양꼬치,건대,중식,4.2,297,,,2023.08.14.
14822911,송화양꼬치,건대,중식,4.2,297,,,2023.08.07.
21232416,화원식당,건대,중식,4.5,22,,,중국 동북 가정식을 가성비 있게 먹을수 있는 집입니다. 맛도 나쁘지 않고 좋아요. 건대 양꼬치 집에서 요리 가격에 비하면 정말 싸요
21232416,화원식당,건대,중식,4.5,22,,,좋은 밥집입니다. 지하에 있는 것 치고 쾌적합니다. 대학가라 당연하게 공간은 협소하지만 충분히 갈 가치가 있습니다. 마라탕이 의외로 매우 매우 매우 맛있습니다. 대개 간이 강하고 느끼하니 그걸 눌러줄 맥주 한잔은 필수.
21232416,화원식당,건대,중식,4.5,22,,,"즈란 양고기, 곱창볶음.. 등등등 맛있어요..
가성비 있고..

여러명이서 가서... 더보기"
21232416,화원식당,건대,중식,4.5,22,,,중식 좋아하면 매우매우 맛있게 먹을 수 있고 가격도 너무 착함..ㅠㅠ
21232416,화원식당,건대,중식,4.5,22,,,비루한 지갑의 희망같은 가게는 항상 반갑다
21232416,화원식당,건대,중식,4.5,22,,,"왜 맛있다고 하는건지 이해가 안가요 ㅜㅜ
곱창튀김 맛있다고해는데 냄새가 너무나서 
먹을수가 없는데 ㅜㅜ 맛의 기준이 뭔지
올린 사진... 더보기"
21232416,화원식당,건대,중식,4.5,22,,,"메뉴가 너무 많아서 미리 고르고가는것을 추천
사진은 즈란양고기, 곱창튀김 순
... 더보기"
21232416,화원식당,건대,중식,4.5,22,,,"닭튀김 고기5% 튀김옷95% 인 느낌
맛은 ㄱㅊ고 가성비라서 또 가긴할듯"
21232416,화원식당,건대,중식,4.5,22,,,"건대 후문 최고 맛집
즈란 양고기 볶음, 가지튀김, 마라샹궈, 토달볶, 파인애플 어쩌구.. 여러번 방문해서 꽤 많은 메뉴를 먹어봤는데 다.맛있습니다..... 더보기"
21232416,화원식당,건대,중식,4.5,22,,,예나지금이나 변함없는 곳. 졸업하고나서도 또 찾아올 것 같다.
21232416,화원식당,건대,중식,4.5,22,,,"간이 쫌 세긴한데 밥이랑 먹으니까 괜찮아요
가격도 다른 식당에 비해 매우 저렴한편"
21232416,화원식당,건대,중식,4.5,22,,,"맛도 맛인데 식사하다가 깜짝 놀랐네요,,,,,"
21232416,화원식당,건대,중식,4.5,22,,,"맛잇는데 급나 짜긴 짬
곱창튀김 마라샹궈는 개맛잇고 콜라 닭날개 볶음밥은 평타. 토달볶은 덜 자극적이여서 주문한다면 주위사람에게 숲을보는 명장으로 평가받을수잇음"
21232416,화원식당,건대,중식,4.5,22,,,가성비 굳. 다른 것도 먹으러 재방문 예정
21232416,화원식당,건대,중식,4.5,22,,,"사장님이 친절하고 향신료도 잘 사용하셔서 너무 과하지 않고 참 맛나네용~

밥도 필요한 만큼 셀프 리필 가능... 더보기"
21232416,화원식당,건대,중식,4.5,22,,,"파인애플 닭고기 꼭 먹어봐야함 초딩입맛에 딱
가성비 넘 좋은 맛집"
21232416,화원식당,건대,중식,4.5,22,,,쯔란양고기볶음 레전드
21232416,화원식당,건대,중식,4.5,22,,,츄베릅
21232416,화원식당,건대,중식,4.5,22,,,가성비
21232416,화원식당,건대,중식,4.5,22,,,사진/영상 후기만 보기
21232416,화원식당,건대,중식,4.5,22,,,2026.01.14.
21232416,화원식당,건대,중식,4.5,22,,,2026.01.11.
21232416,화원식당,건대,중식,4.5,22,,,2025.09.17.
21232416,화원식당,건대,중식,4.5,22,,,2025.09.08.
21232416,화원식당,건대,중식,4.5,22,,,2025.05.24.
21232416,화원식당,건대,중식,4.5,22,,,2023.08.06.
21232416,화원식당,건대,중식,4.5,22,,,2023.05.03.
21232416,화원식당,건대,중식,4.5,22,,,2022.12.28.
21232416,화원식당,건대,중식,4.5,22,,,2026.02.13.
21232416,화원식당,건대,중식,4.5,22,,,2025.11.22.
21232416,화원식당,건대,중식,4.5,22,,,2025.07.03.
21232416,화원식당,건대,중식,4.5,22,,,2024.12.24.
21232416,화원식당,건대,중식,4.5,22,,,2024.04.13.
21232416,화원식당,건대,중식,4.5,22,,,2024.02.12.
21232416,화원식당,건대,중식,4.5,22,,,2023.05.04.
21232416,화원식당,건대,중식,4.5,22,,,2023.03.29.
21232416,화원식당,건대,중식,4.5,22,,,2022.12.21.
21232416,화원식당,건대,중식,4.5,22,,,2022.10.13.
21232416,화원식당,건대,중식,4.5,22,,,2022.10.02.
21232416,화원식당,건대,중식,4.5,22,,,2021.12.30.
1736699136,시홍쓰,건대,중식,4.5,262,,,"예약 시스템이 조금만 더 매끄럽게 운영되면 좋겠음..
면 요리 간이 좀 쎄진 느낌"
1736699136,시홍쓰,건대,중식,4.5,262,,,가성비 너무 좋고 맛도 있음
1736699136,시홍쓰,건대,중식,4.5,262,,,"메인메뉴 5개 전부랑 교자 먹음
토달볶 토달볶 하는 이유가 있다 토달볶이 이렇게 맛있는 음식이었나 싶다 적절한 간과 불향이 매력적임
나... 더보기"
1736699136,시홍쓰,건대,중식,4.5,262,,,"맛있고 가성비 좋은 무난한 가정식! 전 역시 시그니처 토계밥이 제일 좋았고 꾸덕 땅콩 마라맛 좋아하시면 탄탄멘이랑 같이 시켜서 노나드시오. 美味. 
평일 저녁이었는데 캐치테이블로 웨이팅하고 가서... 더보기"
1736699136,시홍쓰,건대,중식,4.5,262,,,먹어본 토달볶중에 제일 맛있긴 해요 근데 약간 물림… 맛있어용..
1736699136,시홍쓰,건대,중식,4.5,262,,,"학교다닐때 주 3 시홍쓰했는데 오랜만에 왔더니 맛이 많이 변했네요ㅠ
토달은 전분이 많아진것 같아 아쉬워요..다른집 토달과 달리 죽같지 않은 점이 좋았는데.. 또 밥이 좀 질어진것 같아... 더보기"
1736699136,시홍쓰,건대,중식,4.5,262,,,"건대근처 유일무이 베스트오브베스트 맛집입니다
오픈런하거나 브레이크타임 끝날 때 가는 거 추천"
1736699136,시홍쓰,건대,중식,4.5,262,,,맛있는데 친절하고! 제 최애는 가지 입니다   근데 다 맛있어서 돌아가며 먹어요 기다림이 아깝지 않다
1736699136,시홍쓰,건대,중식,4.5,262,,,"학교 3년 다니면서 늘 웨이팅 핑계대고 미루다 드디어 가보았습니다.
동기들한테 욕 많이 먹었습니다…..

토달볶 불맛... 더보기"
1736699136,시홍쓰,건대,중식,4.5,262,,,"4번은 가본거같네요!!!! 찐맛집
가기전에 미리 테이블링 하고 가는거 추천두려요
토마토도 안좋... 더보기"
1736699136,시홍쓰,건대,중식,4.5,262,,,최최최애맛집
1736699136,시홍쓰,건대,중식,4.5,262,,,마라가지튀김이랑 토마토계란 덮밥 먹었는데 토마토계란 덮밥 꼭 시키시길... 두그릇 먹고싶을 정도로 맛있어서 다음날까지 생각났어요 진심 그릇 핥아먹고싶었음; 건대 올일 있으면 또 갈듯
1736699136,시홍쓰,건대,중식,4.5,262,,,너무 맛있어요 또 먹고싶습니다
1736699136,시홍쓰,건대,중식,4.5,262,,,건대쪽 가면 항상 들려서 먹는 밥집인데 항상 갈때마다 웨이팅 공간이 협소하고 자리 안내받았는데 옆에 분들이 4명이였는데 뒤에 손님들 때문에 같이 앉으셔야한다고 하셔서 이 점만 빼면 맛은 최고였어... 더보기
1736699136,시홍쓰,건대,중식,4.5,262,,,"그냥 흔한 토계볶인줄 알았는데 신기하게 불맛이 나서 맛있었습니다. 사이드 메뉴인 고기 튀김, 새우 완탕은 평범. 혼밥은 불가능합니다. 2인 기준 토계밥+마파두부밥+마파가지튀김/탄탄면 조합 추천합니다."
1736699136,시홍쓰,건대,중식,4.5,262,,,"토계덮 이름만 듣고는 이게 맛있을까...? 의문이었는데 진심 불맛나고 너무 맛있어요

튀김이랑 탄탄멘도 존맛입니다"
1736699136,시홍쓰,건대,중식,4.5,262,,,"유명해져…유명해지지마…아냐… 유명해져… 아냐,,"
1736699136,시홍쓰,건대,중식,4.5,262,,,"🔥한줄평: 친구들 데려가면 너무너무 좋아하는 곳. 방문 30분 전 테이블링 필수! 

❤️꼭 ... 더보기"
1736699136,시홍쓰,건대,중식,4.5,262,,,"심각하게 맛있음
웨이팅이 너무 많아서 캐치테이블로 대기 미리 걸어야해서 불편하지만 가치가 있는 맛"
1736699136,시홍쓰,건대,중식,4.5,262,,,오래 영업히주십쇼!
1736699136,시홍쓰,건대,중식,4.5,262,,,가성비
1736699136,시홍쓰,건대,중식,4.5,262,,,분위기
1736699136,시홍쓰,건대,중식,4.5,262,,,사진/영상 후기만 보기
1736699136,시홍쓰,건대,중식,4.5,262,,,2026.04.22.
1736699136,시홍쓰,건대,중식,4.5,262,,,2026.04.13.
1736699136,시홍쓰,건대,중식,4.5,262,,,2026.04.04.
1736699136,시홍쓰,건대,중식,4.5,262,,,2026.03.20.
1736699136,시홍쓰,건대,중식,4.5,262,,,2026.02.07.
1736699136,시홍쓰,건대,중식,4.5,262,,,2025.11.18.
1736699136,시홍쓰,건대,중식,4.5,262,,,2025.10.09.
1736699136,시홍쓰,건대,중식,4.5,262,,,2025.10.01.
1736699136,시홍쓰,건대,중식,4.5,262,,,2025.03.08.
1736699136,시홍쓰,건대,중식,4.5,262,,,2025.03.07.
1736699136,시홍쓰,건대,중식,4.5,262,,,2025.01.24.
1736699136,시홍쓰,건대,중식,4.5,262,,,2025.01.03.
1736699136,시홍쓰,건대,중식,4.5,262,,,2025.01.01.
1736699136,시홍쓰,건대,중식,4.5,262,,,2024.12.22.
1736699136,시홍쓰,건대,중식,4.5,262,,,2024.11.29.
1736699136,시홍쓰,건대,중식,4.5,262,,,2024.11.14.
1736699136,시홍쓰,건대,중식,4.5,262,,,2024.11.09.
1736699136,시홍쓰,건대,중식,4.5,262,,,2024.10.25.
1736699136,시홍쓰,건대,중식,4.5,262,,,2024.05.14.
1736699136,시홍쓰,건대,중식,4.5,262,,,2024.01.18.
86584378,고향양꼬치,건대,중식,4.4,1090,,,날좋아서 뚝섬 한강공원 가는길에 남편과 함께 점심먹으러 들렀는데 무한리필인데도 고기질 정말좋고ㅠㅠ 꿔바로우에 가지튀김까지 요리도 무한이라 진짜 배불리먹었어요 완전 만족쓰~~~
86584378,고향양꼬치,건대,중식,4.4,1090,,,맛있는 양꼬치를 무한으로 즐길 수 있는 건대 양꼬치거리 맛집이에요. 무한리필인데 고기 종류도 다양하고 질이 좋아 기분 좋은 시간 보내고 갑니다. 재방문 의사 있어요^^
86584378,고향양꼬치,건대,중식,4.4,1090,,,"양꼬치 종류도 다양한데 무한리필이라니!!! 그리고 사이드로 먹을 꿔바로우, 가지튀김도 무한리필이라서 맛있게 잘 먹엇어요🫶🏻 또 올래요"
86584378,고향양꼬치,건대,중식,4.4,1090,,,좋은 고기 퀄리티의 양꼬치를 무한리필로 푸짐하게 즐길 수 있었던 건대 양꼬치 맛집!! :)✨✨
86584378,고향양꼬치,건대,중식,4.4,1090,,,무제한으로 주문하면 가격 부담 없이 먹을 수 있어서 좋았음!!
86584378,고향양꼬치,건대,중식,4.4,1090,,,"건대맛집 고향양꼬치
무한리필 양꼬치가 생겼다해서 방문했는데
맛도 퀄리티도 너무 만족스럽게 ... 더보기"
86584378,고향양꼬치,건대,중식,4.4,1090,,,양꼬치 무한리필 여기 찐맛집이에요 사람들이 많은 이유가 먹고나니 알거같아요 ㅎㅎ매장 넓고 깔끔해서 분위기도 괜찮고 양꼬치 말고도 소고기 등 고기 종류 많아요 무엇보다 ... 더보기
86584378,고향양꼬치,건대,중식,4.4,1090,,,가성비 있는 양꼬치 찾는다면 방문하기 좋을거같아요! 무한리필인데 사이드메뉴로 꿔바로우랑 가지튀김도 무한리필이라 다양하게 먹을 수 있어 좋더라구요
86584378,고향양꼬치,건대,중식,4.4,1090,,,"가성비 대비 퀄리티에 놀라고 갑니다!!
계속 이렇게만 해주세요 단골예약입니당🙈
양... 더보기"
86584378,고향양꼬치,건대,중식,4.4,1090,,,"건대에서 가성비 있게 양꼬치를 먹을 수 있는곳!
무제한으로 양꼬치, 꿔바로우, 가지튀김을 즐기면서 배터지게 먹을수... 더보기"
86584378,고향양꼬치,건대,중식,4.4,1090,,,가성비 너무 좋아요 맛있고 누린내안나고 요리까지 무한리필이라 대박임!!
86584378,고향양꼬치,건대,중식,4.4,1090,,,이게 무한리필이라니 !! 가성비 너무 좋습니다. 건대 무한리필 양꼬치 집 중에 고향양꼬치 이길 곳 없을 것 같아요~ 웨이팅 있어도 납득가는 맛과 가성비..!
86584378,고향양꼬치,건대,중식,4.4,1090,,,"건대맛집 양꼬치 무한리필로 유명하다고 하길래 가봤는데
정말 종류도 다양하고 , 음식도 셀프로 가져다 먹을 수 있... 더보기"
86584378,고향양꼬치,건대,중식,4.4,1090,,,무한리필 단일메뉴인데요! 먹을수있는건 아주많았어요 맛있는 가지요리랑 꿔바로우가 무한이라서 정작 양꼬치를 많이못먹을뻔 ㄷㄷ 무한리필이라고 맛은별로이지않을까 의심하는분들은 일단한번 가보시면 만족하실듯요
86584378,고향양꼬치,건대,중식,4.4,1090,,,"건대에서 오래된 양꼬치집답게 기본이 탄탄해요. 무한리필인데도 고기 질 좋고 잡내 거의 없어요. 셀프바 구성도 다양해서 계속 골라 먹기 좋았고, 단체 모임이나 회식으로도 괜찮은 곳이에요! 추천합니당!"
86584378,고향양꼬치,건대,중식,4.4,1090,,,"왜 평이높은지 알수가 없음
고기는 무난한편인데 요리나오는게 한세월임
모든 요리가 계속 채워져있는게 아니고 메인 한요리만 나와있고... 더보기"
86584378,고향양꼬치,건대,중식,4.4,1090,,,"정말 오랜만에 양꼬치가 먹고 싶어서 방문했습니다. 2시간 무한 리필로 양꼬치, 꿔바로우, 가지 요리를 즐길 수 있어서 좋았습니다. 의자에 옷 담을 수 있는 비닐 걸어두신 센스!! 양꼬치는 기호에 맞게 생양꼬치, 양... 더보기"
86584378,고향양꼬치,건대,중식,4.4,1090,,,"우선 양꼬치 무한리필인 점이 너무나 큰 메리트고 꿔바로우, 가지튀김도 정말 맛있습니다 :)"
86584378,고향양꼬치,건대,중식,4.4,1090,,,"넓고 쾌적한 분위기
양꼬치가 퀄리티가 기대이상으로 좋았어요.
가성비 넘치는 건대 양꼬치 맛집이었... 더보기"
86584378,고향양꼬치,건대,중식,4.4,1090,,,여럿이서 먹을거 아니면 인당 무한리필에 먹을게 별로없음. 단품으로 먹는게 좋아보임. 모든게 셀프여서 분위기가 너무 어수선함. 옆에 매화반점이 나아보임.
86584378,고향양꼬치,건대,중식,4.4,1090,,,가성비
86584378,고향양꼬치,건대,중식,4.4,1090,,,분위기
86584378,고향양꼬치,건대,중식,4.4,1090,,,사진/영상 후기만 보기
86584378,고향양꼬치,건대,중식,4.4,1090,,,2026.04.19.
86584378,고향양꼬치,건대,중식,4.4,1090,,,2026.03.28.
86584378,고향양꼬치,건대,중식,4.4,1090,,,2026.03.14.
86584378,고향양꼬치,건대,중식,4.4,1090,,,2026.03.09.
86584378,고향양꼬치,건대,중식,4.4,1090,,,2026.03.07.
86584378,고향양꼬치,건대,중식,4.4,1090,,,2026.03.03.
86584378,고향양꼬치,건대,중식,4.4,1090,,,2026.03.01.
86584378,고향양꼬치,건대,중식,4.4,1090,,,2026.02.09.
86584378,고향양꼬치,건대,중식,4.4,1090,,,2026.01.29.
86584378,고향양꼬치,건대,중식,4.4,1090,,,2026.01.24.
86584378,고향양꼬치,건대,중식,4.4,1090,,,2026.01.23.
86584378,고향양꼬치,건대,중식,4.4,1090,,,2026.01.17.
86584378,고향양꼬치,건대,중식,4.4,1090,,,2026.01.09.
86584378,고향양꼬치,건대,중식,4.4,1090,,,2026.01.04.
86584378,고향양꼬치,건대,중식,4.4,1090,,,2025.12.29.
86584378,고향양꼬치,건대,중식,4.4,1090,,,2025.12.25.
86584378,고향양꼬치,건대,중식,4.4,1090,,,2025.12.21.
86584378,고향양꼬치,건대,중식,4.4,1090,,,2025.12.20.
86584378,고향양꼬치,건대,중식,4.4,1090,,,2025.12.16.
86584378,고향양꼬치,건대,중식,4.4,1090,,,2025.12.12.
1209599122,명봉반점(명봉양꼬치),건대,중식,4.7,571,,,양꼬치가 먹고 싶어서 추천 받아 왔는데 정말 맛있고 친절해요!
1209599122,명봉반점(명봉양꼬치),건대,중식,4.7,571,,,양꼬치도 꿔바로우도 다 맛있네요!!!
1209599122,명봉반점(명봉양꼬치),건대,중식,4.7,571,,,건대에서 유명한 명봉반점 다녀왔어요~~ 늘 위시에 있는 식당이었는데 너무 맛있어요^^ 꿔바로우가 캐첩 베이스인데도 마늘의 알싸한 맛이 나서 마냥 달지 않고 맛있어요 또 생각날 맛이에요^^
1209599122,명봉반점(명봉양꼬치),건대,중식,4.7,571,,,친구가 하도 맛있다~ 맛있다 꼭 가봐라~ 해서 찾아온 곳인데 진짜 맛있어요 ㅠㅠㅠ 잡내도 안 나고 양념이 너무 적절히 맛있어요 무조건 건대 오면 꼭 오려구요!
1209599122,명봉반점(명봉양꼬치),건대,중식,4.7,571,,,맛있게 먹규갑니다!! 종종 올게요!!
1209599122,명봉반점(명봉양꼬치),건대,중식,4.7,571,,,"양꼬치 맛있어요
꿔바로우도 시켰습니다"
1209599122,명봉반점(명봉양꼬치),건대,중식,4.7,571,,,양꼬치 진짜 좋아하는데 지금까지 먹은 곳 중에 가장 맛있어요!!!! 미친 맛입니다 나중에 건대오면 또 오고싶어요!!!! 꼭꼭 드세요 리뷰는 거짓말 안합니다...
1209599122,명봉반점(명봉양꼬치),건대,중식,4.7,571,,,"명봉이 최고에요 ㅠㅠㅠ 건대에 있어서 다행인 양꼬치 맛집 입니다! 추천 조합은 양꼬치, 마라탕, 볶음밥이에요. 주1회는 꼭 오는 집!!! 최고에요 오늘도 맛있게 먹고 갑니다~"
1209599122,명봉반점(명봉양꼬치),건대,중식,4.7,571,,,맛있고 분위기 좋습니다 잡내가 안나요! 맛있숩니당
1209599122,명봉반점(명봉양꼬치),건대,중식,4.7,571,,,"지삼선이 제일맛있어요 진짜 미친맛
양고기도 중국에서 먹었던 헌지우이치엔다음으로 마싯음 ~!!!!!!!진짜 입에서... 더보기"
1209599122,명봉반점(명봉양꼬치),건대,중식,4.7,571,,,"아니 맛 미쳤나요?????????
머 이런 대 존 맛 탱인 양꼬치집이 있나요??????
진심 처음부터 배부른 마지막 순간까... 더보기"
1209599122,명봉반점(명봉양꼬치),건대,중식,4.7,571,,,"맛있어요 특히 제발 지삼선 드세요
입에서 사르르 녹고 양꼬치는 기름이 터지면서
맥주 부릅니다 진짜 또 올게요"
1209599122,명봉반점(명봉양꼬치),건대,중식,4.7,571,,,"양꼬치 엄청 담백하고 맛있어요! 서비스로 주시는
만두도 퀄리티가 좋고 맛있습니다!"
1209599122,명봉반점(명봉양꼬치),건대,중식,4.7,571,,,정말 맛잇어요! 비결이뭔가요? 모든 요리가 정말 다 맛잇어요!
1209599122,명봉반점(명봉양꼬치),건대,중식,4.7,571,,,여기가 그 상해 본토 맛이 난다는 양꼬치 집인가요? 너무너무 기대하고 왔습니다 메뉴도 짱 많아요!
1209599122,명봉반점(명봉양꼬치),건대,중식,4.7,571,,,"면봉 양꼬치 최고
양꼬치엔칭따오
또올각"
1209599122,명봉반점(명봉양꼬치),건대,중식,4.7,571,,,"친절한 응대, 맛있는 음식, 서비스 물만두, 좋은 분위기.
자주 올거같습니다. 항상 감사합니다."
1209599122,명봉반점(명봉양꼬치),건대,중식,4.7,571,,,양꼬치 진짜 좋아하는데 여기 맛있네요 ㅎㅎ
1209599122,명봉반점(명봉양꼬치),건대,중식,4.7,571,,,높은 평점만큼 양꼬치의 맛은 탑이 아닙니다. 양도 그렇고 식감도 탑은 아니에요. 양꼬치에서 핏물이 많이  나오는 걸봐서 냉동하는 것같아요.
1209599122,명봉반점(명봉양꼬치),건대,중식,4.7,571,,,건대 양꼬치거리에서 고민 하다가 들어간 집! 양꼬치 냄새도 없고 맛있었어요😀 맥주랑 너무 잘어울리고 다음에도 또 올려구요!🐏🥩
1209599122,명봉반점(명봉양꼬치),건대,중식,4.7,571,,,분위기
1209599122,명봉반점(명봉양꼬치),건대,중식,4.7,571,,,가성비
1209599122,명봉반점(명봉양꼬치),건대,중식,4.7,571,,,사진/영상 후기만 보기
1209599122,명봉반점(명봉양꼬치),건대,중식,4.7,571,,,2026.05.01.
1209599122,명봉반점(명봉양꼬치),건대,중식,4.7,571,,,2026.04.28.
1209599122,명봉반점(명봉양꼬치),건대,중식,4.7,571,,,2026.04.27.
1209599122,명봉반점(명봉양꼬치),건대,중식,4.7,571,,,2026.04.19.
1209599122,명봉반점(명봉양꼬치),건대,중식,4.7,571,,,2026.04.18.
1209599122,명봉반점(명봉양꼬치),건대,중식,4.7,571,,,2026.04.12.
1209599122,명봉반점(명봉양꼬치),건대,중식,4.7,571,,,2026.04.11.
1209599122,명봉반점(명봉양꼬치),건대,중식,4.7,571,,,2026.04.08.
1209599122,명봉반점(명봉양꼬치),건대,중식,4.7,571,,,2026.04.06.
1209599122,명봉반점(명봉양꼬치),건대,중식,4.7,571,,,2026.04.04.
1209599122,명봉반점(명봉양꼬치),건대,중식,4.7,571,,,2026.03.29.
1209599122,명봉반점(명봉양꼬치),건대,중식,4.7,571,,,2026.03.28.
1209599122,명봉반점(명봉양꼬치),건대,중식,4.7,571,,,2026.03.24.
1209599122,명봉반점(명봉양꼬치),건대,중식,4.7,571,,,2026.03.23.
1209599122,명봉반점(명봉양꼬치),건대,중식,4.7,571,,,2026.03.22.
19983662,매운향솥,건대,중식,4.2,292,,,"그냥 맛있어서 다시 가고 싶어요
마라샹궈가 먹고 싶으면 무조건 매운향솥부터 떠올립니다...."
19983662,매운향솥,건대,중식,4.2,292,,,"매운 음식이 먹고 싶어 갔는데 역시나
제대로 스트레스를 날려 버리고 왔어요.
맛있게 매운맛이 이런거... 더보기"
19983662,매운향솥,건대,중식,4.2,292,,,"마라샹궈 찐! 찐! 입맛 저격했어요
좋아하는 재료라서 다 맛이 좋았고 
마라의 향과 맛이 감칠맛 좋게 매운 맛이 밥과 술을 부르더라고요"
19983662,매운향솥,건대,중식,4.2,292,,,"마라샹궈에 크림새우 조합은 말뭐.. ㅜㅜ
여기는 진짜 대한민국 1등 크림새우집이에요
마샹보다 크새가 압도적으로 맛있는데 그렇다고 마라샹궈가 뒤쳐지는 맛도 아니... 더보기"
19983662,매운향솥,건대,중식,4.2,292,,,"중국 유학 시절 수업 째고
낮에 마라샹궈에 맥주 때리면 세상 행복했는데..
한국의 많은 샹궈집을 가보았... 더보기"
19983662,매운향솥,건대,중식,4.2,292,,,"사이드가 맛있슴다
다만 이정도 평점은 아닌듯요"
19983662,매운향솥,건대,중식,4.2,292,,,"평점 4.6
먹은것 마라샹궈(3단계) 크림새우
웨이팅 일요일 4:30, 웨이팅 없이 입... 더보기"
19983662,매운향솥,건대,중식,4.2,292,,,"확실히 마라샹궈를 잘한다 
그치만 웨이팅은 각오하고 가야된다"
19983662,매운향솥,건대,중식,4.2,292,,,"어향육슬. 꽃빵. 하얼빈 맥주. 체감온도 영하 십 몇도인 차가운 바람 속 얼어버린 몸과 마음을 녹이는 듯한 맛.
백반 중에 동파육 느낌의 수육덮밥이 테... 더보기"
19983662,매운향솥,건대,중식,4.2,292,,,"재료 고를때부터 여직원분 서비스가 매우 별로였는데 주문했을때도 마라맛 단계 있는지 말씀도 안해주신 덕분에 다 남기고 왔습니다.
보기엔 먹음직스럽게... 더보기"
19983662,매운향솥,건대,중식,4.2,292,,,"최고의 마라샹궈집.
근처 다른 곳들도 가봤지만, 여기만한 곳이 없어요..
계란볶음밥은 필수고 취향에 따라... 더보기"
19983662,매운향솥,건대,중식,4.2,292,,,여기서 마라샹궈랑 계란볶음밥 먹다가 낮술로 고량주 두병 깠습니다 위험한 곳이에요 아주
19983662,매운향솥,건대,중식,4.2,292,,,"개인평 : 5점만점
맛         ⭐⭐️⭐️
분위기   ⭐️⭐️⭐... 더보기"
19983662,매운향솥,건대,중식,4.2,292,,,"종종가는매운향솥
이날은 계란볶음밥이 젤맛있었다"
19983662,매운향솥,건대,중식,4.2,292,,,"25년 5월 말 방문
-  마라샹궈 1만8천원 이상 주문 필요
-  냉장고에 따라 용기 2개로 각각... 더보기"
19983662,매운향솥,건대,중식,4.2,292,,,"몇년동안 내내 배달만 시켜먹고 가게 앞 지나가기만 하다, 처음으로 홀에서 먹었는데 대충격..... 진짜 태어나서 이런 대접 처음 받아본다 싶을 정도로 최악의 ... 더보기"
19983662,매운향솥,건대,중식,4.2,292,,,샹궈는 이집 미만 잡. 10년째 다니는 중
19983662,매운향솥,건대,중식,4.2,292,,,이게 맛있나요..? 마라샹궈에 부재료는 하나도 없고 그냥 업소용 마라소스만 비빈건데 비싸긴 드럽게 비쌈. 저는 또 안가려고하니까 님들이 많이 팔아주세여
19983662,매운향솥,건대,중식,4.2,292,,,"마라샹궈랑 가지볶음밥 맛있음. 가지볶음밥은 볶음느낌보단 덮밥느낌이라 촉촉함
크림새우도 마싯는데 양이~ 적어~요"
19983662,매운향솥,건대,중식,4.2,292,,,본토와 현지의 완벽한 조화
19983662,매운향솥,건대,중식,4.2,292,,,가성비
19983662,매운향솥,건대,중식,4.2,292,,,분위기
19983662,매운향솥,건대,중식,4.2,292,,,사진/영상 후기만 보기
19983662,매운향솥,건대,중식,4.2,292,,,2023.01.01.
19983662,매운향솥,건대,중식,4.2,292,,,2022.12.16.
19983662,매운향솥,건대,중식,4.2,292,,,2022.08.06.
19983662,매운향솥,건대,중식,4.2,292,,,2026.03.25.
19983662,매운향솥,건대,중식,4.2,292,,,2026.03.02.
19983662,매운향솥,건대,중식,4.2,292,,,2026.02.14.
19983662,매운향솥,건대,중식,4.2,292,,,2026.02.04.
19983662,매운향솥,건대,중식,4.2,292,,,2026.02.01.
19983662,매운향솥,건대,중식,4.2,292,,,2026.01.01.
19983662,매운향솥,건대,중식,4.2,292,,,2025.12.24.
19983662,매운향솥,건대,중식,4.2,292,,,2025.12.07.
19983662,매운향솥,건대,중식,4.2,292,,,2025.10.15.
19983662,매운향솥,건대,중식,4.2,292,,,2025.07.23.
19983662,매운향솥,건대,중식,4.2,292,,,2025.06.13.
19983662,매운향솥,건대,중식,4.2,292,,,2025.05.30.
19983662,매운향솥,건대,중식,4.2,292,,,2025.05.20.
19983662,매운향솥,건대,중식,4.2,292,,,2025.05.18.
19983662,매운향솥,건대,중식,4.2,292,,,2025.05.04.
19983662,매운향솥,건대,중식,4.2,292,,,2025.04.26.
19983662,매운향솥,건대,중식,4.2,292,,,2025.03.24.
26575482,매화반점 본점,건대,중식,3.1,184,,,별 하나도 아까움 ㅡㅡ 양도 너무적은데 맛대가리도 드럽게 없음ㅡㅡ
26575482,매화반점 본점,건대,중식,3.1,184,,,걍 무난합니다. 재방문까진 모르겠네요~
26575482,매화반점 본점,건대,중식,3.1,184,,,음식이 맛있고 친절하세요
26575482,매화반점 본점,건대,중식,3.1,184,,,"유명한 맛집이라고 해서 방문을 했는데
일단 가격 대비 양에 놀라고
상상하지도 못한 퀄리티에 깜짝 놀랐습... 더보기"
26575482,매화반점 본점,건대,중식,3.1,184,,,"예전의 매화반점 맛은 이제 돌아오지 않는 건가요.... 그 위세를 떨치던 가지튀김도 외곽 중국요릿집만 못 하게 되었고,볶음밥은 너무 짜고, 물만두는 피가 덜 익어 나오고.....너무 아쉽네요 ㅠ 이제 매화반점은 제 개인맛집 리스트에서 삭제에요"
26575482,매화반점 본점,건대,중식,3.1,184,,,"양꼬치, 꿔바로우. 음식들 자체가 자극적이라 크게 인상적이진 않아요. 평범했어요."
26575482,매화반점 본점,건대,중식,3.1,184,,,"예전보단 가격이 많이올라서 아쉽지만 그래도 음식이 너무 맛있습니다. 어항가지,토달, 꿔바로우는 필수입니다"
26575482,매화반점 본점,건대,중식,3.1,184,,,"양꼬치는 그냥 보통. 꿔바로우는 무슨 전분 덩어리라 속은 질겅질겅 늘어나고 겉은 딱딱함. 직원한테 문의했더니 원래 이렇다, 끝부분만 전분이 뭉친거다 함. 중간 부분도 전부 전분 뭉쳐있는데,,, 그냥 다시는 안 올 생각. 비싸고, 불친절하고, 요리도 별로"
26575482,매화반점 본점,건대,중식,3.1,184,,,"살면서 먹어본 튀김요리 중 최악. 나오자마자 한점 먹었는데 너무 눅눅한게 미리 조리 해둔걸 데운 느낌이 확 들었음. 바삭함이라곤 1도 없어서 컴플레인 했더니, 소스에 버무리다보니 어쩔수... 더보기"
26575482,매화반점 본점,건대,중식,3.1,184,,,"맛은 양념 맛이고 가격이 비싼 것 같은데 양은 좀 적어요
3인이  20만원 이상 주문했는데 주방 바쁘... 더보기"
26575482,매화반점 본점,건대,중식,3.1,184,,,양꼬치도 맛있지만 가지튀김 쫄기싸고 부드럽고 고소한게 예술!! 전에 맛본 계란토마토탕도 맛있었는데.. 여긴 다 맛있나봅니다 ㅎ
26575482,매화반점 본점,건대,중식,3.1,184,,,가지튀김개존맛 다맛잇음
26575482,매화반점 본점,건대,중식,3.1,184,,,가지 튀김이 갱쟝히 맛있네요...?!
26575482,매화반점 본점,건대,중식,3.1,184,,,양꼬치가 맛있음
26575482,매화반점 본점,건대,중식,3.1,184,,,"지인이 원해서 가 봤는데 양꼬치업장들이 많아서 기대했지만 완전히 당황했어요..
양꼬치 고기는 오래 냉동했던 것을 사용하는지 내가 먹어 본 양고기 중에서 가장... 더보기"
26575482,매화반점 본점,건대,중식,3.1,184,,,©2021. ethwang All rights reserved.
26575482,매화반점 본점,건대,중식,3.1,184,,,친구들이 건대하면 매화반점이지라고 해서 이제서야 방문해봤습니다. 양꼬치는 살코기랑 지방이 적절하게 있어서 부드럽고 맛있었고 온면도 괜찮았어요. 다만 꿔바로우는 거의 떡꼬치같았어요.... 더보기
26575482,매화반점 본점,건대,중식,3.1,184,,,"유명한 중국집이라고 해서, 서울숲 산책하고 가볍게 맥주하러 간 곳. 
사람이 굉장히 많았다. 꼬치팔아서 건... 더보기"
26575482,매화반점 본점,건대,중식,3.1,184,,,양꼬치 하얼빈 칭따오의 조합은 환상!
26575482,매화반점 본점,건대,중식,3.1,184,,,"+숯불양꼬치 10 pieces : 12,000원
직접 구워먹는 맛도 ... 더보기"
26575482,매화반점 본점,건대,중식,3.1,184,,,가성비
26575482,매화반점 본점,건대,중식,3.1,184,,,사진/영상 후기만 보기
26575482,매화반점 본점,건대,중식,3.1,184,,,2025.07.08.
26575482,매화반점 본점,건대,중식,3.1,184,,,2025.06.12.
26575482,매화반점 본점,건대,중식,3.1,184,,,2025.04.13.
26575482,매화반점 본점,건대,중식,3.1,184,,,2025.02.23.
26575482,매화반점 본점,건대,중식,3.1,184,,,2024.12.28.
26575482,매화반점 본점,건대,중식,3.1,184,,,2024.10.05.
26575482,매화반점 본점,건대,중식,3.1,184,,,2024.07.09.
26575482,매화반점 본점,건대,중식,3.1,184,,,2024.06.29.
26575482,매화반점 본점,건대,중식,3.1,184,,,2023.06.03.
26575482,매화반점 본점,건대,중식,3.1,184,,,2022.10.06.
26575482,매화반점 본점,건대,중식,3.1,184,,,2025.08.04.
26575482,매화반점 본점,건대,중식,3.1,184,,,2023.05.01.
26575482,매화반점 본점,건대,중식,3.1,184,,,2023.02.25.
26575482,매화반점 본점,건대,중식,3.1,184,,,2022.06.19.
26575482,매화반점 본점,건대,중식,3.1,184,,,2022.05.01.
26575482,매화반점 본점,건대,중식,3.1,184,,,2021.09.29.
26575482,매화반점 본점,건대,중식,3.1,184,,,2021.04.27.
26575482,매화반점 본점,건대,중식,3.1,184,,,2020.08.23.
26575482,매화반점 본점,건대,중식,3.1,184,,,2016.09.18.
26575482,매화반점 본점,건대,중식,3.1,184,,,2016.04.29.
1073241380,송쉐프 구의점,건대,중식,4.1,53,,,"실패없는, 평범하게 맛있는 집을 기대하고 가도 좋아요
탕수육은 꼭 시켜드세요 소스대박"
1073241380,송쉐프 구의점,건대,중식,4.1,53,,,"음식 깔끔하고 양도 푸짐함

짜장면 : 기본에 충실한 맛 맛있음
짬뽕... 더보기"
1073241380,송쉐프 구의점,건대,중식,4.1,53,,,"딸이 다른 지점에서 맛나게 먹었던 기억
있다고 가자해서 갔어요 말대로 맛있었어요 짬뽕은 불맛도 나고 찹쌀 탕수육도 다른 중국집이랑은 확연히 ... 더보기"
1073241380,송쉐프 구의점,건대,중식,4.1,53,,,"볶음짜장먹은 것 중에 여기가 제일 맛있음
달달한게 야끼소바느낌의 볶음짜장
내가 좋아하는 스타일 

잘먹고 갑니다

1점... 더보기"
1073241380,송쉐프 구의점,건대,중식,4.1,53,,,짜장면이랑 탕수육도 맛있지만 제일 맛있던것은 고슬고슬한 볶음밥 너무 맛있어요~~
1073241380,송쉐프 구의점,건대,중식,4.1,53,,,엄청 친절하세요 불친절 말  많길래
1073241380,송쉐프 구의점,건대,중식,4.1,53,,,"그렇고 그런 TV에 나온 체인점인줄 알았는데, 주방장 내공이 느껴지는 볶음요리가 상당히 좋다. 탕수육은 놀랄정도로 두터운 돼지고기가 엄청난 육즙으로 입천장을 공격한다. 짬뽕은 요즘들어 재료도 좀 부실하고 강렬한... 더보기"
1073241380,송쉐프 구의점,건대,중식,4.1,53,,,마파두부밥 먹었는데 인생 맛집!
1073241380,송쉐프 구의점,건대,중식,4.1,53,,,해외살다 오랜만에 갔는데... 음식이 왜 이렇게 실망스러워졌는지. 깜놀. 가격은 계속 오르면서. 볶음밥 먹는데 밥이 덜익은 것도 아니고... 딱 찬밥 모아서 다시 볶은 느낌? 뭉친밥끼리 안떨어지고... 짬뽕밥도 쏘쏘. ㅠ
1073241380,송쉐프 구의점,건대,중식,4.1,53,,,5세후니와 맹태규니의 맛도리 5점
1073241380,송쉐프 구의점,건대,중식,4.1,53,,,"유후~여기가 울보시장님과 명태 쪼인해서 밥먹은 맛집인가여?? 한번 들러보겠습니다.
간장계란 맛집이라는뎈ㅋㅋㅋ"
1073241380,송쉐프 구의점,건대,중식,4.1,53,,,명태와 5살후니의 맛집 ㅋㅋㅋ
1073241380,송쉐프 구의점,건대,중식,4.1,53,,,오세바리 화이팅 멀ㄹ안간다
1073241380,송쉐프 구의점,건대,중식,4.1,53,,,오세훈 최애 간장계란 맛집
1073241380,송쉐프 구의점,건대,중식,4.1,53,,,간장계란 - 청국장 - 장어 코스요리가 정말로 나오나요?
1073241380,송쉐프 구의점,건대,중식,4.1,53,,,간장계란밥 얼마나 맛있나 가볼게요~ 마침 직장근처~ 뙇~ ㅋㅋ
1073241380,송쉐프 구의점,건대,중식,4.1,53,,,간장계란 두번 주신다는 그 곳인가요? 나중에 꼭 방문할께요
1073241380,송쉐프 구의점,건대,중식,4.1,53,,,생태탕이 너무 맛있어요.ㅋ
1073241380,송쉐프 구의점,건대,중식,4.1,53,,,매불쇼~
1073241380,송쉐프 구의점,건대,중식,4.1,53,,,분위기
1073241380,송쉐프 구의점,건대,중식,4.1,53,,,사진/영상 후기만 보기
1073241380,송쉐프 구의점,건대,중식,4.1,53,,,2024.10.02.
1073241380,송쉐프 구의점,건대,중식,4.1,53,,,2023.05.14.
1073241380,송쉐프 구의점,건대,중식,4.1,53,,,2023.05.12.
1073241380,송쉐프 구의점,건대,중식,4.1,53,,,2023.08.13.
1073241380,송쉐프 구의점,건대,중식,4.1,53,,,2022.06.23.
1073241380,송쉐프 구의점,건대,중식,4.1,53,,,2022.06.09.
1073241380,송쉐프 구의점,건대,중식,4.1,53,,,2021.01.27.
1073241380,송쉐프 구의점,건대,중식,4.1,53,,,2020.11.08.
1073241380,송쉐프 구의점,건대,중식,4.1,53,,,2026.02.10.
1073241380,송쉐프 구의점,건대,중식,4.1,53,,,2025.12.22.
1073241380,송쉐프 구의점,건대,중식,4.1,53,,,2025.04.05.
1073241380,송쉐프 구의점,건대,중식,4.1,53,,,2025.03.06.
1073241380,송쉐프 구의점,건대,중식,4.1,53,,,2025.02.25.
1073241380,송쉐프 구의점,건대,중식,4.1,53,,,2025.02.24.
1073241380,송쉐프 구의점,건대,중식,4.1,53,,,2025.02.21.
1073241380,송쉐프 구의점,건대,중식,4.1,53,,,2025.02.20.
14663453,대흥양다리바베큐 건대점,건대,중식,3.9,819,,,음식도 당연히 대박 맛있는데 사장님이랑 알바생분들이 다 너무너무 친절하셔서 또 가고 싶은 곳🥹👍
14663453,대흥양다리바베큐 건대점,건대,중식,3.9,819,,,서비스도 너무 좋고 사장님이 친절하셔서 정말 맛있고 재밌게 먹다 갔어요
14663453,대흥양다리바베큐 건대점,건대,중식,3.9,819,,,"양다리구이 가성비좋고 살살 녹네요.
양다리구이 먹으러 또 가겠습니다.
양갈비는 기름기 너무 많고 느끼합니다."
14663453,대흥양다리바베큐 건대점,건대,중식,3.9,819,,,"100번 간 집ㅋㅋ 양 냄새 안 나요<꿀팁 갑니다>
양다리 보다는 양꼬치
꿔... 더보기"
14663453,대흥양다리바베큐 건대점,건대,중식,3.9,819,,,"그냥~ 뭐 나쁘진 않은데 많은 양꼬치집중에서 특색이 있진 않음..
재방문은 안할듯
참고로 냉면 먹지마셈 너무 별로임 ㅠㅋㅋㅋ"
14663453,대흥양다리바베큐 건대점,건대,중식,3.9,819,,,아 뭐랄까 맛있는데.. 이게 처음 먹어봐서 맛있는건지 여기가 맛있는건지 잘 모르겠네.. 별 세개는 적고 네개는 많은 느낌인데 매장이 좀 정신사나워서 세개로 갑니다. 꿔바로우는 걍 그럼
14663453,대흥양다리바베큐 건대점,건대,중식,3.9,819,,,"양다리는 냄새 안나고  너무나도 맛있어요
주방에 요청하면 썰어줘서 먹기도 편하구요
양만두 진짜 이거 요물입니다 밑에 구... 더보기"
14663453,대흥양다리바베큐 건대점,건대,중식,3.9,819,,,처음에 나오는 양다리 비주얼 보고 맛이 기대가 됐습니다 ㅎㅎ 기대한 만큼의 맛이었어요!! 중간중간에 바르는 양념이 아주 맛있습니다.. 사장님도 친절하시고 재치있으시더라구요 후기 보고 조금 걱정하면서 ... 더보기
14663453,대흥양다리바베큐 건대점,건대,중식,3.9,819,,,"양꼬치는 그저 그랬는데
바베큐는 진짜 맛있었어요"
14663453,대흥양다리바베큐 건대점,건대,중식,3.9,819,,,풍자와 입맛이 안맞는걸로..
14663453,대흥양다리바베큐 건대점,건대,중식,3.9,819,,,맛나고 너무 친절해요
14663453,대흥양다리바베큐 건대점,건대,중식,3.9,819,,,"[추천이유]
- 양다리 바베큐 양 많고 맛 좋음
- ... 더보기"
14663453,대흥양다리바베큐 건대점,건대,중식,3.9,819,,,양꼬치 맛잇엇어요 꿔바로우는 그닥?
14663453,대흥양다리바베큐 건대점,건대,중식,3.9,819,,,"연한 소스가 살짝 짭쪼름한 감칠맛을 줘서 양꼬치 맛있었어요! 꿔바로우는 바삭하지는 않아도 새콤달콤하니 맛있었어요

근데 맥주를 이미 따랐는데 맥주 잔... 더보기"
14663453,대흥양다리바베큐 건대점,건대,중식,3.9,819,,,"맛 ☆☆
가격 ☆☆☆
친절 분... 더보기"
14663453,대흥양다리바베큐 건대점,건대,중식,3.9,819,,,"늘 먹던 양다리 바베큐. 비쥬얼과 맛은 괜찮아요.
다만 요리는 시키지 마세요.
어향가지 흐물흐물하고 양념치킨 맛 같은 소스만 잔뜩이라 케챱향 강하... 더보기"
14663453,대흥양다리바베큐 건대점,건대,중식,3.9,819,,,냄새없이 야들야들 부드럽고 양고기~~~^^
14663453,대흥양다리바베큐 건대점,건대,중식,3.9,819,,,"다리살 및 갈비셋트 주문
특이점은 없으며 무난하게 먹지만 다리살이라는 특수부위 접하기엔 추천
다른 양고기 전문점이 많아서 다리살 제외 재방문 의사는 없음"
14663453,대흥양다리바베큐 건대점,건대,중식,3.9,819,,,맛은 그러저럭 괜찮은데 가격 생각하면 평범하네요
14663453,대흥양다리바베큐 건대점,건대,중식,3.9,819,,,분위기
14663453,대흥양다리바베큐 건대점,건대,중식,3.9,819,,,가성비
14663453,대흥양다리바베큐 건대점,건대,중식,3.9,819,,,사진/영상 후기만 보기
14663453,대흥양다리바베큐 건대점,건대,중식,3.9,819,,,2026.01.13.
14663453,대흥양다리바베큐 건대점,건대,중식,3.9,819,,,2026.01.07.
14663453,대흥양다리바베큐 건대점,건대,중식,3.9,819,,,2025.10.04.
14663453,대흥양다리바베큐 건대점,건대,중식,3.9,819,,,2025.06.04.
14663453,대흥양다리바베큐 건대점,건대,중식,3.9,819,,,2025.04.22.
14663453,대흥양다리바베큐 건대점,건대,중식,3.9,819,,,2025.03.29.
14663453,대흥양다리바베큐 건대점,건대,중식,3.9,819,,,2025.01.04.
14663453,대흥양다리바베큐 건대점,건대,중식,3.9,819,,,2024.12.23.
14663453,대흥양다리바베큐 건대점,건대,중식,3.9,819,,,2023.11.20.
14663453,대흥양다리바베큐 건대점,건대,중식,3.9,819,,,2023.10.13.
14663453,대흥양다리바베큐 건대점,건대,중식,3.9,819,,,2023.09.19.
14663453,대흥양다리바베큐 건대점,건대,중식,3.9,819,,,2023.05.20.
14663453,대흥양다리바베큐 건대점,건대,중식,3.9,819,,,2023.01.11.
14663453,대흥양다리바베큐 건대점,건대,중식,3.9,819,,,2026.02.03.
14663453,대흥양다리바베큐 건대점,건대,중식,3.9,819,,,2025.07.06.
14663453,대흥양다리바베큐 건대점,건대,중식,3.9,819,,,2025.05.10.
14663453,대흥양다리바베큐 건대점,건대,중식,3.9,819,,,2024.07.06.
14663453,대흥양다리바베큐 건대점,건대,중식,3.9,819,,,2024.04.27.
14663453,대흥양다리바베큐 건대점,건대,중식,3.9,819,,,2024.01.27.
14663453,대흥양다리바베큐 건대점,건대,중식,3.9,819,,,2023.12.29.
1467670437,송화산시도삭면 본점,건대,중식,4.1,576,,,"나 중국음식 좋아하네 ,, 
도삭면 딤섬과 사랑에 빠진지 1일차. 다음날 눈 뜨니까 계속 생각 남"
1467670437,송화산시도삭면 본점,건대,중식,4.1,576,,,"진짜 개맛있음
중국 현지 바이브 맛집인데
샤오롱바오에서는 육즙이 막 쏟아 넘침
사진을 못... 더보기"
1467670437,송화산시도삭면 본점,건대,중식,4.1,576,,,"고수 처돌이의 고수 사랑
양이 은근 많다 여러명이서 가서 많이 시켜먹고싶다 
두명이서 요리 세개 먹고 배터질뻔 가지튀김은 맛있는데 사실 잘하는 집이 많고 도... 더보기"
1467670437,송화산시도삭면 본점,건대,중식,4.1,576,,,맛은 있으나 장사가 잘 되는 집이라 그런지 직원이 바로 앞에서 담배 피우고 손도 안 씻고 서빙해준다. 중국산 특급 서비스인듯!
1467670437,송화산시도삭면 본점,건대,중식,4.1,576,,,"도삭면 식감이 너무 좋고 국물도 맛있어요!!😋👍🏻 다른 음식들도 평타 이상으로 맛있음!
인기가 많으니 긴 웨이팅은 괜찮지만 음식마다 나오는 텀이 좀 긴게 아쉬웠어요"
1467670437,송화산시도삭면 본점,건대,중식,4.1,576,,,3번째 방문이에요! 도삭면 여기 따라올 곳이 없어요❤️ 가지튀김은 처음먹어봤는데 촉촉하니 맛있네용
1467670437,송화산시도삭면 본점,건대,중식,4.1,576,,,도삭면 먹기 좋습니다 딤섬도 있고 늦은시간까지 운영하기에 좋습니다 참고로 2호점도 근처에있어요
1467670437,송화산시도삭면 본점,건대,중식,4.1,576,,,"도장깨기 32. 송화산시도삭면

1. 일단 구매하고 나서 원하는 때에 먹을 수 있는 디저트 가게가 아닌데도, 평일에도 오픈런 하는 손님이 많은 곳이... 더보기"
1467670437,송화산시도삭면 본점,건대,중식,4.1,576,,,"만두는 ㄱㅊ 도삭면 진짜 그냥 그럼
사진엔 없지만 어향육슬 덮밥도 시켰는데 진짜 별로였어요
밥도 진데 콧물같은 전분 가득 소스에 이도저도아닌 무언가; 왜 유명한지 모르겠"
1467670437,송화산시도삭면 본점,건대,중식,4.1,576,,,웨이팅까지 하는 맛집이라길래 너무 기대를 해서 그런가.. 도삭면은 그냥 그랬어요. 샤오롱바오는 맛있었음 그런데 여기서 먹고나서 배가 너무너무 아팠스요… ㅜㅜ
1467670437,송화산시도삭면 본점,건대,중식,4.1,576,,,"진짜 오랜만에 맛있는 샤오롱바오 먹어서 너무 좋았어요.
도삭면도 맛있고!!!
다만 한정판매였나? 무튼 뜨거운 고추기름 뿌려서 먹는건 별로....였습니다. 그냥 ... 더보기"
1467670437,송화산시도삭면 본점,건대,중식,4.1,576,,,"이렇게 맛있는 도삭면 먹어본 적이 없습니다 ㄹㅇ
진짜 맛있어요ㅠㅠ
도삭면 ,꿔바로우... 더보기"
1467670437,송화산시도삭면 본점,건대,중식,4.1,576,,,"여기 도삭면 먹고싶어서 건대까지옴🥹
짜사이도 여기가 젤 맛있는느낌
대기가 많은게 단점이지만 그 맛을 알기에 참을수 있어요😂
... 더보기"
1467670437,송화산시도삭면 본점,건대,중식,4.1,576,,,맛은 좋은데 2호점이 훨씬 커서 그런지 거기가 웨이팅 빨리 빠진다ㅠㅠ 33번인데 1시간 10분정도 기다림
1467670437,송화산시도삭면 본점,건대,중식,4.1,576,,,"아, 맛집입니다.
근래에 제가 명동 쪽에서 먹은 아주 유명한 도삭면 집보다 훨씬 좋은 맛이었습니다.

그러나 따지... 더보기"
1467670437,송화산시도삭면 본점,건대,중식,4.1,576,,,"도삭면은 진짜 마라탕 입문 단계랑 똑같아요
처음 먹었을때 읭? 이게뭐지 . . 하게되고 다시 궁금해서 먹으면 음 . . 하고 있다가 ... 더보기"
1467670437,송화산시도삭면 본점,건대,중식,4.1,576,,,"둘다 가본결과 본점,2호점 맛은 똑같음
2호점 갈때마다 꼭 하나씩 빠뜨리고 줘서 본점와봤는디 여기도 똑같네용ㅋㅋㅋ 
서빙 하시는분들... 더보기"
1467670437,송화산시도삭면 본점,건대,중식,4.1,576,,,먹어본 샤오롱바오 중에 원탑. 도삭면도 자꾸 생각남
1467670437,송화산시도삭면 본점,건대,중식,4.1,576,,,"양이 많으니 도삭면 곱빼기 해서 둘이 나눠먹고 사이드 하나 먹으면 남자 둘이 배부름. 만두 종류는 가격대비 크기가 그리 크지 않아 실망할 수도, 가지튀김은 시간이 지나면 눅눅해짐."
1467670437,송화산시도삭면 본점,건대,중식,4.1,576,,,가성비
1467670437,송화산시도삭면 본점,건대,중식,4.1,576,,,분위기
1467670437,송화산시도삭면 본점,건대,중식,4.1,576,,,사진/영상 후기만 보기
1467670437,송화산시도삭면 본점,건대,중식,4.1,576,,,2026.04.24.
1467670437,송화산시도삭면 본점,건대,중식,4.1,576,,,2026.03.21.
1467670437,송화산시도삭면 본점,건대,중식,4.1,576,,,2026.02.03.
1467670437,송화산시도삭면 본점,건대,중식,4.1,576,,,2025.11.30.
1467670437,송화산시도삭면 본점,건대,중식,4.1,576,,,2025.11.15.
1467670437,송화산시도삭면 본점,건대,중식,4.1,576,,,2025.10.31.
1467670437,송화산시도삭면 본점,건대,중식,4.1,576,,,2025.10.27.
1467670437,송화산시도삭면 본점,건대,중식,4.1,576,,,2025.10.09.
1467670437,송화산시도삭면 본점,건대,중식,4.1,576,,,2025.10.07.
1467670437,송화산시도삭면 본점,건대,중식,4.1,576,,,2025.08.24.
1467670437,송화산시도삭면 본점,건대,중식,4.1,576,,,2025.07.14.
1467670437,송화산시도삭면 본점,건대,중식,4.1,576,,,2025.07.11.
1467670437,송화산시도삭면 본점,건대,중식,4.1,576,,,2025.06.05.
1467670437,송화산시도삭면 본점,건대,중식,4.1,576,,,2025.06.01.
1467670437,송화산시도삭면 본점,건대,중식,4.1,576,,,2025.05.15.
1467670437,송화산시도삭면 본점,건대,중식,4.1,576,,,2025.03.21.
1467670437,송화산시도삭면 본점,건대,중식,4.1,576,,,2025.02.27.
1467670437,송화산시도삭면 본점,건대,중식,4.1,576,,,2024.12.22.
1467670437,송화산시도삭면 본점,건대,중식,4.1,576,,,2024.12.15.
1467670437,송화산시도삭면 본점,건대,중식,4.1,576,,,2024.11.29.
19667607,화양양꼬치,건대,중식,4.1,534,,,"마라양꼬치, 꿔바로우 먹었는데 맛있었어용
꿔바로우는 소짜 시켰는데도 나름 양 괜찮아요!
테이블이 많은 편은 아닙니당 참고하세요🤗"
19667607,화양양꼬치,건대,중식,4.1,534,,,꿔바로우 ㄱㅊ음... 사실 술취해서 기억 안남...
19667607,화양양꼬치,건대,중식,4.1,534,,,양꼬치는 엄청 빨리 나왔어요 근데 같이 주문한 온면이 양꼬치 다 먹고 한시간 지나도 안나와서 한두번 여쭤봤는데 신경질 내시고 아무리 기다려도 안나와서 취소하려고 하니 곧 나온다고 화내시고...배달... 더보기
19667607,화양양꼬치,건대,중식,4.1,534,,,진짜 메뉴 하나하나 다 맛있음..
19667607,화양양꼬치,건대,중식,4.1,534,,,양꼬치... 허겁지겁 먹느라 찍지 못했네요... 후후 이게 요즘 사람들이 말하는 그 '존맛탱'? 술이 더 마시고파 시킨 물만두의 아름다운 자태... 너무 곱지 않습니까...? 최고 최고
19667607,화양양꼬치,건대,중식,4.1,534,,,너무 친절하시고 양고기 잡내도 전혀 나지 않아요! 건대의 시끄러운 양꼬치 집과는 다른 분위기♥️
19667607,화양양꼬치,건대,중식,4.1,534,,,냄새에 예민해서 양고기 잘 안 먹지만 오랜만에 먹었어요. 냄새가 전혀 안난다고는 못해요. 하지만 먹을만 했구요. 매장이 깨끗해서 좋았어요.
19667607,화양양꼬치,건대,중식,4.1,534,,,"맛있게 잘 먹었습니다
매장이 넓은편은 아니라서 붐비는 시간대에 방문하면 주위 대화소리에 목소리가 묻혀요.."
19667607,화양양꼬치,건대,중식,4.1,534,,,"소액 메뉴 취소 거절하는, 장사의 기본도 모르는 양야치 사장과 대표가 운영하는 곳입니다. 음식 맛도 그저그런데 뭘 믿고 이런 횡포를 부리는지 알 수가 없네요"
19667607,화양양꼬치,건대,중식,4.1,534,,,"꿔바로우 맛집이라고 해서 들렸는데
맛있긴한데 엄청난 맛까지는 아니였어요
너무 기대... 더보기"
19667607,화양양꼬치,건대,중식,4.1,534,,,"배달시켜먹는 곳인데 건대 갔다가 종종 들려요. 
마라탕 숙주랑 양고기 추가하고 먹고 물만두, 볶음밥, 가지튀김 다 맛있어요. 특히 가지튀김 존맛 ….. 튀김에 소스가 잘 베여있는게 최고~~"
19667607,화양양꼬치,건대,중식,4.1,534,,,체할꺼같아요 빨리먹으라고 제촉하듯 고기빨리올리라고하고 꼬치 바로바로 치우고 먹고있는데 집게 가져가려해서 먹는중이라니깐 다시두고 별점에 혹해서 갔는데 아닌건 아닌거같습니다 비... 더보기
19667607,화양양꼬치,건대,중식,4.1,534,,,식사가 1시간 만에 나왔어요 한 4-5번 정도 여쭤봤는데 만드는 중이라고 해서 기다렸는데. 저희보다 30분 늦게 주문한 테이블이 같은 음식 먼저나옴…ㅠ
19667607,화양양꼬치,건대,중식,4.1,534,,,꿔버로우진심..존맛
19667607,화양양꼬치,건대,중식,4.1,534,,,사장님이 너무 친절하시네요~ 양꼬치도 손수 구워주시고 나눠주시고 잘라주시고 ^^ 맛도 짱~
19667607,화양양꼬치,건대,중식,4.1,534,,,건대역 주변 최고의맛!!! 사장님도 넘 친절하고 이뻐염~~
19667607,화양양꼬치,건대,중식,4.1,534,,,존맛임
19667607,화양양꼬치,건대,중식,4.1,534,,,뀌바로우 대박
19667607,화양양꼬치,건대,중식,4.1,534,,,가성비
19667607,화양양꼬치,건대,중식,4.1,534,,,분위기
19667607,화양양꼬치,건대,중식,4.1,534,,,사진/영상 후기만 보기
19667607,화양양꼬치,건대,중식,4.1,534,,,2025.11.13.
19667607,화양양꼬치,건대,중식,4.1,534,,,2025.03.19.
19667607,화양양꼬치,건대,중식,4.1,534,,,2023.04.01.
19667607,화양양꼬치,건대,중식,4.1,534,,,2022.09.16.
19667607,화양양꼬치,건대,중식,4.1,534,,,2021.07.17.
19667607,화양양꼬치,건대,중식,4.1,534,,,2020.11.11.
19667607,화양양꼬치,건대,중식,4.1,534,,,2026.02.01.
19667607,화양양꼬치,건대,중식,4.1,534,,,2026.01.23.
19667607,화양양꼬치,건대,중식,4.1,534,,,2025.01.08.
19667607,화양양꼬치,건대,중식,4.1,534,,,2024.12.28.
19667607,화양양꼬치,건대,중식,4.1,534,,,2023.07.16.
19667607,화양양꼬치,건대,중식,4.1,534,,,2023.03.31.
19667607,화양양꼬치,건대,중식,4.1,534,,,2023.01.14.
19667607,화양양꼬치,건대,중식,4.1,534,,,2021.11.27.
19667607,화양양꼬치,건대,중식,4.1,534,,,2021.06.27.
19667607,화양양꼬치,건대,중식,4.1,534,,,2021.05.29.
19667607,화양양꼬치,건대,중식,4.1,534,,,2021.03.11.
19667607,화양양꼬치,건대,중식,4.1,534,,,2021.02.18.
19667607,화양양꼬치,건대,중식,4.1,534,,,2018.06.21.
19667607,화양양꼬치,건대,중식,4.1,534,,,2024.09.13.
13578218,건대홍매양꼬치,건대,중식,4.5,226,,,아니찐자 이렇게맛았있고 가성비 꿑판왕인 집을왜 안지는지난 이해가안된다 건대에서갈순워1위 꼭가라
13578218,건대홍매양꼬치,건대,중식,4.5,226,,,"오히려 양꼬치는 무난함 근데 식사류가 기가 막힘
지삼선 유린기 꿔바로우 냉면 건두부샐러드 하나하나 거를 타선이 없음 매우 만족"
13578218,건대홍매양꼬치,건대,중식,4.5,226,,,"튀김 맛집. 양꼬치 구이는 타 매장과 대동소이하나
여러 튀김기반 요리는 바삭하고 맛있음. 유린육, 가지튀김, 오징어튀김,샐러드마요새우튀김 등등."
13578218,건대홍매양꼬치,건대,중식,4.5,226,,,양꼬치 고기도 크고 서비스로 주는 유린기랑 건두부무침도 짱맛나요🥹 그리고 요 닭요리도 맛있어요!
13578218,건대홍매양꼬치,건대,중식,4.5,226,,,사장님도 너무 친절하시고 서비스로 나온 유린기가 진짜 미쳤어요 👍👍
13578218,건대홍매양꼬치,건대,중식,4.5,226,,,캬~ 끝내줍니다.
13578218,건대홍매양꼬치,건대,중식,4.5,226,,,양꼬치 2인분만 시켜도 포두부 샐러드+유린기를 서비스로 주시는 점이 좋아서 재방문하고 싶어요. 1인분에 약 10꼬치쯤 정도로 양도 넉넉합니다. 양꼬치는 잡내 없고 깔끔한 타입입니다. 짜사이도 괜찮... 더보기
13578218,건대홍매양꼬치,건대,중식,4.5,226,,,"양꼬치랑 음식, 서비스 자체는 좋았어요
화장실은 건물화장실인데 양꼬치집만 쓰는듯
... 더보기"
13578218,건대홍매양꼬치,건대,중식,4.5,226,,,"거를타선 없음. 
양꼬치 누린내 하나도 안나고 너무 맛있다. 가지 못 먹는데 이 집 가지튀김 먹고 나서부터 가지에 눈을 뜸..꿔바로우..말모"
13578218,건대홍매양꼬치,건대,중식,4.5,226,,,"건대에서 홍매양꼬치 다녀왔는데 진짜 대박이에요!

양꼬치는 생양고기 사용해서 신선하고... 더보기"
13578218,건대홍매양꼬치,건대,중식,4.5,226,,,짱맛!!유린기는 여기서만 먹을래요
13578218,건대홍매양꼬치,건대,중식,4.5,226,,,양꼬치 먹고 싶으면 가는 당산 맛집이 있었는데 거기보다 여기가 더 맛있어서 양꼬치 맛집 갱신. 꿔바로우랑 건두부 샐러드도 너무 맛있어서 그릇 다 비우고 나왔네요. 후기 잘 안 쓰는데 오랜만에 남겨봅니다.
13578218,건대홍매양꼬치,건대,중식,4.5,226,,,"(내돈내산, 리뷰이벤트 x) 
저희가 시킨 건 생양꼬치랑 양념양꼬치, 가지 튀김이었어요. 
양꼬치는 다른 양꼬치집이랑 차이나는 맛은 아니지만 잡내 안 ... 더보기"
13578218,건대홍매양꼬치,건대,중식,4.5,226,,,"저 양꼬치 여러군데에서 먹어봤는데
여기가 제일 맛있습니다...
한입 먹자마자 너무 맛있어서 고개를 갸웃갸웃 하면서 다먹어버림"
13578218,건대홍매양꼬치,건대,중식,4.5,226,,,"다 맛있는데 서비스로 나오는 건두부무침이 느끼한맛 잡아줘서 젤맛있음 
벗 음식 늦게나오고 친절한편은 아님"
13578218,건대홍매양꼬치,건대,중식,4.5,226,,,"솔직히 양고기보다는 요리류에서 굉장히 만족한 집입니다
일단 양꼬치를 시키면 사이드 메뉴를 기본으로 주시는데 두부 샐러드가 새콤해서 느끼한 맛을 ... 더보기"
13578218,건대홍매양꼬치,건대,중식,4.5,226,,,"갑자기 양꼬치가 먹고싶어서 대충 리뷰보고 찾아갔는데 너무 괜찮았습니다!
사장님도 친절하시고 서비스로 받은 유린기도 맛있었어요. 양꼬치도 질기지않고 맛있었고 사진엔 없지만 같이 시킨 해물누룽지탕도 뜨끈하고 입에 감기는 맛이었어요."
13578218,건대홍매양꼬치,건대,중식,4.5,226,,,양꼬치 2인분 이상 주문시 사진에 보이는 유린기 서비스에 건두부 샐러드까지 나옴.적당히 기름진 양꼬치 존맛.. 양꼬치 고기도 튼실함. 근데 서비스로 나온 유린기가 너무 맛있었음 ..!! 건두부 샐러드도 상큼하니 같이... 더보기
13578218,건대홍매양꼬치,건대,중식,4.5,226,,,콜키-와인:병당 3만／위스키:병당 3만
13578218,건대홍매양꼬치,건대,중식,4.5,226,,,"적당히 실하고 괜찮은 양꼬치
중국 요리에 술 먹고싶다면 추천
양꼬치가 메인이지만
여기... 더보기"
13578218,건대홍매양꼬치,건대,중식,4.5,226,,,가성비
13578218,건대홍매양꼬치,건대,중식,4.5,226,,,분위기
13578218,건대홍매양꼬치,건대,중식,4.5,226,,,사진/영상 후기만 보기
13578218,건대홍매양꼬치,건대,중식,4.5,226,,,2026.04.15.
13578218,건대홍매양꼬치,건대,중식,4.5,226,,,2025.07.19.
13578218,건대홍매양꼬치,건대,중식,4.5,226,,,2024.08.15.
13578218,건대홍매양꼬치,건대,중식,4.5,226,,,2023.10.21.
13578218,건대홍매양꼬치,건대,중식,4.5,226,,,2023.08.05.
13578218,건대홍매양꼬치,건대,중식,4.5,226,,,2025.11.01.
13578218,건대홍매양꼬치,건대,중식,4.5,226,,,2025.06.21.
13578218,건대홍매양꼬치,건대,중식,4.5,226,,,2025.06.08.
13578218,건대홍매양꼬치,건대,중식,4.5,226,,,2025.06.01.
13578218,건대홍매양꼬치,건대,중식,4.5,226,,,2025.05.26.
13578218,건대홍매양꼬치,건대,중식,4.5,226,,,2025.03.16.
13578218,건대홍매양꼬치,건대,중식,4.5,226,,,2025.01.18.
13578218,건대홍매양꼬치,건대,중식,4.5,226,,,2024.12.14.
13578218,건대홍매양꼬치,건대,중식,4.5,226,,,2024.10.20.
13578218,건대홍매양꼬치,건대,중식,4.5,226,,,2024.08.23.
13578218,건대홍매양꼬치,건대,중식,4.5,226,,,2024.07.01.
13578218,건대홍매양꼬치,건대,중식,4.5,226,,,2023.11.22.
13578218,건대홍매양꼬치,건대,중식,4.5,226,,,2022.09.16.
13578218,건대홍매양꼬치,건대,중식,4.5,226,,,2026.04.06.
13578218,건대홍매양꼬치,건대,중식,4.5,226,,,2025.06.04.
1510841423,희가덕,건대,중식,3.9,2,,,군만두 시킬것.
1510841423,희가덕,건대,중식,3.9,2,,,"잘모르게쒀 맛없지는 않은데 또 생각나지는 않을? 
생선핫팟 특이함 새콤한 똠양꿍+고소한 우유마라 섞인 느낌인데 처음엔 머릿속에 물음표가 가득하... 더보기"
1510841423,희가덕,건대,중식,3.9,2,,,그냥 그래요… 왜 인기 많은지 잘 모르겠어요…
1510841423,희가덕,건대,중식,3.9,2,,,앗….너무너무 맛있다..! 메뉴 다 푸파하고 싶네요 만두 피 하나로 홍대쪽 식당 다 밟을 정도로 만두피 식감 맛 두께 다 좋음. 밀가루 떡진맛 안남. 개인적으로 핫팟은 마라고기야채보다 뼈찜이 훨... 더보기
1510841423,희가덕,건대,중식,3.9,2,,,중국 ^_^
1510841423,희가덕,건대,중식,3.9,2,,,"간장 미1111친놈 
개111111맛있음 

희삼선만두 맛있음 
생선핫팟... 더보기"
1510841423,희가덕,건대,중식,3.9,2,,,"만두 상당합니다
팟 요리는 그냥 쏘쏘라, 하나만 시켜서 국물용으로 드세용"
1510841423,희가덕,건대,중식,3.9,2,,,중국맛 그대로인 느낌
1510841423,희가덕,건대,중식,3.9,2,,,"일단 군만두 맛집은 확실, 중국 본토의 강한 중국 향은 아니지만 입문하기에 좋은곳"
1510841423,희가덕,건대,중식,3.9,2,,,중국그대오 맛 중국만두 피는 원래 두꺼워요 얇은피 원하시면 ㅠㅠ 비추
1510841423,희가덕,건대,중식,3.9,2,,,시그니처라 기대했는데 맛이 쪼끔 아쉽다 싶음
1510841423,희가덕,건대,중식,3.9,2,,,"샐러리돼지고기 군만두랑 대표인 새우물만두, 오이푸주무침 맛나게 먹었어요. 
우연히 보고 들어간 집인데 중국의 김밥천국 같은 곳 같았어요... 더보기"
1510841423,희가덕,건대,중식,3.9,2,,,"맛 : 중
가성비 : 상
친절도 : 상
* 굉장히 현지맛, 중국... 더보기"
1510841423,희가덕,건대,중식,3.9,2,,,"음식 전반적으로 향신채 맛이 있어서 좋았어요 가성비중국여행느낌
맛은 평범하나 포인트가 있는 집"
1510841423,희가덕,건대,중식,3.9,2,,,만두 속에 새우가 들어 막있었어요. 만두피는 그냥그래요. 마라탕? 시켰는데 마라향이 많이 안쎄고 고소함 느낌이 있어 국물이 맛있었습니다. 괜찮았어요.
1510841423,희가덕,건대,중식,3.9,2,,,"중국 본토의 맛 맛도리
중국에서 먹는 맛을 느끼고 싶음 가보면 좋을 곳"
1510841423,희가덕,건대,중식,3.9,2,,,"와 ㄹㅇ 맛있다
내가 중국가서 먹은 만두랑 똑같음

일요일 저녁 9시쯤 방문해서 웨이팅 없이 먹었고, 군만... 더보기"
1510841423,희가덕,건대,중식,3.9,2,,,설거지를 어떻게 하는건지 모르겠어요 앞접시 다섯개가 연달아 빨간 기름 있어서 엄청 신경쓰였습니다 ㅠ ㅠ 직원분께 “처음 먹어보는 음식이라... 더보기
1510841423,희가덕,건대,중식,3.9,2,,,"대표메뉴라는 통새우삼선만두와 희삼선만두 둘다 새우만두지만 군만두인 희삼선이 훨씬더 맛있었어요 날치알이 느껴지진 않았지만 육즙이 끝내줘요

핫팟은 처음먹어... 더보기"
1510841423,희가덕,건대,중식,3.9,2,,,가성비
1510841423,희가덕,건대,중식,3.9,2,,,분위기
1510841423,희가덕,건대,중식,3.9,2,,,사진/영상 후기만 보기
1510841423,희가덕,건대,중식,3.9,2,,,2026.05.01.
1510841423,희가덕,건대,중식,3.9,2,,,2026.04.26.
1510841423,희가덕,건대,중식,3.9,2,,,2026.04.25.
1510841423,희가덕,건대,중식,3.9,2,,,2026.04.16.
1510841423,희가덕,건대,중식,3.9,2,,,2026.04.10.
1510841423,희가덕,건대,중식,3.9,2,,,2026.03.02.
1510841423,희가덕,건대,중식,3.9,2,,,2026.02.12.
1510841423,희가덕,건대,중식,3.9,2,,,2026.02.10.
1510841423,희가덕,건대,중식,3.9,2,,,2026.02.06.
1510841423,희가덕,건대,중식,3.9,2,,,2025.12.13.
1510841423,희가덕,건대,중식,3.9,2,,,2025.08.03.
1510841423,희가덕,건대,중식,3.9,2,,,2025.07.28.
1510841423,희가덕,건대,중식,3.9,2,,,2025.07.17.
1510841423,희가덕,건대,중식,3.9,2,,,2026.04.15.
1510841423,희가덕,건대,중식,3.9,2,,,2026.04.01.
1510841423,희가덕,건대,중식,3.9,2,,,2026.03.29.
1510841423,희가덕,건대,중식,3.9,2,,,2026.03.17.
1510841423,희가덕,건대,중식,3.9,2,,,2026.03.16.
1510841423,희가덕,건대,중식,3.9,2,,,2026.03.08.
27320023,금하,건대,중식,3,58,,,"일단 룸이 많아서 모임 하기에는 좋습니다 가격은 좀 비싸다는 느낌이 있고, 맛은 괜찮습니다 서빙하시는 분들이 친절하세요"
27320023,금하,건대,중식,3,58,,,"돈아까워.....ㅜㅠ
유산슬 고기 잡내냐구......
이게 뭐냐구...."
27320023,금하,건대,중식,3,58,,,가성비는 거시기한 곳. 비추!
27320023,금하,건대,중식,3,58,,,디너 A코스 먹었는데 유산슬과 새우 빼고 맛이 별로였어요 다 양념이 충분히 안베이고 양념과 따로노는 맛느낌. 마지막 메인에 볶음밥은 계란 비린내에 무슨 ... 더보기
27320023,금하,건대,중식,3,58,,,분위기는 좋았는데 코스가격에 비해 맛은 별로였어요.. 너무달고 양도 적은편
27320023,금하,건대,중식,3,58,,,짜장면은 여기가 늘 생각납니다. 늘 똑같은 맛으로 남길 바랍니다.
27320023,금하,건대,중식,3,58,,,"가격대도 적당한 맛있는 중식당이에요^^
친절하시고 주차도 편하고 건대 맛집입니다👍👍👍"
27320023,금하,건대,중식,3,58,,,홍콩반점이나 가세요
27320023,금하,건대,중식,3,58,,,정말 맛없어요
27320023,금하,건대,중식,3,58,,,"별1개도 아깝네요~점심에 31000원짜리 코스요리 먹었는데 계속 끊기고 제대로 안나오고ㅠ
애기가 먹을만큼 양에 맛도 없어요  다시는 올일이 없을듯해요"
27320023,금하,건대,중식,3,58,,,"손녀 첫돌 기념~가족식사 했는데 많이 만족합니다 
음식 간이 딱 맞고 맛납니다~직원분들도 매우 친절~감사해요^^"
27320023,금하,건대,중식,3,58,,,"카카오맵 정보 틀림.
여기 시작시간 11시30분 부터 입니다.
괜히 10시 언저리에 가서 쫓겨나지 마세요."
27320023,금하,건대,중식,3,58,,,"분위기 있는, 교수님이 밥 사주실때 방문하는 곳"
27320023,금하,건대,중식,3,58,,,굿 광진구에서 갈만하네요 음식도 분위기도.
27320023,금하,건대,중식,3,58,,,생신이라서 예약하고 간건데 1인당 8만원대 코스요리 너무너무 실망이고 서빙해주시는 중국언니는  고만고만 친절한 편인데 매니저인지 사장인지 계산대에 있던 남자분 진짜 표정도 썩어... 더보기
27320023,금하,건대,중식,3,58,,,"맛있어도...  
불친절한 서비스때문에 망할집ㅠㅠ
(중요한 손님 모시고가... 더보기"
27320023,금하,건대,중식,3,58,,,이정도면 광진구에서는 맛있다고 봐야됨
27320023,금하,건대,중식,3,58,,,당연한 이야기지만 음식이 너무 맛있어요!!
27320023,금하,건대,중식,3,58,,,분위기
27320023,금하,건대,중식,3,58,,,가성비
27320023,금하,건대,중식,3,58,,,사진/영상 후기만 보기
27320023,금하,건대,중식,3,58,,,2025.09.19.
27320023,금하,건대,중식,3,58,,,2026.03.12.
27320023,금하,건대,중식,3,58,,,2025.11.05.
27320023,금하,건대,중식,3,58,,,2025.10.26.
27320023,금하,건대,중식,3,58,,,2025.08.10.
27320023,금하,건대,중식,3,58,,,2025.01.11.
27320023,금하,건대,중식,3,58,,,2023.12.01.
27320023,금하,건대,중식,3,58,,,2023.09.26.
27320023,금하,건대,중식,3,58,,,2023.08.18.
27320023,금하,건대,중식,3,58,,,2023.07.29.
27320023,금하,건대,중식,3,58,,,2023.05.08.
27320023,금하,건대,중식,3,58,,,2023.01.07.
27320023,금하,건대,중식,3,58,,,2022.12.05.
27320023,금하,건대,중식,3,58,,,2022.09.01.
27320023,금하,건대,중식,3,58,,,2021.07.28.
27320023,금하,건대,중식,3,58,,,2021.06.08.
27320023,금하,건대,중식,3,58,,,2020.11.30.
27320023,금하,건대,중식,3,58,,,2020.11.08.
27320023,금하,건대,중식,3,58,,,2020.08.08.
27320023,금하,건대,중식,3,58,,,2019.06.11.
564820030,뽕사부 건대점,건대,중식,3.7,1780,,,너무너무 맛있고 여기 되게ㅜ친절해요!!!
564820030,뽕사부 건대점,건대,중식,3.7,1780,,,"짬뽕은 육개장에 가까운 맛이라 밥이랑 잘 어울림
짜장면도 맛잇는데 고기가 퍽퍽? 느낌임 ... 더보기"
564820030,뽕사부 건대점,건대,중식,3.7,1780,,,맛있어서 자주 이용합니다~
564820030,뽕사부 건대점,건대,중식,3.7,1780,,,무난한 분위기의 깔끔한 중국집이에요
564820030,뽕사부 건대점,건대,중식,3.7,1780,,,"후퇴하라 손님왔는데 남자직원 여자직원 인사도 잘안하시고 인상찌푸리고.... 
다른곳가세요"
564820030,뽕사부 건대점,건대,중식,3.7,1780,,,"크림스프맛? 기대한 크림짬뽕맛이 아님
가격 비싼편이나 양은 넉넉함"
564820030,뽕사부 건대점,건대,중식,3.7,1780,,,"짬뽕은 불맛이 나면서도 물리지 않는 깔끔한 맛, 짜장면은 나쁘지 않았는데 조금 달았다
군만두... 더보기"
564820030,뽕사부 건대점,건대,중식,3.7,1780,,,"면이 탱글함. 근데 좀 싱거움...
맛 자체는 나쁘지 않음.
탕... 더보기"
564820030,뽕사부 건대점,건대,중식,3.7,1780,,,"맛있어서 기절!!🤪
푸짐하고 24시간 영업!!
좋아요!!"
564820030,뽕사부 건대점,건대,중식,3.7,1780,,,짬뽕 국물이 맛있어서 추가로 공기밥 시켜먹었습니다. 가격이 12000원이라 조금 쎄긴 한데 만족하고 먹었습니다.
564820030,뽕사부 건대점,건대,중식,3.7,1780,,,"크림짬뽕 먹으러가요 
소주 2천원 이벤트 끝난듯 ㅠ"
564820030,뽕사부 건대점,건대,중식,3.7,1780,,,"건대에서 제일 맛있는 중국집임. 인테리어도 이뻐서 데이트도,가족모임도 회식도 좋은거같다. 소주2천원 행사와 주류행사를 많이해서  가성비도 좋다."
564820030,뽕사부 건대점,건대,중식,3.7,1780,,,"[짬뽕]
푹 끓여 뭉근한 야채
얇고 힘 없... 더보기"
564820030,뽕사부 건대점,건대,중식,3.7,1780,,,기억도 안 나는 맛
564820030,뽕사부 건대점,건대,중식,3.7,1780,,,"체인점이라서 아무 기대도 안했고 그저 회식장소로 편리하기에 골랐는데 기대이상이었음.
탕슉깐풍세트, 칠리새... 더보기"
564820030,뽕사부 건대점,건대,중식,3.7,1780,,,맛있는데...가게도 괜찮고...24시간 운영 넘 좋은데.... 이 가격에 굳이?...싶음 비싼 가격에 비해 다른 집들과 차이점은 없는듯
564820030,뽕사부 건대점,건대,중식,3.7,1780,,,"짜장, 짬뽕, 탕수육 맛있어요~ 통유리도 시원해보이고 직원분들도 친절하셔서 좋아요"
564820030,뽕사부 건대점,건대,중식,3.7,1780,,,기본메뉴도맛있고 파스타느낌의 메뉴도 있어 시켜봤는데... 갑자기 분위기 레스토랑ㅎㅎ 맛있어요:) 중국집이지만 데이트코스로도 추천!
564820030,뽕사부 건대점,건대,중식,3.7,1780,,,"뽕사부 동별로 가보는편인데 재료는 별로지만
주방장이 요리를 잘해서 그런지 맛잇음"
564820030,뽕사부 건대점,건대,중식,3.7,1780,,,"가격대비 해물은 적어도 오랜만에 완뽕 했습니다.
과하지 않게 다 적당히 들어가있었고
국물이 ㄹㅇ 맛남.. 바지락 해감도 잘되어있고 거슬리는게 없는... 더보기"
564820030,뽕사부 건대점,건대,중식,3.7,1780,,,분위기
564820030,뽕사부 건대점,건대,중식,3.7,1780,,,가성비
564820030,뽕사부 건대점,건대,중식,3.7,1780,,,사진/영상 후기만 보기
564820030,뽕사부 건대점,건대,중식,3.7,1780,,,2026.01.21.
564820030,뽕사부 건대점,건대,중식,3.7,1780,,,2025.06.14.
564820030,뽕사부 건대점,건대,중식,3.7,1780,,,2025.06.07.
564820030,뽕사부 건대점,건대,중식,3.7,1780,,,2025.05.05.
564820030,뽕사부 건대점,건대,중식,3.7,1780,,,2024.06.26.
564820030,뽕사부 건대점,건대,중식,3.7,1780,,,2022.11.30.
564820030,뽕사부 건대점,건대,중식,3.7,1780,,,2022.11.16.
564820030,뽕사부 건대점,건대,중식,3.7,1780,,,2026.04.24.
564820030,뽕사부 건대점,건대,중식,3.7,1780,,,2025.12.16.
564820030,뽕사부 건대점,건대,중식,3.7,1780,,,2024.12.11.
564820030,뽕사부 건대점,건대,중식,3.7,1780,,,2024.12.10.
564820030,뽕사부 건대점,건대,중식,3.7,1780,,,2024.11.12.
564820030,뽕사부 건대점,건대,중식,3.7,1780,,,2024.10.18.
564820030,뽕사부 건대점,건대,중식,3.7,1780,,,2024.09.21.
564820030,뽕사부 건대점,건대,중식,3.7,1780,,,2024.08.09.
564820030,뽕사부 건대점,건대,중식,3.7,1780,,,2024.01.07.
564820030,뽕사부 건대점,건대,중식,3.7,1780,,,2023.08.09.
564820030,뽕사부 건대점,건대,중식,3.7,1780,,,2023.07.24.
564820030,뽕사부 건대점,건대,중식,3.7,1780,,,2022.02.12.
564820030,뽕사부 건대점,건대,중식,3.7,1780,,,2021.08.27.
1937698930,무한양꼬치,건대,중식,3.4,65,,,"첫 모둠에 먹기 싫은 닭꼬치 돼지고기 너무 많이 주십니다
맛? 음… 그냥 딱 저렴한 양꼬치 맛이에요
많이 먹... 더보기"
1937698930,무한양꼬치,건대,중식,3.4,65,,,"살면서 음식에서 냄새난다고 생각했던 음식이 편의점 막창 한번인데 제가 느낄정도로 양꼬치에서 냄새가 많이 납니다.
포장지인지 뭔지 모를 비닐조각같은것도 꼬치에서 많이나왔고 ... 더보기"
1937698930,무한양꼬치,건대,중식,3.4,65,,,"맛 괜춘 가격 낫밷
꿔바로우는 폭신 달달
튀김꽃빵은 어딨는겨...나만 못먹어봤어 ㅠ"
1937698930,무한양꼬치,건대,중식,3.4,65,,,가성비 좋구 맛있습니다. 재방문 꼬옥
1937698930,무한양꼬치,건대,중식,3.4,65,,,"가성비는 좋습니다
꿔바로우도 나오고 맛나요... 더보기"
1937698930,무한양꼬치,건대,중식,3.4,65,,,"처음 갈 때 괜찮았는데 두번째는 별로었어요.. 재활용 불도 가지고 조선족 아줌마가 겁나 불친절했음 ㅠㅠ 
이용 시간은 2시간... 더보기"
1937698930,무한양꼬치,건대,중식,3.4,65,,,"아무튼 무한리필이니까 가성비 개굿
4명이서 140꼬치 먹은거 보면 맛도 나쁘지 않고...
양꼬치 물리면 온면드세요 진짜 느끼한거 싹내려감"
1937698930,무한양꼬치,건대,중식,3.4,65,,,무한리필이 이 정도면 아주 훌륭쓰. 홍대 맛집이라고 가서 사 먹은 양꼬치 보다 통실하고 맛났다. 첫 접시에 양고기 말고도 주시는데 그것도 맛있어서 질리지 않고 이것저것 먹었다. 내가 우람해서 그런지 사장님이 첫... 더보기
1937698930,무한양꼬치,건대,중식,3.4,65,,,"가성비 좋아요. 무한리필인 만큼 맛은 조금 떨어지지만 가격 생각하면 먹을만함. 다양하고 꿔바로우도 줍니다.
근데 불이 좀 약해서 2~3명이 먹을 때 적당한거 같아요"
1937698930,무한양꼬치,건대,중식,3.4,65,,,"꿔바로우 꽃빵 무한리필이라더니 없어진듯함
그냥 무한리필 양꼬치집
... 더보기"
1937698930,무한양꼬치,건대,중식,3.4,65,,,싼맛에 가긴했는데 고기맛이 덜해서 기본세트도 남기고 왔어요.
1937698930,무한양꼬치,건대,중식,3.4,65,,,모듬꼬치 무한리필 추천...꿔바로우랑 꽃빵은 비추....그거 먹으니...느끼한 게 확 올라오면서...양꼬치 가 더는 안 들어감....양고기 양꼬치 등...고기 질은 가격대비 조은 거 같음
1937698930,무한양꼬치,건대,중식,3.4,65,,,"모듬무한은 모듬한판을 먼저 먹은뒤에 원하는대로 먹을수 있는건데,, 맛없는걸 너무 많이 주신다.. 이럴줄 알았으면 돈 더내고 무한을 먹었을텐데.."
1937698930,무한양꼬치,건대,중식,3.4,65,,,무한리필치고는 양꼬치 질이 나쁘지 않았어요! 1인 16000원으로 첫 판만 사장님께서 가져다주시고 두번째부터는 셀프였어요 사진에서 핫바처럼 생긴건 정말 노맛이고.. 갠적으로 ... 더보기
1937698930,무한양꼬치,건대,중식,3.4,65,,,무한리필집이라 걱정을 좀 했는데 비린내도 안나고 무료 제공되는 꿔바로우도 진짜 맛있어요.
1937698930,무한양꼬치,건대,중식,3.4,65,,,"맛있어요!! 제가 고기 누린내같은거 조금이라도 나면 바로 알어채고 안먹는데
양꼬치 소고기 돼지고기 갈매기살 전부 누린내 같은거 전혀없고 
기대안했던 꿔... 더보기"
1937698930,무한양꼬치,건대,중식,3.4,65,,,"양꼬치고기가 질기고 기름이 너무많아서 그을음 게속 생기고 저질고기를 쓴느낌이네요
특히 온면은 최악 ... 더보기"
1937698930,무한양꼬치,건대,중식,3.4,65,,,콜키-와인/위스키:병당 1만／잔:X／칠링:X／룸:X：무한리필
1937698930,무한양꼬치,건대,중식,3.4,65,,,맛없음.ㅜㅜ
1937698930,무한양꼬치,건대,중식,3.4,65,,,"맛 음식퀄리티는 떨어지지만 무한리필이라 생각하면 괜찮음
역 근처에 있는 어디 뭐시기 집보단 매장 널찍하고 편하게 먹음
서비스 꿔바로우는 소스 빼면 딱딱하지도 않고... 더보기"
1937698930,무한양꼬치,건대,중식,3.4,65,,,가성비
1937698930,무한양꼬치,건대,중식,3.4,65,,,분위기
1937698930,무한양꼬치,건대,중식,3.4,65,,,사진/영상 후기만 보기
1937698930,무한양꼬치,건대,중식,3.4,65,,,2024.10.26.
1937698930,무한양꼬치,건대,중식,3.4,65,,,2024.07.12.
1937698930,무한양꼬치,건대,중식,3.4,65,,,2024.03.19.
1937698930,무한양꼬치,건대,중식,3.4,65,,,2023.10.28.
1937698930,무한양꼬치,건대,중식,3.4,65,,,2023.10.09.
1937698930,무한양꼬치,건대,중식,3.4,65,,,2023.04.15.
1937698930,무한양꼬치,건대,중식,3.4,65,,,2024.11.22.
1937698930,무한양꼬치,건대,중식,3.4,65,,,2024.08.18.
1937698930,무한양꼬치,건대,중식,3.4,65,,,2024.04.01.
1937698930,무한양꼬치,건대,중식,3.4,65,,,2024.01.16.
1937698930,무한양꼬치,건대,중식,3.4,65,,,2023.01.07.
1937698930,무한양꼬치,건대,중식,3.4,65,,,2021.12.11.
1937698930,무한양꼬치,건대,중식,3.4,65,,,2021.10.10.
1937698930,무한양꼬치,건대,중식,3.4,65,,,2021.09.19.
1937698930,무한양꼬치,건대,중식,3.4,65,,,2020.10.13.
1937698930,무한양꼬치,건대,중식,3.4,65,,,2020.04.26.
1937698930,무한양꼬치,건대,중식,3.4,65,,,2020.04.05.
1937698930,무한양꼬치,건대,중식,3.4,65,,,2026.04.06.
1937698930,무한양꼬치,건대,중식,3.4,65,,,2025.06.05.
1937698930,무한양꼬치,건대,중식,3.4,65,,,2025.03.17.
21328608,세종원 군자본점,건대,중식,4.5,83,,,"친구들끼리 먹방하고 왔어요
너무맛있고 가게도 청결하고 또 방문하고싶네요^^"
21328608,세종원 군자본점,건대,중식,4.5,83,,,"오랫만에  방문한가게    음식맛나게  잘먹었어요 
후기 남깁니다"
21328608,세종원 군자본점,건대,중식,4.5,83,,,"엄청난 맛집이라기엔 뭐하지만, 메뉴 못고를땐 항상 세종원옵니다.
이 가격에 이 퀄리티 중식당 찾기 힘든데, 짬짜, 탕짜, 탕짬 종류별로 있는 것도 맘에 들고 특히 탕수육 퀄리티가 엄청 괜찮습니다."
21328608,세종원 군자본점,건대,중식,4.5,83,,,"탕수육 무조건 부먹파인데 
여기는 너무 부드러워서 찍먹했네여 
좀만 더 바삭하기만하면... 더보기"
21328608,세종원 군자본점,건대,중식,4.5,83,,,팅수육과 짜장면 혼밥으로 촤고네요!
21328608,세종원 군자본점,건대,중식,4.5,83,,,너무 맛있어용 ㅎㅎ 친절하십니당
21328608,세종원 군자본점,건대,중식,4.5,83,,,"짜장면이 맛있었습니다
사장님 친절하시구 가격도 괜찮아서
맛있게 잘 먹고 갔습니다"
21328608,세종원 군자본점,건대,중식,4.5,83,,,"여기는 신기한곳이다 짜장면 추억의맛 나고 엄청 마싯는데 탕수육 고기상태가 무엇,... 더보기"
21328608,세종원 군자본점,건대,중식,4.5,83,,,"짬탕면10000원
탕수육은 거짓말 약간보태면 솜사탕같고
짬뽕은 실패하지 않는 충실한... 더보기"
21328608,세종원 군자본점,건대,중식,4.5,83,,,"후기뭐지... 간짜장 맛있다길래 멀리왔는데 간짜장이뭔지도 모르시는지...
일반짜장에 양파만 많이 넣어서왔길래 간짜장 맞냐니까 주방에서... 더보기"
21328608,세종원 군자본점,건대,중식,4.5,83,,,"누군가 짜장의 미래를 묻거든
고개를 들어 세종대를 보게하라"
21328608,세종원 군자본점,건대,중식,4.5,83,,,딘자 너무 맛있어서 양 많은데도 싹 ~다 먹음 .. 친절하시고 넘 좋아요
21328608,세종원 군자본점,건대,중식,4.5,83,,,"울면 항상 맛있게 먹고있습니다.
젤 조아하는 당근이 들어있을때도 있고, 없을때도 있어서 쬐끔 아쉽습니다 ㅎㅎㅎㅎ"
21328608,세종원 군자본점,건대,중식,4.5,83,,,오 타지에서 와 주변에 맛집 검색하고 온건데 너무 맛있게 잘 먹고갑니다. 사장님도 친절하셔서 일행들하고 기분좋게 식사했네요 감사합니다
21328608,세종원 군자본점,건대,중식,4.5,83,,,흔하디 흔한 동네 중국집인데 나쁘지 않음 가성비 좋은듯
21328608,세종원 군자본점,건대,중식,4.5,83,,,"인생 맛집.
마라 짜장 함 드셔바여 재방문 각 ㅋㅋ"
21328608,세종원 군자본점,건대,중식,4.5,83,,,"탕수육이 레전드네요
먹어본 탕수육중에 진짜 손에 꼽을 정도로 제일 맛있습니다
이븐하게 잘 익었어요"
21328608,세종원 군자본점,건대,중식,4.5,83,,,간짜장x 1분만에 나오는 물짜장ㅇ
21328608,세종원 군자본점,건대,중식,4.5,83,,,가게도 깔끔하고 음식 맛도 깔끔해요
21328608,세종원 군자본점,건대,중식,4.5,83,,,"찹쌀탕수육이랑 잡탕밥 예술

14000원짜리 잡탕밥 너... 더보기"
21328608,세종원 군자본점,건대,중식,4.5,83,,,가성비
21328608,세종원 군자본점,건대,중식,4.5,83,,,분위기
21328608,세종원 군자본점,건대,중식,4.5,83,,,사진/영상 후기만 보기
21328608,세종원 군자본점,건대,중식,4.5,83,,,2025.07.04.
21328608,세종원 군자본점,건대,중식,4.5,83,,,2026.01.31.
21328608,세종원 군자본점,건대,중식,4.5,83,,,2025.12.15.
21328608,세종원 군자본점,건대,중식,4.5,83,,,2025.09.15.
21328608,세종원 군자본점,건대,중식,4.5,83,,,2025.05.04.
21328608,세종원 군자본점,건대,중식,4.5,83,,,2025.03.08.
21328608,세종원 군자본점,건대,중식,4.5,83,,,2023.12.15.
21328608,세종원 군자본점,건대,중식,4.5,83,,,2023.10.21.
21328608,세종원 군자본점,건대,중식,4.5,83,,,2023.09.19.
21328608,세종원 군자본점,건대,중식,4.5,83,,,2023.09.17.
21328608,세종원 군자본점,건대,중식,4.5,83,,,2023.05.29.
21328608,세종원 군자본점,건대,중식,4.5,83,,,2022.08.18.
21328608,세종원 군자본점,건대,중식,4.5,83,,,2025.11.30.
21328608,세종원 군자본점,건대,중식,4.5,83,,,2025.09.23.
21328608,세종원 군자본점,건대,중식,4.5,83,,,2025.07.06.
21328608,세종원 군자본점,건대,중식,4.5,83,,,2025.07.05.
21328608,세종원 군자본점,건대,중식,4.5,83,,,2025.05.01.
21328608,세종원 군자본점,건대,중식,4.5,83,,,2023.09.27.
21328608,세종원 군자본점,건대,중식,4.5,83,,,2023.06.01.
14746550,동북풍미,건대,중식,4.7,530,,,"건대양꼬치 일등!!!!!!!!!!!!
여기만 ... 더보기"
14746550,동북풍미,건대,중식,4.7,530,,,가도가도 여기가 젤 맛있어요…❤️ 양꼬치 완전 크고 서비스도 많이 주세요!!! 옥수수튀김도 존맛탱 갠적으로 양념보다 기본 양꼬치가 더 맛있었어요 마파두부도 짱맛 !!!
14746550,동북풍미,건대,중식,4.7,530,,,"친절하시고 가게도 깔끔해요
서비스로 오이랑 만두도 주셨어요"
14746550,동북풍미,건대,중식,4.7,530,,,만두 마라롱샤 서비스로 주시고 사장님 너무 친절하시고 맛있음
14746550,동북풍미,건대,중식,4.7,530,,,"항상 갈때마다 친절하시고 서비스도 잔뜩 주시고
양꼬치도 푸석하지않아 고소해요! 
건대 갈 때마다 들리는 맛집입니다:)"
14746550,동북풍미,건대,중식,4.7,530,,,"일단 양꼬치는 기름 가득
볶음밥은 기름 맛만 가득 했구요
평점 알바쓴거가 확실한게 아래 특정일에 리뷰가 몰려있네요"
14746550,동북풍미,건대,중식,4.7,530,,,음식도 맛있는데 직원분들도 넘 친절하세요 평점 좋은 데엔 다 이유가 있었다 :)
14746550,동북풍미,건대,중식,4.7,530,,,양꼬치맛집
14746550,동북풍미,건대,중식,4.7,530,,,양꼬치랑 마파두부 먹었는데 너무 맛있습니다! 적극 추천 드립니다. 그러고 사장님이 서비스 푸짐하게 주세요 ㅎㅎ 다들 주말에 양꼬치 먹으러 오세요! 추천합니당
14746550,동북풍미,건대,중식,4.7,530,,,"같이 주문한 마파두부 너무 맛있어요 밥 순삭!
양꼬치도 맛있어요 다음에 또 올래요 잘 먹었습니다🙇‍♀️"
14746550,동북풍미,건대,중식,4.7,530,,,"사장님 너무 친절하시고 양꼬치 넘나리 맛있는것~~~

신경 많이 써주시는게 퐉퐉 느껴짐!!!"
14746550,동북풍미,건대,중식,4.7,530,,,으하하 ㅎㅎ 맛있어서 사진을 안찍을 수가 없었네
14746550,동북풍미,건대,중식,4.7,530,,,양고기가 부드럽고 냄새가 없네요 육즙도 풍부하고 술한잔 하며 모임하기도 좋은 분위기입니다
14746550,동북풍미,건대,중식,4.7,530,,,양꼬치 맛있어서 또 가고 싶은 곳 ^ ^;;
14746550,동북풍미,건대,중식,4.7,530,,,친구 단골집이라 따라 갔는데 양꼬치 너무 맛있어요   건대에서 많이 먹어봤지만 이집이 찐이네요 자주 먹으러 갈께요~ ^^
14746550,동북풍미,건대,중식,4.7,530,,,맛도리~~ 부드러운 육질로 잡내도 없이 진짜 맛있어요!  건두부무침이랑 오징어튀김이랑 같이 먹으니까 느끼할 새도 없네요!
14746550,동북풍미,건대,중식,4.7,530,,,진짜 너무 맛있어서 정신없이 먹었네요 양도 딱 좋고~ 완전 제스타일입니다
14746550,동북풍미,건대,중식,4.7,530,,,진짜 잡내 하나 없이! 양꼬치 정말 맛있게 먹었어요! 고소하니!! 최고랍니다!
14746550,동북풍미,건대,중식,4.7,530,,,오랜만에 맛집다운 맛집에서 먹방 즐겼네요 ㅎ
14746550,동북풍미,건대,중식,4.7,530,,,"마라룽샤 먹고 옥수수면에 소스 비벼 먹으니 그것도 맛있네요. 양꼬치에 하얼빈 한잔~~
서비스로 만두. 가지튀김 주시네요~"
14746550,동북풍미,건대,중식,4.7,530,,,가성비
14746550,동북풍미,건대,중식,4.7,530,,,분위기
14746550,동북풍미,건대,중식,4.7,530,,,사진/영상 후기만 보기
14746550,동북풍미,건대,중식,4.7,530,,,2026.04.04.
14746550,동북풍미,건대,중식,4.7,530,,,2026.03.25.
14746550,동북풍미,건대,중식,4.7,530,,,2025.08.25.
14746550,동북풍미,건대,중식,4.7,530,,,2024.10.30.
14746550,동북풍미,건대,중식,4.7,530,,,2024.04.23.
14746550,동북풍미,건대,중식,4.7,530,,,2024.02.25.
14746550,동북풍미,건대,중식,4.7,530,,,2023.08.04.
14746550,동북풍미,건대,중식,4.7,530,,,2023.06.25.
14746550,동북풍미,건대,중식,4.7,530,,,2026.04.03.
14746550,동북풍미,건대,중식,4.7,530,,,2023.09.15.
14746550,동북풍미,건대,중식,4.7,530,,,2023.05.21.
14746550,동북풍미,건대,중식,4.7,530,,,2023.05.15.
14746550,동북풍미,건대,중식,4.7,530,,,2023.05.14.
14746550,동북풍미,건대,중식,4.7,530,,,2023.05.09.
14746550,동북풍미,건대,중식,4.7,530,,,2023.05.08.
14746550,동북풍미,건대,중식,4.7,530,,,2023.05.07.
14746550,동북풍미,건대,중식,4.7,530,,,2023.04.30.
14746550,동북풍미,건대,중식,4.7,530,,,2022.04.20.
1624333045,래빗홀버거,건대,양식,4.4,100,,,"버거가 1.2만 정도라 비싸다 생각했는데.. 다른 수제버거 집보다 실하고 맛도 괜찮음. 근데 세트 추가하는게 좀 비싼거 같음.

다른 수제... 더보기"
1624333045,래빗홀버거,건대,양식,4.4,100,,,너무맛있어요 햄버거 엄청 크고 든든해요 햄버거 느글거려서 많이는 못 먹는 편인데 여기는 다 먹었어요 오픈시간 맞춰오면 웨이팅 안 서고 바로 먹는듯요 ㅎㅎ
1624333045,래빗홀버거,건대,양식,4.4,100,,,매장이 크진 않지만 아늑하고 햄버거는 두터운 패티에 육즙 많은거 좋아해서 시킨 더더블 버거 대만족 입니다 배고파서 10분만에 먹었네요 웨이팅이 조금 있습니다
1624333045,래빗홀버거,건대,양식,4.4,100,,,너어어어어어어어어어어어무 음식이 오래 걸려요ㅜㅠㅜㅜ 카드 결제 시간이랑 음식 나온 시간 보니까 35분이 걸렸어요...혼밥이었는데 이게 맞나요....아무리 수... 더보기
1624333045,래빗홀버거,건대,양식,4.4,100,,,"수제버거 맛집임당
혼밥하기 좋아요"
1624333045,래빗홀버거,건대,양식,4.4,100,,,"수제해버거의 패티가 아주 담백합니다~ 빵을 질감도 조금 있고, 끝까지 먹어도 느끼하지 않네요!"
1624333045,래빗홀버거,건대,양식,4.4,100,,,진짜 국내 최고 맛집인듯... 이제야 알았다니
1624333045,래빗홀버거,건대,양식,4.4,100,,,"요즘 우후죽순 생기는 수제 버거집이나 대자본이 투입된 프랜차이즈에 비해 월등한 맛을 선보인다. 촉촉한 빵은 패티와 어우러져 고소한 맛을 배가하고, 잘 구워진 패티는 빵을 적시지 않아 끝까지 깔끔하게 먹을 수 있다."
1624333045,래빗홀버거,건대,양식,4.4,100,,,맛있으면서 건강한맛이에요 굿굿
1624333045,래빗홀버거,건대,양식,4.4,100,,,맛있는데 고구마프라이가 좀 옹졸하게와서 아쉬웠어요
1624333045,래빗홀버거,건대,양식,4.4,100,,,"1층에 위치하여 찾기 쉽습니다
키오스크로 주문합니다.
테이블은 6개이고, 약 20명... 더보기"
1624333045,래빗홀버거,건대,양식,4.4,100,,,"버거 크고 맛있어요
제로콜라가 없는게 아쉽"
1624333045,래빗홀버거,건대,양식,4.4,100,,,내원픽머쉬룸버거
1624333045,래빗홀버거,건대,양식,4.4,100,,,비싸지만 친절하고 맛있는 버거집
1624333045,래빗홀버거,건대,양식,4.4,100,,,기대가 컸나봐요 무난했습니다
1624333045,래빗홀버거,건대,양식,4.4,100,,,더더블 치고는 한 방을 때리는 임팩트가 없음
1624333045,래빗홀버거,건대,양식,4.4,100,,,"고소한 브리오슈번, 야채, 질 좋은 패티의 밸런스있는 조합"
1624333045,래빗홀버거,건대,양식,4.4,100,,,"머쉬룸버거랑 더블 먹었어요.
머쉬룸은 개인적으로 바질이랑 버섯이랑 궁합이 애매했고
더블은 확실히 자극적으로 맛있는데 절반이후는 느끼함때문에 여성분들에... 더보기"
1624333045,래빗홀버거,건대,양식,4.4,100,,,맛남 근데 양과 가격은 좀 그럼 많이는 아님
1624333045,래빗홀버거,건대,양식,4.4,100,,,더더블버거 너무 맛있었어요
1624333045,래빗홀버거,건대,양식,4.4,100,,,분위기
1624333045,래빗홀버거,건대,양식,4.4,100,,,가성비
1624333045,래빗홀버거,건대,양식,4.4,100,,,사진/영상 후기만 보기
1624333045,래빗홀버거,건대,양식,4.4,100,,,2026.04.02.
1624333045,래빗홀버거,건대,양식,4.4,100,,,2025.12.26.
1624333045,래빗홀버거,건대,양식,4.4,100,,,2025.12.25.
1624333045,래빗홀버거,건대,양식,4.4,100,,,2025.05.10.
1624333045,래빗홀버거,건대,양식,4.4,100,,,2024.11.14.
1624333045,래빗홀버거,건대,양식,4.4,100,,,2024.02.03.
1624333045,래빗홀버거,건대,양식,4.4,100,,,2023.10.20.
1624333045,래빗홀버거,건대,양식,4.4,100,,,2023.10.04.
1624333045,래빗홀버거,건대,양식,4.4,100,,,2023.09.22.
1624333045,래빗홀버거,건대,양식,4.4,100,,,2023.06.07.
1624333045,래빗홀버거,건대,양식,4.4,100,,,2023.05.14.
1624333045,래빗홀버거,건대,양식,4.4,100,,,2022.11.23.
1624333045,래빗홀버거,건대,양식,4.4,100,,,2022.11.05.
1624333045,래빗홀버거,건대,양식,4.4,100,,,2025.11.29.
1624333045,래빗홀버거,건대,양식,4.4,100,,,2025.09.01.
1624333045,래빗홀버거,건대,양식,4.4,100,,,2025.08.29.
1624333045,래빗홀버거,건대,양식,4.4,100,,,2025.08.14.
1624333045,래빗홀버거,건대,양식,4.4,100,,,2025.08.11.
1624333045,래빗홀버거,건대,양식,4.4,100,,,2025.02.26.
1624333045,래빗홀버거,건대,양식,4.4,100,,,2024.09.12.
1359276887,마초쉐프 건대점,건대,양식,4,1377,,,"문이 왜 쓸데없이 무거운지는 모르겠지만 마초 컨셉이니 그러려니 하구요...

그냥 소고기가 먹고 싶어서 큐브 스테이크랑 리조또 주문했어요. 삼... 더보기"
1359276887,마초쉐프 건대점,건대,양식,4,1377,,,음식도 너무 맛있고 직원분들이 너무 친절해서 좋았습니다 다음에 또 오겠습니다
1359276887,마초쉐프 건대점,건대,양식,4,1377,,,"아들 추천으로
중딩딸과 벙문했는데
맛도 있고 양도 ... 더보기"
1359276887,마초쉐프 건대점,건대,양식,4,1377,,,"너무 맛있게 잘 먹었습니당!! 다 너무 맛있었고, 사실 마초쉐프는 처음이라 친구들이랑 많이 시켰는데 양이 생각보다 많아서 놀랐어요! ㅎㅎ 나중에는 세트로 먹으면 좋을 것 같아요! 점심시간에 오면 할인된 가격으로 드실 수 있습니당"
1359276887,마초쉐프 건대점,건대,양식,4,1377,,,맛있습니다! 점심할인 좋아요!!
1359276887,마초쉐프 건대점,건대,양식,4,1377,,,너무 맛있어보여가지구 나오자 마자 젓가락질 하느라 제대로 된 사진을 못 찍었어요..🥲 샐러드도 너무 맛있구 먹어본 바질 파스타 중에 최고였습니다… 크림 있는 파스타 먹을 때 마르게리따 피자 강추!!!
1359276887,마초쉐프 건대점,건대,양식,4,1377,,,마초삼겹스테이크와 꽃게살로제리조또 먹었는데 맛있고 분위기도 좋아요!🫶🏻 양식 먹고 싶을 때 와서 먹으면 좋을 듯!!
1359276887,마초쉐프 건대점,건대,양식,4,1377,,,커플세트 너무 맛있게 잘먹었습니다!! 건대입구에서 유일하게 맛있는 양식집같네여!!
1359276887,마초쉐프 건대점,건대,양식,4,1377,,,"한번 와보고 완전 단골되었네요~ 직원분들도 친절하시고, 음식정말 맛있습니다. 찐맛집!!"
1359276887,마초쉐프 건대점,건대,양식,4,1377,,,"예약하고 와서 자리도 안쪽에 아늑한 곳으로 안내해주셨어요.
왠만한 패미리 레스토랑보다 훨씬 강추합니다.
... 더보기"
1359276887,마초쉐프 건대점,건대,양식,4,1377,,,너무 맛있어요 건대 다니면서 왜 여지껏 안왔는지 모르겠어요 ㅎㅎ
1359276887,마초쉐프 건대점,건대,양식,4,1377,,,"분위기도 좋고 무엇보다 맛이 있네요
피맥에 추천합니다"
1359276887,마초쉐프 건대점,건대,양식,4,1377,,,맛있고 배부르고 고기 퀄이 좋아요 최고
1359276887,마초쉐프 건대점,건대,양식,4,1377,,,건대점음 첫 방문인데 음식 퀄리티도 괜찮고 분위기도 괜찮아요 :)
1359276887,마초쉐프 건대점,건대,양식,4,1377,,,토마토 파스타와 불고기피자를 추천합니다👍
1359276887,마초쉐프 건대점,건대,양식,4,1377,,,불고기 피자 완전 강추 타바스코에 파마산 치즈뿌려먹으니 진짜 맛있었어욤
1359276887,마초쉐프 건대점,건대,양식,4,1377,,,급하게 알아본 식당인데 맛있게 잘 먹고가요!!
1359276887,마초쉐프 건대점,건대,양식,4,1377,,,맛있고 친절 하세요!
1359276887,마초쉐프 건대점,건대,양식,4,1377,,,파스타랑 피자가 맛있어요!
1359276887,마초쉐프 건대점,건대,양식,4,1377,,,맛있어요~! 자주오려구요 ㅎㅎ
1359276887,마초쉐프 건대점,건대,양식,4,1377,,,분위기
1359276887,마초쉐프 건대점,건대,양식,4,1377,,,가성비
1359276887,마초쉐프 건대점,건대,양식,4,1377,,,사진/영상 후기만 보기
1359276887,마초쉐프 건대점,건대,양식,4,1377,,,2026.03.25.
1359276887,마초쉐프 건대점,건대,양식,4,1377,,,2025.07.08.
1359276887,마초쉐프 건대점,건대,양식,4,1377,,,2025.07.06.
1359276887,마초쉐프 건대점,건대,양식,4,1377,,,2025.07.04.
1359276887,마초쉐프 건대점,건대,양식,4,1377,,,2025.07.03.
1359276887,마초쉐프 건대점,건대,양식,4,1377,,,2025.06.14.
1359276887,마초쉐프 건대점,건대,양식,4,1377,,,2025.06.11.
1359276887,마초쉐프 건대점,건대,양식,4,1377,,,2025.06.08.
1359276887,마초쉐프 건대점,건대,양식,4,1377,,,2025.06.07.
1359276887,마초쉐프 건대점,건대,양식,4,1377,,,2025.06.03.
1359276887,마초쉐프 건대점,건대,양식,4,1377,,,2025.06.02.
1359276887,마초쉐프 건대점,건대,양식,4,1377,,,2025.06.01.
1359276887,마초쉐프 건대점,건대,양식,4,1377,,,2025.05.31.
1359276887,마초쉐프 건대점,건대,양식,4,1377,,,2025.05.19.
1359276887,마초쉐프 건대점,건대,양식,4,1377,,,2025.05.18.
21929635,로니로티 건대점,건대,양식,3.9,757,,,진짜!! 맛있음 게다가 저렴해여 또 가고 싶어요
21929635,로니로티 건대점,건대,양식,3.9,757,,,너무 맛있어요!!! 무조건 오이스터 파스타 드세요 ㅠㅠ 진짜 대존맛… 딸기청에이드도 드세요…
21929635,로니로티 건대점,건대,양식,3.9,757,,,맛은 있는데... 콜라 부탁을 한 3번 한 거 같네요
21929635,로니로티 건대점,건대,양식,3.9,757,,,메뉴판에 하프라 적혀있어서 양 적다고 생각하실 수 있는데 실제로 보면 큰 접시 가득 주십니다!! 건대와서 인스타 바이럴 쩌는 가게 가지 마시고 여기 가세요
21929635,로니로티 건대점,건대,양식,3.9,757,,,"가격은 좀 나가지만 양이 미침
맛도 어느 정도 괜찮게 나옴
특히 스테이크는 값을 하는 듯"
21929635,로니로티 건대점,건대,양식,3.9,757,,,"가성비도 좋고 양도 많아요
음료 리필 되는 점도 맘에 듦
오이스터 파스타가 진짜 맛있음!! ... 더보기"
21929635,로니로티 건대점,건대,양식,3.9,757,,,주차비도 지원해주고 무난 이상의 맛에 양도 많고싸요. 괜찮은 곳잊니다. 셋이가면 하프 두개면 충분해요 ㅎㅎ
21929635,로니로티 건대점,건대,양식,3.9,757,,,"딸기 에이드 존맛탱구리 〰️
딸기가 씹혀유... 사진이 없어서 아숩네유..."
21929635,로니로티 건대점,건대,양식,3.9,757,,,"건대하면 생각나는
분위기 있는 가족형 레스토랑
리코타치즈샐러드 진짜 맛있어서
매번 갈때... 더보기"
21929635,로니로티 건대점,건대,양식,3.9,757,,,가성비로 나쁘지않았어요
21929635,로니로티 건대점,건대,양식,3.9,757,,,2인이서 2메뉴 시키실거면 원플레이트말고 하프+하프 시키세요... 파스타 다 먹으려다가 피자 5조각 포장했습니다
21929635,로니로티 건대점,건대,양식,3.9,757,,,가성비가 진짜 좋습니다 ㅎㅎ 하프나 원 플레이트로 양 조절이 가능해서 좋아요ㅋㅋ 그리고 스테이크 샐러드를 시키면 나오는 샐러드 소스가 정말 맛있어요!! 샐러드도 많이 주시고 치즈... 더보기
21929635,로니로티 건대점,건대,양식,3.9,757,,,"데이트코스로 좋아요
목살스테이크는 항상 갈 때마다 시키고
상하이파스타도 진짜 맛있네요"
21929635,로니로티 건대점,건대,양식,3.9,757,,,맛 가성비 좋아요! 근데 아래 리뷰처럼 벨 눌러도 직원분이 바빠서 잘 안 오십니다ㅎㅎ
21929635,로니로티 건대점,건대,양식,3.9,757,,,맛잇다
21929635,로니로티 건대점,건대,양식,3.9,757,,,양과 맛이 엄청난 곳.. 필라프가 무슨.. 공기밥 3-4개 넣은 걱 같아요.. 결국 둘이서 3하프 시켰는데 필라프 엄청 남겨버림 ㅠㅠ 둘이서 먹는거면 하프2개만 시키세요 꼭!!! 양이 너무 많고 맛있는데... 더보기
21929635,로니로티 건대점,건대,양식,3.9,757,,,"가성비 최고의 레스토랑. 김치필라프 강추 완전 맛나요 half사이즈만 시켜도 2인분 정도로 넉넉하게 나와요. 
스테이크나 파스타도 맛있어요."
21929635,로니로티 건대점,건대,양식,3.9,757,,,"커리필라프 존맛!!! 
두번째 방문인데 양도 많도 음식도 맛있다!
양념이 짜고 달긴한데 이 맛이 생각날때가 있음"
21929635,로니로티 건대점,건대,양식,3.9,757,,,가성비
21929635,로니로티 건대점,건대,양식,3.9,757,,,분위기
21929635,로니로티 건대점,건대,양식,3.9,757,,,사진/영상 후기만 보기
21929635,로니로티 건대점,건대,양식,3.9,757,,,2026.04.01.
21929635,로니로티 건대점,건대,양식,3.9,757,,,2025.06.01.
21929635,로니로티 건대점,건대,양식,3.9,757,,,2025.03.24.
21929635,로니로티 건대점,건대,양식,3.9,757,,,2025.01.01.
21929635,로니로티 건대점,건대,양식,3.9,757,,,2024.12.21.
21929635,로니로티 건대점,건대,양식,3.9,757,,,2024.10.01.
21929635,로니로티 건대점,건대,양식,3.9,757,,,2024.08.15.
21929635,로니로티 건대점,건대,양식,3.9,757,,,2024.07.10.
21929635,로니로티 건대점,건대,양식,3.9,757,,,2024.04.10.
21929635,로니로티 건대점,건대,양식,3.9,757,,,2024.02.25.
21929635,로니로티 건대점,건대,양식,3.9,757,,,2023.12.16.
21929635,로니로티 건대점,건대,양식,3.9,757,,,2023.12.09.
21929635,로니로티 건대점,건대,양식,3.9,757,,,2023.12.03.
21929635,로니로티 건대점,건대,양식,3.9,757,,,2023.10.20.
21929635,로니로티 건대점,건대,양식,3.9,757,,,2023.09.22.
21929635,로니로티 건대점,건대,양식,3.9,757,,,2023.09.15.
21929635,로니로티 건대점,건대,양식,3.9,757,,,2023.07.07.
21929635,로니로티 건대점,건대,양식,3.9,757,,,2023.04.23.
21929635,로니로티 건대점,건대,양식,3.9,757,,,2023.03.22.
21929635,로니로티 건대점,건대,양식,3.9,757,,,2022.12.22.
192485759,탄토탄토,건대,양식,4.9,632,,,"건대 근처에서 파스타와 스테이크 모두 다 완벽한 맛집입니다.
김치볶음밥은 감칠맛이 좋고, 채끝스테이크는 부드러웠어요. 지인들에게 추천할 확률 100%입니다. 리뷰이벤트 에이드도 너무 맛있었어요. 즐거운 시간이었습니다."
192485759,탄토탄토,건대,양식,4.9,632,,,"일요일 점심에 가족과 방문했는데, 음식들이 모두 맛있고 재료도 신선했어요. 파스타 면이 페투치네로 나와서 더 맛있었고, 안맵게 부탁드렸더... 더보기"
192485759,탄토탄토,건대,양식,4.9,632,,,"여기가서 10만원어치 먹었었는데 음식하나하나 플레이팅 이쁘게 해주시고, 솔직히 플레이팅보다는 맛인데 맛이 진짜 예술입니다.. 진짜.. 와인이랑도 한번 먹어보세요ㅎㅎ 레드와인이 젤 잘어울릴것같아여 강추입니다 또올게요!!"
192485759,탄토탄토,건대,양식,4.9,632,,,"재방문 의사는 있지만 양이 많지 않아서 가성비는 잘 모르겠음

●●●●● ... 더보기"
192485759,탄토탄토,건대,양식,4.9,632,,,손님들 오면 늘 방문하는 믿고 먹는 곳 💕
192485759,탄토탄토,건대,양식,4.9,632,,,건대근처에 오랜만에 놀러왔는데 너무 맛있는 파스타 먹었습니다!! 제 건대맛집 리스트에 추가 했습니다..💕 다음에 또 방문할게요!
192485759,탄토탄토,건대,양식,4.9,632,,,"건대2번출구에서 나와서 앱키고 왔어요.
맛있겠죵 완젼 기대중 입니당ㅎ"
192485759,탄토탄토,건대,양식,4.9,632,,,"처음 와봤는데 분위기도 좋고 맛도 괜찮아서 지인이랑 약속으로 오기 좋은 것 같아요 ㅎㅎ
파스타 오랜만에 먹으러 왔는데 맘에 들어서 담에 한 번 더 와도 좋을 것 같습니다"
192485759,탄토탄토,건대,양식,4.9,632,,,처음 왔는데  맛집이네요
192485759,탄토탄토,건대,양식,4.9,632,,,건대 근처 왔다가 파스타 먹고 싶어서 건대 맛집 검색해서 찾아왔어요♡ 눈으로도 먹는 느낌까지 완벽하네요~
192485759,탄토탄토,건대,양식,4.9,632,,,"분위기가 좋고 친절해용!!
건대맛집 입니당 파스타가 특히 맛잇어용 ♥️♥️😽😽"
192485759,탄토탄토,건대,양식,4.9,632,,,맛잇엇어요 ㅋㅋㅋ
192485759,탄토탄토,건대,양식,4.9,632,,,"건대 맛집, 파스타  맛있어요. 샐러드도 맛있어요. 스테이크도 맛있어요."
192485759,탄토탄토,건대,양식,4.9,632,,,"건대 파스타 맛집이에옹~! 
어린이대공원이랑 가까워서 낮에 놀구 와도 될듯!!!"
192485759,탄토탄토,건대,양식,4.9,632,,,가성비 좋고 분위기도 밝네요~~~!
192485759,탄토탄토,건대,양식,4.9,632,,,"채끝 크림파스타는 고소하고 부드럽고, 명란 알리오 올리오는 짭짤하면서 감칠맛이 살아있어요. 두 메뉴 조합으로 먹는 거 추천합니다!"
192485759,탄토탄토,건대,양식,4.9,632,,,건대에서 제일 맛있다고 소문난 파스타 먹으러 왔어용 💖 명란오일파스타랑 채끝크림파스타 시켰는데 너무 맛있게 먹었어용 ㅎㅎㅎ 명란 오일파스타는 실짝 짭짤하고 채끝크림파스타는... 더보기
192485759,탄토탄토,건대,양식,4.9,632,,,"건대에 오랜만에 친구들과 모임 하려고 찾았는데
맛집이였어요~
종류도 다양하고 와인도 있어서 좋네요 😍... 더보기"
192485759,탄토탄토,건대,양식,4.9,632,,,"맛있게 잘 먹었습니다.
매장도 이쁘고 테이블이 넓고 의자도 편해서 좋았지만 직원분들 너무 친절하고 무엇보다 음식이 최고!!!"
192485759,탄토탄토,건대,양식,4.9,632,,,파스타 건대맛집이에요! 맛있어요!
192485759,탄토탄토,건대,양식,4.9,632,,,분위기
192485759,탄토탄토,건대,양식,4.9,632,,,가성비
192485759,탄토탄토,건대,양식,4.9,632,,,사진/영상 후기만 보기
192485759,탄토탄토,건대,양식,4.9,632,,,2026.02.05.
192485759,탄토탄토,건대,양식,4.9,632,,,2025.06.30.
192485759,탄토탄토,건대,양식,4.9,632,,,2025.11.24.
192485759,탄토탄토,건대,양식,4.9,632,,,2025.12.09.
192485759,탄토탄토,건대,양식,4.9,632,,,2024.07.02.
192485759,탄토탄토,건대,양식,4.9,632,,,2026.04.30.
192485759,탄토탄토,건대,양식,4.9,632,,,2026.04.28.
192485759,탄토탄토,건대,양식,4.9,632,,,2026.04.26.
192485759,탄토탄토,건대,양식,4.9,632,,,2026.04.25.
192485759,탄토탄토,건대,양식,4.9,632,,,2026.04.24.
192485759,탄토탄토,건대,양식,4.9,632,,,2026.04.22.
192485759,탄토탄토,건대,양식,4.9,632,,,2026.04.23.
192485759,탄토탄토,건대,양식,4.9,632,,,2026.04.20.
192485759,탄토탄토,건대,양식,4.9,632,,,2026.04.21.
192485759,탄토탄토,건대,양식,4.9,632,,,2026.04.18.
192485759,탄토탄토,건대,양식,4.9,632,,,2026.04.16.
1280863801,엘루이피자 건대점,건대,양식,4,106,,,양도 많고 맛있어요! 최근 먹은 피자 중에서 제일 좋았던 것 같네요. 다음에 또 가고 싶어요!
1280863801,엘루이피자 건대점,건대,양식,4,106,,,존맛 대존맛 ㅜ 대마맥주 미쳣어요 ㅠ
1280863801,엘루이피자 건대점,건대,양식,4,106,,,"피자맛은 평범하나 가격에 비해 양이 너무 적고, 파스타랑 에이드류는 정말 최악임. 평생 먹은 파스타 중에 제일 맛이 없었음"
1280863801,엘루이피자 건대점,건대,양식,4,106,,,"피자가 진~~~~짜 맛있어요!
세트 메뉴도 있어서 인원수 대로 시키기 좋네요 ㅎㅎ
분위기도 괜찮고 너... 더보기"
1280863801,엘루이피자 건대점,건대,양식,4,106,,,피자는 부드로워요. 맛있어서 적게 먹었는데도 배부르다
1280863801,엘루이피자 건대점,건대,양식,4,106,,,"피자2.떡볶이1.맥주들 시켜서 먹었는데, 피자집인데 피자가 맛 없었어요..ㅠㅠ (도우 토핑이 다 아쉽.. 솔직히 별루에요.. 소화안되는 밀가루 맛입니다) 오히려 떡볶이가 맛있었어요. 떡볶이 내용물은 조금... 더보기"
1280863801,엘루이피자 건대점,건대,양식,4,106,,,진짜 맛있었어요~
1280863801,엘루이피자 건대점,건대,양식,4,106,,,"분위기도 이쁘고 맛있었어요!
피자가 메인인데 사이드인 파스타가 더 맛있었어요ㅎㅎㅋㅋㅋㅋㅋㅋ 또 먹고 싶다,,,🩷"
1280863801,엘루이피자 건대점,건대,양식,4,106,,,"피자 위에 기름이 좀 많았어요
별개로 피자는 맛있었네요"
1280863801,엘루이피자 건대점,건대,양식,4,106,,,"쉬림프랑 포테이토 먹음
도우도 쫄깃하고 넘넘 맛있음 ㅠㅠ 갈릭소스가 진짜 포인트고 쉬림프가 특히 맛있었음! 다음에 건대입구 근처 가면 또 방문할 것 같아요 직원분들도 친절하고 추천"
1280863801,엘루이피자 건대점,건대,양식,4,106,,,맥주가 별로 안 차갑고...시나몬 설탕을 후두둑 얹어주네요
1280863801,엘루이피자 건대점,건대,양식,4,106,,,올만에 칭구랑 핏짜♡
1280863801,엘루이피자 건대점,건대,양식,4,106,,,맛있고 양 많아요 다음엔 맥주를 꼭 먹어야겠음.... 자리도 널널하고 분위기도 조음
1280863801,엘루이피자 건대점,건대,양식,4,106,,,"피자는 방금 구워서 당근 맛있음.
맥주도 괜찮은편!
직원분도 무서운 느낌이지만... 더보기"
1280863801,엘루이피자 건대점,건대,양식,4,106,,,"토마토 스파게티 맛없었고, 생맥주 안 시원했어요ㅜㅜ 피자는 맛있긴한데, 베이컨 치즈 말구 다른거 드세요…."
1280863801,엘루이피자 건대점,건대,양식,4,106,,,치즈추가 필수..! 도우는 얇고 쫀득쫀득한데 치즈는 두툼하고 맛은 깊음! 느끼하지않아 물리지않음. 이렇게 맛난피자 얼마만인지
1280863801,엘루이피자 건대점,건대,양식,4,106,,,"가끔 분위기 전환을 위해 갈 만합니다. 펍 같은 분위기로 시끄러운 걸 싫어하는 분들껜 잘 맞지 않는 공간일 것 같아요.
여름엔 2층도 개방되었던 것 같은데 이용해보시면 좋을 것 같습니다."
1280863801,엘루이피자 건대점,건대,양식,4,106,,,"맛있었습니다.
네이버로 예약하고 가면 할인도 해줘서 괜찮았어요.
다만 손님이 많아 바빠서 그런지 직원호... 더보기"
1280863801,엘루이피자 건대점,건대,양식,4,106,,,맛있어요. 내부는 다소 활기가 넘치는 편인지라 조용한 분위기를 원하신다면 맞지 않는 것 같아요
1280863801,엘루이피자 건대점,건대,양식,4,106,,,분위기
1280863801,엘루이피자 건대점,건대,양식,4,106,,,가성비
1280863801,엘루이피자 건대점,건대,양식,4,106,,,사진/영상 후기만 보기
1280863801,엘루이피자 건대점,건대,양식,4,106,,,2022.11.23.
1280863801,엘루이피자 건대점,건대,양식,4,106,,,2022.08.20.
1280863801,엘루이피자 건대점,건대,양식,4,106,,,2025.06.07.
1280863801,엘루이피자 건대점,건대,양식,4,106,,,2025.01.05.
1280863801,엘루이피자 건대점,건대,양식,4,106,,,2024.12.13.
1280863801,엘루이피자 건대점,건대,양식,4,106,,,2024.05.12.
1280863801,엘루이피자 건대점,건대,양식,4,106,,,2024.03.10.
1280863801,엘루이피자 건대점,건대,양식,4,106,,,2024.02.10.
1280863801,엘루이피자 건대점,건대,양식,4,106,,,2023.03.07.
1280863801,엘루이피자 건대점,건대,양식,4,106,,,2025.10.09.
1280863801,엘루이피자 건대점,건대,양식,4,106,,,2025.09.02.
1280863801,엘루이피자 건대점,건대,양식,4,106,,,2025.07.05.
1280863801,엘루이피자 건대점,건대,양식,4,106,,,2025.04.15.
1280863801,엘루이피자 건대점,건대,양식,4,106,,,2025.04.07.
1280863801,엘루이피자 건대점,건대,양식,4,106,,,2025.03.11.
1280863801,엘루이피자 건대점,건대,양식,4,106,,,2025.01.15.
1280863801,엘루이피자 건대점,건대,양식,4,106,,,2024.12.24.
1280863801,엘루이피자 건대점,건대,양식,4,106,,,2024.11.23.
1280863801,엘루이피자 건대점,건대,양식,4,106,,,2024.10.28.
1280863801,엘루이피자 건대점,건대,양식,4,106,,,2024.09.30.
1159203702,비에이치테이블,건대,양식,4.5,131,,,ㅈㅁㅌ
1159203702,비에이치테이블,건대,양식,4.5,131,,,그릭요거트도 커피도 너무 맛있어요!!
1159203702,비에이치테이블,건대,양식,4.5,131,,,"가게 내부에 테이블이 5개 있어요
프랜치 토스트 맛있습니다!(+스크램블)
햇빛이 강렬하면 굉장히 눈부시네요 ㅎㅎ"
1159203702,비에이치테이블,건대,양식,4.5,131,,,"브런치를 잘한다고해서 방문했는데, 덜혼잡한 1시반쯤 도착했는데 딱 한자리 남아서 기다리지않고 잘 먹었습니다. 일단 음식이 맛있고 정성이 엿보입니다. 정갈하고 단정하고 심지어 건강한 맛이에요. 넷이서... 더보기"
1159203702,비에이치테이블,건대,양식,4.5,131,,,음식 다 깔끔하고 맛있어요! 이런 깔끔한 동네 브런치 맛집 찾기 힘든데 발견해서 넘 행복합니다😍 삶달과 소시지 완전 이븐하게 익었구요 파니니 진짜 맛도리예요! 필수! 야채도 싱싱하고 마무리로 달달콩떡한... 더보기
1159203702,비에이치테이블,건대,양식,4.5,131,,,"음식이 다 깔끔하고 맛있네요🥪
가게 옆에 딱 한자리 주차 가능해보입니다, 주차 필요하면 차선책도 미리 알아보시는게 좋겠습니다."
1159203702,비에이치테이블,건대,양식,4.5,131,,,파니니에 당근라페 추가하니까 맛있었어욤😳❤️
1159203702,비에이치테이블,건대,양식,4.5,131,,,브런치 먹으러 갔는데... 동네 주민인지... 운동복/홈패션으로 수다스러워서 너무... 더보기
1159203702,비에이치테이블,건대,양식,4.5,131,,,맛있어요.
1159203702,비에이치테이블,건대,양식,4.5,131,,,건강하고 깔끔하게 먹을 수 있는 플레이트 구성이 정말 좋아요! 당근 샐러드 추가된게 가장 맘에 드네요👍🏻
1159203702,비에이치테이블,건대,양식,4.5,131,,,동네 브런치 맛집이에요. 대신 주말엔 웨이팅이 계속 있어요.
1159203702,비에이치테이블,건대,양식,4.5,131,,,동네 브런치 맛집😍
1159203702,비에이치테이블,건대,양식,4.5,131,,,"양이 많지는 않지만 신선하고 맛있었어요:p
매장은 테이블 5개정도? 크진 않아요."
1159203702,비에이치테이블,건대,양식,4.5,131,,,감바스파니니 제발제발제발 다시 팔아주세요 그 맛을 잊지못하는사람이있어요 제발 다시 ...
1159203702,비에이치테이블,건대,양식,4.5,131,,,음식 양이 적고 가격이 높은 이유는 잘 모르겠네요..? 양 적은 여성분들이 가시면 나쁘지 않을수도. 내부는 깔끔하고 괜찮았습니다
1159203702,비에이치테이블,건대,양식,4.5,131,,,"맛은 적당히 있는데 가성비가 극악이에요. 
둘이서 두개 시켜 음료 두잔 포함 5만원 정도 나온듯? 소세지 추가로 4-5천원 지불했는데 하나가 더 나온건가?... 더보기"
1159203702,비에이치테이블,건대,양식,4.5,131,,,단호박슾 안좋아하는데 일행덕분에 먹어봤는데 여기 진짜 담백하고 맛있네요. 브런치집 서울 성남 많이 다녀봤지만 프렌치토스트 금액대비 진짜 맛있어요. 겉면 바삭하고 고소하고 ! 자주 생각날 것같아요 ㅋㅋ
1159203702,비에이치테이블,건대,양식,4.5,131,,,맛있는데 공간이 크지 않아서 옆 테이블이랑 간격이 좁다고 느낄 수도 있을 것 같아요. 그리고 웨이팅 해야 할 수도 있습니다! 재료 상태는 다 굿굿~~~ 요거트도 맛있어 보이던데 다음에 먹으러 갈게요 :)
1159203702,비에이치테이블,건대,양식,4.5,131,,,분위기
1159203702,비에이치테이블,건대,양식,4.5,131,,,가성비
1159203702,비에이치테이블,건대,양식,4.5,131,,,사진/영상 후기만 보기
1159203702,비에이치테이블,건대,양식,4.5,131,,,2026.03.05.
1159203702,비에이치테이블,건대,양식,4.5,131,,,2026.01.31.
1159203702,비에이치테이블,건대,양식,4.5,131,,,2025.11.03.
1159203702,비에이치테이블,건대,양식,4.5,131,,,2025.10.25.
1159203702,비에이치테이블,건대,양식,4.5,131,,,2025.05.26.
1159203702,비에이치테이블,건대,양식,4.5,131,,,2025.03.29.
1159203702,비에이치테이블,건대,양식,4.5,131,,,2024.12.15.
1159203702,비에이치테이블,건대,양식,4.5,131,,,2024.09.25.
1159203702,비에이치테이블,건대,양식,4.5,131,,,2024.07.31.
1159203702,비에이치테이블,건대,양식,4.5,131,,,2024.04.30.
1159203702,비에이치테이블,건대,양식,4.5,131,,,2023.06.11.
1159203702,비에이치테이블,건대,양식,4.5,131,,,2023.05.30.
1159203702,비에이치테이블,건대,양식,4.5,131,,,2022.12.27.
1159203702,비에이치테이블,건대,양식,4.5,131,,,2025.01.13.
1159203702,비에이치테이블,건대,양식,4.5,131,,,2024.09.21.
1159203702,비에이치테이블,건대,양식,4.5,131,,,2024.08.26.
1159203702,비에이치테이블,건대,양식,4.5,131,,,2024.08.18.
1159203702,비에이치테이블,건대,양식,4.5,131,,,2023.08.07.
1159203702,비에이치테이블,건대,양식,4.5,131,,,2022.11.09.
1159203702,비에이치테이블,건대,양식,4.5,131,,,2022.08.06.
1093085311,수퍼슬라이더스,건대,양식,4.7,223,,,"빅 버드맨 단품: ₩8,800

소고기 패티가 아닌 치킨버거예요. 버거에 코울슬로 들어가는게 신기했어요!
... 더보기"
1093085311,수퍼슬라이더스,건대,양식,4.7,223,,,"버드맨 먹었는데
출출할때 딱 먹기좋음 뜨끈뜨끈한게
빅버드맨도 먹으러 와볼거... 더보기"
1093085311,수퍼슬라이더스,건대,양식,4.7,223,,,맛있긴 한데 찾아서 먹을 정도는 아니에요. 그렇다고 맛없지는 않은 딱 3점 정도의 햄버거집입니다.
1093085311,수퍼슬라이더스,건대,양식,4.7,223,,,"리뷰이벤트가 아니면 굳이 리뷰 작성하지 않는편인데 맛보고 꼭 써주고 싶다는 생각이 들었다
맛과 친절도 둘다 잡은... 더보기"
1093085311,수퍼슬라이더스,건대,양식,4.7,223,,,근래에 먹었던 수제버거 중에 가장 담백하고 맛있는 버거였습니다 감자튀김도 훌륭하구요
1093085311,수퍼슬라이더스,건대,양식,4.7,223,,,수제버거 탑티어.. 진짜 맛있어요
1093085311,수퍼슬라이더스,건대,양식,4.7,223,,,"미니버거로 다양한 맛을 즐길 수 있는 점이  이집의 매력 포인트 이지만 오늘의 선택은 참깨가 촘촘히 박힌 촉촉하고 푹신한 번에 통구이새우, 소고기패티, 체다치즈, 카라멜라이즈 양파, 토마토와 로메인 등이... 더보기"
1093085311,수퍼슬라이더스,건대,양식,4.7,223,,,"미니 두개 먹고 넘 맛있어서 두개 더 먹었어요
여태 먹은 수제버거 중 단연 1등입니다
바삭하게 구운 빵... 더보기"
1093085311,수퍼슬라이더스,건대,양식,4.7,223,,,가격대비 넘 마싯구 조았어여!!!! 또 올 의사 100%
1093085311,수퍼슬라이더스,건대,양식,4.7,223,,,진짜 맛있는 수제 버거! 마감 시간 쯤 갔는데도 친절하게 응대해주셔서 정말 감사했습니다.
1093085311,수퍼슬라이더스,건대,양식,4.7,223,,,"단언컨데 이 가격에 여기보다 맛있는 수제버거집은 없음,친절함까지 원탑"
1093085311,수퍼슬라이더스,건대,양식,4.7,223,,,미니버거라 여러 맛 먹을 수 있어서 좋아요
1093085311,수퍼슬라이더스,건대,양식,4.7,223,,,완전 맛있고 가성비도 좋고 다 좋아요!
1093085311,수퍼슬라이더스,건대,양식,4.7,223,,,여러가지 맛으로 다 먹어볼 수 있어서 너무 좋아요! 전부 다 존맛
1093085311,수퍼슬라이더스,건대,양식,4.7,223,,,"원초적 본능..
이름보고 기대 많이 했는데
케찹이 없었다면 더 이름답게 고기 육즙만 느낄 수 있었을 것 같아요!"
1093085311,수퍼슬라이더스,건대,양식,4.7,223,,,"인생 최고 맛집 
수제버거와 미국의 슬라이더를 맛볼수 있는 제대로된 버거집"
1093085311,수퍼슬라이더스,건대,양식,4.7,223,,,맛있네요 포장 해와도 맛있어요 멀어서 자주 못가는게 아쉽네요 ㅠㅜ
1093085311,수퍼슬라이더스,건대,양식,4.7,223,,,"250713 방문
-건대 수제버거 1티어.
-수제버거를 많이 먹어봤지만, 정말 맛있어서 자주 갑니다. 
-가... 더보기"
1093085311,수퍼슬라이더스,건대,양식,4.7,223,,,"원초적본능1, 버드맨 먹었습니당
원초적본능은 일반적인 수제버거맛입니다. 3등급70점
버드맨은 싸이버거를 능가히는 필살기 버거입니다. 1등급 97... 더보기"
1093085311,수퍼슬라이더스,건대,양식,4.7,223,,,가성비
1093085311,수퍼슬라이더스,건대,양식,4.7,223,,,분위기
1093085311,수퍼슬라이더스,건대,양식,4.7,223,,,사진/영상 후기만 보기
1093085311,수퍼슬라이더스,건대,양식,4.7,223,,,2026.03.08.
1093085311,수퍼슬라이더스,건대,양식,4.7,223,,,2026.03.02.
1093085311,수퍼슬라이더스,건대,양식,4.7,223,,,2025.09.15.
1093085311,수퍼슬라이더스,건대,양식,4.7,223,,,2025.09.07.
1093085311,수퍼슬라이더스,건대,양식,4.7,223,,,2025.08.14.
1093085311,수퍼슬라이더스,건대,양식,4.7,223,,,2025.06.05.
1093085311,수퍼슬라이더스,건대,양식,4.7,223,,,2025.05.24.
1093085311,수퍼슬라이더스,건대,양식,4.7,223,,,100
1093085311,수퍼슬라이더스,건대,양식,4.7,223,,,2025.02.20.
1093085311,수퍼슬라이더스,건대,양식,4.7,223,,,2024.10.28.
1093085311,수퍼슬라이더스,건대,양식,4.7,223,,,2024.08.04.
1093085311,수퍼슬라이더스,건대,양식,4.7,223,,,2023.12.14.
1093085311,수퍼슬라이더스,건대,양식,4.7,223,,,2023.06.18.
1093085311,수퍼슬라이더스,건대,양식,4.7,223,,,2023.06.09.
1093085311,수퍼슬라이더스,건대,양식,4.7,223,,,2023.06.03.
1093085311,수퍼슬라이더스,건대,양식,4.7,223,,,2022.12.09.
1093085311,수퍼슬라이더스,건대,양식,4.7,223,,,2022.10.25.
1093085311,수퍼슬라이더스,건대,양식,4.7,223,,,2022.09.17.
1093085311,수퍼슬라이더스,건대,양식,4.7,223,,,2026.04.10.
1093085311,수퍼슬라이더스,건대,양식,4.7,223,,,2026.02.22.
1093085311,수퍼슬라이더스,건대,양식,4.7,223,,,2025.10.09.
26844606,모모스테이크 건대점,건대,양식,4.4,24,,,맛있어용 부드러움
26844606,모모스테이크 건대점,건대,양식,4.4,24,,,"오랜만에 왔는데
사장님 어디서 고기굽는 수련이라도 하고 오셧어요..?
개맛있음"
26844606,모모스테이크 건대점,건대,양식,4.4,24,,,"혼자 구운 고기 먹고 싶을 때 가기 좋은 곳
가성비👍🏻"
26844606,모모스테이크 건대점,건대,양식,4.4,24,,,"소고기, 삼겹, 목살 각각 먹었는데, 너무 맛있다 고기가 정량이다 너무 부드러워요 ㅎㅎ 사진은 목살"
26844606,모모스테이크 건대점,건대,양식,4.4,24,,,넘 맛있고 든든하게 배부르고 가성비 좋네요!
26844606,모모스테이크 건대점,건대,양식,4.4,24,,,"합리적인 가격에 분위기도 조용하니 좋고 무엇보다 너무 맛있어요 하얀색 소스에 찍어먹었는데 쫀맛
고구마 치즈도 추가해드세여 스테이크에 ... 더보기"
26844606,모모스테이크 건대점,건대,양식,4.4,24,,,"맛있는데 양이 너므 적어요
성인 남자한테는 부족해요.."
26844606,모모스테이크 건대점,건대,양식,4.4,24,,,돈 없는 대학생에게 너무 좋은 가게
26844606,모모스테이크 건대점,건대,양식,4.4,24,,,고기 먹고 싶을 때 무난하게 가기 좋은 곳. 1인 1메뉴 주문 시 밥/장국은 무한리필. 조용하게 식사하기 좋음.
26844606,모모스테이크 건대점,건대,양식,4.4,24,,,"전체평점이 너무 높음 절대 4점 넘는가게가아님
가성비가 높은점수를 받은건지는 모르겠지만 개인적으로  최대 3점임
대학가라 그런지 가성비 평점이 높은듯?"
26844606,모모스테이크 건대점,건대,양식,4.4,24,,,"아래 평가하신 닉네임 '다다미'님 넘 무서워요..
같은글을 동시에 여러곳에 올리다니..여혐..?

이곳 스테이크는... 더보기"
26844606,모모스테이크 건대점,건대,양식,4.4,24,,,포장해서 먹었는데도 맛있었어요.
26844606,모모스테이크 건대점,건대,양식,4.4,24,,,"여자 사장님이 아주 친절하십니다.

밥 리필이 가능해서...
개인적으로 늘 2공기+피자+스테이크 주문해서 먹고... 더보기"
26844606,모모스테이크 건대점,건대,양식,4.4,24,,,"이 가격에 큐브 스테이크를 먹을 수 있는 곳이 있을까...?

가성비 좋고 양 많고 맛있다..."
26844606,모모스테이크 건대점,건대,양식,4.4,24,,,진짜진짜진짜 맛있어요!!!!!!
26844606,모모스테이크 건대점,건대,양식,4.4,24,,,얌얌얌+
26844606,모모스테이크 건대점,건대,양식,4.4,24,,,가성비 있게 소고기가 먹고 싶을 때
26844606,모모스테이크 건대점,건대,양식,4.4,24,,,양이 많은 편은 아니지만 맛있었당.
26844606,모모스테이크 건대점,건대,양식,4.4,24,,,서비스 좋고 맛있어요
26844606,모모스테이크 건대점,건대,양식,4.4,24,,,가성비
26844606,모모스테이크 건대점,건대,양식,4.4,24,,,분위기
26844606,모모스테이크 건대점,건대,양식,4.4,24,,,사진/영상 후기만 보기
26844606,모모스테이크 건대점,건대,양식,4.4,24,,,2026.04.15.
26844606,모모스테이크 건대점,건대,양식,4.4,24,,,2026.03.02.
26844606,모모스테이크 건대점,건대,양식,4.4,24,,,2025.06.21.
26844606,모모스테이크 건대점,건대,양식,4.4,24,,,2025.05.10.
26844606,모모스테이크 건대점,건대,양식,4.4,24,,,2024.04.08.
26844606,모모스테이크 건대점,건대,양식,4.4,24,,,2024.03.15.
26844606,모모스테이크 건대점,건대,양식,4.4,24,,,2026.04.07.
26844606,모모스테이크 건대점,건대,양식,4.4,24,,,2025.11.27.
26844606,모모스테이크 건대점,건대,양식,4.4,24,,,2025.10.16.
26844606,모모스테이크 건대점,건대,양식,4.4,24,,,2025.03.29.
26844606,모모스테이크 건대점,건대,양식,4.4,24,,,2024.03.03.
26844606,모모스테이크 건대점,건대,양식,4.4,24,,,2019.06.04.
26844606,모모스테이크 건대점,건대,양식,4.4,24,,,2026.04.17.
26844606,모모스테이크 건대점,건대,양식,4.4,24,,,2025.04.25.
26844606,모모스테이크 건대점,건대,양식,4.4,24,,,2025.02.19.
26844606,모모스테이크 건대점,건대,양식,4.4,24,,,2024.12.11.
26844606,모모스테이크 건대점,건대,양식,4.4,24,,,2024.10.23.
26844606,모모스테이크 건대점,건대,양식,4.4,24,,,2024.08.26.
26844606,모모스테이크 건대점,건대,양식,4.4,24,,,2024.08.17.
26844606,모모스테이크 건대점,건대,양식,4.4,24,,,2024.08.01.
1854024237,피자빌리지 건대직영점,건대,양식,4.7,282,,,두 명이서 피자 미디움 리조또 세트 먹었는데 양 많아서 남겼어요 근데 너무 맛있었어서 아깝네요 ㅠ 옥수수랑 닭껍질 반반피자 먹었어요 추천합니당 그리고 갈릭소스가 맛이 깊다 싶었는데 ... 더보기
1854024237,피자빌리지 건대직영점,건대,양식,4.7,282,,,"와진짜 개맛있어요 ㅠ
별 기대 안하고 갔는데 진짜 맛있어서 놀람..
셋이 갔는데 M 시키면 적당했어요!"
1854024237,피자빌리지 건대직영점,건대,양식,4.7,282,,,인테리어가 완전 미국 스타일이라 분위기 최고네요! 자연산 치즈를 써서 그런지 피자 맛이 깊고 정말 맛있어요. 30명까지 단체 이용도 가능해서 모임 장소로도 딱입니다. 추천해요!
1854024237,피자빌리지 건대직영점,건대,양식,4.7,282,,,"건대 피자빌리지 직영점 다녀왔는데 여기 진짜 피자 맛집이네요! 무엇보다 자연산 치즈를 사용해서 그런지 치즈 풍미가 고소하고 쫄깃해서 정말 맛있었어요
매장 분위기도 완전 미국 현지 느낌 물씬... 더보기"
1854024237,피자빌리지 건대직영점,건대,양식,4.7,282,,,"미국에 온줄알았어요!!
인테리어도 완전 멋있고 매장도넓아서 모임하기도딱입니다!
피자맛도 굿!!"
1854024237,피자빌리지 건대직영점,건대,양식,4.7,282,,,자연산 치즈를 사용해서 그런지 치즈 풍미가 진하고 전체적으로 피자가 정말 맛있었어요. 도우도 쫄깃하구요! 매장 인테리어가 완전 미국 느낌이라 분위기도 좋고 ... 더보기
1854024237,피자빌리지 건대직영점,건대,양식,4.7,282,,,"치즈가 맛있음
닭껍질 피자는 처음인데 매콤해서 물리지 않고 들어가요"
1854024237,피자빌리지 건대직영점,건대,양식,4.7,282,,,자연산 치즈를 쓰는 곳이라 그런가 피자가 확실히 더 맛있었어요! 특히 저는 감성있거나 컨셉있는 인테리어를 엄청 좋아하는데 여기가 완전 미국미국 분위기라 여기 있는 동안 미국인 줄 알았어요 ㅋㅋㅋ
1854024237,피자빌리지 건대직영점,건대,양식,4.7,282,,,"건대에서 피자 먹을 곳 찾다가 방문했는데 여기 제대로네요 🍕
자연산 치즈라 그런지 고소하고 쭉 늘어나는 식감이 확실히 달라서 맛있게 먹었어요."
1854024237,피자빌리지 건대직영점,건대,양식,4.7,282,,,"자연산 치즈를 써서 그런지 피자가 더 고소하고 맛있더라구요 인테리어도 완전 미국 감성이라 분위기까지 만족!
단체 30명까지 가능해서 모임 장소로도 추천이에요👌"
1854024237,피자빌리지 건대직영점,건대,양식,4.7,282,,,피자 치즈가 자연산이라 그런지 엄청 고소하고 맛있네요. 역시 따뜻한 피자 바로 먹으니 집에서 먹는 것과는 차원이 달라요~ 매장 인테리어도 너무 감성있고 완전 미국에서 먹는 느낌이 드네요
1854024237,피자빌리지 건대직영점,건대,양식,4.7,282,,,자연산 치즈 풍미가 진하고 끝까지 느끼하지 않아서 계속 손이 가는 맛이었어요. 매장 들어가면 인테리어가 완전 미국 느낌이라 분위기도 좋고 사진 찍기에도 딱이에요. 좌석도 넉넉... 더보기
1854024237,피자빌리지 건대직영점,건대,양식,4.7,282,,,자연산 치즈를 사용해서 그런지 한 입 먹자마자 치즈 풍미가 확 살아있고 전체적으로 피자가 진짜 고급스럽게 맛있었어요. 매장 들어가면 인테리어가 완전 미국 감성이라 분위기도 힙하고 사진... 더보기
1854024237,피자빌리지 건대직영점,건대,양식,4.7,282,,,"너무 맛있게 먹었어요 !
분위기가 완전 미국스타일~~피자도 넘나 잘먹었습니다~~"
1854024237,피자빌리지 건대직영점,건대,양식,4.7,282,,,"자연산치즈를 써서그런지 ㅎ너무맛있어요
토핑도 가득 올라가서 비주얼부터 든든하고 최고에요!"
1854024237,피자빌리지 건대직영점,건대,양식,4.7,282,,,분위기가 힙하네요ㅋㅋ사장님이 치즈 넉넉히 넣어줘서 좋아요 좋은치즈 쓰시네요 리뷰에 치즈가 맛있다는 후기 많은데 진짜 고소하니 맛있어요
1854024237,피자빌리지 건대직영점,건대,양식,4.7,282,,,"분위기부터 완전 미국 느낌이라 신기했어요ㅎㅎ
자연산 치즈를 써서 그런지 피자가 고소하고 맛이 확실히 다르더라구요~ 매장도 넓어서 단체로 오기 좋아 보였고, 실제로 30명 정도도 ... 더보기"
1854024237,피자빌리지 건대직영점,건대,양식,4.7,282,,,슈퍼 슈프림 피자 시켰는데 토핑이 푸짐하고 자연산 치즈가 많이 들어가서 한 입 먹을 때마다 행복하네요 매장 인테리어가 미국 현지 느낌이라서 기분 전환도 되고 좋았습니다ㅎㅎ
1854024237,피자빌리지 건대직영점,건대,양식,4.7,282,,,건대 피자 맛집으로 피자빌리지 직영점 추천받아서 갔어요 자연산 치즈 피자가 정말 맛있어서 친구랑 거의 다 먹었네요 인테리어가 완전 미국 스타일이라서 사진 찍기 좋고 매장도 넓어서... 더보기
1854024237,피자빌리지 건대직영점,건대,양식,4.7,282,,,자연산 치즈를 써서 그런지 피자가 정말 고소하고 맛있었어요. 치즈가 쭉쭉 잘 늘어나고 도우도 바삭쫄깃해서 한 조각 먹고 또 먹게 되네요 인테리어가 미국... 더보기
1854024237,피자빌리지 건대직영점,건대,양식,4.7,282,,,분위기
1854024237,피자빌리지 건대직영점,건대,양식,4.7,282,,,가성비
1854024237,피자빌리지 건대직영점,건대,양식,4.7,282,,,사진/영상 후기만 보기
1854024237,피자빌리지 건대직영점,건대,양식,4.7,282,,,2025.12.07.
1854024237,피자빌리지 건대직영점,건대,양식,4.7,282,,,2025.10.04.
1854024237,피자빌리지 건대직영점,건대,양식,4.7,282,,,2026.04.20.
1854024237,피자빌리지 건대직영점,건대,양식,4.7,282,,,2026.04.15.
1854024237,피자빌리지 건대직영점,건대,양식,4.7,282,,,2026.04.14.
1854024237,피자빌리지 건대직영점,건대,양식,4.7,282,,,2025.07.27.
1854024237,피자빌리지 건대직영점,건대,양식,4.7,282,,,2026.04.24.
1854024237,피자빌리지 건대직영점,건대,양식,4.7,282,,,2026.04.23.
1854024237,피자빌리지 건대직영점,건대,양식,4.7,282,,,2026.04.22.
1854024237,피자빌리지 건대직영점,건대,양식,4.7,282,,,2026.04.21.
1854024237,피자빌리지 건대직영점,건대,양식,4.7,282,,,2026.04.17.
1854024237,피자빌리지 건대직영점,건대,양식,4.7,282,,,2026.04.13.
1854024237,피자빌리지 건대직영점,건대,양식,4.7,282,,,2026.04.10.
1714194607,타코벨 건대스타시티점,건대,양식,3.6,73,,,음식 안나오길래 봤더니 한놈은 처음 왔을때부터 계~속 핸드폰만하네요?
1714194607,타코벨 건대스타시티점,건대,양식,3.6,73,,,맛있는데 위치가 좀 헷갈려요..
1714194607,타코벨 건대스타시티점,건대,양식,3.6,73,,,"타코벨은 역시 나쵸에 치즈소스랑, 구아카몰,피코 찍어먹는게 최고에요ㅠㅠㅠ건대 스타시티에 영화보러갈 때 나쵸 항상 먹어요 🥹"
1714194607,타코벨 건대스타시티점,건대,양식,3.6,73,,,"이마트 갈때 간편하게 먹기 좋아서 자주 찾고 있어요~
종류도 다양하고 맛있어요!!타코좋아하면 여기!!입니다"
1714194607,타코벨 건대스타시티점,건대,양식,3.6,73,,,부리또 포장한다고 이런식으로 말아주나요? 돈주고 사먹는 값은 합시다 제발
1714194607,타코벨 건대스타시티점,건대,양식,3.6,73,,,맛나용
1714194607,타코벨 건대스타시티점,건대,양식,3.6,73,,,라이스볼 기대하고 갔는데 맛있지 않았습니다ㅜㅠ 슈프림타코는 맛있는데 5개는 먹어야 배찰듯
1714194607,타코벨 건대스타시티점,건대,양식,3.6,73,,,좋아요 없어지지않기를 ㅠㅠ
1714194607,타코벨 건대스타시티점,건대,양식,3.6,73,,,차갑고 차갑고 차가운 나쵸 타코와 소스를 대충 부어 한쪽에만 몰아넣은 사워크림까지
1714194607,타코벨 건대스타시티점,건대,양식,3.6,73,,,타코벨 좋아하는데 여기는 애매한 느낌..
1714194607,타코벨 건대스타시티점,건대,양식,3.6,73,,,"작년 6월 중순에 집중적으로,
별점평균 5에 후기도 2, 3개인 사람들 
전부 텍스... 더보기"
1714194607,타코벨 건대스타시티점,건대,양식,3.6,73,,,밑에 리뷰들 타코벨들만 5점씩 준거 머냐 ㅡㅡ
1714194607,타코벨 건대스타시티점,건대,양식,3.6,73,,,맛은 있는데 이전사람 먹던 음식이나 물이 테이블 위에 남아있음. 청소를 안하는듯 더러... 더보기
1714194607,타코벨 건대스타시티점,건대,양식,3.6,73,,,맛있어용
1714194607,타코벨 건대스타시티점,건대,양식,3.6,73,,,작지만 든든하다.
1714194607,타코벨 건대스타시티점,건대,양식,3.6,73,,,"쇼핑후 시간이 얼마 없어 급하게 먹는데 넘 맛나요
특히 나쵸위에 과콰몰리^^ 
나쵸맛집이네요"
1714194607,타코벨 건대스타시티점,건대,양식,3.6,73,,,"늘 믿고 방문하는 건대 타코벨 스타시티점입니다. 이마트 당일 영수증으로 15%할인은 카운터 주문시 가능하고, 너무 친절하게 응대해주셔서 감사합니다!"
1714194607,타코벨 건대스타시티점,건대,양식,3.6,73,,,맛있게 먹었습니당~!!
1714194607,타코벨 건대스타시티점,건대,양식,3.6,73,,,"타코를 좋아해서 이쪽 근처가면 타코벨 들려서 먹어요~
주차도 되서 좋구요.^^
맛있게 잘... 더보기"
1714194607,타코벨 건대스타시티점,건대,양식,3.6,73,,,가성비
1714194607,타코벨 건대스타시티점,건대,양식,3.6,73,,,분위기
1714194607,타코벨 건대스타시티점,건대,양식,3.6,73,,,사진/영상 후기만 보기
1714194607,타코벨 건대스타시티점,건대,양식,3.6,73,,,2025.10.06.
1714194607,타코벨 건대스타시티점,건대,양식,3.6,73,,,2025.09.19.
1714194607,타코벨 건대스타시티점,건대,양식,3.6,73,,,2025.06.14.
1714194607,타코벨 건대스타시티점,건대,양식,3.6,73,,,2025.06.03.
1714194607,타코벨 건대스타시티점,건대,양식,3.6,73,,,2025.12.12.
1714194607,타코벨 건대스타시티점,건대,양식,3.6,73,,,2025.06.07.
1714194607,타코벨 건대스타시티점,건대,양식,3.6,73,,,2021.09.29.
1714194607,타코벨 건대스타시티점,건대,양식,3.6,73,,,2020.08.22.
1714194607,타코벨 건대스타시티점,건대,양식,3.6,73,,,2020.04.29.
1714194607,타코벨 건대스타시티점,건대,양식,3.6,73,,,2026.03.07.
1714194607,타코벨 건대스타시티점,건대,양식,3.6,73,,,2026.01.12.
1714194607,타코벨 건대스타시티점,건대,양식,3.6,73,,,2026.01.08.
1714194607,타코벨 건대스타시티점,건대,양식,3.6,73,,,2025.10.15.
1714194607,타코벨 건대스타시티점,건대,양식,3.6,73,,,2025.09.13.
1714194607,타코벨 건대스타시티점,건대,양식,3.6,73,,,2025.08.30.
1714194607,타코벨 건대스타시티점,건대,양식,3.6,73,,,2025.07.28.
1714194607,타코벨 건대스타시티점,건대,양식,3.6,73,,,2025.06.25.
1714194607,타코벨 건대스타시티점,건대,양식,3.6,73,,,2025.06.15.
1395441458,트라타 건국대점,건대,양식,4.1,77,,,"핫소스를 추가 요금내고 시켜 먹어야 합니다.
한식집에서 김치 시켜먹는 격이랄까...
치미창가는 속이 차갑고 너무 눅눅해요.ㅜㅜ... 더보기"
1395441458,트라타 건국대점,건대,양식,4.1,77,,,"예약 없이 이용바로 입장
트라타 2인세트 타코+치미창가+어니언링+탄산음료2잔 세트로 먹었어요~ 네이버리뷰 시 하드타코 서비스 받았어요 치미창가 옆에 레드빈이랑... 더보기"
1395441458,트라타 건국대점,건대,양식,4.1,77,,,"사장님이 친절하시고 분위기, 맛 다 좋았음!"
1395441458,트라타 건국대점,건대,양식,4.1,77,,,"오리지널타코는 케요마즈(케첩+마요네즈) 소스를 준다. 호불호가 있을듯 싶다.
트라타 체인점 브랜... 더보기"
1395441458,트라타 건국대점,건대,양식,4.1,77,,,정말 맛있는 졸맛탱 부리또 맛집-!
1395441458,트라타 건국대점,건대,양식,4.1,77,,,"사장 부재로 주문 취소 됐다고 해서 가게에 전화하니까 2번이나 그냥 받자마자 끊어버리시네요

간신히 다시 전화 연결 되... 더보기"
1395441458,트라타 건국대점,건대,양식,4.1,77,,,맛있어요 항상 가는곳!!!!!!!!
1395441458,트라타 건국대점,건대,양식,4.1,77,,,리뷰용 하드타코 신경좀써주시지..냉동치즈 안 녹음 먹고 탈낫어요
1395441458,트라타 건국대점,건대,양식,4.1,77,,,양도 많고 맛있어요~
1395441458,트라타 건국대점,건대,양식,4.1,77,,,너므 맛있고 좋지만 제발 매장 조명 조금만 밝았으면 ㅠ 창가 아니면 음식이 잘 안 보임 ㅡㅡ
1395441458,트라타 건국대점,건대,양식,4.1,77,,,"맛있고 친절함 할인도 드가서 좋음
화이타에 칠리치즈프라이 추천 양많음
근데 메뉴판은 새로 만드셔야할듯..한번 빤듯한 비쥬얼임"
1395441458,트라타 건국대점,건대,양식,4.1,77,,,간단하게 술한잔
1395441458,트라타 건국대점,건대,양식,4.1,77,,,건대생 할인 개꿀입니당
1395441458,트라타 건국대점,건대,양식,4.1,77,,,맛없없이지만 가성비가 그렇게 좋은 건 모르겠어요ㅠ 화이타는 여자 두명이서 먹기에 적당한 양인 듯 싶어요 그리고 음료는 꼭 에이드로 드시는것추천!
1395441458,트라타 건국대점,건대,양식,4.1,77,,,광진구 타코의 자랑
1395441458,트라타 건국대점,건대,양식,4.1,77,,,리모델링하고 직원(알바?)바뀌고 좋아졌어용
1395441458,트라타 건국대점,건대,양식,4.1,77,,,"대체 메뉴판은 왜 존재하는지 모르겠습니다
자신 있는 메뉴판 판매하는건지 안되는게 너무 많구요 친절을 바라신다... 더보기"
1395441458,트라타 건국대점,건대,양식,4.1,77,,,음식은 맛있었어요 가성비 거ㅐㄴ찮고
1395441458,트라타 건국대점,건대,양식,4.1,77,,,분위기
1395441458,트라타 건국대점,건대,양식,4.1,77,,,가성비
1395441458,트라타 건국대점,건대,양식,4.1,77,,,사진/영상 후기만 보기
1395441458,트라타 건국대점,건대,양식,4.1,77,,,2023.12.30.
1395441458,트라타 건국대점,건대,양식,4.1,77,,,2026.02.28.
1395441458,트라타 건국대점,건대,양식,4.1,77,,,2025.08.09.
1395441458,트라타 건국대점,건대,양식,4.1,77,,,2025.07.17.
1395441458,트라타 건국대점,건대,양식,4.1,77,,,2024.07.04.
1395441458,트라타 건국대점,건대,양식,4.1,77,,,2022.07.14.
1395441458,트라타 건국대점,건대,양식,4.1,77,,,2021.04.10.
1395441458,트라타 건국대점,건대,양식,4.1,77,,,2020.10.14.
1395441458,트라타 건국대점,건대,양식,4.1,77,,,2025.10.06.
1395441458,트라타 건국대점,건대,양식,4.1,77,,,2025.09.01.
1395441458,트라타 건국대점,건대,양식,4.1,77,,,2025.07.03.
1395441458,트라타 건국대점,건대,양식,4.1,77,,,2025.01.28.
1395441458,트라타 건국대점,건대,양식,4.1,77,,,2024.11.05.
1395441458,트라타 건국대점,건대,양식,4.1,77,,,2024.09.10.
1395441458,트라타 건국대점,건대,양식,4.1,77,,,2023.12.10.
1395441458,트라타 건국대점,건대,양식,4.1,77,,,2023.09.03.
1395441458,트라타 건국대점,건대,양식,4.1,77,,,2023.02.03.
1395441458,트라타 건국대점,건대,양식,4.1,77,,,2022.12.12.
1395441458,트라타 건국대점,건대,양식,4.1,77,,,2021.02.23.
1395441458,트라타 건국대점,건대,양식,4.1,77,,,2024.02.11.
1137599191,호파스타 건대본점,건대,양식,3.8,54,,,"여기진짜 21년도부터 10번은 방문하고 주변 사는 친구에게 자신있게 추천할 정도였는데 실망입니다.

조금 비싼 ... 더보기"
1137599191,호파스타 건대본점,건대,양식,3.8,54,,,"맛 평범했어요
가게 내부 냄새가 좀 안 좋았어요"
1137599191,호파스타 건대본점,건대,양식,3.8,54,,,"평범. 

바질보단 화이트 라구가 더 낫고 라자냐는 유명하던데 내 입맛엔 별로."
1137599191,호파스타 건대본점,건대,양식,3.8,54,,,"혼자 먹으러 종종 가여 !!
전 이 파스타만 먹는데 뭐더라
근데 살짝 매콤하게 먹어서 안 느끼하고 쫀맛"
1137599191,호파스타 건대본점,건대,양식,3.8,54,,,맛있는데 잘 먹는 여자 기준으로는 양이 적어요 🥹 그래도 가격도 싸니까 ㄱㅊ 맛도 있고 키오스크로 편하게 주문도 할 수 있고 여러 가지 고려했을 때 좋아요 혼밥도 편하게 할 수 있습니당
1137599191,호파스타 건대본점,건대,양식,3.8,54,,,"직원분이 조리복 입은 상태로 옆 골목에서 흡연 후에 손 안씻고 조리도구 만지는걸 목격함.
맛과 분위기는 좋지만 위생부터 챙겨야 할 것 같음."
1137599191,호파스타 건대본점,건대,양식,3.8,54,,,생면 파스타의 최고봉 🤦‍♂️
1137599191,호파스타 건대본점,건대,양식,3.8,54,,,"파스타는 뭔가 면이랑 소스랑 따로노는 느낌이 없지않아있었어요
다른 식당들 리조또는 죽같은 느낌이면 이 곳 리조또는 밥알이 탱글탱글 살아있어서 식감도 좋... 더보기"
1137599191,호파스타 건대본점,건대,양식,3.8,54,,,"맛있는데 먹고 남자친구랑
둘 다 배 아팠어요ㅜㅜ"
1137599191,호파스타 건대본점,건대,양식,3.8,54,,,"여긴 진짜 개존맛인데...근데 기본과 면추가 둘다 먹어봤지만 양이 막 차이나진 않습니다.
동일한 메뉴로 동행자는 기본, ... 더보기"
1137599191,호파스타 건대본점,건대,양식,3.8,54,,,생면이라 그런가 질척한 느낌인데 오히려 입에 챡챡 붙고 소스도 잘배서 좋음
1137599191,호파스타 건대본점,건대,양식,3.8,54,,,"생면을 사용해서 다른 곳과 색다른 느낌입니다. 
매장 조명 전구는 좀 청소가 되어야할 것 같습니다."
1137599191,호파스타 건대본점,건대,양식,3.8,54,,,여기는 진짜 리얼맛집입니다. 이가격에 이런 퀄리티의 면을 뽑는게 말이안됌. 비싸기만하고 맛은 드럽게 없는 파스타집도 많은디 호파스타는 가격 2만원정도 되도 맛잇게 먹을듯 ㅎㅎㅎ
1137599191,호파스타 건대본점,건대,양식,3.8,54,,,쏘쏘하다
1137599191,호파스타 건대본점,건대,양식,3.8,54,,,"맛 괜찮아요
가격이 싸서 그런지 양은 많지 않아요"
1137599191,호파스타 건대본점,건대,양식,3.8,54,,,"가성비 좋은 생면 파스타 맛집입니다. 면 추가가 2,500원인데 적혀있는데로 1.5배 추가해주셔서 성인 남성도 배부르게 먹을 수 있었습니다."
1137599191,호파스타 건대본점,건대,양식,3.8,54,,,"일단 테이블 아님에서 1차 당황
난 사진보고 보통 파스타집 갬성인줄 알고 ... 더보기"
1137599191,호파스타 건대본점,건대,양식,3.8,54,,,이게뭐람 싶습니다?
1137599191,호파스타 건대본점,건대,양식,3.8,54,,,"라자냐 처음 먹어봤는데 완전 맛있었어요
매장은 깔끔하지만 엄청 좁아요 바테이블밖에 없어요"
1137599191,호파스타 건대본점,건대,양식,3.8,54,,,가성비
1137599191,호파스타 건대본점,건대,양식,3.8,54,,,분위기
1137599191,호파스타 건대본점,건대,양식,3.8,54,,,사진/영상 후기만 보기
1137599191,호파스타 건대본점,건대,양식,3.8,54,,,2026.03.28.
1137599191,호파스타 건대본점,건대,양식,3.8,54,,,2026.02.14.
1137599191,호파스타 건대본점,건대,양식,3.8,54,,,2025.07.21.
1137599191,호파스타 건대본점,건대,양식,3.8,54,,,2025.03.20.
1137599191,호파스타 건대본점,건대,양식,3.8,54,,,2025.01.10.
1137599191,호파스타 건대본점,건대,양식,3.8,54,,,2024.09.25.
1137599191,호파스타 건대본점,건대,양식,3.8,54,,,2024.05.20.
1137599191,호파스타 건대본점,건대,양식,3.8,54,,,2024.04.21.
1137599191,호파스타 건대본점,건대,양식,3.8,54,,,2024.01.17.
1137599191,호파스타 건대본점,건대,양식,3.8,54,,,2023.09.18.
1137599191,호파스타 건대본점,건대,양식,3.8,54,,,2023.08.24.
1137599191,호파스타 건대본점,건대,양식,3.8,54,,,2023.08.22.
1137599191,호파스타 건대본점,건대,양식,3.8,54,,,2023.08.21.
1137599191,호파스타 건대본점,건대,양식,3.8,54,,,2023.05.13.
1137599191,호파스타 건대본점,건대,양식,3.8,54,,,2022.12.11.
1137599191,호파스타 건대본점,건대,양식,3.8,54,,,2022.11.04.
1137599191,호파스타 건대본점,건대,양식,3.8,54,,,2022.10.14.
1137599191,호파스타 건대본점,건대,양식,3.8,54,,,2025.09.09.
1137599191,호파스타 건대본점,건대,양식,3.8,54,,,2024.12.27.
1137599191,호파스타 건대본점,건대,양식,3.8,54,,,2024.10.10.
1137599191,호파스타 건대본점,건대,양식,3.8,54,,,2024.01.24.
15397973,메이빌 본점,건대,양식,4.2,152,,,"최애메뉴는 매운해산물크림리조또입니당
디아블로 최악 비추...후기믿고 갔더니 목살필라프는 조리안하고 식힌 거 바로 토핑올라간건지 냉동제품이라 그런건지 완전 퍽... 더보기"
15397973,메이빌 본점,건대,양식,4.2,152,,,프리모가 생각날때 가야지ㅠㅠ
15397973,메이빌 본점,건대,양식,4.2,152,,,"맛 80 가성비 100 분위기 100 접근성 100 접객 20 
평균 80점입니다."
15397973,메이빌 본점,건대,양식,4.2,152,,,"이 가격에 이렇게 맛있어도 되나요 ㅎㅎㅎㅋㅋㅋㅋ
진짜 먹으면서 가격 더 올려도 되겠다 싶은 ㅎㅎㅎ 
리조또가 제가 먹은 것 중 제일 밥알이... 더보기"
15397973,메이빌 본점,건대,양식,4.2,152,,,가격은 진짜 저렴하고 양이 엄청 많아요! 빠네 맛있었어요
15397973,메이빌 본점,건대,양식,4.2,152,,,"진짜 직원들 하나같이 불친절
안녕히 가세요라는 말조차 없는 식당 처음 봄... 더보기"
15397973,메이빌 본점,건대,양식,4.2,152,,,"📌리조또는 제가 생각한 맛이 아니었지만🥲 
      그래도 빠네 파스타는 맛있었어요!

📌빠네 파스타와... 더보기"
15397973,메이빌 본점,건대,양식,4.2,152,,,"오랜만에 방문했는데,
학생때 먹던 그 맛 그대로.

인테리어는 ... 더보기"
15397973,메이빌 본점,건대,양식,4.2,152,,,10년 전부터 좋아하던 곳인데 오랜만에 가도 너무 맛있는 투움바 파스타 맛집
15397973,메이빌 본점,건대,양식,4.2,152,,,빠네를 먹을 수 있어서 기뻐요
15397973,메이빌 본점,건대,양식,4.2,152,,,"맛있어요! 양 진짜 많긴한데 가게안에서 자꾸 날파리 날아다녀서 계속 신경쓰이긴했어요 ㅠㅠㅠ 
디아블로 진짜 맛나고 케이준 샐러드도 맛있습니다!"
15397973,메이빌 본점,건대,양식,4.2,152,,,"까르보나라 적극 추천...
지하에 있는데 음식냄새도 안나고 매장 되게깔끔해요
피크타임에도 기다려본적이 없음 의외로 사람이 적음"
15397973,메이빌 본점,건대,양식,4.2,152,,,쉬림프알리오올리오랑 고르곤졸라 먹었는데 둘다 짱.....파스타를 좀 더 추천합니다♥️
15397973,메이빌 본점,건대,양식,4.2,152,,,예약했는데 문은 열려있지도 않고 뭐하자는 거죠...? 그새 맛도 변했는지 너무 맛이 강하고 짜고... 이전에 갔을 때랑 너무 달라서 놀랐어요
15397973,메이빌 본점,건대,양식,4.2,152,,,꾸덕한 파스타 먹고싶어서 여자친구랑 갔는데 앞으로 꾸덕한거 땡기면 무조건 메이빌입니다
15397973,메이빌 본점,건대,양식,4.2,152,,,"저렴하지만 너무 달고 느끼한 파스타

가성비 좋고 분위기도 괜찮지만 음식이 너무 달고 느끼합니다. 김볶에... 더보기"
15397973,메이빌 본점,건대,양식,4.2,152,,,"오 좋은데?
고르곤졸라피자 퀄리티에 깜짝
나머지는 안봐도"
15397973,메이빌 본점,건대,양식,4.2,152,,,가성비 최고입니다~~~
15397973,메이빌 본점,건대,양식,4.2,152,,,가격 적당하고 맛있어요 매장도 넓어요
15397973,메이빌 본점,건대,양식,4.2,152,,,장수맛집들은 다 이유가 있음. 맛이 한결같음. 빠네 파스타 진짜 강추합니다 전 이거만 먹어요ㅋㅋㅋㅋㅋㅋ 식전빵도 주는데 돈내고 추가하고싶을정도로 너무 맛있음. 빠네 두개는 좀 많이 물릴 ... 더보기
15397973,메이빌 본점,건대,양식,4.2,152,,,가성비
15397973,메이빌 본점,건대,양식,4.2,152,,,분위기
15397973,메이빌 본점,건대,양식,4.2,152,,,사진/영상 후기만 보기
15397973,메이빌 본점,건대,양식,4.2,152,,,2026.01.13.
15397973,메이빌 본점,건대,양식,4.2,152,,,2025.12.14.
15397973,메이빌 본점,건대,양식,4.2,152,,,2025.07.07.
15397973,메이빌 본점,건대,양식,4.2,152,,,2024.11.24.
15397973,메이빌 본점,건대,양식,4.2,152,,,2024.10.27.
15397973,메이빌 본점,건대,양식,4.2,152,,,2024.08.18.
15397973,메이빌 본점,건대,양식,4.2,152,,,2024.04.17.
15397973,메이빌 본점,건대,양식,4.2,152,,,2023.09.30.
15397973,메이빌 본점,건대,양식,4.2,152,,,2023.09.29.
15397973,메이빌 본점,건대,양식,4.2,152,,,2023.06.21.
15397973,메이빌 본점,건대,양식,4.2,152,,,2023.01.05.
15397973,메이빌 본점,건대,양식,4.2,152,,,2022.10.30.
15397973,메이빌 본점,건대,양식,4.2,152,,,2022.10.20.
15397973,메이빌 본점,건대,양식,4.2,152,,,2025.12.28.
15397973,메이빌 본점,건대,양식,4.2,152,,,2025.12.27.
15397973,메이빌 본점,건대,양식,4.2,152,,,2025.12.22.
15397973,메이빌 본점,건대,양식,4.2,152,,,2025.01.05.
15397973,메이빌 본점,건대,양식,4.2,152,,,2025.01.01.
15397973,메이빌 본점,건대,양식,4.2,152,,,2024.02.24.
15397973,메이빌 본점,건대,양식,4.2,152,,,2023.12.07.
12353328,르빠니에블루 건대점,건대,양식,4.8,48,,,"후기들이 칭찬일색에 과장된 느낌이어서 약간 이상했는데 가보니 이유를 알았다. 사실 이정도 후기면 예약자체가 어려워야되는데 전혀 그렇지 않다.

59천원 코스인... 더보기"
12353328,르빠니에블루 건대점,건대,양식,4.8,48,,,"훌륭한 코스구성, 쉐프님의 재치있으신 입담, 깔끔한 분위기의 식당.. 어떤 것 하나도 부족함 없는 만찬이었습니다^^!
정말 ... 더보기"
12353328,르빠니에블루 건대점,건대,양식,4.8,48,,,"허름한 간판에 비해 너무 예쁜 내부
정갈하고 다정한 가게
예약제이므로 전화 꼭 해보고 가시길!!"
12353328,르빠니에블루 건대점,건대,양식,4.8,48,,,"이런 보석같은 장소가 건대에 숨어 있었다니..ㅠㅠ
왜 이제서야 알게 됬을까요.
분위기, 맛, 섬세함, 친절 뭐 하나 빠지는게 없어요. 커피와 크림브륄레 환상입니다."
12353328,르빠니에블루 건대점,건대,양식,4.8,48,,,"10년 단골입니다
밑에인간 2점준거 미쳤습니까?
크림브륄레 꼭 드세요"
12353328,르빠니에블루 건대점,건대,양식,4.8,48,,,"최고의 분위기 맛 양. 
데이트를 한다면 여기는.필수인듯. 정말 최고.
쉐프님도 최고"
12353328,르빠니에블루 건대점,건대,양식,4.8,48,,,정말 만족한 식사였습니다.
12353328,르빠니에블루 건대점,건대,양식,4.8,48,,,"소중한 분들과 몇번 방문했었어요^^ 자주는 아니어도 한번씩 훌륭한 코스요리 먹고싶을 때 기분내러 갑니다~ 79,000 코스만 먹어봤는데 늘 만족스러워요^^ 앞으로 알게될 좋은 인연과도 함께 갈 수 있도록 변치말아주세요~~"
12353328,르빠니에블루 건대점,건대,양식,4.8,48,,,"건대에서 소개팅이나 데이트를 하기에 매우좋은듯 
맛있는 스테이크 . 분위기. 커피 . 굿"
12353328,르빠니에블루 건대점,건대,양식,4.8,48,,,"분위기, 맛, 서비스 다요 사장님도 넘좋네요 
남자들 데이트 기념일 장소로 강추합니다 
맨날 소주만 드... 더보기"
12353328,르빠니에블루 건대점,건대,양식,4.8,48,,,"사장님 너무너무 친절하시구요, 음식도 디저트도 분위기도 최고입니다!!"
12353328,르빠니에블루 건대점,건대,양식,4.8,48,,,"아주 맛있습니다.요리도 좋고 쉐프님도 좋고.
식당은 예약필수. 커피도 직접 콜롬비아 농장 탐방 후 찾아온 싱글원두. 커피만 마시러 가도 서울 최고의 까페입... 더보기"
12353328,르빠니에블루 건대점,건대,양식,4.8,48,,,분위기
12353328,르빠니에블루 건대점,건대,양식,4.8,48,,,가성비
12353328,르빠니에블루 건대점,건대,양식,4.8,48,,,사진/영상 후기만 보기
12353328,르빠니에블루 건대점,건대,양식,4.8,48,,,2024.11.05.
12353328,르빠니에블루 건대점,건대,양식,4.8,48,,,2022.11.17.
12353328,르빠니에블루 건대점,건대,양식,4.8,48,,,2023.11.27.
12353328,르빠니에블루 건대점,건대,양식,4.8,48,,,2023.03.18.
12353328,르빠니에블루 건대점,건대,양식,4.8,48,,,2025.02.27.
12353328,르빠니에블루 건대점,건대,양식,4.8,48,,,2023.07.08.
12353328,르빠니에블루 건대점,건대,양식,4.8,48,,,2022.03.16.
12353328,르빠니에블루 건대점,건대,양식,4.8,48,,,2021.03.11.
12353328,르빠니에블루 건대점,건대,양식,4.8,48,,,2020.11.02.
12353328,르빠니에블루 건대점,건대,양식,4.8,48,,,2019.11.26.
12353328,르빠니에블루 건대점,건대,양식,4.8,48,,,2019.08.03.
12353328,르빠니에블루 건대점,건대,양식,4.8,48,,,2019.07.14.
12353328,르빠니에블루 건대점,건대,양식,4.8,48,,,2022.05.11.
12353328,르빠니에블루 건대점,건대,양식,4.8,48,,,2020.08.17.
1636342582,플록,건대,양식,4.5,138,,,이 곳의 최고 장점은 다양한 고기 메뉴가 있어서 드라이한 와인 하나 콜키지해서 먹기에 너무너무 좋다는 것 같아요. 양파 수프와 프렌치랙 너무 훌륭했고 다음에도 와인 들고 가서 안 먹어본 것도 시켜볼 예정입니다.
1636342582,플록,건대,양식,4.5,138,,,"인정👍드립니다
재방문의사 100%"
1636342582,플록,건대,양식,4.5,138,,,"언제나 맛있어요~
집 근처에 플록이 있어 행복합니다
플록세권ㅎㅎ"
1636342582,플록,건대,양식,4.5,138,,,"파스타는 간이 조금 센 느낌이지만 그게 매력이라고 생각합니다 
가격대가 있지만 깔끔하고 분위기가 좋아 특별한 날 가기 적합한 데이트장소 같아요... 더보기"
1636342582,플록,건대,양식,4.5,138,,,"가격에 비해 맛은 많이 아쉬웠던 곳 

•뇨끼- 관자만 맛있었고.. 뇨끼의 식감은 쩐득했으며 소스 자체의 맛도 애매했음 
•... 더보기"
1636342582,플록,건대,양식,4.5,138,,,정말 우연히 지나다가 들린 곳인데 멋진 식사를 즐겼습니다.
1636342582,플록,건대,양식,4.5,138,,,잉 여기 맛있고 친절하고 충분히 제값하는데 왜 1점리뷰 많지…?
1636342582,플록,건대,양식,4.5,138,,,음식도 맛있고 친절하시네요.
1636342582,플록,건대,양식,4.5,138,,,"수준 높은 프랑스 요리를 먹을 수 있는 곳입니다. 가격이 좀 세다고 생각할 수 있는데 (파스타는 좀 세긴 해요 ㅠㅠ), 캐비어와해산물요리를 맛 본 순간, 특급호텔의 맛을 상회하는 입 안의 향연이 느... 더보기"
1636342582,플록,건대,양식,4.5,138,,,"너무 정성스런 웰컴디쉬랑 디저트 제공해주셔서👍
전체적으로 재료의 맛이 잘 느껴지는 섬세함... 더보기"
1636342582,플록,건대,양식,4.5,138,,,"방문한 지 꽤 오래된 점을 고려하고 리뷰를 봐주시면 감사하겠습니다!

홀매니저님께서 너무나 친절하고, 메인 메뉴 앞 뒤로 에피타이저나 디저트 구성이 참 좋았던 프렌치 레스토랑... 더보기"
1636342582,플록,건대,양식,4.5,138,,,"요근래 간 곳 중에 제일 맛있다
식전빵부터 디저트, 주문하는 메뉴 모든게 정성스럽게 나오고 ... 더보기"
1636342582,플록,건대,양식,4.5,138,,,"여기는 양송이 스프만 맛있다는 걸 알아둬야함.
관자 바질페스토 뇨끼 , 라구파스타, 프렌치렉 양갈비 시켰음.
전부다 내가 왜 비싼 돈주고 이걸 먹... 더보기"
1636342582,플록,건대,양식,4.5,138,,,"별 5개로 모자르네요 ㅠㅠ 일단 너무 친절하시고 서비스 최고입니다
어니언스프 너무 맛있었어요🧅
라구파스타는 생면이라 식감도 좋고 평소에 먹던 ... 더보기"
1636342582,플록,건대,양식,4.5,138,,,"메인 2개 시킨게 양이 적지도 않았는데 에피타이저랑 디저트까지 주셔서 배불리 코스 대접 받은 느낌! 공간도 꽤 넓고 따뜻하고, 직원분들도 친절했고, 평일 주류필수 아닌것도 고마워요♡  근데 디... 더보기"
1636342582,플록,건대,양식,4.5,138,,,너ㅓㅓㅓ무 맛있었어요! 분위기도 좋아요
1636342582,플록,건대,양식,4.5,138,,,맛있고 친절하셔요
1636342582,플록,건대,양식,4.5,138,,,분위기
1636342582,플록,건대,양식,4.5,138,,,가성비
1636342582,플록,건대,양식,4.5,138,,,사진/영상 후기만 보기
1636342582,플록,건대,양식,4.5,138,,,2025.08.07.
1636342582,플록,건대,양식,4.5,138,,,2025.06.17.
1636342582,플록,건대,양식,4.5,138,,,2025.05.31.
1636342582,플록,건대,양식,4.5,138,,,2024.11.05.
1636342582,플록,건대,양식,4.5,138,,,2024.10.07.
1636342582,플록,건대,양식,4.5,138,,,2024.09.30.
1636342582,플록,건대,양식,4.5,138,,,2024.04.05.
1636342582,플록,건대,양식,4.5,138,,,2024.03.14.
1636342582,플록,건대,양식,4.5,138,,,2024.02.14.
1636342582,플록,건대,양식,4.5,138,,,2023.07.16.
1636342582,플록,건대,양식,4.5,138,,,2022.10.12.
1636342582,플록,건대,양식,4.5,138,,,2025.09.07.
1636342582,플록,건대,양식,4.5,138,,,2024.12.05.
1636342582,플록,건대,양식,4.5,138,,,2023.11.25.
1636342582,플록,건대,양식,4.5,138,,,2023.09.28.
1636342582,플록,건대,양식,4.5,138,,,2023.07.05.
1636342582,플록,건대,양식,4.5,138,,,2023.03.27.
1636342582,플록,건대,양식,4.5,138,,,2022.09.06.
1636342582,플록,건대,양식,4.5,138,,,2022.05.21.
747243423,드로잉레시피,건대,양식,3.6,454,,,뉴욕피자 쫀맛탱. 태오나서 먹은 피자 중 가장 맛있음
747243423,드로잉레시피,건대,양식,3.6,454,,,가격대가 좀 있고 맛있음. 피자냄새가 미침
747243423,드로잉레시피,건대,양식,3.6,454,,,"갈릭쉬림프파스타, 게토뉴욕피자 먹었어요!
피자는 딜피클 같이 주셨는데 조합이 최고였슴다 그리고 피자에 있는 소고기, 베이컨도 맛있고 썬드라이토마토도 잘... 더보기"
747243423,드로잉레시피,건대,양식,3.6,454,,,친절한 응대와 맛있는 음식으로 행복한 저녁 시간 보냈어요! 생맥주와 피자의 조합은 최고였어요
747243423,드로잉레시피,건대,양식,3.6,454,,,건대에 맛집이 은근 없는데 여긴 분위기도 좋고 추천해요! 근데 양이 많은 편은 아니에요
747243423,드로잉레시피,건대,양식,3.6,454,,,"흔한 프렌차이즈 피자보다 맛이 정말 없음. 파스타는... 특별함이 안느껴짐. 그래도 3점정도 줄만하나, 사장 응대가 정말 불친절함. 손님을 너무 갖잖게 보는 느낌만 받음"
747243423,드로잉레시피,건대,양식,3.6,454,,,"그동안 자주가던 집이었는데 맛이 너무 변했어요
게토뉴욕 시켰는데 기름에 파뭍혀서 빵이 다 젖어있어서 직원께 여쭤봤는데 고기때문에 원래 그렇다고 ... 더보기"
747243423,드로잉레시피,건대,양식,3.6,454,,,"포테이토피자랑 갈릭쉬림프파스타 먹었습니다. 

오후 2시쯤 방문했는데 홀직원이 한명인지 혼자 테이블 치우느라 ... 더보기"
747243423,드로잉레시피,건대,양식,3.6,454,,,근처에서 먹은 이탈리안 중에 제일좋아요 주말 주차되서굿
747243423,드로잉레시피,건대,양식,3.6,454,,,"혼자 갔는데도 너무 편하게 식사할수 있도록 도와 주셨습니다

봉골레 파스타 너무... 더보기"
747243423,드로잉레시피,건대,양식,3.6,454,,,"미쳤어요 완전 존맛 
웨이팅 아깝지 않아요! 
올더업 프라이즈랑 피자는 다시 먹고싶을 ... 더보기"
747243423,드로잉레시피,건대,양식,3.6,454,,,"피자는 맛있는데 직원 응대가 엉망이네요.
예약 후 친구와 만나서 가는 중이었습니다.
15분 늦게 도착하였는... 더보기"
747243423,드로잉레시피,건대,양식,3.6,454,,,"이사온지 얼마 안되서 동네 탐험중인데 지나가다 보면 항상 사람이 많아서 들어가봤더니 역시 맛집
샐러드도 맛있고 알리오 올리오도 맛있어요 다음엔 다른거 먹어보려구요><"
747243423,드로잉레시피,건대,양식,3.6,454,,,"양도 적고 불친절하고 맛도 그닥.. 재방문 의사 전혀 없는곳
명성에 비해 아쉽네요"
747243423,드로잉레시피,건대,양식,3.6,454,,,테이블이 작은게 아쉽지만 모든 메뉴가 진짜 다 체고임🙌🏻
747243423,드로잉레시피,건대,양식,3.6,454,,,분위기
747243423,드로잉레시피,건대,양식,3.6,454,,,가성비
747243423,드로잉레시피,건대,양식,3.6,454,,,사진/영상 후기만 보기
747243423,드로잉레시피,건대,양식,3.6,454,,,2025.08.07.
747243423,드로잉레시피,건대,양식,3.6,454,,,2025.07.03.
747243423,드로잉레시피,건대,양식,3.6,454,,,2025.03.14.
747243423,드로잉레시피,건대,양식,3.6,454,,,2025.01.01.
747243423,드로잉레시피,건대,양식,3.6,454,,,2024.09.12.
747243423,드로잉레시피,건대,양식,3.6,454,,,2023.11.01.
747243423,드로잉레시피,건대,양식,3.6,454,,,2023.10.10.
747243423,드로잉레시피,건대,양식,3.6,454,,,2023.04.02.
747243423,드로잉레시피,건대,양식,3.6,454,,,2023.01.09.
747243423,드로잉레시피,건대,양식,3.6,454,,,2022.09.18.
747243423,드로잉레시피,건대,양식,3.6,454,,,2025.12.19.
747243423,드로잉레시피,건대,양식,3.6,454,,,2025.08.02.
747243423,드로잉레시피,건대,양식,3.6,454,,,2023.12.15.
747243423,드로잉레시피,건대,양식,3.6,454,,,2023.05.03.
747243423,드로잉레시피,건대,양식,3.6,454,,,2023.04.01.
747243423,드로잉레시피,건대,양식,3.6,454,,,2022.10.27.
747243423,드로잉레시피,건대,양식,3.6,454,,,2022.10.23.
747243423,드로잉레시피,건대,양식,3.6,454,,,2022.01.26.
747243423,드로잉레시피,건대,양식,3.6,454,,,2026.04.15.
747243423,드로잉레시피,건대,양식,3.6,454,,,2026.03.08.
641607564,페르바코,건대,양식,4.9,39,,,분위기
641607564,페르바코,건대,양식,4.9,39,,,가성비
641607564,페르바코,건대,양식,4.9,39,,,사진/영상 후기만 보기
641607564,페르바코,건대,양식,4.9,39,,,2026.04.17.
641607564,페르바코,건대,양식,4.9,39,,,2025.04.05.
641607564,페르바코,건대,양식,4.9,39,,,2025.03.18.
641607564,페르바코,건대,양식,4.9,39,,,2025.02.01.
641607564,페르바코,건대,양식,4.9,39,,,2024.11.03.
641607564,페르바코,건대,양식,4.9,39,,,2026.02.18.
641607564,페르바코,건대,양식,4.9,39,,,2025.12.03.
641607564,페르바코,건대,양식,4.9,39,,,2025.08.14.
641607564,페르바코,건대,양식,4.9,39,,,2025.07.21.
641607564,페르바코,건대,양식,4.9,39,,,2025.03.20.
641607564,페르바코,건대,양식,4.9,39,,,2025.02.22.
641607564,페르바코,건대,양식,4.9,39,,,2024.10.07.
641607564,페르바코,건대,양식,4.9,39,,,2024.09.07.
641607564,페르바코,건대,양식,4.9,39,,,2024.09.03.
515064996,누이테이블,건대,양식,4.3,74,,,"그냥 이런 곳이 얼마 없다..
이런 가격대에 만드는 사람의 정성이 느껴지는 파스타 집은 얼마 없다.
내가 리뷰 쓰는 곳... 더보기"
515064996,누이테이블,건대,양식,4.3,74,,,"가게 분위기도 정말 좋구요.
무엇보다 뇨끼가 진짜 맛있습니다…
제가 먹어본 뇨끼중에 제일 맛있었습니다.
다음... 더보기"
515064996,누이테이블,건대,양식,4.3,74,,,여기 개맛있음 ㅠㅠ
515064996,누이테이블,건대,양식,4.3,74,,,"진짜 너무 맛있어요! 
바질크림 이렇게 맛있는데 잘 없는 것 같아요… 마늘향 잘 안나면서 과하지않더라구요 레시피 여쭤보고싶었음ㅠㅠ"
515064996,누이테이블,건대,양식,4.3,74,,,"맛있어요❤️ 봉골레파스타 기대이상
화덕피자도 맛있네요 또오고싶어요!!
평일이라 사람도 없어서 넘 좋았어요ㅎㅎ"
515064996,누이테이블,건대,양식,4.3,74,,,"공간도 아늑하고 사장님이 요리에 진심이신 거 같아요.
쫀맛!!!!!! 건대여서 가능한 금액대인듯요,, 또 올래요!!!!!!!"
515064996,누이테이블,건대,양식,4.3,74,,,"맛있는 파스타집을 발견해서 좋아요 💕
뇨끼와 핑크파스타 소스까지 싹싹 긁어먹었어요
애피타이저로 주신 김밥과 토마토셔벗도 굿입니다"
515064996,누이테이블,건대,양식,4.3,74,,,"스테이크, 파스타, 딸기무스케이크 먹었는데 너무 맛있어요^^ 가게 분위기도 좋고 친절해서 좋아요~!  건대파스타 맛집으로 추천해 봅니다~"
515064996,누이테이블,건대,양식,4.3,74,,,"라구파스타 맛있어요 !
그것만은 또 먹고싶네요 ... ❤️"
515064996,누이테이블,건대,양식,4.3,74,,,음식이 전부 다 맛있어요 !!! 특히 뇨끼 진짜 맛있어요👍
515064996,누이테이블,건대,양식,4.3,74,,,"원래 리뷰 귀찮아서 잘 안쓰는데 너무 맛있어요. 맛, 분위기, 서비스 완벽합니다.. 이런 곳을 모르고 있었다니ㅠㅠ 버섯 좋아하는 사람은 꼭 먹어봐야하는 곳."
515064996,누이테이블,건대,양식,4.3,74,,,콘킬리에 봉골레는 처음먹어봤눈데 조개랑 같이 먹으니까 엄청맛있어요😀 뇨끼도 감자맛 찐하고 피자도 빵끝까지 다 맛있게 잘먹었습니다!! 다음에 또오고싶어요😗
515064996,누이테이블,건대,양식,4.3,74,,,"다 맛있어요! 
입이 까다로운 분들이 양식은 여기가 제일 낫대요"
515064996,누이테이블,건대,양식,4.3,74,,,뇨끼  대존맛
515064996,누이테이블,건대,양식,4.3,74,,,"스테이크랑 같이 나오는 감자튀김이 상큼하고 맛있었어요.. 🥹 테이블이 3개라 조용해서 좋네용 ! 
나중에 또 가야지 ✨"
515064996,누이테이블,건대,양식,4.3,74,,,음식이 너무 맛있고 사장님이 친절해요ㅜㅜ 분위기도 넘 좋고 즐거운 시간을 보냈어요!
515064996,누이테이블,건대,양식,4.3,74,,,성수에서 먹은 것중에 제일 맛있었어요 ㅠ.ㅠ 양식 맛있다는 소리는 잘 안 하는데 친구들이랑 먹으면서 계속 맛있다는 말만 했습니다
515064996,누이테이블,건대,양식,4.3,74,,,"분위기, 소품, 음악, 맛 모두 만족했습니다. 샹그리아도 맛있었어요."
515064996,누이테이블,건대,양식,4.3,74,,,"음식은 다 맛있었고 마치 이탈리아에서 먹은 느낌이었는데 특히나 뇨끼가 쫀득하니 정말 맛있었습니다~👍🏻🩷
내부가 작지만 아늑하고 인테리어도 이쁘더라구요🫶🏻"
515064996,누이테이블,건대,양식,4.3,74,,,"조명이 은은해서 분위기 잔잔하니 좋아요
음식도 다 맛있어요"
515064996,누이테이블,건대,양식,4.3,74,,,분위기
515064996,누이테이블,건대,양식,4.3,74,,,가성비
515064996,누이테이블,건대,양식,4.3,74,,,사진/영상 후기만 보기
515064996,누이테이블,건대,양식,4.3,74,,,2025.11.19.
515064996,누이테이블,건대,양식,4.3,74,,,2025.10.02.
515064996,누이테이블,건대,양식,4.3,74,,,2025.09.20.
515064996,누이테이블,건대,양식,4.3,74,,,2026.03.08.
515064996,누이테이블,건대,양식,4.3,74,,,2026.02.27.
515064996,누이테이블,건대,양식,4.3,74,,,2025.09.08.
515064996,누이테이블,건대,양식,4.3,74,,,2025.07.07.
515064996,누이테이블,건대,양식,4.3,74,,,2025.04.06.
515064996,누이테이블,건대,양식,4.3,74,,,2025.03.24.
515064996,누이테이블,건대,양식,4.3,74,,,2024.12.14.
515064996,누이테이블,건대,양식,4.3,74,,,2024.12.01.
515064996,누이테이블,건대,양식,4.3,74,,,2024.11.09.
515064996,누이테이블,건대,양식,4.3,74,,,2024.07.12.
515064996,누이테이블,건대,양식,4.3,74,,,2024.07.05.
515064996,누이테이블,건대,양식,4.3,74,,,2024.04.15.
515064996,누이테이블,건대,양식,4.3,74,,,2024.04.13.
515064996,누이테이블,건대,양식,4.3,74,,,2024.02.08.
515064996,누이테이블,건대,양식,4.3,74,,,2023.09.02.
515064996,누이테이블,건대,양식,4.3,74,,,2026.04.13.
515064996,누이테이블,건대,양식,4.3,74,,,2026.03.26.
146917287,케밥인 건대역점,건대,양식,4.3,3,,,오랜만에 먹어보는 기본기 탄탄한 케밥
146917287,케밥인 건대역점,건대,양식,4.3,3,,,아래에 랜치소스 많이 뿌려먹으라신분 복 받으세용
146917287,케밥인 건대역점,건대,양식,4.3,3,,,기본인 치킨케밥을 먹어봤는데 고기랑 야채 소스 다 맛있어요ㅎㅎ 가격도 6900원이라 부담없이 먹기 좋아요
146917287,케밥인 건대역점,건대,양식,4.3,3,,,"넘 맛있어서 다먹은사진밖에 없다요.. 
소스 쿨하게 통째로 주시고 편... 더보기"
146917287,케밥인 건대역점,건대,양식,4.3,3,,,아 여기 진짜 맛있었음 홀에서 먹으면 소스 원하는 만큼 먹을 수 있는 것도 굿굿 카이막은 쏘쏘
146917287,케밥인 건대역점,건대,양식,4.3,3,,,"존맛탱이….
감튀는 식어있었지만 전체적으로 맛있고 양도 넉넉하다고 느꼈다. 카이막 존맛탱….."
146917287,케밥인 건대역점,건대,양식,4.3,3,,,케밥이랑 카이막 맛있어요!!
146917287,케밥인 건대역점,건대,양식,4.3,3,,,"터키아이스크림 사먹었었는데.. 상태가 안 좋으면 팔지 않아야 하는 거 아닌가요.. 뜨면서도 계속 떨어지는 걸 계속 계속 꾸역꾸역 얹어서 주셔서 충격이었네요 
... 더보기"
146917287,케밥인 건대역점,건대,양식,4.3,3,,,"우연히 들어갔는데 정말 맛있었다
터키아이스크림도 있길래 시켜봤는데 그 유명한 서비스까지 알차게 해주심"
146917287,케밥인 건대역점,건대,양식,4.3,3,,,진짜 너무 맛있는 케밥집...사워소스 듬뿍 넣어서 크케 왕 물어보세요 궁전으로 갈 수도 있음
146917287,케밥인 건대역점,건대,양식,4.3,3,,,"나쁘진않았는데 평범하다 재방문은 안 할듯하다
소스가 엄청 많이 들어가있고 고기가 좀 ... 더보기"
146917287,케밥인 건대역점,건대,양식,4.3,3,,,"항상 포장만 하다가 첨으로 앉아서 먹어 보았음.
항상 치킨랩먹지만 여기가 젤 맛있음.
카이막도 맛있고."
146917287,케밥인 건대역점,건대,양식,4.3,3,,,맛있고 친절해요! 가격도 적당! 주말에 오니 외국인 분들로 자리가 꽉 차는군요! (사진은 포장 주문 기다리는 동안 서비스로 주신 홍차 )
146917287,케밥인 건대역점,건대,양식,4.3,3,,,"터키를 가본 적은 없지만, 터키에 관광을 간 느낌입니다"
146917287,케밥인 건대역점,건대,양식,4.3,3,,,믹스랩 하나에 십분이나 걸린 .. ㅠㅠ
146917287,케밥인 건대역점,건대,양식,4.3,3,,,Delicious meal
146917287,케밥인 건대역점,건대,양식,4.3,3,,,Very delicious
146917287,케밥인 건대역점,건대,양식,4.3,3,,,양상주가 엄청 많고 오래된 고기 딱딱한 고기
146917287,케밥인 건대역점,건대,양식,4.3,3,,,가성비
146917287,케밥인 건대역점,건대,양식,4.3,3,,,분위기
146917287,케밥인 건대역점,건대,양식,4.3,3,,,사진/영상 후기만 보기
146917287,케밥인 건대역점,건대,양식,4.3,3,,,2026.02.02.
146917287,케밥인 건대역점,건대,양식,4.3,3,,,2025.10.09.
146917287,케밥인 건대역점,건대,양식,4.3,3,,,2025.03.15.
146917287,케밥인 건대역점,건대,양식,4.3,3,,,2025.02.15.
146917287,케밥인 건대역점,건대,양식,4.3,3,,,2025.02.03.
146917287,케밥인 건대역점,건대,양식,4.3,3,,,2024.10.26.
146917287,케밥인 건대역점,건대,양식,4.3,3,,,2023.09.03.
146917287,케밥인 건대역점,건대,양식,4.3,3,,,2026.01.22.
146917287,케밥인 건대역점,건대,양식,4.3,3,,,2025.12.31.
146917287,케밥인 건대역점,건대,양식,4.3,3,,,2025.08.10.
146917287,케밥인 건대역점,건대,양식,4.3,3,,,2025.07.07.
146917287,케밥인 건대역점,건대,양식,4.3,3,,,2024.11.15.
146917287,케밥인 건대역점,건대,양식,4.3,3,,,2024.02.07.
146917287,케밥인 건대역점,건대,양식,4.3,3,,,2018.01.06.
146917287,케밥인 건대역점,건대,양식,4.3,3,,,2026.04.21.
146917287,케밥인 건대역점,건대,양식,4.3,3,,,2026.03.25.
146917287,케밥인 건대역점,건대,양식,4.3,3,,,2026.03.07.
146917287,케밥인 건대역점,건대,양식,4.3,3,,,2025.11.30.
146917287,케밥인 건대역점,건대,양식,4.3,3,,,2025.11.01.
146917287,케밥인 건대역점,건대,양식,4.3,3,,,2025.09.17.
445617173,버거리 건대점,건대,양식,4.4,120,,,수제버거 가격대비 훌륭합니다 맛있어요
445617173,버거리 건대점,건대,양식,4.4,120,,,수제버거 맛있어요!
445617173,버거리 건대점,건대,양식,4.4,120,,,너무 맛있어욬
445617173,버거리 건대점,건대,양식,4.4,120,,,"클래식 계열이 맛있어요 
클래식은 들어가는 재료 구성이 상대적으로 단순합니다.

신@선한... 더보기"
445617173,버거리 건대점,건대,양식,4.4,120,,,분위기 깡패 맛도 깡패 최고입니다 !!
445617173,버거리 건대점,건대,양식,4.4,120,,,"시그니처 버거 맛있어요
가격값 한다고 생각합니다."
445617173,버거리 건대점,건대,양식,4.4,120,,,근사한데요 아주 맛있슴니다!
445617173,버거리 건대점,건대,양식,4.4,120,,,대학가라그런지 너무 저렴하고 맛있어요!! 수제버거 맛집인 이유가 있네요♥
445617173,버거리 건대점,건대,양식,4.4,120,,,건대 햄버거는 그냥 여기.
445617173,버거리 건대점,건대,양식,4.4,120,,,"너무 멋있고 싸요 ㅎㅎ
가게도 넓고 좋습니다!!
감자튀김도 막 튀겨서 따뜻해요"
445617173,버거리 건대점,건대,양식,4.4,120,,,너무 맛있어요! 건강한 맛~ 가성비도 좋아요! 또 방문 의향이 있어요!
445617173,버거리 건대점,건대,양식,4.4,120,,,넘 맛있어요..🫶🏻 버거리버거 추천해용
445617173,버거리 건대점,건대,양식,4.4,120,,,"첫 방문인데 만족합니다.
재방문하면 치킨버거 신메뉴도 도전해보고 싶네요👍"
445617173,버거리 건대점,건대,양식,4.4,120,,,맛있어요~~^^☆☆
445617173,버거리 건대점,건대,양식,4.4,120,,,"처음 왔는데 너무 맛있어요
역시 치즈는 배신하지 않습니다"
445617173,버거리 건대점,건대,양식,4.4,120,,,"오 핫치폴레 클래식 버거리 버거 세개시킴
냄새 쩔어영"
445617173,버거리 건대점,건대,양식,4.4,120,,,넘맛있어용
445617173,버거리 건대점,건대,양식,4.4,120,,,늦은시간 퇴근하고 왔는데도 열려있고 가격도 착하고 맛있습니다:) 또올게용
445617173,버거리 건대점,건대,양식,4.4,120,,,여러번 가는곳인데 늘 맛있어용~ 담에 또 올게용
445617173,버거리 건대점,건대,양식,4.4,120,,,가성비
445617173,버거리 건대점,건대,양식,4.4,120,,,분위기
445617173,버거리 건대점,건대,양식,4.4,120,,,사진/영상 후기만 보기
445617173,버거리 건대점,건대,양식,4.4,120,,,2026.03.08.
445617173,버거리 건대점,건대,양식,4.4,120,,,2025.05.31.
445617173,버거리 건대점,건대,양식,4.4,120,,,2025.05.24.
445617173,버거리 건대점,건대,양식,4.4,120,,,2025.04.15.
445617173,버거리 건대점,건대,양식,4.4,120,,,2025.04.13.
445617173,버거리 건대점,건대,양식,4.4,120,,,2025.03.25.
445617173,버거리 건대점,건대,양식,4.4,120,,,2025.03.24.
445617173,버거리 건대점,건대,양식,4.4,120,,,2025.03.18.
445617173,버거리 건대점,건대,양식,4.4,120,,,2025.01.04.
445617173,버거리 건대점,건대,양식,4.4,120,,,2024.12.29.
445617173,버거리 건대점,건대,양식,4.4,120,,,2024.12.25.
445617173,버거리 건대점,건대,양식,4.4,120,,,2024.12.21.
445617173,버거리 건대점,건대,양식,4.4,120,,,2024.11.10.
445617173,버거리 건대점,건대,양식,4.4,120,,,2024.10.26.
445617173,버거리 건대점,건대,양식,4.4,120,,,2024.10.23.
445617173,버거리 건대점,건대,양식,4.4,120,,,2024.08.24.
445617173,버거리 건대점,건대,양식,4.4,120,,,2024.08.16.
445617173,버거리 건대점,건대,양식,4.4,120,,,2024.07.21.
445617173,버거리 건대점,건대,양식,4.4,120,,,2024.05.04.
445617173,버거리 건대점,건대,양식,4.4,120,,,2024.04.29.
1224241965,얼라이브 도우,건대,양식,4.9,17,,,피자도 맥주도 진짜 맛남
1224241965,얼라이브 도우,건대,양식,4.9,17,,,맛있어서 먹느라 정신팔려서 피자 사진을 못찍었네요 도우가 진짜 맛있어요~!!
1224241965,얼라이브 도우,건대,양식,4.9,17,,,"스웨덴친구랑 와서 먹었는데
너무 맛잇다고 자기나라 피자보다 낫다고..
식사맛있게해서 너무 감사합니다😀"
1224241965,얼라이브 도우,건대,양식,4.9,17,,,피자 너무 맛있어요! 항상 궁금했던 집인데 드디어 호기심 해결하고 갑니다 ㅎㅎ 건대호수 산책하고 필수코스 등록!
1224241965,얼라이브 도우,건대,양식,4.9,17,,,"처음엔 생각보다 사이즈가 작아서 당황했었는데, 지인짜 맛있네요;;; 마르게리따 기본에 충실하고 고르곤졸라 향이 엄청 진해요. 무조건 또 갈겁니... 더보기"
1224241965,얼라이브 도우,건대,양식,4.9,17,,,"가격도 좋고 피자맛도 훌륭합니다.
분위기있는 장소에 사장님도 너무친절하시네요
잘먹었습니다~"
1224241965,얼라이브 도우,건대,양식,4.9,17,,,"마르게리따 피자 먹었는데 도우가 맛있네요 ㅎㅎ
다음엔 다른 것도 먹어볼게요"
1224241965,얼라이브 도우,건대,양식,4.9,17,,,진짜 개맛있음
1224241965,얼라이브 도우,건대,양식,4.9,17,,,여기 진짜 맛있음
1224241965,얼라이브 도우,건대,양식,4.9,17,,,"바질 크림 고르곤졸라 먹었는데 정말 맛있습니다.
도우가 얇은데 엄청 단백해서 풍미가 좋아요. 올리브유도 따로 비치되어 있어서 뿌려먹을 수 있어서 좋았어요. 
그... 더보기"
1224241965,얼라이브 도우,건대,양식,4.9,17,,,갓나온 피자 맛없없..건대 근처 피자는 여기입니다
1224241965,얼라이브 도우,건대,양식,4.9,17,,,맛잇어용!
1224241965,얼라이브 도우,건대,양식,4.9,17,,,넘 맛있어요 도우가 예술! 강력 추천합니다
1224241965,얼라이브 도우,건대,양식,4.9,17,,,ㅈㅁㅌ
1224241965,얼라이브 도우,건대,양식,4.9,17,,,피자 도우가 풋풋하고 쫄깃 합니다.
1224241965,얼라이브 도우,건대,양식,4.9,17,,,수타 피자의 맛을 켈리 생맥주랑 즐길 수 있어요.
1224241965,얼라이브 도우,건대,양식,4.9,17,,,분위기
1224241965,얼라이브 도우,건대,양식,4.9,17,,,가성비
1224241965,얼라이브 도우,건대,양식,4.9,17,,,사진/영상 후기만 보기
1224241965,얼라이브 도우,건대,양식,4.9,17,,,2026.03.30.
1224241965,얼라이브 도우,건대,양식,4.9,17,,,2025.06.05.
1224241965,얼라이브 도우,건대,양식,4.9,17,,,2025.10.26.
1224241965,얼라이브 도우,건대,양식,4.9,17,,,2025.08.12.
1224241965,얼라이브 도우,건대,양식,4.9,17,,,2025.03.13.
1224241965,얼라이브 도우,건대,양식,4.9,17,,,2025.02.26.
1224241965,얼라이브 도우,건대,양식,4.9,17,,,2024.06.17.
1224241965,얼라이브 도우,건대,양식,4.9,17,,,2026.03.24.
1224241965,얼라이브 도우,건대,양식,4.9,17,,,2025.10.22.
1224241965,얼라이브 도우,건대,양식,4.9,17,,,2025.10.16.
1224241965,얼라이브 도우,건대,양식,4.9,17,,,2025.02.16.
1224241965,얼라이브 도우,건대,양식,4.9,17,,,2024.09.29.
1224241965,얼라이브 도우,건대,양식,4.9,17,,,2024.05.20.
1224241965,얼라이브 도우,건대,양식,4.9,17,,,2024.04.17.
1224241965,얼라이브 도우,건대,양식,4.9,17,,,2024.02.10.
1224241965,얼라이브 도우,건대,양식,4.9,17,,,2024.07.14.
1743678316,밀플랜비 서울건국대점,건대,양식,4.4,12,,,치킨감자에 할라피뇨 추가했는데 약간 탔지만 배도 많이 부르고 너무 맛있었습니다! 매장도 넓고 쾌적하고 빨리 나와서 좋았슴
1743678316,밀플랜비 서울건국대점,건대,양식,4.4,12,,,"존맛
치킨감자 드세요"
1743678316,밀플랜비 서울건국대점,건대,양식,4.4,12,,,"건대에서 부리또피아와 2대 부리또 양대산맥
하지만 대식가인 저에게 밀플랜비는 양에서 밀려서 2개는 시켜야... 더보기"
1743678316,밀플랜비 서울건국대점,건대,양식,4.4,12,,,우연히 들어갔는데 너무 맛있었어요.
1743678316,밀플랜비 서울건국대점,건대,양식,4.4,12,,,맛있고 저렴했는데 학교 졸업하고 못가서 슬프다😭
1743678316,밀플랜비 서울건국대점,건대,양식,4.4,12,,,"느리게 나오는 게 흠임. 거의 한 15분씩이나 걸림..ㅠ 그래서 별 두 개 깎음요. 그래서 맨날 가진 않고 가끔 감
맛은 ㅈ... 더보기"
1743678316,밀플랜비 서울건국대점,건대,양식,4.4,12,,,양이 많아서 든든하고 밥보다 감자가 맛남
1743678316,밀플랜비 서울건국대점,건대,양식,4.4,12,,,"소고기라이스 부리또 안매운맛으로 해서 그런지 별로임
매장이 넓고 분위기 좋음"
1743678316,밀플랜비 서울건국대점,건대,양식,4.4,12,,,"23.5.14 매장이 넓고 깨끗하고 쾌적 맛있음
24.8.11"
1743678316,밀플랜비 서울건국대점,건대,양식,4.4,12,,,홀스래디시 소스가 아니고 무슨 케찹 범벅을 해놨음. 이미지와 색깔부터 다름. 소스가 너무 과하고 양이 많아서 다른 재료 맛이 하나도 안느껴지고 혀가 아릴 정도. 다른 후기... 더보기
1743678316,밀플랜비 서울건국대점,건대,양식,4.4,12,,,일단 너무 맛있어요!! 먹어본 브리또 중에 가장 맛있었고 가격도 합리적인데 안에 재료가 꽉꽉 들어가서 하나 먹어도 배불렀습니다! 매장도 넓고 쾌적해서 좋았어요 특히 마감 시간 다 되어가서 포장 주문했는데 ... 더보기
1743678316,밀플랜비 서울건국대점,건대,양식,4.4,12,,,"맛집입니다 별5개가 마땅하거늘
별한개 뺀거는

다른 메뉴도 개발해달... 더보기"
1743678316,밀플랜비 서울건국대점,건대,양식,4.4,12,,,맛있구 자리도 많아서 조음
1743678316,밀플랜비 서울건국대점,건대,양식,4.4,12,,,아 또먹고싶다... 진짜 개맛있어요
1743678316,밀플랜비 서울건국대점,건대,양식,4.4,12,,,"부리또 맛집! 학교 근처에서 간단하게 끼니 해결하기 좋음. 음식 빨리 나오고, 매장 내부 넓고 자리 많음. 혼밥하기에도 굿. 최애조합은 치킨감자 보통맛에 갈릭소스 추가!"
1743678316,밀플랜비 서울건국대점,건대,양식,4.4,12,,,"치킨만 먹다가 소고기 감자 + 갈릭이나 사워에 먹으니 신세계를 경험함
음료 제로콜라 있어서 좋고 감튀도 맛있음"
1743678316,밀플랜비 서울건국대점,건대,양식,4.4,12,,,개 맛있음. 개인적으로는 감자보다는 밥이 더 맛있어요
1743678316,밀플랜비 서울건국대점,건대,양식,4.4,12,,,바삭바삭 존맛탱구리 근데 호일에 싸서 줘서 잘못 씹으면 이빨나가요
1743678316,밀플랜비 서울건국대점,건대,양식,4.4,12,,,조금 오래 걸리는 것 빼면 좋아요
1743678316,밀플랜비 서울건국대점,건대,양식,4.4,12,,,가성비
1743678316,밀플랜비 서울건국대점,건대,양식,4.4,12,,,분위기
1743678316,밀플랜비 서울건국대점,건대,양식,4.4,12,,,사진/영상 후기만 보기
1743678316,밀플랜비 서울건국대점,건대,양식,4.4,12,,,2025.11.08.
1743678316,밀플랜비 서울건국대점,건대,양식,4.4,12,,,2022.07.19.
1743678316,밀플랜비 서울건국대점,건대,양식,4.4,12,,,2025.11.29.
1743678316,밀플랜비 서울건국대점,건대,양식,4.4,12,,,2025.06.01.
1743678316,밀플랜비 서울건국대점,건대,양식,4.4,12,,,2025.05.19.
1743678316,밀플랜비 서울건국대점,건대,양식,4.4,12,,,2025.04.28.
1743678316,밀플랜비 서울건국대점,건대,양식,4.4,12,,,2025.03.20.
1743678316,밀플랜비 서울건국대점,건대,양식,4.4,12,,,2024.10.10.
1743678316,밀플랜비 서울건국대점,건대,양식,4.4,12,,,2024.09.04.
1743678316,밀플랜비 서울건국대점,건대,양식,4.4,12,,,2024.08.11.
1743678316,밀플랜비 서울건국대점,건대,양식,4.4,12,,,2024.07.04.
1743678316,밀플랜비 서울건국대점,건대,양식,4.4,12,,,2024.06.22.
1743678316,밀플랜비 서울건국대점,건대,양식,4.4,12,,,2024.06.19.
1743678316,밀플랜비 서울건국대점,건대,양식,4.4,12,,,2024.05.19.
1743678316,밀플랜비 서울건국대점,건대,양식,4.4,12,,,2024.01.14.
1743678316,밀플랜비 서울건국대점,건대,양식,4.4,12,,,2023.11.02.
1743678316,밀플랜비 서울건국대점,건대,양식,4.4,12,,,2023.06.21.
1743678316,밀플랜비 서울건국대점,건대,양식,4.4,12,,,2023.04.02.
1743678316,밀플랜비 서울건국대점,건대,양식,4.4,12,,,2022.11.16.
1743678316,밀플랜비 서울건국대점,건대,양식,4.4,12,,,2022.03.31.
7834623,도미노피자 자양점,건대,양식,2,5,,,"재료품절로 페퍼로니 포테이토 먹음
도우 변경도 안됨 ㅋㅋㅋㅋㅋㅋ 맛은 있어요"
7834623,도미노피자 자양점,건대,양식,2,5,,,"별점이 너무 안 좋아서 걱정했는데, 피자도 맛있고 친절하셨어요! 포장주문하고 픽업 가능 예정시간 맞춰서 방문했더니 딱 맞게 나와있어서 바로 픽업했습니다 ㅎㅎ 감사합니다!!"
7834623,도미노피자 자양점,건대,양식,2,5,,,세배피자랑 콰트로피자 두판 시켰는데 씬인거 감안해도 토핑 넘 부실하고 얇고 도우에서 탄맛 남.. 보통 새우 올라가는 피자는 한조각당 한마리씩 올려주지않나요? 한판에 새우 4조각 올려져있는건 한사람당 2조각 먹을... 더보기
7834623,도미노피자 자양점,건대,양식,2,5,,,"한강에서 시켜먹었는데 배달할때 피자도 안흔들려서 왔고
빨리 오셨어요 너무너무 맛있고 하나도 식지않아서 맛있게 잘먹었습니다
온라인주문말고 전화주문했는데도 친절히 다 해주셨어요 감사합니다"
7834623,도미노피자 자양점,건대,양식,2,5,,,아...피자 이게 뭐예요...새우 하프인데 세마리밖에 없고 다 밀려있음....개실망...토핑도 부족...제가 먹어본 도미노 지점 중 제일 별로....
7834623,도미노피자 자양점,건대,양식,2,5,,,불친절하고 재료도 부실함
7834623,도미노피자 자양점,건대,양식,2,5,,,배달주문도 막혀있고 가게 영업하기 싫으면 문닫으시는게 나을듯;
7834623,도미노피자 자양점,건대,양식,2,5,,,"뭐 행사해서 먹으려고 하면 다 재료 품절 때려버림;;
제외매장 목록에는 안올리면서 행사 참여 안하는 방법인건지...?"
7834623,도미노피자 자양점,건대,양식,2,5,,,그냥 별로임.맛없고 배달 느리고.
7834623,도미노피자 자양점,건대,양식,2,5,,,딱 말해줌 동네 깡패 하는 도미노라고 생각하면 편함 안가는게 그만
7834623,도미노피자 자양점,건대,양식,2,5,,,다 그런 건 아니지만 도미노같은 세계적인 쓰레기 기업에 가맹을 맺고 사장도 막장 운영에 애초부터 동네 괜찮은 소수 일부 도미노점들 말고는 기대를 하지 맙시다
7834623,도미노피자 자양점,건대,양식,2,5,,,도미노피자 자양점 어이없어서 글씁니다. 포장주문인데 한시간이 지나도 다 되었다는 알람이 안와서 전화함. 다되었는데 왜 안오냐길래 ”다 되었다는 알람 안왔고 아직 조리중이신데요?“하니까 손님이 알아... 더보기
7834623,도미노피자 자양점,건대,양식,2,5,,,포장주문인데 바로 나왔다. 배달이 밀려 있어도 시간은 많이 걸리지 않는 편이다.
7834623,도미노피자 자양점,건대,양식,2,5,,,"23.05.21. 포장방문 한강가서먹음

아보카도쉬림프 + 페퍼로니 무슨 치즈도우?... 더보기"
7834623,도미노피자 자양점,건대,양식,2,5,,,불친절해요
7834623,도미노피자 자양점,건대,양식,2,5,,,인터넷으로 주문을 잘못해서 변경하려고 바로 전화했더니 전화를 한참동안 안받은 채 그대로 배달됨.
7834623,도미노피자 자양점,건대,양식,2,5,,,"피자맛은 뭐 프렌차이즈니까 둘째치고,
배달하시는 분이 너무 친절해서 별점드리고 싶어요"
7834623,도미노피자 자양점,건대,양식,2,5,,,"왜 T-day 할인 행사 참여 안하죠(?) 
자양동 지역주민들은 이용할수가 없네요. 
자양 1,2,3동 주민들은 다 자양점... 더보기"
7834623,도미노피자 자양점,건대,양식,2,5,,,가성비
7834623,도미노피자 자양점,건대,양식,2,5,,,사진/영상 후기만 보기
7834623,도미노피자 자양점,건대,양식,2,5,,,2025.09.03.
7834623,도미노피자 자양점,건대,양식,2,5,,,2024.07.29.
7834623,도미노피자 자양점,건대,양식,2,5,,,2021.01.30.
7834623,도미노피자 자양점,건대,양식,2,5,,,2019.04.21.
7834623,도미노피자 자양점,건대,양식,2,5,,,2018.04.20.
7834623,도미노피자 자양점,건대,양식,2,5,,,2026.01.30.
7834623,도미노피자 자양점,건대,양식,2,5,,,2025.07.18.
7834623,도미노피자 자양점,건대,양식,2,5,,,2025.04.23.
7834623,도미노피자 자양점,건대,양식,2,5,,,2024.10.17.
7834623,도미노피자 자양점,건대,양식,2,5,,,2023.12.03.
7834623,도미노피자 자양점,건대,양식,2,5,,,2023.10.13.
7834623,도미노피자 자양점,건대,양식,2,5,,,2023.08.19.
7834623,도미노피자 자양점,건대,양식,2,5,,,2023.08.11.
7834623,도미노피자 자양점,건대,양식,2,5,,,2023.05.23.
7834623,도미노피자 자양점,건대,양식,2,5,,,2022.09.12.
7834623,도미노피자 자양점,건대,양식,2,5,,,2022.03.13.
7834623,도미노피자 자양점,건대,양식,2,5,,,2022.03.06.
7834623,도미노피자 자양점,건대,양식,2,5,,,2022.02.01.
7834623,도미노피자 자양점,건대,양식,2,5,,,2023.05.03.
7834623,도미노피자 자양점,건대,양식,2,5,,,2020.03.14.
16794755,파파존스 건대점,건대,양식,3.9,6,,,가격대비 마음에 듭니다
16794755,파파존스 건대점,건대,양식,3.9,6,,,금요일 1+1 행사 때 먹으면 좋네요 피자 퀄리티도 좋은 편인 거 같아요
16794755,파파존스 건대점,건대,양식,3.9,6,,,미국의 맛 존맛탱~
16794755,파파존스 건대점,건대,양식,3.9,6,,,우연히 길가다가 매장에서 앞치마입고나온 직원분 담배퍽퍽피워대워 가래침연신뱉고 한참있다 존스로들어가는데 진심 위생상태가 걱정스러웠습니다 맛은있었는데 믿고먹었는데 다신안사먹어야지 집에서 내가해먹고말지 생각함
16794755,파파존스 건대점,건대,양식,3.9,6,,,"개인적으로 전세계 파파존스 중에 여기가 젤 맛있는듯
20년 동안 거의 한달에 한번 이상씩 먹음"
16794755,파파존스 건대점,건대,양식,3.9,6,,,그래도 실패하지 않는 선택
16794755,파파존스 건대점,건대,양식,3.9,6,,,브라우니 최고. 그냥 사랑함.
16794755,파파존스 건대점,건대,양식,3.9,6,,,피자 맛있고 할인쿠폰 사용하기 좋아서 주문합니다
16794755,파파존스 건대점,건대,양식,3.9,6,,,리모델링 하고나서 괜찮아아졌음
16794755,파파존스 건대점,건대,양식,3.9,6,,,가성비
16794755,파파존스 건대점,건대,양식,3.9,6,,,사진/영상 후기만 보기
16794755,파파존스 건대점,건대,양식,3.9,6,,,2022.11.24.
16794755,파파존스 건대점,건대,양식,3.9,6,,,2020.12.22.
16794755,파파존스 건대점,건대,양식,3.9,6,,,2026.03.01.
16794755,파파존스 건대점,건대,양식,3.9,6,,,2026.02.16.
16794755,파파존스 건대점,건대,양식,3.9,6,,,2026.01.21.
16794755,파파존스 건대점,건대,양식,3.9,6,,,2024.04.20.
16794755,파파존스 건대점,건대,양식,3.9,6,,,2023.02.26.
16794755,파파존스 건대점,건대,양식,3.9,6,,,2020.12.18.
16794755,파파존스 건대점,건대,양식,3.9,6,,,2020.10.10.
16794755,파파존스 건대점,건대,양식,3.9,6,,,2022.09.06.
16794755,파파존스 건대점,건대,양식,3.9,6,,,2021.09.01.
329888781,라 파밀리아,건대,양식,4.2,29,,,편안하고 아늑한 분위기에서 식사와 차까지 마시며 여유로운 시간 보낼 수 있습니다.
329888781,라 파밀리아,건대,양식,4.2,29,,,회식장소로 괜찮은 곳 안심 스테이크가 나오는 런치 B코스 먹었다. 직원분들 매우 친절했고 음식은 보통!
329888781,라 파밀리아,건대,양식,4.2,29,,,미묘한 맛과 착하지못한 가격. 인당 10만원짜리 코스였으나 가격대비 가치가 있느냐 매우 의문. 식전빵은 맛있고 직원분들은 친절하심. 바로앞 아파트뷰라 프라이버시 걱정됨.
329888781,라 파밀리아,건대,양식,4.2,29,,,이 가격에 이 정도 서비스라니 정말 가성비 최고!!!!!
329888781,라 파밀리아,건대,양식,4.2,29,,,비싼데 맛은 그냥저냥...
329888781,라 파밀리아,건대,양식,4.2,29,,,맛있음
329888781,라 파밀리아,건대,양식,4.2,29,,,"음식은 전반적으로 괜찮았습니다..
분위기 좋고 안쪽 방은 프라이빗한 분위기로 좋았습니다.
가성비는 없습니다!^^"
329888781,라 파밀리아,건대,양식,4.2,29,,,아직 실패한 메뉴가 없음
329888781,라 파밀리아,건대,양식,4.2,29,,,분위기
329888781,라 파밀리아,건대,양식,4.2,29,,,가성비
329888781,라 파밀리아,건대,양식,4.2,29,,,사진/영상 후기만 보기
329888781,라 파밀리아,건대,양식,4.2,29,,,2025.02.04.
329888781,라 파밀리아,건대,양식,4.2,29,,,라 파밀리아 실시간 예약
329888781,라 파밀리아,건대,양식,4.2,29,,,2022.09.28.
329888781,라 파밀리아,건대,양식,4.2,29,,,2022.04.10.
329888781,라 파밀리아,건대,양식,4.2,29,,,2024.04.23.
329888781,라 파밀리아,건대,양식,4.2,29,,,2023.03.16.
329888781,라 파밀리아,건대,양식,4.2,29,,,2022.08.25.
329888781,라 파밀리아,건대,양식,4.2,29,,,2021.10.18.
329888781,라 파밀리아,건대,양식,4.2,29,,,2020.07.07.
329888781,라 파밀리아,건대,양식,4.2,29,,,2024.11.10.
1047206173,보리스카페,건대,카페 디저트,4.5,45,,,"쿠키과 커피 모두 맛있었습니다!! 특히 시즌마다 나오는 스페셜쿠키가 미쳐써요,,,,☺️"
1047206173,보리스카페,건대,카페 디저트,4.5,45,,,시즌메뉴 말차오트라떼 맛있어요^^ 담엔 레몬쿠키먹으려구요~~사장님두 친절하게 응대해주십니다!
1047206173,보리스카페,건대,카페 디저트,4.5,45,,,"- 보리스라떼, 레몬샷커피, 쿠키 2개 주문
- 라떼는 고소하고 진했음. 쿠키는 퍼석함보단 말랑한 느낌과 식감의 쿠키임
- 1잔 당 5천원대, 쿠키는 2천... 더보기"
1047206173,보리스카페,건대,카페 디저트,4.5,45,,,레몬쿠키에 레몬커피…… 사랑😍🥰😘
1047206173,보리스카페,건대,카페 디저트,4.5,45,,,텀블러 할인은 없는 것 같습니다.
1047206173,보리스카페,건대,카페 디저트,4.5,45,,,쿠키가 진짜 진짜 맛있고 음료는 보리스라떼가 맛있어요. 너무 친절하시고 방문할때마다 웃으면서 인사해주셔서 기분이 좋아져요.
1047206173,보리스카페,건대,카페 디저트,4.5,45,,,"가격은 쫌 눈물나지만 그만큼 맛있어요
건대 갈때마다 들르는 제과점"
1047206173,보리스카페,건대,카페 디저트,4.5,45,,,별 10개가 있었으면 10개를 주고 싶은 카페 :)
1047206173,보리스카페,건대,카페 디저트,4.5,45,,,평소에 크림 들어간 류의 커피는 잘 먹진 않는 편인데 유명한 곳이라서 먹어봤습니다. 크림에 얼그레이 향이 나서 크게 달다는 생각이 들진 않았어요. 카페 내부가 넓진 않지만 소박한 공간의 여유를 느낄 수 있... 더보기
1047206173,보리스카페,건대,카페 디저트,4.5,45,,,"맛있는 쿠키와 밀크티, 그리고 마음이 따뜻하신 사장님이 계신 곳♥️
가장 기본 쿠키인 초코칩쿠키부터, 얼그레이 쿠키, 말차쿠키, 레드벨벳쿠키, 브라우니쿠키, 피넛버터쿠키까... 더보기"
1047206173,보리스카페,건대,카페 디저트,4.5,45,,,친절하심
1047206173,보리스카페,건대,카페 디저트,4.5,45,,,아이스라떼 조아하는 분이라면 보리스라떼 강추! 근래 먹은 아라 중 최고. 레몬샷커피는 은근 생각날 맛! 쿠키는 무난띠~~
1047206173,보리스카페,건대,카페 디저트,4.5,45,,,수년째 단골인데 커피 쿠키 모두 맛있어요
1047206173,보리스카페,건대,카페 디저트,4.5,45,,,라떼 너무너무너무너무 꼬소하고 맛있어요 ㅜ ㅜ 우유만 벌컥벌컥 마셔보고싶을정도 ㅜ ㅜ
1047206173,보리스카페,건대,카페 디저트,4.5,45,,,친절하다고 해서 갔는데.. 음료 쏟아서 사과하면서 닦고 정리했지만 그 이후로 사장님(?)이 너무 불편해해서 당황... 더보기
1047206173,보리스카페,건대,카페 디저트,4.5,45,,,분위기
1047206173,보리스카페,건대,카페 디저트,4.5,45,,,가성비
1047206173,보리스카페,건대,카페 디저트,4.5,45,,,사진/영상 후기만 보기
1047206173,보리스카페,건대,카페 디저트,4.5,45,,,2025.05.26.
1047206173,보리스카페,건대,카페 디저트,4.5,45,,,2024.08.15.
1047206173,보리스카페,건대,카페 디저트,4.5,45,,,2024.06.23.
1047206173,보리스카페,건대,카페 디저트,4.5,45,,,2024.03.12.
1047206173,보리스카페,건대,카페 디저트,4.5,45,,,2024.01.06.
1047206173,보리스카페,건대,카페 디저트,4.5,45,,,2023.07.28.
1047206173,보리스카페,건대,카페 디저트,4.5,45,,,2025.06.16.
1047206173,보리스카페,건대,카페 디저트,4.5,45,,,2025.04.06.
1047206173,보리스카페,건대,카페 디저트,4.5,45,,,2024.09.10.
1047206173,보리스카페,건대,카페 디저트,4.5,45,,,2022.08.20.
1047206173,보리스카페,건대,카페 디저트,4.5,45,,,2021.07.05.
1047206173,보리스카페,건대,카페 디저트,4.5,45,,,2021.02.20.
1047206173,보리스카페,건대,카페 디저트,4.5,45,,,2020.11.24.
1047206173,보리스카페,건대,카페 디저트,4.5,45,,,2020.07.22.
1047206173,보리스카페,건대,카페 디저트,4.5,45,,,2020.07.21.
1047206173,보리스카페,건대,카페 디저트,4.5,45,,,2025.06.13.
1047206173,보리스카페,건대,카페 디저트,4.5,45,,,2025.05.31.
1047206173,보리스카페,건대,카페 디저트,4.5,45,,,2024.08.03.
1047206173,보리스카페,건대,카페 디저트,4.5,45,,,2024.05.30.
1047206173,보리스카페,건대,카페 디저트,4.5,45,,,2024.05.08.
693959559,해피니스디저트 건대점,건대,카페 디저트,,250,,,방문 목적
693959559,해피니스디저트 건대점,건대,카페 디저트,,250,,,동반인
815422758,카페드라이,건대,카페 디저트,4.3,199,,,"바나나푸딩 맛잇어요
조용해서 조아요"
815422758,카페드라이,건대,카페 디저트,4.3,199,,,무난함 분위기좋음
815422758,카페드라이,건대,카페 디저트,4.3,199,,,"크림라떼 커피맛 맛있어요
요거트 스무디도 맛있습니다.
디저트들 오픈주방이라 만드시는걸 봤는데
하... 더보기"
815422758,카페드라이,건대,카페 디저트,4.3,199,,,"와 여기 밤티라미수 개맛있어요..
나폴리맛피아도 한수접을듯!!"
815422758,카페드라이,건대,카페 디저트,4.3,199,,,애플 스콘?이랑 레몬케이크 맛도리! 밀크티도 맛있어요 아늑하고 분위기 좋아서 자주 가는 카페 💕
815422758,카페드라이,건대,카페 디저트,4.3,199,,,구움과자 테이크아웃하면 이렇게 귀엽게 포장해주십니다😊 혼자 먹을거였지만 누구 간단하게 선물해주기도 좋을 것 같아요!
815422758,카페드라이,건대,카페 디저트,4.3,199,,,"레몬케이크 진짜 맛도리예요,, 하나도 안 퍽퍽하고 달달하고 상콤하고 다 함,, 버터바도 맛도리 심지어 커피도 맛잇읍니다.. 또가고십어요"
815422758,카페드라이,건대,카페 디저트,4.3,199,,,감각적인 공간이에요 의자에 등받이들이 없는게 불편했지만 예쁘게 잘 꾸며져있고 까눌레가 맛있어요
815422758,카페드라이,건대,카페 디저트,4.3,199,,,베이커리가 특별하진 않으나 기본에 충실한 맛!! 카페 분위기 좋고 베이커리 메뉴도 다양하고 가격도 합리적이어서 재방문 의사 있어요~!~!
815422758,카페드라이,건대,카페 디저트,4.3,199,,,디저트 가격도 합리적이고 카페 조용하고 콘센트도 많고 화장실도 깨끗하고 좋이여
815422758,카페드라이,건대,카페 디저트,4.3,199,,,"맛 쏘쏘
자리 좁음
테이블 좌석 불편
... 더보기"
815422758,카페드라이,건대,카페 디저트,4.3,199,,,Perfect café to have a calm time in Seongsu/Konkuk area. The madeleine and milk tea were very good ⭐️
815422758,카페드라이,건대,카페 디저트,4.3,199,,,디저트 죤 맛♡
815422758,카페드라이,건대,카페 디저트,4.3,199,,,건대입구 갈때마다 혹은 지나가는 길마다 꼭 들러서 까눌레 가득가득 사옵니다 옆집이었으면 좋겠어요
815422758,카페드라이,건대,카페 디저트,4.3,199,,,까눌레도 좋은데 레몬케이크가 은은한 단맛이라 진짜 맛있습니다 꼭 드세요.
815422758,카페드라이,건대,카페 디저트,4.3,199,,,빵종류 다양하고 다 맛있어요~ 특히 까눌레 겉바속촉!! 커피도 맛있어요!! 원두맛 선택 가능하고 프릳츠 원두도 판매하네요 빵이랑 커피 둘 다 맛있어서 맘에 드는 곳
815422758,카페드라이,건대,카페 디저트,4.3,199,,,"조용하고 분위기 좋은 카페 찾아서 갔어요!
까눌레 맛집,,,♥️"
815422758,카페드라이,건대,카페 디저트,4.3,199,,,까눌레 작지만 맛있음 직지만 강한아이
815422758,카페드라이,건대,카페 디저트,4.3,199,,,귀엽고 맛있고 가끔 아쉽다
815422758,카페드라이,건대,카페 디저트,4.3,199,,,분위기
815422758,카페드라이,건대,카페 디저트,4.3,199,,,가성비
815422758,카페드라이,건대,카페 디저트,4.3,199,,,사진/영상 후기만 보기
815422758,카페드라이,건대,카페 디저트,4.3,199,,,2026.04.01.
815422758,카페드라이,건대,카페 디저트,4.3,199,,,2025.10.05.
815422758,카페드라이,건대,카페 디저트,4.3,199,,,2025.08.13.
815422758,카페드라이,건대,카페 디저트,4.3,199,,,2025.01.08.
815422758,카페드라이,건대,카페 디저트,4.3,199,,,2024.09.05.
815422758,카페드라이,건대,카페 디저트,4.3,199,,,2023.11.13.
815422758,카페드라이,건대,카페 디저트,4.3,199,,,2023.10.02.
815422758,카페드라이,건대,카페 디저트,4.3,199,,,2023.06.23.
815422758,카페드라이,건대,카페 디저트,4.3,199,,,2023.06.09.
815422758,카페드라이,건대,카페 디저트,4.3,199,,,2023.05.04.
815422758,카페드라이,건대,카페 디저트,4.3,199,,,2026.01.04.
815422758,카페드라이,건대,카페 디저트,4.3,199,,,2025.11.02.
815422758,카페드라이,건대,카페 디저트,4.3,199,,,2025.02.09.
815422758,카페드라이,건대,카페 디저트,4.3,199,,,2023.02.28.
815422758,카페드라이,건대,카페 디저트,4.3,199,,,2022.12.02.
815422758,카페드라이,건대,카페 디저트,4.3,199,,,2021.12.23.
815422758,카페드라이,건대,카페 디저트,4.3,199,,,2021.11.23.
815422758,카페드라이,건대,카페 디저트,4.3,199,,,2021.08.14.
815422758,카페드라이,건대,카페 디저트,4.3,199,,,2021.03.29.
815422758,카페드라이,건대,카페 디저트,4.3,199,,,2021.03.16.
2041291831,카페 고은별,건대,카페 디저트,4.8,35,,,"샌드위치 하나가 뭐 이리 비싸하고 화딱지 날 뻔했는데 너무 맛있어서 별점 5점 남깁니다,, 치아바타가 지이이이인짜 맛있고 리코타 치즈랑 찰떡궁합이에요."
2041291831,카페 고은별,건대,카페 디저트,4.8,35,,,핵존맛
2041291831,카페 고은별,건대,카페 디저트,4.8,35,,,"아이들데리고 브런치먹으러 갔는데 기대 이상으로 맛있고 직원분 너무 친절하시네요(진짜 친절!)
5월 가정의 달 이벤트로 훈제오리샐러드 플래터랑 음료 세트 저... 더보기"
2041291831,카페 고은별,건대,카페 디저트,4.8,35,,,광진구 살 때 배달시켜 먹던 샌드위치집인데 개방장 나와바리였다니 !
2041291831,카페 고은별,건대,카페 디저트,4.8,35,,,불고기 치아바타 존맛
2041291831,카페 고은별,건대,카페 디저트,4.8,35,,,통밀치아바타만 사먹는 곳인데 촉촉함없는 게 아쉽지만 엄청 고소해요
2041291831,카페 고은별,건대,카페 디저트,4.8,35,,,"뭐...뭐지 커피 부드럽고 고소하고 맛있네요...
친절하심"
2041291831,카페 고은별,건대,카페 디저트,4.8,35,,,단호박스프 맛있음.
2041291831,카페 고은별,건대,카페 디저트,4.8,35,,,"오랜만에 샌드위치가 땡겼는데 여전히 맛있네요^^ 같이 먹은 로제파스타도 굿♡ 다음에 또 올게요~  
과식주의!!!!!!!!!"
2041291831,카페 고은별,건대,카페 디저트,4.8,35,,,샌드위치 샐러드 커피 다 맛있다!
2041291831,카페 고은별,건대,카페 디저트,4.8,35,,,진짜 샌드위치 맛집!
2041291831,카페 고은별,건대,카페 디저트,4.8,35,,,가성비
2041291831,카페 고은별,건대,카페 디저트,4.8,35,,,분위기
2041291831,카페 고은별,건대,카페 디저트,4.8,35,,,사진/영상 후기만 보기
2041291831,카페 고은별,건대,카페 디저트,4.8,35,,,2025.07.09.
2041291831,카페 고은별,건대,카페 디저트,4.8,35,,,2024.08.16.
2041291831,카페 고은별,건대,카페 디저트,4.8,35,,,2024.05.15.
2041291831,카페 고은별,건대,카페 디저트,4.8,35,,,2025.08.19.
2041291831,카페 고은별,건대,카페 디저트,4.8,35,,,2026.03.05.
2041291831,카페 고은별,건대,카페 디저트,4.8,35,,,2025.08.11.
2041291831,카페 고은별,건대,카페 디저트,4.8,35,,,2025.04.19.
2041291831,카페 고은별,건대,카페 디저트,4.8,35,,,2023.07.26.
2041291831,카페 고은별,건대,카페 디저트,4.8,35,,,2022.12.30.
2041291831,카페 고은별,건대,카페 디저트,4.8,35,,,2022.12.23.
2041291831,카페 고은별,건대,카페 디저트,4.8,35,,,2019.06.01.
2041291831,카페 고은별,건대,카페 디저트,4.8,35,,,2020.12.14.
2041291831,카페 고은별,건대,카페 디저트,4.8,35,,,2020.04.27.
1371691028,로이베이커리카페,건대,카페 디저트,4.6,76,,,"빵 담백하니 맛있고 레몬크림?(이름은 기억 안 나지만)과 같이 먹으니 참 맛있었어요
음료도 만족스러웠습니다"
1371691028,로이베이커리카페,건대,카페 디저트,4.6,76,,,깜빠뉴 레전드..프랑스 여행하면서 먹었던 빵보다 맛있어요
1371691028,로이베이커리카페,건대,카페 디저트,4.6,76,,,평일 오전에 강추합니다. 인테리어 깔끔. 특히나 BGM이 평안함 그 자체 ..
1371691028,로이베이커리카페,건대,카페 디저트,4.6,76,,,"커피 맛있었구 라떼아트 넘 예뻤어요
초코쉬폰 먹었는데 아래 부분 반죽이 섞이지 않아 배이커리는 아직 잘 모르겠습니다 
담에 다른 메... 더보기"
1371691028,로이베이커리카페,건대,카페 디저트,4.6,76,,,스콘 너무 맛있었어요! 사장님도 너무 친절하시고 카페 분위기도 좋아요✨
1371691028,로이베이커리카페,건대,카페 디저트,4.6,76,,,맛있어요!
1371691028,로이베이커리카페,건대,카페 디저트,4.6,76,,,하남사는데 이쪽은갈일없는 동네입니다. 그런데 지난달에 우연히 볼일 있어서 왓다가 이쪽동네 올일도 별로 없는데 빵 맛집잇으면 사가야지 하고 그냥 빵순이라서 검색해서 올리브치즈깜빠뉴 사갔습니다. 제가 먹어본 식사... 더보기
1371691028,로이베이커리카페,건대,카페 디저트,4.6,76,,,단차가 세 개 정도 되어서 휠체어는 들어가기 어렵네요 ㅠ 실내엔 테라스 쪽 출구만 보여서 아쉽게도 다른 입구는 없는 것 같아요. 식사 빵은 달지 않고 맛있어요.
1371691028,로이베이커리카페,건대,카페 디저트,4.6,76,,,"들어가자마자 스콘 냄새 죽여줘서
커피만 먹으려다가 치즈바질스콘 바로 먹음
내부 분위기도 넘 좋아요~~~"
1371691028,로이베이커리카페,건대,카페 디저트,4.6,76,,,여기 너무 맛있어요 ㅜㅜ 저번에 바질토마토? 사서 먹었는데 너무 맛있어서 개깜놀;;; 식빵도 넘 맛있어 보이고 아직 단품빵은 안먹어 봤는데 식사빵 존맛탱입니다 ㅜㅜ 빵 사러 갔는데 안나와있으면 넘 슬픔ㅜㅜ
1371691028,로이베이커리카페,건대,카페 디저트,4.6,76,,,"맛있어요 바게뜨식빵 껍질도 맛있음
깜빠뉴 촉촉함"
1371691028,로이베이커리카페,건대,카페 디저트,4.6,76,,,일요일에 놀러가고 싶은데 왜 여긴 일요일 휴무인가요 ㅠㅠ 직장인은 일요일날 갈 수 밖에는 ㅠㅠ
1371691028,로이베이커리카페,건대,카페 디저트,4.6,76,,,"여름인데 에어컨 약하고, 스콘도 특별한 건 모르겠는데, 내가 싫어하는 떨분 맛이 나네요."
1371691028,로이베이커리카페,건대,카페 디저트,4.6,76,,,여긴 빵 넘 맛있어여😆 사장님도 친절하시고 커피도 맛있어요!!!!!!!!👍🏻
1371691028,로이베이커리카페,건대,카페 디저트,4.6,76,,,제빵장님이 너무 친절하시구 빵 맛있어요!
1371691028,로이베이커리카페,건대,카페 디저트,4.6,76,,,not bad but not good
1371691028,로이베이커리카페,건대,카페 디저트,4.6,76,,,와 여기 깜빠뉴 진짜 맛있어요
1371691028,로이베이커리카페,건대,카페 디저트,4.6,76,,,스콘이 맛있어요!
1371691028,로이베이커리카페,건대,카페 디저트,4.6,76,,,초코스콘을 드셔보세요!
1371691028,로이베이커리카페,건대,카페 디저트,4.6,76,,,시골빵이 제 최애에요. 진짜 빵 자체가 촉촉하고 앉은자리에서 순삭가능한 아쥬 무서운 존맛빵이랍니다. 여기 당근이랑 초코케이크도 맛있어요
1371691028,로이베이커리카페,건대,카페 디저트,4.6,76,,,분위기
1371691028,로이베이커리카페,건대,카페 디저트,4.6,76,,,가성비
1371691028,로이베이커리카페,건대,카페 디저트,4.6,76,,,사진/영상 후기만 보기
1371691028,로이베이커리카페,건대,카페 디저트,4.6,76,,,2025.10.31.
1371691028,로이베이커리카페,건대,카페 디저트,4.6,76,,,2025.10.28.
1371691028,로이베이커리카페,건대,카페 디저트,4.6,76,,,2025.07.09.
1371691028,로이베이커리카페,건대,카페 디저트,4.6,76,,,2024.01.05.
1371691028,로이베이커리카페,건대,카페 디저트,4.6,76,,,2023.01.06.
1371691028,로이베이커리카페,건대,카페 디저트,4.6,76,,,2025.12.13.
1371691028,로이베이커리카페,건대,카페 디저트,4.6,76,,,2025.12.04.
1371691028,로이베이커리카페,건대,카페 디저트,4.6,76,,,2022.04.13.
1371691028,로이베이커리카페,건대,카페 디저트,4.6,76,,,2022.04.10.
1371691028,로이베이커리카페,건대,카페 디저트,4.6,76,,,2022.02.02.
1371691028,로이베이커리카페,건대,카페 디저트,4.6,76,,,2025.09.29.
1371691028,로이베이커리카페,건대,카페 디저트,4.6,76,,,2025.08.17.
1371691028,로이베이커리카페,건대,카페 디저트,4.6,76,,,2025.07.08.
1371691028,로이베이커리카페,건대,카페 디저트,4.6,76,,,2025.05.14.
1371691028,로이베이커리카페,건대,카페 디저트,4.6,76,,,2025.02.25.
1371691028,로이베이커리카페,건대,카페 디저트,4.6,76,,,2025.01.10.
1371691028,로이베이커리카페,건대,카페 디저트,4.6,76,,,2024.12.11.
1371691028,로이베이커리카페,건대,카페 디저트,4.6,76,,,2024.11.20.
1371691028,로이베이커리카페,건대,카페 디저트,4.6,76,,,2024.08.06.
1371691028,로이베이커리카페,건대,카페 디저트,4.6,76,,,2024.07.17.
109883906,베이글카페 화양점,건대,카페 디저트,4.6,5,,,베이글도 커피도 맛있고 저렴하고 깨끗하고 짱
109883906,베이글카페 화양점,건대,카페 디저트,4.6,5,,,"분위기도 좋고, 커피도 맛있네요. 아포가토 4천원이면 엄청 저렴하구요. 열린 창가쪽 자리가 탐났는데 다른 분이 앉아계서서 아쉬웠어요. (카페에사 나올때 쯤 자리가 ... 더보기"
109883906,베이글카페 화양점,건대,카페 디저트,4.6,5,,,"얼음 안녹게 콜드컵! 행복합니당~
가격도싸고 좋아요"
109883906,베이글카페 화양점,건대,카페 디저트,4.6,5,,,"진짜 마감시간 유동적이긴 한 듯 일찍 퇴근하심
아이스티는 연하고 베이글 먹는데 초파리가 자꾸 같이 겸상하려고 함
그치만 시원하고 노래도 시끄럽지 않고 테이블마다 콘센트 있는 건 ... 더보기"
109883906,베이글카페 화양점,건대,카페 디저트,4.6,5,,,"테이블별로 코드 있어서 작업하기 좋은 카페
집앞에 있어서 자주 가는 곳
베이글도 맛있어용"
109883906,베이글카페 화양점,건대,카페 디저트,4.6,5,,,카공하러 자주 가는데 베이글도 맛있고 음료도 종류별로 하나씩 먹어봤는데 다 맛있어요! 자리도 넓고 스카처럼 되어 있어서 공부하기 좋아요
109883906,베이글카페 화양점,건대,카페 디저트,4.6,5,,,"사장님 친절하시고 베이글,음료 맛있어요
많은 건대카페중에 제일 좋아하는 카페
2명이서 스페셜베이글 시키고 음료시켰... 더보기"
109883906,베이글카페 화양점,건대,카페 디저트,4.6,5,,,"맛있고 오랜 시간 앉아서 공부하기 좋은 카페
다만, 운영 시간이 조금 유동적…"
109883906,베이글카페 화양점,건대,카페 디저트,4.6,5,,,오랫만에 맛집 발견~! 베이글 진짜 맛있음.
109883906,베이글카페 화양점,건대,카페 디저트,4.6,5,,,"커피랑 베이글 둘 다 맛있습니다
편히 쉬고갈 수 있게 시설도 잘 되어있어요"
109883906,베이글카페 화양점,건대,카페 디저트,4.6,5,,,좋아요! 아침일찍열고 늦게까지하고 음료도저렴해요
109883906,베이글카페 화양점,건대,카페 디저트,4.6,5,,,가성비
109883906,베이글카페 화양점,건대,카페 디저트,4.6,5,,,분위기
109883906,베이글카페 화양점,건대,카페 디저트,4.6,5,,,사진/영상 후기만 보기
109883906,베이글카페 화양점,건대,카페 디저트,4.6,5,,,2024.08.15.
109883906,베이글카페 화양점,건대,카페 디저트,4.6,5,,,2020.09.21.
109883906,베이글카페 화양점,건대,카페 디저트,4.6,5,,,2019.10.02.
109883906,베이글카페 화양점,건대,카페 디저트,4.6,5,,,2025.07.12.
109883906,베이글카페 화양점,건대,카페 디저트,4.6,5,,,2024.10.01.
109883906,베이글카페 화양점,건대,카페 디저트,4.6,5,,,2024.08.26.
109883906,베이글카페 화양점,건대,카페 디저트,4.6,5,,,2024.03.02.
109883906,베이글카페 화양점,건대,카페 디저트,4.6,5,,,2023.04.16.
109883906,베이글카페 화양점,건대,카페 디저트,4.6,5,,,2021.04.09.
109883906,베이글카페 화양점,건대,카페 디저트,4.6,5,,,2020.12.01.
109883906,베이글카페 화양점,건대,카페 디저트,4.6,5,,,2019.08.13.
109883906,베이글카페 화양점,건대,카페 디저트,4.6,5,,,2025.08.02.
109883906,베이글카페 화양점,건대,카페 디저트,4.6,5,,,2020.11.29.
109883906,베이글카페 화양점,건대,카페 디저트,4.6,5,,,2018.08.20.
1183453835,디저트39 건대점,건대,카페 디저트,3.8,26,,,"리유저블텀블러에 제공되는것이 너무맘에든다
집에가져가서 또 쓰는중
환경을아끼자! 영차"
1183453835,디저트39 건대점,건대,카페 디저트,3.8,26,,,"진열대 케익이랑 완전 다른 곳
차라리 가격을 올려서라도 진열대에 생긴거랑 
똑같이 주던가
블루베리 어딨... 더보기"
1183453835,디저트39 건대점,건대,카페 디저트,3.8,26,,,"알바생분이 너무 친절해요~~
디저트39 이름 답게 음료도 3900원 & 디저트 존맛 ㅎㅅㅎ"
1183453835,디저트39 건대점,건대,카페 디저트,3.8,26,,,"사장님이 친절하셔요!
좋아요ㅎㅎ"
1183453835,디저트39 건대점,건대,카페 디저트,3.8,26,,,사장님이 너무 친절 하시고 매장도 매우 깔끔해서 좋았어요 ㅎㅎ 음료수도 맛나고 특히 베이커리 종류가 정말 맛있어요
1183453835,디저트39 건대점,건대,카페 디저트,3.8,26,,,크로칸 슈 정말 맛있어요
1183453835,디저트39 건대점,건대,카페 디저트,3.8,26,,,알바생이 맨날 말 씹음. 한 다섯 번 부르면 그제서야 네..? 하고 손도 느려서 엄청 오래 걸리네요 답답해죽어요
1183453835,디저트39 건대점,건대,카페 디저트,3.8,26,,,"웬만하면 리뷰 잘안쓰는데 개빡쳐서 쓴다
직원들 개불친절하고 나올때까지 뭐하는지 봤는데 일머리하나도 없어서 개느림
중간에 나왔냐고 물어봤는데 기다리라고만 하고 나중에 밀... 더보기"
1183453835,디저트39 건대점,건대,카페 디저트,3.8,26,,,"일요일 5시쯤 방문
아니 너무 느려서 다들 15분째 기다리고 있는데 다른 손님이 계속 사장님~ 했는데도 못들은척함 못들을 거리 아니었고 일하... 더보기"
1183453835,디저트39 건대점,건대,카페 디저트,3.8,26,,,아이스크림맛나당
1183453835,디저트39 건대점,건대,카페 디저트,3.8,26,,,엄청 친절하시고 음료도 맛있어용
1183453835,디저트39 건대점,건대,카페 디저트,3.8,26,,,쾌적하고 친절하고 맛있습니다
1183453835,디저트39 건대점,건대,카페 디저트,3.8,26,,,맛있어요
1183453835,디저트39 건대점,건대,카페 디저트,3.8,26,,,밤늦게 갔는데 엄청 친절하셨어요
1183453835,디저트39 건대점,건대,카페 디저트,3.8,26,,,가성비
1183453835,디저트39 건대점,건대,카페 디저트,3.8,26,,,분위기
1183453835,디저트39 건대점,건대,카페 디저트,3.8,26,,,사진/영상 후기만 보기
1183453835,디저트39 건대점,건대,카페 디저트,3.8,26,,,2023.10.14.
1183453835,디저트39 건대점,건대,카페 디저트,3.8,26,,,2023.07.03.
1183453835,디저트39 건대점,건대,카페 디저트,3.8,26,,,2022.12.21.
1183453835,디저트39 건대점,건대,카페 디저트,3.8,26,,,2025.05.18.
1183453835,디저트39 건대점,건대,카페 디저트,3.8,26,,,2022.08.05.
1183453835,디저트39 건대점,건대,카페 디저트,3.8,26,,,2022.07.29.
1183453835,디저트39 건대점,건대,카페 디저트,3.8,26,,,2025.09.22.
1183453835,디저트39 건대점,건대,카페 디저트,3.8,26,,,2025.05.11.
1183453835,디저트39 건대점,건대,카페 디저트,3.8,26,,,2025.03.22.
1183453835,디저트39 건대점,건대,카페 디저트,3.8,26,,,2025.03.08.
1183453835,디저트39 건대점,건대,카페 디저트,3.8,26,,,2024.06.04.
1183453835,디저트39 건대점,건대,카페 디저트,3.8,26,,,2024.01.30.
1183453835,디저트39 건대점,건대,카페 디저트,3.8,26,,,2023.12.29.
1183453835,디저트39 건대점,건대,카페 디저트,3.8,26,,,2024.07.26.
1183453835,디저트39 건대점,건대,카페 디저트,3.8,26,,,2024.07.12.
1183453835,디저트39 건대점,건대,카페 디저트,3.8,26,,,2024.04.14.
1183453835,디저트39 건대점,건대,카페 디저트,3.8,26,,,2024.01.19.
312522567,카페더유리,건대,카페 디저트,5,30,,,"브런치 너무 맛있구 푸짐햐요
알바생 강이두 사장님 닮아서 친절햐요
자양동에 이런 카페 있는 줄 ... 더보기"
312522567,카페더유리,건대,카페 디저트,5,30,,,분위기도 좋고 맛도 좋고 혼자 와도 좋은 카페에요! 커피도 맛있고 다양한 디저트도 있어요~오레오 쿠키! 브라우니 강추우~~~☕️✨
312522567,카페더유리,건대,카페 디저트,5,30,,,". * ･ ｡ﾟ ♥︎. * ･ ｡ﾟ ♡. * ･ ｡ﾟ ♡̷̷̷. * ･ ｡ﾟ ఇ . * ･ ｡ﾟ
귀여운 알바생들이 반겨주는곳🐾
디저트 음료 다 맛있고 알바견🐶, 사장님 모두 사랑스럽고... 더보기"
312522567,카페더유리,건대,카페 디저트,5,30,,,"엑설런트 라떼인데 넘 맛있어요.. 카페도 이쁘고 테이블 높이도 적당해서 좋고, 편안한 분위기라 넘 좋아요."
312522567,카페더유리,건대,카페 디저트,5,30,,,🐶 귀여워용
312522567,카페더유리,건대,카페 디저트,5,30,,,"카페를 지키는 두강아지(강이,점순)가있어서 좋았고(사실 귀엽지만 ㅎㅎ) 그리고 딸기 에이드도 맛이있었습니다 ㅎㅎ"
312522567,카페더유리,건대,카페 디저트,5,30,,,"기여운 강아지들이 있는 자양동 동네 카페
책읽으로 가기에도 좋아보인... 더보기"
312522567,카페더유리,건대,카페 디저트,5,30,,,순둥순둥 강쥐들이 반겨주는 곳🙂
312522567,카페더유리,건대,카페 디저트,5,30,,,잘마시고갑니다
312522567,카페더유리,건대,카페 디저트,5,30,,,너무 맛있고 분위기도 좋아요!
312522567,카페더유리,건대,카페 디저트,5,30,,,강아지들 덕분에 행복하고 쿠키 너무 맛있어요ㅠㅠ 또 올거에요
312522567,카페더유리,건대,카페 디저트,5,30,,,"아인슈페너위에 크림 잘하는 집!
흑임자 아인슈페너 완전 꼬소하구 커피랑도 잘어울려요
메뉴 연구를 열심히... 더보기"
312522567,카페더유리,건대,카페 디저트,5,30,,,"쿠키와 아인슈패너
멍멍수와 사장님 모두행복한곳"
312522567,카페더유리,건대,카페 디저트,5,30,,,"오픈 이후 자주 이용하고 있어요! 사장님도 친절하시고 음료,디저트류 다 맛있습니다^^
애견동반가능카페라 귀여운 댕댕이들은 볼수있는건 덤까쥐!!"
312522567,카페더유리,건대,카페 디저트,5,30,,,"카페 일단 분위기가 너무 좋고 강아지... 진짜 너무 귀엽습니다 캬~~~ >0<
커피랑 음료 디저트까지 뭐하나 빠지지않고 다 맛있어요 ... 더보기"
312522567,카페더유리,건대,카페 디저트,5,30,,,사장님이 맛있고 커피가 친절해요
312522567,카페더유리,건대,카페 디저트,5,30,,,"좌석이 편하고 아늑하고 청결하고 마스코트 멍멍이가 순해서 손님들을 잘 반겨줘요.
잘 짖지도 않아서 조용하게 있기에도 최적이에요.
가끔 디져트는 특별 메뉴도 있어서 바뀔때마다 먹어봐야해요."
312522567,카페더유리,건대,카페 디저트,5,30,,,"저 흑임자러버인데 여기 흑임자맛나요.
스모어쿠키도 직접 구우시더라구요.
분위기도 따듯하고 자주올듯.."
312522567,카페더유리,건대,카페 디저트,5,30,,,"카페 분위기도 너무 좋고 사장님도 친절하세요!
커피와 디저트 꼭 같이 드시길 추천합니다 ㅎㅎ"
312522567,카페더유리,건대,카페 디저트,5,30,,,분위기
312522567,카페더유리,건대,카페 디저트,5,30,,,가성비
312522567,카페더유리,건대,카페 디저트,5,30,,,사진/영상 후기만 보기
312522567,카페더유리,건대,카페 디저트,5,30,,,2025.08.15.
312522567,카페더유리,건대,카페 디저트,5,30,,,2024.09.13.
312522567,카페더유리,건대,카페 디저트,5,30,,,2024.06.07.
312522567,카페더유리,건대,카페 디저트,5,30,,,2024.01.26.
312522567,카페더유리,건대,카페 디저트,5,30,,,2025.05.21.
312522567,카페더유리,건대,카페 디저트,5,30,,,2025.04.02.
312522567,카페더유리,건대,카페 디저트,5,30,,,2024.12.18.
312522567,카페더유리,건대,카페 디저트,5,30,,,2024.02.09.
312522567,카페더유리,건대,카페 디저트,5,30,,,2023.08.06.
312522567,카페더유리,건대,카페 디저트,5,30,,,2023.03.23.
312522567,카페더유리,건대,카페 디저트,5,30,,,2022.10.10.
312522567,카페더유리,건대,카페 디저트,5,30,,,2022.04.30.
312522567,카페더유리,건대,카페 디저트,5,30,,,2022.04.08.
312522567,카페더유리,건대,카페 디저트,5,30,,,2022.04.06.
312522567,카페더유리,건대,카페 디저트,5,30,,,2022.03.16.
312522567,카페더유리,건대,카페 디저트,5,30,,,2022.03.11.
312522567,카페더유리,건대,카페 디저트,5,30,,,2022.01.31.
312522567,카페더유리,건대,카페 디저트,5,30,,,2021.12.25.
312522567,카페더유리,건대,카페 디저트,5,30,,,2021.12.22.
312522567,카페더유리,건대,카페 디저트,5,30,,,2021.12.20.
559083996,카페&와인바 정원들,건대,카페 디저트,4.8,267,,,조용한 동네에 위치한 분위기가 아주아주 좋은 와인바💞 💞
559083996,카페&와인바 정원들,건대,카페 디저트,4.8,267,,,"우선 매장이 넘넘 이뻐요… 어딜 찍어도 인스타 유럽 감성ㅎㅎ
시그니처 중 하나인 핑크 무궁화를 먹었는데 컵 플레이팅(?)이 진짜 이쁘고 맛도 새콤달콤해서 넘 좋았어요"
559083996,카페&와인바 정원들,건대,카페 디저트,4.8,267,,,"이미 사진으로 담을수 없는 인테리어…❤️
음료 종류도 많고 너무 배부른 상태에서 가서 아쉬웠어요!! 치즈플레이트 도전하러 또 가고싶어요"
559083996,카페&와인바 정원들,건대,카페 디저트,4.8,267,,,"동생이 꼭 가보라고 추천해줘서 방문했지만
나만 알고 싶은 이 못된 심보 ………
거리만... 더보기"
559083996,카페&와인바 정원들,건대,카페 디저트,4.8,267,,,"Honestly, I don't like chease cakes due to its heavy texture, but the cheese cake of this was not so heavy and was really delicious. I really love it. Those who love deserts should visit thus place."
559083996,카페&와인바 정원들,건대,카페 디저트,4.8,267,,,"일단 맛있음… 하얗고 초록색인 공간인것도 좋고, 방명록같은거 남길수도 있음
화장실이 1칸이고 가는게 좀 불편한것만 제하면 다 좋음"
559083996,카페&와인바 정원들,건대,카페 디저트,4.8,267,,,말차 사르르는 맛이 정말 진해서 쬐끔 쓰지만 맛있습니다(아이스크림과 적절히 섞어드셔야해... 더보기
559083996,카페&와인바 정원들,건대,카페 디저트,4.8,267,,,주택가에 있는 작고 아늑한 공간. 넘 친절하시고 최상급 스페셜티 원두를 써서 커피도 맛나요. 방문하신 분들이 작성한 레터들도 보는 재미가 쏠쏠합니다. 왠지 마음이 몽글몽글해지는 곳.
559083996,카페&와인바 정원들,건대,카페 디저트,4.8,267,,,나만 아는 아지트 같은 예쁜 갬성 카페! 시그니처 메뉴들이 특별해 보여서 좋았어요. 바닐라 프라페 먹었는데 시원하고 바닐라향이 가득해서 넘 맛있었습니다~ 가게도 예쁘고 사장님 쏘 친절하세요…👍
559083996,카페&와인바 정원들,건대,카페 디저트,4.8,267,,,오자마자 분위기며 메뉴며 너무 맘에 들어서 또 오고 싶다는 생각뿐이었어요🌷🩷👍🏻 크림치즈도 바게트도 진짜 맛있네요...체고😍
559083996,카페&와인바 정원들,건대,카페 디저트,4.8,267,,,"동네에 예쁜곳이 생겨따!
컵끝까지 채워주신 카라멜크림💛
머랭까지 다 ... 더보기"
559083996,카페&와인바 정원들,건대,카페 디저트,4.8,267,,,우연히 길 가다가 너무 예뻐서 들어가봤는데 맛도 분위기도 너무 만족입니다ㅠㅠㅠㅠ 재방문 의사 무조건 있어요!
559083996,카페&와인바 정원들,건대,카페 디저트,4.8,267,,,인스타하는분들 오시면 좋을거같아요
559083996,카페&와인바 정원들,건대,카페 디저트,4.8,267,,,동네랑 너무 잘어울리는 분위기에요 음료도 맛있고 예뻐요
559083996,카페&와인바 정원들,건대,카페 디저트,4.8,267,,,분위기며 맛이며 너무 좋았습니다
559083996,카페&와인바 정원들,건대,카페 디저트,4.8,267,,,커피 너무 맛있어서 먹구 차도 테이크아웃으로 가져갑니당!
559083996,카페&와인바 정원들,건대,카페 디저트,4.8,267,,,인테리어도 이쁜데 맛도 좋아☺ 건대 근처 오면 번화가 피해서 자주 오는 곳
559083996,카페&와인바 정원들,건대,카페 디저트,4.8,267,,,"정말 사랑이 다시 살아나는 곳 
메뉴모두 예쁜데 맛도 있고 
사장님 친절하... 더보기"
559083996,카페&와인바 정원들,건대,카페 디저트,4.8,267,,,분위기
559083996,카페&와인바 정원들,건대,카페 디저트,4.8,267,,,가성비
559083996,카페&와인바 정원들,건대,카페 디저트,4.8,267,,,사진/영상 후기만 보기
559083996,카페&와인바 정원들,건대,카페 디저트,4.8,267,,,2025.08.15.
559083996,카페&와인바 정원들,건대,카페 디저트,4.8,267,,,2025.07.03.
559083996,카페&와인바 정원들,건대,카페 디저트,4.8,267,,,2025.04.11.
559083996,카페&와인바 정원들,건대,카페 디저트,4.8,267,,,2025.02.14.
559083996,카페&와인바 정원들,건대,카페 디저트,4.8,267,,,2024.10.09.
559083996,카페&와인바 정원들,건대,카페 디저트,4.8,267,,,2024.08.27.
559083996,카페&와인바 정원들,건대,카페 디저트,4.8,267,,,2024.03.14.
559083996,카페&와인바 정원들,건대,카페 디저트,4.8,267,,,2023.12.25.
559083996,카페&와인바 정원들,건대,카페 디저트,4.8,267,,,2023.11.22.
559083996,카페&와인바 정원들,건대,카페 디저트,4.8,267,,,2023.07.17.
559083996,카페&와인바 정원들,건대,카페 디저트,4.8,267,,,2023.06.22.
559083996,카페&와인바 정원들,건대,카페 디저트,4.8,267,,,2023.03.06.
559083996,카페&와인바 정원들,건대,카페 디저트,4.8,267,,,2025.12.09.
559083996,카페&와인바 정원들,건대,카페 디저트,4.8,267,,,2025.11.08.
559083996,카페&와인바 정원들,건대,카페 디저트,4.8,267,,,2025.09.07.
559083996,카페&와인바 정원들,건대,카페 디저트,4.8,267,,,2025.01.14.
559083996,카페&와인바 정원들,건대,카페 디저트,4.8,267,,,2024.09.10.
559083996,카페&와인바 정원들,건대,카페 디저트,4.8,267,,,2024.03.01.
559083996,카페&와인바 정원들,건대,카페 디저트,4.8,267,,,2024.01.27.
559083996,카페&와인바 정원들,건대,카페 디저트,4.8,267,,,2023.10.19.
1792935944,성수율 카페,건대,카페 디저트,5,69,,,새로 만들어져서 그런가 시설이 넘 좋음
1792935944,성수율 카페,건대,카페 디저트,5,69,,,음식이 예쁘고 짱 맛있습니다
1792935944,성수율 카페,건대,카페 디저트,5,69,,,커피맛도 좋고 분위기 좋아요
1792935944,성수율 카페,건대,카페 디저트,5,69,,,너무 맛있었어요! 분위기도 쨩….
1792935944,성수율 카페,건대,카페 디저트,5,69,,,"한 해의 마지막을 충격으로 마무리하게 만드는 카페

e71 삼구머신+e80+e65s(모두 gbw)+ek43s... 더보기"
1792935944,성수율 카페,건대,카페 디저트,5,69,,,가성비
1792935944,성수율 카페,건대,카페 디저트,5,69,,,분위기
1792935944,성수율 카페,건대,카페 디저트,5,69,,,사진/영상 후기만 보기
1792935944,성수율 카페,건대,카페 디저트,5,69,,,2026.01.30.
1792935944,성수율 카페,건대,카페 디저트,5,69,,,2026.01.09.
1792935944,성수율 카페,건대,카페 디저트,5,69,,,2026.04.16.
1792935944,성수율 카페,건대,카페 디저트,5,69,,,2026.01.17.
1792935944,성수율 카페,건대,카페 디저트,5,69,,,2026.01.01.
1792935944,성수율 카페,건대,카페 디저트,5,69,,,2026.03.29.
250282602,디저트다운,건대,카페 디저트,3.3,7,,,"8할은 문닫고 있는 카페
네이버도 20:30분까지에 영업중이라 떠 있었습니다"
250282602,디저트다운,건대,카페 디저트,3.3,7,,,"1호 4.5만에 사전예약했습니다
사전예약 혜택으로 초 하나 랜덤으로 주셨어요
케이크 픽은 따로 준비했어요
딸기 엄... 더보기"
250282602,디저트다운,건대,카페 디저트,3.3,7,,,솔티드카라멜휘낭시에 먹었는데 맛있었어요. 짭짤+달달한 맛 잘 느껴져요. 서비스로 초코휘낭시에 주셨는데 그것도 맛있었어요. 겉바속촉!! 아이스아메리카노 완전 꼬소해요. 사장님 친절하세요! 가게는 작은 편이고 화장실은 밖에 있어요.
250282602,디저트다운,건대,카페 디저트,3.3,7,,,사진/영상 후기만 보기
250282602,디저트다운,건대,카페 디저트,3.3,7,,,2026.01.27.
250282602,디저트다운,건대,카페 디저트,3.3,7,,,2025.12.26.
250282602,디저트다운,건대,카페 디저트,3.3,7,,,2025.02.11.
250282602,디저트다운,건대,카페 디저트,3.3,7,,,2025.02.08.
1281616654,카페051 자양점,건대,카페 디저트,4.3,3,,,디저트로 마카롱도 있고 좋네요. 재방문 예정
1281616654,카페051 자양점,건대,카페 디저트,4.3,3,,,"크리스선물같은 귀여운 손그림 감사해요!
여기 제 최애 카페입니다
커피맛, 가성비 모두 최고 :)"
1281616654,카페051 자양점,건대,카페 디저트,4.3,3,,,"상가 주차장에 1시간 무료주차 되서 좋아요~
직원들도 친절하고 맛있어요"
1281616654,카페051 자양점,건대,카페 디저트,4.3,3,,,"동네카페답게 가격은 싼편이에요
연지 얼마안되서 깨끗하고 홀이 작으니까 테이크아웃추천이요
바닐라라떼사먹었는데 진짜 바닐라... 더보기"
1281616654,카페051 자양점,건대,카페 디저트,4.3,3,,,맛있어요 옵션도 자세히 선택할 수 있고. 근데 직원들마다 너무 다르게 만듦...
1281616654,카페051 자양점,건대,카페 디저트,4.3,3,,,○○○좋아
1281616654,카페051 자양점,건대,카페 디저트,4.3,3,,,주말 저녁에왔는데 나오는데 한세월임 ㅠ
1281616654,카페051 자양점,건대,카페 디저트,4.3,3,,,주말 남자직원분 친절하세요 전체적으로 가성비좋은거같아요
1281616654,카페051 자양점,건대,카페 디저트,4.3,3,,,가성비
1281616654,카페051 자양점,건대,카페 디저트,4.3,3,,,분위기
1281616654,카페051 자양점,건대,카페 디저트,4.3,3,,,사진/영상 후기만 보기
1281616654,카페051 자양점,건대,카페 디저트,4.3,3,,,2024.09.16.
1281616654,카페051 자양점,건대,카페 디저트,4.3,3,,,2024.12.24.
1281616654,카페051 자양점,건대,카페 디저트,4.3,3,,,2024.08.27.
1281616654,카페051 자양점,건대,카페 디저트,4.3,3,,,2026.03.25.
1281616654,카페051 자양점,건대,카페 디저트,4.3,3,,,2025.05.12.
1281616654,카페051 자양점,건대,카페 디저트,4.3,3,,,2025.03.09.
1281616654,카페051 자양점,건대,카페 디저트,4.3,3,,,2024.08.25.
912566590,카페 안데르센,건대,카페 디저트,4.7,14,,,후르츠산도는 과일이 생명이잖아요 과일이 싱싱하고 맛있어요 💛 그리고 유리빨대를 제공해주십니다 정성으로 만들고 지키는 가게들은 구석구석 티가 납니다 사장님도 다정하시고 멀지만 다시 오고싶은 곳이에요 잘먹었습니다 💛
912566590,카페 안데르센,건대,카페 디저트,4.7,14,,,카페가 아기자기하고 너무 귀여워요 ㅎㅎ 빵도 맛있어용
912566590,카페 안데르센,건대,카페 디저트,4.7,14,,,"맛, 가성비 둘 다 잡은 집 !!"
912566590,카페 안데르센,건대,카페 디저트,4.7,14,,,"소금빵 먹었는데 맛있었어요!
근데 앉아서 먹기엔 쫌 좁아용"
912566590,카페 안데르센,건대,카페 디저트,4.7,14,,,"분위기도 너무 좋고 메뉴 고민하니까 사장님께서 친절하고 이해하기 쉽게 설명, 추천 해주셔서 맛있게 잘 먹구 갑니다! (소금빵 진짜 맛있어요👍🏻) 후르츠산도도 상큼하니 맛나구 계절... 더보기"
912566590,카페 안데르센,건대,카페 디저트,4.7,14,,,"사장님이 너무 친절하시고 메뉴에 정성이 담겨 있는게 느껴져서 자주 찾게 되는 것 같아용
이번달 딸기요거트스무디가 메인이라 마셔봤는... 더보기"
912566590,카페 안데르센,건대,카페 디저트,4.7,14,,,갓구운 스콘과 커피 맛있어요 카야토스트도 좋은재료로 만들었다는 걸 바로 알 수 있었습니다 사장님도 너무 친절하시고 추천해요
912566590,카페 안데르센,건대,카페 디저트,4.7,14,,,"작고 아기자기한 카페인데 빵 종류도 꽤 되고 무엇보다 사장님이 친절하세요! 
소금빵 냄새 속에서 예쁜 가구에 둘러쌓여 커피한잔하기 너무나도 좋습니다 ..."
912566590,카페 안데르센,건대,카페 디저트,4.7,14,,,가게도 아기자기하고 예쁘고 디저트들도 하나같이 귀엽고 맛있었어요. 소금빵 추천합니다 🙂
912566590,카페 안데르센,건대,카페 디저트,4.7,14,,,복숭아 쥬스 꼭 드셔보세요. 매장에서 과일을 바로 컷팅하시고 갈아주시는 100% 쥬스의 맛은 정말 최고입니다! 이제서야 알게되어 아쉬울 정도로 시원하고 달달하고 무더운 여름에 딱 이네요
912566590,카페 안데르센,건대,카페 디저트,4.7,14,,,화장실만 빼면 완벽한 곳입니다...! 번창하셔서 가게 확장이전하셨음 좋겠어요>_<
912566590,카페 안데르센,건대,카페 디저트,4.7,14,,,빵 너무 맛있고 커피도 나쁘지않아요 사장님이 정말 친절하세요 매장 자체가 좀 작고 외부 화장실이 많이 불편하긴하지만 베이커리류가 정말 맛있습니다 안에 자그마하게 애기들 놀이공간이 있어서 아이 데리고 오시는분들한테도 좋을것같아요
912566590,카페 안데르센,건대,카페 디저트,4.7,14,,,분위기
912566590,카페 안데르센,건대,카페 디저트,4.7,14,,,가성비
912566590,카페 안데르센,건대,카페 디저트,4.7,14,,,사진/영상 후기만 보기
912566590,카페 안데르센,건대,카페 디저트,4.7,14,,,2023.10.13.
912566590,카페 안데르센,건대,카페 디저트,4.7,14,,,2025.07.20.
912566590,카페 안데르센,건대,카페 디저트,4.7,14,,,2025.02.05.
912566590,카페 안데르센,건대,카페 디저트,4.7,14,,,2025.11.29.
912566590,카페 안데르센,건대,카페 디저트,4.7,14,,,2024.10.13.
912566590,카페 안데르센,건대,카페 디저트,4.7,14,,,2023.02.23.
912566590,카페 안데르센,건대,카페 디저트,4.7,14,,,2023.02.22.
912566590,카페 안데르센,건대,카페 디저트,4.7,14,,,2025.07.12.
912566590,카페 안데르센,건대,카페 디저트,4.7,14,,,2025.07.01.
912566590,카페 안데르센,건대,카페 디저트,4.7,14,,,2024.08.01.
912566590,카페 안데르센,건대,카페 디저트,4.7,14,,,2021.10.08.
912566590,카페 안데르센,건대,카페 디저트,4.7,14,,,2020.11.02.
912566590,카페 안데르센,건대,카페 디저트,4.7,14,,,2025.02.27.
1688624513,타오디저트,건대,카페 디저트,0,0,,,후기 108
1688624513,타오디저트,건대,카페 디저트,0,0,,,후기 24
1688624513,타오디저트,건대,카페 디저트,0,0,,,후기 67
1688624513,타오디저트,건대,카페 디저트,0,0,,,후기 415
1745892454,히포디저트,건대,카페 디저트,,96,,,후기 25
1745892454,히포디저트,건대,카페 디저트,,96,,,후기 32
1745892454,히포디저트,건대,카페 디저트,,96,,,후기 215
1745892454,히포디저트,건대,카페 디저트,,96,,,후기 2
1745892454,히포디저트,건대,카페 디저트,,96,,,분위기
1745892454,히포디저트,건대,카페 디저트,,96,,,방문 목적
1745892454,히포디저트,건대,카페 디저트,,96,,,동반인
1404516671,카페그린24 자양점,건대,카페 디저트,0,2,,,후기 473
1404516671,카페그린24 자양점,건대,카페 디저트,0,2,,,후기 453
1404516671,카페그린24 자양점,건대,카페 디저트,0,2,,,후기 197
1404516671,카페그린24 자양점,건대,카페 디저트,0,2,,,후기 539
546467904,느긋 베이커리카페,건대,카페 디저트,3.5,124,,,"서울이지만 근교 놀러나온 듯한 느낌을 받을 수 있는 카페! 모든 빵이 수준급이에요
2층 테라스에 앉으면 참새들이 빵 부스러기 먹으러 날아드는데 ㄹㅇ 참새방앗간입니다 너무너무 귀여워요....."
546467904,느긋 베이커리카페,건대,카페 디저트,3.5,124,,,"점심시간 이후로 방문했는데 차분한 느낌의 분위기가 너무 좋고 창밖을 보는데 여행 온 느낌이 나서 친구랑 계속 강릉에 있는 기분이라고 했어요
햇살 들어올 때 가... 더보기"
546467904,느긋 베이커리카페,건대,카페 디저트,3.5,124,,,💚💚💚
546467904,느긋 베이커리카페,건대,카페 디저트,3.5,124,,,"평범한 맛임. 맛이없지도 있지도 않은 먹을만 함. 
맛 대비 가격은 비싼 느낌이라 다시 안갈듯"
546467904,느긋 베이커리카페,건대,카페 디저트,3.5,124,,,"아차산역 카페
얼대공원 후문 주차장 뷰
예전에 식당이었던 자리에 카페가 있... 더보기"
546467904,느긋 베이커리카페,건대,카페 디저트,3.5,124,,,"주말 오전에 갔는데 친절하고 깔끔한 분위기 좋았음. 앉았던 곳 말고 두개 공간 더 있던데 다 깔끔하고 점심쯤 되니 자리 많이 차기 시작함, 라떼파인데 고소한편이라 괜찮았고 빵이 꽤맛있음. 빵 종류 다양하고 맛있어서 한두개씩 먹으러 또 가볼만한 곳"
546467904,느긋 베이커리카페,건대,카페 디저트,3.5,124,,,"먹다 남은 커피, 빵 포장해달라니까
사장으로 보이는 남자분?
귀찮... 더보기"
546467904,느긋 베이커리카페,건대,카페 디저트,3.5,124,,,"아아는 무난,
빵이 다 맛있었어요~특히 크루아상! 

다만 나이프로 몽블랑 안 잘려서…... 더보기"
546467904,느긋 베이커리카페,건대,카페 디저트,3.5,124,,,"평일 낮 1시쯤 갔는데, 사람 그렇게 많은 것 같지 않은데 너무 시끄러워요 시장통임"
546467904,느긋 베이커리카페,건대,카페 디저트,3.5,124,,,밀크티 너무 연해요
546467904,느긋 베이커리카페,건대,카페 디저트,3.5,124,,,"어린이대공원 옆 보물같은 카페입니다~
사장님이 친절하시고 빵,커피 모두 맛있어요!"
546467904,느긋 베이커리카페,건대,카페 디저트,3.5,124,,,빵사러 가서 빵하나 고르고 자리에 좀 앉아서 먹어보고 6개 정도 사가려 했는데 알바생이 음료주문 안하면 매장이용 불가라하네요 옆에 사장님 같은분은 계산대에서 비키라고하고 ㅎㅎ 빵여러개 ... 더보기
546467904,느긋 베이커리카페,건대,카페 디저트,3.5,124,,,몽블랑 넘 맛있어요!!근처 갈 일 있으면 또 들를듯♡♡
546467904,느긋 베이커리카페,건대,카페 디저트,3.5,124,,,"단맛을 싫어해서 빵을 잘 안 먹는데  
이곳 빵은  기분 좋은 단맛이네요..  
살면서 이런 빵은 처... 더보기"
546467904,느긋 베이커리카페,건대,카페 디저트,3.5,124,,,"참 분위기 좋은 카페네요~~
사진에는 없지만 2층 테라스와 테이블 자리가 경관이 너무 좋네요~~
커피 맛있고... 더보기"
546467904,느긋 베이커리카페,건대,카페 디저트,3.5,124,,,불친절.
546467904,느긋 베이커리카페,건대,카페 디저트,3.5,124,,,알수없는 불친절..
546467904,느긋 베이커리카페,건대,카페 디저트,3.5,124,,,"나 진짜 나쁜말 잘 안적는데 여기 너무 별로에요
애견동반 되있어도 가보면 제한된 곳들도 있어서 전화하고 방문했고 테라스만 가능하다길래 자리여부 여쭤봤고 자리있다고해... 더보기"
546467904,느긋 베이커리카페,건대,카페 디저트,3.5,124,,,커피는 맛있는데 빵 진짜 별로예요.. 새우감바스빵 고추장 ㄹㅇ 장떡맛 남 ㅠㅠㅋ
546467904,느긋 베이커리카페,건대,카페 디저트,3.5,124,,,"당근라페 샌드위치와 커피를 마셨는데
당근라페가 간이 많이 심심해서 조금 아쉽습니다.
위치가 위치인지라 사람들이 많이 오가는곳이라
직원... 더보기"
546467904,느긋 베이커리카페,건대,카페 디저트,3.5,124,,,분위기
546467904,느긋 베이커리카페,건대,카페 디저트,3.5,124,,,가성비
546467904,느긋 베이커리카페,건대,카페 디저트,3.5,124,,,사진/영상 후기만 보기
546467904,느긋 베이커리카페,건대,카페 디저트,3.5,124,,,2026.04.21.
546467904,느긋 베이커리카페,건대,카페 디저트,3.5,124,,,2026.01.22.
546467904,느긋 베이커리카페,건대,카페 디저트,3.5,124,,,2025.07.13.
546467904,느긋 베이커리카페,건대,카페 디저트,3.5,124,,,2025.07.06.
546467904,느긋 베이커리카페,건대,카페 디저트,3.5,124,,,2025.01.01.
546467904,느긋 베이커리카페,건대,카페 디저트,3.5,124,,,2024.07.14.
546467904,느긋 베이커리카페,건대,카페 디저트,3.5,124,,,2025.09.17.
546467904,느긋 베이커리카페,건대,카페 디저트,3.5,124,,,2025.07.30.
546467904,느긋 베이커리카페,건대,카페 디저트,3.5,124,,,2025.06.15.
546467904,느긋 베이커리카페,건대,카페 디저트,3.5,124,,,2024.11.19.
546467904,느긋 베이커리카페,건대,카페 디저트,3.5,124,,,2024.09.22.
546467904,느긋 베이커리카페,건대,카페 디저트,3.5,124,,,2024.09.15.
546467904,느긋 베이커리카페,건대,카페 디저트,3.5,124,,,2024.08.31.
546467904,느긋 베이커리카페,건대,카페 디저트,3.5,124,,,2024.05.23.
546467904,느긋 베이커리카페,건대,카페 디저트,3.5,124,,,2024.04.25.
546467904,느긋 베이커리카페,건대,카페 디저트,3.5,124,,,2026.04.15.
546467904,느긋 베이커리카페,건대,카페 디저트,3.5,124,,,2026.04.13.
546467904,느긋 베이커리카페,건대,카페 디저트,3.5,124,,,2026.03.18.
546467904,느긋 베이커리카페,건대,카페 디저트,3.5,124,,,2026.01.20.
901787793,봉봉디저트카페,건대,카페 디저트,,22,,,후기 357
901787793,봉봉디저트카페,건대,카페 디저트,,22,,,후기 11
901787793,봉봉디저트카페,건대,카페 디저트,,22,,,후기 3
901787793,봉봉디저트카페,건대,카페 디저트,,22,,,후기 110
901787793,봉봉디저트카페,건대,카페 디저트,,22,,,분위기
901787793,봉봉디저트카페,건대,카페 디저트,,22,,,방문 목적
901787793,봉봉디저트카페,건대,카페 디저트,,22,,,동반인
1131229119,카페만월경 성동송정점,건대,카페 디저트,2.6,5,,,커피맛이야 커피맛이고 적당한 가격의 쉬었다갈만 한 무인카페. 24시가 장점.
1131229119,카페만월경 성동송정점,건대,카페 디저트,2.6,5,,,"카페는 괜찮은데… 음료가….
카페라떼 먹고 배아파서 복통 시달리는중이에요
인스턴트 커피맛. 프림범벅맛 ㅠㅠ"
1131229119,카페만월경 성동송정점,건대,카페 디저트,2.6,5,,,근처에 24시카페가 많이 없어서 골목이라 가기 힘들어도 밤샐때 종종 이용합니다 커피맛도 괜찮아요
1131229119,카페만월경 성동송정점,건대,카페 디저트,2.6,5,,,"경로당. 어르신들 정치 이야기 하러 오는 곳. 
지하에 공간 협소해서 소리가 뭉침.
진짜 시끄러워서 중간에 카페 나간 적 처음임."
1131229119,카페만월경 성동송정점,건대,카페 디저트,2.6,5,,,사진/영상 후기만 보기
1131229119,카페만월경 성동송정점,건대,카페 디저트,2.6,5,,,2024.08.30.
1131229119,카페만월경 성동송정점,건대,카페 디저트,2.6,5,,,2024.11.05.
1131229119,카페만월경 성동송정점,건대,카페 디저트,2.6,5,,,2024.08.04.
1131229119,카페만월경 성동송정점,건대,카페 디저트,2.6,5,,,2024.01.02.
1131229119,카페만월경 성동송정점,건대,카페 디저트,2.6,5,,,2026.01.03.
1894809228,우아한과일&카페 건대점,건대,카페 디저트,0,4,,,후기 215
1894809228,우아한과일&카페 건대점,건대,카페 디저트,0,4,,,후기 489
1894809228,우아한과일&카페 건대점,건대,카페 디저트,0,4,,,후기 371
1894809228,우아한과일&카페 건대점,건대,카페 디저트,0,4,,,후기 74
518064341,카페위켄드,건대,카페 디저트,0,8,,,후기 473
518064341,카페위켄드,건대,카페 디저트,0,8,,,후기 318
518064341,카페위켄드,건대,카페 디저트,0,8,,,후기 12
518064341,카페위켄드,건대,카페 디저트,0,8,,,후기 22
518064341,카페위켄드,건대,카페 디저트,0,8,,,분위기
518064341,카페위켄드,건대,카페 디저트,0,8,,,방문 목적
518064341,카페위켄드,건대,카페 디저트,0,8,,,동반인
26409926,카페드림 세종대학교동천관점,건대,카페 디저트,4,0,,,"콘치즈계란빵, 👏🏻👍🏻"
26409926,카페드림 세종대학교동천관점,건대,카페 디저트,4,0,,,사진/영상 후기만 보기
26409926,카페드림 세종대학교동천관점,건대,카페 디저트,4,0,,,2025.11.07.
1295730014,라크렘디저트랩,건대,카페 디저트,0,0,,,후기 516
1295730014,라크렘디저트랩,건대,카페 디저트,0,0,,,후기 262
1295730014,라크렘디저트랩,건대,카페 디저트,0,0,,,후기 303
1295730014,라크렘디저트랩,건대,카페 디저트,0,0,,,후기 1076
1238845838,디저트39 강변역점,건대,카페 디저트,4.4,84,,,"디저트 맛집이에요~ 
케익과 브라우니 맛있네요 매장도 넓고 좋네요
손님 없는 시간이었는데 케익이 한참 걸려나와서 만드시는줄 알았네요ㅎㅎㅎ"
1238845838,디저트39 강변역점,건대,카페 디저트,4.4,84,,,"생긴지 얼마 안된 카페더라구요?!
엄청 비쌀줄 알았는데 진짜 저렴해서 깜놀했고, 맛있어서 또 놀랐습니다..
무엇보다 사진 개맛집이에욤... 사진만 찍다가 온 것 같아욬ㅋㅋㅋㅋㅋ 또 올게욥"
1238845838,디저트39 강변역점,건대,카페 디저트,4.4,84,,,평일 오전에 계시는 여성분이 사장님이신가요? 너무 친절하셔요. 덕분에 기분 좋게 커피 마셨습니다!
1238845838,디저트39 강변역점,건대,카페 디저트,4.4,84,,,"배달맛집.다른지점보다 여기가 포장, 맛 퀄리티 굿~~"
1238845838,디저트39 강변역점,건대,카페 디저트,4.4,84,,,가성비
1238845838,디저트39 강변역점,건대,카페 디저트,4.4,84,,,분위기
1238845838,디저트39 강변역점,건대,카페 디저트,4.4,84,,,사진/영상 후기만 보기
1238845838,디저트39 강변역점,건대,카페 디저트,4.4,84,,,2023.10.28.
1238845838,디저트39 강변역점,건대,카페 디저트,4.4,84,,,2023.06.05.
1238845838,디저트39 강변역점,건대,카페 디저트,4.4,84,,,2025.08.25.
1238845838,디저트39 강변역점,건대,카페 디저트,4.4,84,,,2023.09.17.
1238845838,디저트39 강변역점,건대,카페 디저트,4.4,84,,,2025.10.07.
1238845838,디저트39 강변역점,건대,카페 디저트,4.4,84,,,2024.05.29.
1238845838,디저트39 강변역점,건대,카페 디저트,4.4,84,,,2024.04.28.
1375695497,카페씨떼,건대,카페 디저트,3.1,238,,,너무 시끄럽고 소리도 울리고 중국인도 많고 ㅜㅜ 재방문 절대 ㄴㄴ
1375695497,카페씨떼,건대,카페 디저트,3.1,238,,,"분위기랑 인테리어 디자인은 정말 좋아서 데이트 코스로는 좋음. 
단 테이블이 전부 낮고 등받이도 딱딱해서 편하게 책도 읽고 오래 있으려는 사람에게는 비추"
1375695497,카페씨떼,건대,카페 디저트,3.1,238,,,커피 원두 종류가 많아서 좋고 타르트류가 맛있어요! 직원분들도 친절하심
1375695497,카페씨떼,건대,카페 디저트,3.1,238,,,트래이 음.. 미세플라스틱 돈내고 흡입해야하는 느낌같은느낌..
1375695497,카페씨떼,건대,카페 디저트,3.1,238,,,무스케이크가 너무 맛있어요!!
1375695497,카페씨떼,건대,카페 디저트,3.1,238,,,성수동 대림창고를 뷰로둔 카페에요. 대림창고 앞으로 지나다니는 사람들 구경하는 재미가 있어요~ 커피와 디저트도 맛있고 안내해주시는 분들도 친절하고 매장도 깨끗합니다! 분위기도 좋고 전반적으로 마음에 드는 카페네요!
1375695497,카페씨떼,건대,카페 디저트,3.1,238,,,"직접 만드는게 맞나 싶을 정도로 맛없는 케이크 ... 우리 테이블 뿐만 아니라 다 남겼던데 가격은 엄청 비싸면서 맛은 왜 그런지
난방이 하나도 안돼서 덜덜 떨면서 앉아있다가 감기걸리고 왔음 👍"
1375695497,카페씨떼,건대,카페 디저트,3.1,238,,,"두 번 방문했고, 한적할 때 방문해서 그런가
전 좋았습니다.
디저트 가격 너무 비싸요ㅜ"
1375695497,카페씨떼,건대,카페 디저트,3.1,238,,,시그니처는 혈당 싹 오르는 맛 시즌메뉴인 말차가 진하고 씁쓸 말차라 좋았음
1375695497,카페씨떼,건대,카페 디저트,3.1,238,,,"1. 분위기: 통창이 있어 탁 트인 느낌과 전체적으로 우드톤이어서 안정감있음

2... 더보기"
1375695497,카페씨떼,건대,카페 디저트,3.1,238,,,"여기다녀온뒤로 감기몸살 심하게 걸렸습니다‼️
보상이라도 요구하고싶은 심정이에요.
밖이 추워서 몸좀 녹이려고 들어... 더보기"
1375695497,카페씨떼,건대,카페 디저트,3.1,238,,,"1층이 추워서 미쳐버릴거같아요 

커피를 먹는건지 얼음덩어릴 먹는건지 따뜻한 커... 더보기"
1375695497,카페씨떼,건대,카페 디저트,3.1,238,,,중국인들 많고 시끄럽고 자리가 너무 불편해요...직원분들 표정도 많이 굳어있고 친절함이 좀 부족하네요..
1375695497,카페씨떼,건대,카페 디저트,3.1,238,,,테이크아웃해서 먹긴 가격은 비싸요 하지만 여기처럼 맛있는 커피 처음 이네요 라이트 다크 다 맛있어요 디카페인 두유라떼도 여기가 젤로 맛있구요 ^^
1375695497,카페씨떼,건대,카페 디저트,3.1,238,,,분위기
1375695497,카페씨떼,건대,카페 디저트,3.1,238,,,사진/영상 후기만 보기
1375695497,카페씨떼,건대,카페 디저트,3.1,238,,,2025.08.17.
1375695497,카페씨떼,건대,카페 디저트,3.1,238,,,2025.07.25.
1375695497,카페씨떼,건대,카페 디저트,3.1,238,,,2025.03.31.
1375695497,카페씨떼,건대,카페 디저트,3.1,238,,,2025.03.30.
1375695497,카페씨떼,건대,카페 디저트,3.1,238,,,2025.03.28.
1375695497,카페씨떼,건대,카페 디저트,3.1,238,,,2025.03.23.
1375695497,카페씨떼,건대,카페 디저트,3.1,238,,,2025.12.30.
1375695497,카페씨떼,건대,카페 디저트,3.1,238,,,2025.09.22.
1375695497,카페씨떼,건대,카페 디저트,3.1,238,,,2025.08.19.
1375695497,카페씨떼,건대,카페 디저트,3.1,238,,,2025.05.02.
1375695497,카페씨떼,건대,카페 디저트,3.1,238,,,2026.01.30.
1375695497,카페씨떼,건대,카페 디저트,3.1,238,,,2026.01.20.
1375695497,카페씨떼,건대,카페 디저트,3.1,238,,,2025.08.30.
1375695497,카페씨떼,건대,카페 디저트,3.1,238,,,2025.03.29.
1375695497,카페씨떼,건대,카페 디저트,3.1,238,,,2025.11.20.
1375695497,카페씨떼,건대,카페 디저트,3.1,238,,,2025.07.19.
25049102,해주냉면,잠실,한식,3.5,216,,,"점심시간에 10-20분쯤 대기해서 먹음.
이번이 3번째쯤 와보는 거 같은데 맛있음.
매운걸 좋아하는데 여기는... 더보기"
25049102,해주냉면,잠실,한식,3.5,216,,,"주차할 자리가 없어 건너편 공영주차장에 대고 감
돌아오니 주차 자리가 났다 아쉬웠지만 어쩌... 더보기"
25049102,해주냉면,잠실,한식,3.5,216,,,"징짜 너무 맛있다구요 !! ! !!! !!!!
전날 술 오지게 마시고 좀비 마냥 가서 해장하면 알콜 땀으로 다 분해 될거같은 매움이에요"
25049102,해주냉면,잠실,한식,3.5,216,,,"개인적인 의견입니다.
 저는 맵게먹는것을 좋아해서 불닭볶음면을 자주먹고 먹을때 고춧가루를 많이 그리고 청양고추도 넣어서 먹는편입니다.
 비빔냉면 보통을 시켜먹었는데 , ... 더보기"
25049102,해주냉면,잠실,한식,3.5,216,,,"비빔냉면에 육수 넣을거냐 물어보시는데 당근 넣구요. 설명서대로 해먹어야 찐으로 맛있습니다!! 물만두랑 계란추가 꼭 하세요!!
아 너무 매워하니까 ... 더보기"
25049102,해주냉면,잠실,한식,3.5,216,,,"비빔냉면 시키면 육수 부어서 줄지 물어보시는데, 부어서 먹어야 덜 매울 것 같아요! 그리고 양념장 조금 덜어서 먹었더니 견딜만하게 매웠어요.(그래도 나중에 배는 조금 아팠음) 맛은 좀 부족한가 싶었는데 설탕 식초... 더보기"
25049102,해주냉면,잠실,한식,3.5,216,,,"죽기전에 마지막으로 뭐 먹을거냐고하면 고민없이 해주냉면에 물만두 싸먹고 죽을거라할거임
저랑 평생 가시죠"
25049102,해주냉면,잠실,한식,3.5,216,,,"이걸 왜 먹어... 독한사람들.... 아주 지독한... 
그저 무식하게 맵기만한 맛"
25049102,해주냉면,잠실,한식,3.5,216,,,덜 매워서 양념장 넣고 죽는줄 알았다 매운냉면중 최고
25049102,해주냉면,잠실,한식,3.5,216,,,"역시 해주냉면 오랜만에 와도 맛있습니다
주차는 근처 공영주차장에 하시구요
냉면은 앉... 더보기"
25049102,해주냉면,잠실,한식,3.5,216,,,비빔냉면
25049102,해주냉면,잠실,한식,3.5,216,,,"비빔냉면 - 많이 맵다. 도전이 아니라면 덜 맵게 주문
물만두 - 그냥저냥"
25049102,해주냉면,잠실,한식,3.5,216,,,겨울에도 생각나는 맛집이에요!! 써있는대로 제저해서 먹는게 젤 맛있어용!!
25049102,해주냉면,잠실,한식,3.5,216,,,자꾸 생각나는 그 맛 매운 냉면중에 탑티어이지 않나 싶음
25049102,해주냉면,잠실,한식,3.5,216,,,"가격이 좀 올랐습니다

비빔먹었는데 속이 좀 쓰리고 입이 헐거 같... 더보기"
25049102,해주냉면,잠실,한식,3.5,216,,,"맛있는데 너무 매워요
엽떡 오리지널 정도는 껌으로 먹는 사람이라 비빔으로 냅다 시켰다가 다음 날 업보빔 맞았... 더보기"
25049102,해주냉면,잠실,한식,3.5,216,,,벽에 테이블이 일자로 있어서 혼밥하기 좋아요. 비빔냉면은 많이 맵습니다 ㅠ
25049102,해주냉면,잠실,한식,3.5,216,,,해주냉면 육수는 최고!!! 해장에 제일~
25049102,해주냉면,잠실,한식,3.5,216,,,"냉면 덕후라서 기준점이 흥남집,우래옥인데 이 집은 클래식한 스타일이라서 너무 좋았습니다만 비빔냉면은 시판 양념에 비해서는 많이 매운 편이고 물냉면은 평양냉면 스타일... 더보기"
25049102,해주냉면,잠실,한식,3.5,216,,,가성비
25049102,해주냉면,잠실,한식,3.5,216,,,분위기
25049102,해주냉면,잠실,한식,3.5,216,,,사진/영상 후기만 보기
25049102,해주냉면,잠실,한식,3.5,216,,,2026.04.18.
25049102,해주냉면,잠실,한식,3.5,216,,,2026.04.09.
25049102,해주냉면,잠실,한식,3.5,216,,,2026.04.08.
25049102,해주냉면,잠실,한식,3.5,216,,,2025.04.12.
25049102,해주냉면,잠실,한식,3.5,216,,,2024.10.26.
25049102,해주냉면,잠실,한식,3.5,216,,,2024.09.28.
25049102,해주냉면,잠실,한식,3.5,216,,,2024.09.05.
25049102,해주냉면,잠실,한식,3.5,216,,,2024.09.02.
25049102,해주냉면,잠실,한식,3.5,216,,,2024.07.08.
25049102,해주냉면,잠실,한식,3.5,216,,,2024.06.08.
25049102,해주냉면,잠실,한식,3.5,216,,,2024.06.02.
25049102,해주냉면,잠실,한식,3.5,216,,,2024.03.01.
25049102,해주냉면,잠실,한식,3.5,216,,,2023.12.29.
25049102,해주냉면,잠실,한식,3.5,216,,,2023.12.20.
25049102,해주냉면,잠실,한식,3.5,216,,,2023.09.23.
25049102,해주냉면,잠실,한식,3.5,216,,,2023.09.06.
25049102,해주냉면,잠실,한식,3.5,216,,,2023.07.23.
25049102,해주냉면,잠실,한식,3.5,216,,,2023.07.15.
25049102,해주냉면,잠실,한식,3.5,216,,,2023.06.09.
25049102,해주냉면,잠실,한식,3.5,216,,,2023.04.22.
16082320,늘푸른목장 잠실본점,잠실,한식,3.6,425,,,"맛 괜찮음
미역국도 맛있음"
16082320,늘푸른목장 잠실본점,잠실,한식,3.6,425,,,"26.03.20.
오늘 면접 끝나구 진 빠져서 같는데 너무 맛있어요! 
한 4번째 재방문되는 거... 더보기"
16082320,늘푸른목장 잠실본점,잠실,한식,3.6,425,,,"고기 맛있다
미역국도 맛있다
강아지가 알바 끝났다고 사줘서 더 맛있었다"
16082320,늘푸른목장 잠실본점,잠실,한식,3.6,425,,,맛잇아요
16082320,늘푸른목장 잠실본점,잠실,한식,3.6,425,,,"단골이라 그런지 불친절하단 느낌은 받은 적 없음. 바빠도 이것저것 부탁드리는거 빠르게 갖다주심. 
지방에서 식음... 더보기"
16082320,늘푸른목장 잠실본점,잠실,한식,3.6,425,,,"엘지와 두산.. 경기를 보러 종합운동장을 간 날
비록 내가 응원하였던 두산은 졌기에 우울해졌지만, 입과 내 속은 우울할 순 없지😎 신천 먹골에 들어가면 항상 웨이팅이 있는 소고기 집은 늘푸른목장이었습니다... 더보기"
16082320,늘푸른목장 잠실본점,잠실,한식,3.6,425,,,"갈비살 별로 안좋아하는데 먹고 반한 곳입니다
너무 맛있어요 술밥은 그럭저럭 고기만 보고 가는 집"
16082320,늘푸른목장 잠실본점,잠실,한식,3.6,425,,,가족과 함께 갔는데 입맛 까다로운 엄마도 만족했습다ㅎㅎ 너무 맛있고 직원분들도 친절하네요~
16082320,늘푸른목장 잠실본점,잠실,한식,3.6,425,,,"가성비는 아니지만 진짜 맛은 인정이다 
사장님도 너무 친절하심
복분자킬러입니다."
16082320,늘푸른목장 잠실본점,잠실,한식,3.6,425,,,맛있다고.....? 평범 그 미만인데 ㅜㅜ 양도 너무 적고 왜 줄서먹죠..? ㅋㅋ진짜 완전 개창렬. 고기가 부드럽다는데 이 날은 잘못 골랐나....
16082320,늘푸른목장 잠실본점,잠실,한식,3.6,425,,,맛있고 친절하신데.. 너무 비싸요 회사돈 아니면 못올듯^_ㅠ
16082320,늘푸른목장 잠실본점,잠실,한식,3.6,425,,,진짜 맛있지만 서비스정신은 없음.
16082320,늘푸른목장 잠실본점,잠실,한식,3.6,425,,,"갈비, 밑반찬, 미역국 퀄리티 높아서 맛있게 먹었고 사장님 및 직원분들의 친절도에도 감탄하고 갑니다"
16082320,늘푸른목장 잠실본점,잠실,한식,3.6,425,,,"좋아했던 식당인데, 고기 질이 많이 변한 것 같습니다
바로바로 썰어주신다고 했는데, ... 더보기"
16082320,늘푸른목장 잠실본점,잠실,한식,3.6,425,,,"다음(카카오)후기는 찐이다.  4대 중점요소 판단.

맛 : 7/10 엄청나게 맛있는건 아니고 그냥 먹을만하다. 고기가 전반적으로 좋지만... 더보기"
16082320,늘푸른목장 잠실본점,잠실,한식,3.6,425,,,"고기 된장술밥 다 맛있는데
특히 미역국이 대박
고기도 부... 더보기"
16082320,늘푸른목장 잠실본점,잠실,한식,3.6,425,,,"고기 맛있다
육회도 신선하다
미역국 나이스"
16082320,늘푸른목장 잠실본점,잠실,한식,3.6,425,,,맛있고 좋은데 고기 추가에만 서비스 빠르신 것 같아요...지나가면서 고기 추가 했는지 확인 및 주문 받으러 돌아다니는 느낌. 그 외에는 응대가 느린 인상을 받았습니다. 그래서 별점 하나 뺍니다.
16082320,늘푸른목장 잠실본점,잠실,한식,3.6,425,,,"맛은 쏘쏘,, 가격 대비 가성비가 좋진 않은 것 같아여"
16082320,늘푸른목장 잠실본점,잠실,한식,3.6,425,,,분위기
16082320,늘푸른목장 잠실본점,잠실,한식,3.6,425,,,가성비
16082320,늘푸른목장 잠실본점,잠실,한식,3.6,425,,,사진/영상 후기만 보기
16082320,늘푸른목장 잠실본점,잠실,한식,3.6,425,,,2026.05.01.
16082320,늘푸른목장 잠실본점,잠실,한식,3.6,425,,,2026.03.20.
16082320,늘푸른목장 잠실본점,잠실,한식,3.6,425,,,2026.01.16.
16082320,늘푸른목장 잠실본점,잠실,한식,3.6,425,,,2025.08.09.
16082320,늘푸른목장 잠실본점,잠실,한식,3.6,425,,,2025.05.31.
16082320,늘푸른목장 잠실본점,잠실,한식,3.6,425,,,2025.04.13.
16082320,늘푸른목장 잠실본점,잠실,한식,3.6,425,,,2025.02.10.
16082320,늘푸른목장 잠실본점,잠실,한식,3.6,425,,,2024.08.08.
16082320,늘푸른목장 잠실본점,잠실,한식,3.6,425,,,2024.05.19.
16082320,늘푸른목장 잠실본점,잠실,한식,3.6,425,,,2024.04.16.
16082320,늘푸른목장 잠실본점,잠실,한식,3.6,425,,,2023.05.12.
16082320,늘푸른목장 잠실본점,잠실,한식,3.6,425,,,2023.01.05.
16082320,늘푸른목장 잠실본점,잠실,한식,3.6,425,,,2022.11.20.
16082320,늘푸른목장 잠실본점,잠실,한식,3.6,425,,,2026.02.22.
16082320,늘푸른목장 잠실본점,잠실,한식,3.6,425,,,2025.07.02.
16082320,늘푸른목장 잠실본점,잠실,한식,3.6,425,,,2025.05.18.
16082320,늘푸른목장 잠실본점,잠실,한식,3.6,425,,,2025.04.28.
16082320,늘푸른목장 잠실본점,잠실,한식,3.6,425,,,2025.02.01.
16082320,늘푸른목장 잠실본점,잠실,한식,3.6,425,,,2024.08.16.
16082320,늘푸른목장 잠실본점,잠실,한식,3.6,425,,,2024.01.18.
14878561,남경막국수 가족1,잠실,한식,3.7,287,,,다진마늘이 품은 감칠맛을 온전히 느끼는 육수.
14878561,남경막국수 가족1,잠실,한식,3.7,287,,,면발이나 육수나 좀 아쉬움.
14878561,남경막국수 가족1,잠실,한식,3.7,287,,,맛있어요 또 갈 거심
14878561,남경막국수 가족1,잠실,한식,3.7,287,,,이게 k파스타다
14878561,남경막국수 가족1,잠실,한식,3.7,287,,,면도 국물도 예전에 비해 퇴보한 느낌
14878561,남경막국수 가족1,잠실,한식,3.7,287,,,"가게 깔끔하고 들막 곤막 수육 먹었는데 수육은 고기잡내 안나고 아주 잘삶아졌음 탱글하고 부드럽도 식감이 아주 좋음 야채도 새콤달콤 아주 맛있음
막국수는 둘다 맛있었는... 더보기"
14878561,남경막국수 가족1,잠실,한식,3.7,287,,,"면 탄성도 적당하고
수육 익힘정도도 딱 좋고
만두도... 더보기"
14878561,남경막국수 가족1,잠실,한식,3.7,287,,,"예전에 골목에 있을 때부터 잘 먹었는데, 여기는 시간이 갈 수록 더 맛있네요.
수육도 맛있도, 국수류도 뭘 선택해야 할지 고민이 될 만큼 다 개성있게 맛있어요. 앞으로도 영원했으면 하네요."
14878561,남경막국수 가족1,잠실,한식,3.7,287,,,"물막국수와 감자전 맛은 보통~
들깨막국수는 
고소한 들깨맛이 느껴져서 그나마 괜찮음~"
14878561,남경막국수 가족1,잠실,한식,3.7,287,,,"들깨가루 많아서 맛있어요.
아쉬운건 살짝 비싸다는거"
14878561,남경막국수 가족1,잠실,한식,3.7,287,,,비빔막국수 곱빼기 / 메밀손만두
14878561,남경막국수 가족1,잠실,한식,3.7,287,,,"들기름 막국수 찐찐 맛있었음
주문할땐 가격이 비싸다 생각했는데 맛있어서 용서됐음"
14878561,남경막국수 가족1,잠실,한식,3.7,287,,,"헛걸음 방지용~임시 휴무일 확인하세염


들기름 막국수 처음 먹어보는게 맛... 더보기"
14878561,남경막국수 가족1,잠실,한식,3.7,287,,,"곤막, 들막 둘 다 맛있었는데 전 곤막이 더 맛있었어요 ㅎㅎㅎ 조금 단것 같기도?  수육과 겉절이 진짜 최고구요. 넘넘 좋았어요!"
14878561,남경막국수 가족1,잠실,한식,3.7,287,,,이사 가고 아쉬워짐. 전병도 안 팜.
14878561,남경막국수 가족1,잠실,한식,3.7,287,,,대존맛 미쳤음 막국수 전국 넘버원이예요. 철원에서 엄청 유명한 막국수집도 반해서 먹고 왔는데 여긴 그냥 ㅠㅠ 최곱니다 ㅋㅋ 보쌈도 넘 맛있긴 한데 가격에 비해서 양이 넘 적어서 ㅠ 그것 빼곤 그냥 최고요 ㅋㅋ 담엔 물/비빔으로 먹어보렵니다
14878561,남경막국수 가족1,잠실,한식,3.7,287,,,기대 이하였던 무난한 막국수였습니다. 그래도 면 양이 많아 배불리 먹을 수 있었습니다.
14878561,남경막국수 가족1,잠실,한식,3.7,287,,,엥 .. 다른 리뷰들이랑 다르게 엄청 친절하시구 맛있었습니다!!
14878561,남경막국수 가족1,잠실,한식,3.7,287,,,"대박 맛있름,,,,,,, 최고,,,,,,,,,,
들기름 막국수는 날 행복하게해... ㅠㅠ"
14878561,남경막국수 가족1,잠실,한식,3.7,287,,,"위치를 옮겨서 더 가기가 수월해짐
홀 인원이 적어서 음식 주문이나 서빙이 미흡하나, 음식은 여전히 맛있음"
14878561,남경막국수 가족1,잠실,한식,3.7,287,,,분위기
14878561,남경막국수 가족1,잠실,한식,3.7,287,,,가성비
14878561,남경막국수 가족1,잠실,한식,3.7,287,,,사진/영상 후기만 보기
14878561,남경막국수 가족1,잠실,한식,3.7,287,,,2026.04.19.
14878561,남경막국수 가족1,잠실,한식,3.7,287,,,2026.03.23.
14878561,남경막국수 가족1,잠실,한식,3.7,287,,,2026.02.27.
14878561,남경막국수 가족1,잠실,한식,3.7,287,,,2025.12.10.
14878561,남경막국수 가족1,잠실,한식,3.7,287,,,2025.07.20.
14878561,남경막국수 가족1,잠실,한식,3.7,287,,,2025.07.07.
14878561,남경막국수 가족1,잠실,한식,3.7,287,,,2025.06.28.
14878561,남경막국수 가족1,잠실,한식,3.7,287,,,2025.06.05.
14878561,남경막국수 가족1,잠실,한식,3.7,287,,,2025.05.24.
14878561,남경막국수 가족1,잠실,한식,3.7,287,,,2025.04.27.
14878561,남경막국수 가족1,잠실,한식,3.7,287,,,2025.03.21.
14878561,남경막국수 가족1,잠실,한식,3.7,287,,,2025.02.16.
14878561,남경막국수 가족1,잠실,한식,3.7,287,,,2024.12.27.
14878561,남경막국수 가족1,잠실,한식,3.7,287,,,2024.12.23.
14878561,남경막국수 가족1,잠실,한식,3.7,287,,,2024.06.21.
14878561,남경막국수 가족1,잠실,한식,3.7,287,,,2024.05.16.
14878561,남경막국수 가족1,잠실,한식,3.7,287,,,2024.05.12.
14878561,남경막국수 가족1,잠실,한식,3.7,287,,,2024.04.13.
14878561,남경막국수 가족1,잠실,한식,3.7,287,,,2024.02.04.
12347827,담은갈비 송파잠실점,잠실,한식,4.3,374,,,잠실놀러갔다가 갈비먹고싶어서 담은갈비 들러봤는데 갈비 질이 너무좋고 특히 셀프바에 떡볶이가 너무맛있었어욤
12347827,담은갈비 송파잠실점,잠실,한식,4.3,374,,,여기 고기 너무 맛나요ㅋㅋㅋ단호박 무스랑 샐러드 추천합니다!!ㅎㅎ 너무 맛있게  잘 먹고 왔어용^^ 기본적으로 음식들이 이쁘게 나오는것 같아요 사진 필수 입니다ㅋㅋㅋ 맛도 좋고 깔끔하고 이쁘고 다 만족스럽네요ㅎㅎ
12347827,담은갈비 송파잠실점,잠실,한식,4.3,374,,,소갈비살과 양념돼지갈비 먹었는데 나쁘지 않은 맛. 밑찬 맛있고 서버분들 친절한 편이에요. 쌈채소랑은 셀프바 이용해야하는데 처음에 안내해주면 좋겠어요. 후식 냉면양이 많은편이고 누룽지 상당히 맛있는데 양을 줄이고... 더보기
12347827,담은갈비 송파잠실점,잠실,한식,4.3,374,,,"부모님 모시고 파불고기 점심특선 먹었어요. 
테이블에 세팅되는 반찬이 플레이팅이 잘 되어있고, 셀프바에 있는 찬들도 다 맛있었어요. 
음식 하나하나 성의... 더보기"
12347827,담은갈비 송파잠실점,잠실,한식,4.3,374,,,룸마다 서버분이 밀착 케어해주시니 너무 편하네요 지하 1층 공간이 생각보다 훨씬 넓고 쾌적해서 단체 대관이나 큰 행사 하기에도 최적의 장소인 것 같습니다 🙌
12347827,담은갈비 송파잠실점,잠실,한식,4.3,374,,,30년 경력 장인의 손길이 닿은 수제 갈비는 물론이고 주문 즉시 뽑아주는 함흥냉면이 정말 별미예요! 살얼음 동동 뜬 육수가 속까지 시원해지는 게 정통 냉면의 진수를 맛보고 왔네요ㅎㅎ 예약 우선제라 미리 연락하고 가시길 추천드려요!
12347827,담은갈비 송파잠실점,잠실,한식,4.3,374,,,저 돼지갈비 진짜 좋아하는데 여기 돼지갈비는 특히 더 기억나네요. 양념이 완전 제스타일!!! 가성비도 좋아서 완전 든든하게 배채우고 갑니다 존맛!!!
12347827,담은갈비 송파잠실점,잠실,한식,4.3,374,,,"잠실 종합운동장에서 신나게 엘지 명품경기보고 고기땡겨서 바로 뒷풀이하러갔는데 버스로 6분밖에 안걸리는! 담은갈비가서 갈비먹었는데 너무 맛있고,,, 후식 냉면까지 깔끔하게 먹어서 좋았습니다 😋"
12347827,담은갈비 송파잠실점,잠실,한식,4.3,374,,,야구장 가기 전에 든든하게 배 채우러 옴. 여기서 힘내서 응원하러 갑니다!
12347827,담은갈비 송파잠실점,잠실,한식,4.3,374,,,"오랜만의 가족 행사였는데, 맛있는 음식과 훌륭한 서비스 덕분에 모두가 행복한 시간을 보냈습니다."
12347827,담은갈비 송파잠실점,잠실,한식,4.3,374,,,"육즙 가득한 갈비 맛은 물론, 세심한 서비스까지 더해져 잊지 못할 기념일을 보냈습니다. 데이트 장소로도 최고🫶"
12347827,담은갈비 송파잠실점,잠실,한식,4.3,374,,,우리끼리만 쓰는 단독 공간이라 건배사 외치고 떠들어도 눈치 안 보이고 넘 편했음
12347827,담은갈비 송파잠실점,잠실,한식,4.3,374,,,셀프 코너 음식들도 관리가 잘 되어 있어 기분 좋게 식사하고 왔습니다.
12347827,담은갈비 송파잠실점,잠실,한식,4.3,374,,,"갈비 양념이 진짜 깊어요. 알고 보니 전통 씨육장에 72시간이나 숙성했다고 하던데, 그래서인지 감칠맛이 장난 아닙니다."
12347827,담은갈비 송파잠실점,잠실,한식,4.3,374,,,"연초라 시끄러운 곳 싫었는데, 여기 프라이빗 룸 진짜 대박! 🤫 우리끼리만 조용히 숯불갈비 구워 먹으니까 대화하기도 편하고 분위기 깡패임 ✨"
12347827,담은갈비 송파잠실점,잠실,한식,4.3,374,,,"비즈니스 미팅 겸 식사로 방문했는데 전담 서버가 있어서 편하게 잘이용했습니다 !
테이블 오더 시스템과 빔프로젝터가 잘 갖춰... 더보기"
12347827,담은갈비 송파잠실점,잠실,한식,4.3,374,,,"지하 1층이 프라이빗룸 전용이라 조용하게 식사하기 좋습니다
모임 자리라 분위기가 중요했는데 룸이 잘 분리돼 있어 대화하기 정말 편했습니다
고기 상태도 좋아서 굽는 내내 향이 좋고 맛도 깔끔했어요 ㅎ"
12347827,담은갈비 송파잠실점,잠실,한식,4.3,374,,,"회식 장소로 추천받아 갔는데 분위기도 괜찮고 갈비 맛도 좋네요
숯불 향이 좋네요 ㅎㅎ 고기 질 대비 가격도 괜찮은 편이라 가성비 좋다고 느꼈어요 
잘먹고갑니다~"
12347827,담은갈비 송파잠실점,잠실,한식,4.3,374,,,"반찬도 잡채, 샐러드 등 한 상 가득 푸짐하게 나오고 간도 딱 맞아요. 고기는 입에서 살살 녹음!"
12347827,담은갈비 송파잠실점,잠실,한식,4.3,374,,,"고기 잡내 없고 육즙이 살아있어서 맛있게 먹었어요
반찬들도 맛나구요!!! 
여긴 사이드 메뉴들이나 식사류까지 잘나와서 항상 실패없이 먹고 갑니다 ㅎㅎ"
12347827,담은갈비 송파잠실점,잠실,한식,4.3,374,,,가성비
12347827,담은갈비 송파잠실점,잠실,한식,4.3,374,,,분위기
12347827,담은갈비 송파잠실점,잠실,한식,4.3,374,,,사진/영상 후기만 보기
12347827,담은갈비 송파잠실점,잠실,한식,4.3,374,,,2026.03.04.
12347827,담은갈비 송파잠실점,잠실,한식,4.3,374,,,2025.07.11.
12347827,담은갈비 송파잠실점,잠실,한식,4.3,374,,,2024.12.22.
12347827,담은갈비 송파잠실점,잠실,한식,4.3,374,,,2023.12.05.
12347827,담은갈비 송파잠실점,잠실,한식,4.3,374,,,2026.04.15.
12347827,담은갈비 송파잠실점,잠실,한식,4.3,374,,,2026.04.09.
12347827,담은갈비 송파잠실점,잠실,한식,4.3,374,,,2026.02.25.
12347827,담은갈비 송파잠실점,잠실,한식,4.3,374,,,2026.02.23.
12347827,담은갈비 송파잠실점,잠실,한식,4.3,374,,,2026.02.13.
12347827,담은갈비 송파잠실점,잠실,한식,4.3,374,,,2026.02.09.
12347827,담은갈비 송파잠실점,잠실,한식,4.3,374,,,2026.02.06.
12347827,담은갈비 송파잠실점,잠실,한식,4.3,374,,,2026.01.15.
12347827,담은갈비 송파잠실점,잠실,한식,4.3,374,,,2026.01.07.
12347827,담은갈비 송파잠실점,잠실,한식,4.3,374,,,2026.01.05.
12347827,담은갈비 송파잠실점,잠실,한식,4.3,374,,,2026.01.02.
12347827,담은갈비 송파잠실점,잠실,한식,4.3,374,,,2025.12.26.
12347827,담은갈비 송파잠실점,잠실,한식,4.3,374,,,2025.12.23.
12347827,담은갈비 송파잠실점,잠실,한식,4.3,374,,,2025.12.17.
12347827,담은갈비 송파잠실점,잠실,한식,4.3,374,,,2025.12.16.
12347827,담은갈비 송파잠실점,잠실,한식,4.3,374,,,2025.12.15.
27303080,부일갈매기,잠실,한식,3.7,246,,,"가격이 비싸고 양이 적어서 또 가진 않을 것 같습니다. 예약도 전화로만 가능이고, 한달 전에만 열려서 방문하기 쉽지 않아요. 직원분들은 친절했습니다!"
27303080,부일갈매기,잠실,한식,3.7,246,,,"오래전에 갔었지만 예약이 빡셈.. 그거만 아니면 매번 가고 싶음.
소꼬리구이는 주문 필수!"
27303080,부일갈매기,잠실,한식,3.7,246,,,완 벽 해 .. (가격빼고)
27303080,부일갈매기,잠실,한식,3.7,246,,,그동안 갈매기살 파는 집인줄 알았는데 소고기 특수부위 전문 집이었네요 ㅋㅋ 제비추리와 갈비살타레 시켜서 먹었는데 깜짝놀랬습니다. 너무 맛있어요! 제비추리는 레어로 갈비살타레는 익... 더보기
27303080,부일갈매기,잠실,한식,3.7,246,,,노포에서 즐기는 케이야키니쿠.. 부일 갈매기 답게 갈매기살 무조건이구 소혀.. 안창살.. 소꼬리.. 닭안창 다 드셔야합니다..
27303080,부일갈매기,잠실,한식,3.7,246,,,노포감성에서 마시는 하이볼과 엄청난 고기😎 갈매기살과 우설 항정살 등등 모든 부위가 다 맛있었습니다! 꼭 또 갈거예요🫶🏻
27303080,부일갈매기,잠실,한식,3.7,246,,,"고기맛은 진짜 좋음 
근데 거의 새거인 만원짜리 하이볼을 고기 갖다주다가 엎어놓고 지돈 까야되니깐 소주한병 준다고 우기다가 결국 하이볼 갖다 주면... 더보기"
27303080,부일갈매기,잠실,한식,3.7,246,,,이 가격주고 예약 힘들게 하고 유료주차까지 해가면서 가는거보다 차라리 소고기집에 가서 배터지게 먹는게 나음
27303080,부일갈매기,잠실,한식,3.7,246,,,"맛있네요
웨이팅도 많고 
너무 기대하고 먹어서 그... 더보기"
27303080,부일갈매기,잠실,한식,3.7,246,,,진짜맛있습니다친절하십니다 저 여기 또 올래요
27303080,부일갈매기,잠실,한식,3.7,246,,,"첫 인상은 빌라촌 사이의 복잡한 골목길에 위치해 있어서 다소 의아스러웠고 주차는 바로앞 태영주차장에 할 수 밖에 없는 구조임

문을 열고 들어가면 언뜻 보아도 청결... 더보기"
27303080,부일갈매기,잠실,한식,3.7,246,,,일인분씩 주문해서 다 먹어봐야함
27303080,부일갈매기,잠실,한식,3.7,246,,,맛이 명성을 따라가지 않으니... ㅠ
27303080,부일갈매기,잠실,한식,3.7,246,,,"사악한 우설가격 1인분 35,000원. 아래는 2인분"
27303080,부일갈매기,잠실,한식,3.7,246,,,"우설최고 모든 고기가 맛나네용
사실 근데..좀 비싸요.."
27303080,부일갈매기,잠실,한식,3.7,246,,,"고독한 미식가가 생각나는 부일 갈매기!!! 
그냥 보통의 갈매기살을 파는 곳이 아니다. 보물같은 메뉴들을 찾아내어 먹는 재미가 있는 곳! 
일... 더보기"
27303080,부일갈매기,잠실,한식,3.7,246,,,"고기의 신세계를 경험함, 청국장도 예술이에요~
예약은 필수입니다!!"
27303080,부일갈매기,잠실,한식,3.7,246,,,친절하시고 고기도 너무 맛있으며 술 종류도 많아서 좋습니다. 가실 땐 미리 예약을 하고 가시는 것을 춫천
27303080,부일갈매기,잠실,한식,3.7,246,,,갈매기살 진짜 맛있어요! 사장님도 친절하시고요 ㅎㅎ
27303080,부일갈매기,잠실,한식,3.7,246,,,걍맛있음 우설+청국장 드세요
27303080,부일갈매기,잠실,한식,3.7,246,,,분위기
27303080,부일갈매기,잠실,한식,3.7,246,,,가성비
27303080,부일갈매기,잠실,한식,3.7,246,,,사진/영상 후기만 보기
27303080,부일갈매기,잠실,한식,3.7,246,,,2026.03.09.
27303080,부일갈매기,잠실,한식,3.7,246,,,2026.02.26.
27303080,부일갈매기,잠실,한식,3.7,246,,,2026.02.12.
27303080,부일갈매기,잠실,한식,3.7,246,,,2025.10.11.
27303080,부일갈매기,잠실,한식,3.7,246,,,2024.11.10.
27303080,부일갈매기,잠실,한식,3.7,246,,,2023.06.09.
27303080,부일갈매기,잠실,한식,3.7,246,,,2022.11.30.
27303080,부일갈매기,잠실,한식,3.7,246,,,2025.04.03.
27303080,부일갈매기,잠실,한식,3.7,246,,,2025.03.30.
27303080,부일갈매기,잠실,한식,3.7,246,,,2025.03.13.
27303080,부일갈매기,잠실,한식,3.7,246,,,100
27303080,부일갈매기,잠실,한식,3.7,246,,,2023.03.18.
27303080,부일갈매기,잠실,한식,3.7,246,,,2021.12.13.
27303080,부일갈매기,잠실,한식,3.7,246,,,2021.05.01.
27303080,부일갈매기,잠실,한식,3.7,246,,,2020.11.17.
27303080,부일갈매기,잠실,한식,3.7,246,,,2020.11.12.
27303080,부일갈매기,잠실,한식,3.7,246,,,2020.08.23.
27303080,부일갈매기,잠실,한식,3.7,246,,,2020.08.22.
27303080,부일갈매기,잠실,한식,3.7,246,,,2020.08.08.
27303080,부일갈매기,잠실,한식,3.7,246,,,2020.05.16.
27303080,부일갈매기,잠실,한식,3.7,246,,,2020.05.06.
2117466906,큰손닭한마리 잠실새내본점,잠실,한식,4,147,,,"맛 나쁘지 않음.
바빠서 그런가 주문이 좀 누락되고 (나중에 복구해줌), 부추를 돈내고 추가하는게 아쉬웠지만 그럭저럭 맛있음."
2117466906,큰손닭한마리 잠실새내본점,잠실,한식,4,147,,,"사실 닭한마리가 상향평준 돼있어서
뭐가 그리 특별하나 했는데 그냥 평균 정도임
역시 소문난 잔치집에 먹을거 없"
2117466906,큰손닭한마리 잠실새내본점,잠실,한식,4,147,,,"닭한마리 자체를 몰라서 오랬동안 지나쳤었는데
최근갔는데 맛있습니다
가격은 좀 비싼편이고 참고로 사리나 밥은 양이 상... 더보기"
2117466906,큰손닭한마리 잠실새내본점,잠실,한식,4,147,,,"하………. 맛있음
그냥 국물 한 스푼 딱 떠먹으면 바로 한약임
소주 콸콸 가능"
2117466906,큰손닭한마리 잠실새내본점,잠실,한식,4,147,,,"10번 이상 방문한 곳. 서울 닭한마리집 탑티어임. 유명하다는 곳 다 가봤는데 여기가 제일 맛있음. 
닭도리탕 말고 닭한마리 드세요. 칼국수, 볶음밥은 둘 다 비슷하게 쏘쏘."
2117466906,큰손닭한마리 잠실새내본점,잠실,한식,4,147,,,"파를 추가함. 국물이 줄어들어도 짜지 않음.
여긴 또 다른 닭한마리와 다른 느낌으로 맛이 있음.
칼칼한 것도 아니고 한방도 아닌 진히면서 담백한 맛이 있었음."
2117466906,큰손닭한마리 잠실새내본점,잠실,한식,4,147,,,"맛집이라 웨이팅있고, 동대문에 있는 닭칼국수랑은 달라요. 더 맛있어요~ 부추 추가해서 먹었습니다~"
2117466906,큰손닭한마리 잠실새내본점,잠실,한식,4,147,,,겨울에 먹으면 뜨끈해서 진짜 맛있을듯..
2117466906,큰손닭한마리 잠실새내본점,잠실,한식,4,147,,,국물이 진짜 레전드.. 보통 닭한마리는 끓일 수록 점점 제 맛을 찾아가는데 여긴 나오자마자 첫 입 뜨자마자 너무 맛있음 첫 입 먹고 진짜 감탄했음!!! 그렇게 점점 맛있어지다가 마지막에 칼국수 ... 더보기
2117466906,큰손닭한마리 잠실새내본점,잠실,한식,4,147,,,진짜 제가 수도없이 닭한마리집 가봤는데 가본곳중 제일 맛있습니다…국물 한번 떠먹어보시면 아실거에요
2117466906,큰손닭한마리 잠실새내본점,잠실,한식,4,147,,,"닭한마리! 칼국수 죽까지 맛남!
육수 추가도 굿굿"
2117466906,큰손닭한마리 잠실새내본점,잠실,한식,4,147,,,닭한마리가 맛있고 직원분들이 다 친절하셨습니다 재방문의사 이ㅆ어요
2117466906,큰손닭한마리 잠실새내본점,잠실,한식,4,147,,,개쩌는 국물과 정갈한 구성
2117466906,큰손닭한마리 잠실새내본점,잠실,한식,4,147,,,"조금 시끄러운거 빼면 너무 마싯어요 
육수 소주 그냥 들어감요 
볶음밥도 다른곳보다 눌린 밥 처럼 잘 해줘서 너무 좋아여"
2117466906,큰손닭한마리 잠실새내본점,잠실,한식,4,147,,,닭한마리는 여기가 최고
2117466906,큰손닭한마리 잠실새내본점,잠실,한식,4,147,,,"양은 적당하고 맛도 평범, 소소함"
2117466906,큰손닭한마리 잠실새내본점,잠실,한식,4,147,,,국물 찐하고 소스 맛있어요
2117466906,큰손닭한마리 잠실새내본점,잠실,한식,4,147,,,"무난하고 호불호 없을 대중적인맛.
동대문쪽 원조닭한마리와는 조금 결이 다른맛.
식후에 먹는 칼국수과 볶음밥이 매력적임."
2117466906,큰손닭한마리 잠실새내본점,잠실,한식,4,147,,,서울나들이 저녁먹기 250913일
2117466906,큰손닭한마리 잠실새내본점,잠실,한식,4,147,,,가성비
2117466906,큰손닭한마리 잠실새내본점,잠실,한식,4,147,,,분위기
2117466906,큰손닭한마리 잠실새내본점,잠실,한식,4,147,,,사진/영상 후기만 보기
2117466906,큰손닭한마리 잠실새내본점,잠실,한식,4,147,,,2026.04.06.
2117466906,큰손닭한마리 잠실새내본점,잠실,한식,4,147,,,2025.12.14.
2117466906,큰손닭한마리 잠실새내본점,잠실,한식,4,147,,,2025.09.15.
2117466906,큰손닭한마리 잠실새내본점,잠실,한식,4,147,,,2025.06.21.
2117466906,큰손닭한마리 잠실새내본점,잠실,한식,4,147,,,2025.02.16.
2117466906,큰손닭한마리 잠실새내본점,잠실,한식,4,147,,,2024.11.18.
2117466906,큰손닭한마리 잠실새내본점,잠실,한식,4,147,,,2024.09.14.
2117466906,큰손닭한마리 잠실새내본점,잠실,한식,4,147,,,2024.09.08.
2117466906,큰손닭한마리 잠실새내본점,잠실,한식,4,147,,,2024.05.19.
2117466906,큰손닭한마리 잠실새내본점,잠실,한식,4,147,,,2024.05.11.
2117466906,큰손닭한마리 잠실새내본점,잠실,한식,4,147,,,2024.04.02.
2117466906,큰손닭한마리 잠실새내본점,잠실,한식,4,147,,,2024.03.22.
2117466906,큰손닭한마리 잠실새내본점,잠실,한식,4,147,,,2023.10.15.
2117466906,큰손닭한마리 잠실새내본점,잠실,한식,4,147,,,2023.10.12.
2117466906,큰손닭한마리 잠실새내본점,잠실,한식,4,147,,,2023.05.05.
2117466906,큰손닭한마리 잠실새내본점,잠실,한식,4,147,,,2023.05.03.
2117466906,큰손닭한마리 잠실새내본점,잠실,한식,4,147,,,2022.11.26.
2117466906,큰손닭한마리 잠실새내본점,잠실,한식,4,147,,,2026.01.30.
2117466906,큰손닭한마리 잠실새내본점,잠실,한식,4,147,,,2025.09.13.
72177172,미강식당,잠실,한식,4.5,496,,,"세상에...고기사진을 안 찍었어요 ㅋㅋㅋㅋㅋ
반찬도 고기도 다 너무 맛있어요! 야채는 리필바에서 마음껏 가져다먹을 수 있고 고기는 초벌로 구워줘서 더 맛있게 먹을 수 있어요.... 더보기"
72177172,미강식당,잠실,한식,4.5,496,,,"고기랑 반찬 주변 소스들 아주 맛있습니다 
후식으로 밖에 아이스크림이 있어서 좋네요"
72177172,미강식당,잠실,한식,4.5,496,,,질좋은 고기로 두툼하니 맛있게 먹었어요. 곁들임 메뉴들도 맛 좋으니 함께 즐기기 좋아요^^
72177172,미강식당,잠실,한식,4.5,496,,,"회식이 많은 신랑이 인정한 고기 맛집입니다
고기 퀄리티 목살주문했는데 완전 드셔보시면 압니다.
... 더보기"
72177172,미강식당,잠실,한식,4.5,496,,,"식당 구성요소 하나하나에 모든것을 쏟은 정성이 느껴짐
삼겹살 집에 미슐랭이 있다면 무조건 별셋이어야함"
72177172,미강식당,잠실,한식,4.5,496,,,"서비스의 정석
고기에 진심
반찬 완.벽"
72177172,미강식당,잠실,한식,4.5,496,,,"리뷰수정.
괜찮은 식당.
호불호가 있지만 열심히 장사하는 식당은 앚음"
72177172,미강식당,잠실,한식,4.5,496,,,나의 최애 맛집..🥹💓💓
72177172,미강식당,잠실,한식,4.5,496,,,고기 질도 좋고 숯불향도 너무좋고 셀프바에 쌈채소도 다양하고 치즈도 무한리필이라 좋아여
72177172,미강식당,잠실,한식,4.5,496,,,최고 졸맛 !!
72177172,미강식당,잠실,한식,4.5,496,,,고기도 맛있고 직원분들도 친절하셔서 좋네요 잘먹었습니다
72177172,미강식당,잠실,한식,4.5,496,,,맛있어요. 리부보고왔는데 맛있네요!!
72177172,미강식당,잠실,한식,4.5,496,,,넘 맛있어요
72177172,미강식당,잠실,한식,4.5,496,,,"고기 완전 부드럽고 맛있어요!!
그리고 채소가 다양해서좋아요👍👍👍"
72177172,미강식당,잠실,한식,4.5,496,,,삼겹살이랑 껍데기랑 짜파게티랑 계란찜 먹었는데 넘 맛있어요! 고기도 구워주셔서 좋아요! 맛의 최강 미강식당☆
72177172,미강식당,잠실,한식,4.5,496,,,여기 고기 정말 맛있고 밑반찬 잘 나와요^^ 고기먹기 정말 좋은곳!!!!
72177172,미강식당,잠실,한식,4.5,496,,,불맛이 넘 맛있어서 자꾸 오게됩니닷
72177172,미강식당,잠실,한식,4.5,496,,,#NAME?
72177172,미강식당,잠실,한식,4.5,496,,,분위기
72177172,미강식당,잠실,한식,4.5,496,,,가성비
72177172,미강식당,잠실,한식,4.5,496,,,사진/영상 후기만 보기
72177172,미강식당,잠실,한식,4.5,496,,,2025.06.24.
72177172,미강식당,잠실,한식,4.5,496,,,2025.07.15.
72177172,미강식당,잠실,한식,4.5,496,,,2025.06.20.
72177172,미강식당,잠실,한식,4.5,496,,,미강식당예약하기
72177172,미강식당,잠실,한식,4.5,496,,,2023.08.01.
72177172,미강식당,잠실,한식,4.5,496,,,2023.08.11.
72177172,미강식당,잠실,한식,4.5,496,,,2024.06.20.
72177172,미강식당,잠실,한식,4.5,496,,,2025.05.17.
72177172,미강식당,잠실,한식,4.5,496,,,2026.03.24.
72177172,미강식당,잠실,한식,4.5,496,,,2026.02.13.
72177172,미강식당,잠실,한식,4.5,496,,,2025.02.25.
72177172,미강식당,잠실,한식,4.5,496,,,2025.05.13.
72177172,미강식당,잠실,한식,4.5,496,,,2024.12.24.
72177172,미강식당,잠실,한식,4.5,496,,,2025.05.16.
72177172,미강식당,잠실,한식,4.5,496,,,2024.10.21.
72177172,미강식당,잠실,한식,4.5,496,,,2023.09.26.
72177172,미강식당,잠실,한식,4.5,496,,,2026.04.03.
72177172,미강식당,잠실,한식,4.5,496,,,2026.02.22.
72177172,미강식당,잠실,한식,4.5,496,,,2026.02.06.
72177172,미강식당,잠실,한식,4.5,496,,,2026.02.08.
72177172,미강식당,잠실,한식,4.5,496,,,2026.02.03.
72177172,미강식당,잠실,한식,4.5,496,,,2026.01.17.
72177172,미강식당,잠실,한식,4.5,496,,,2025.11.29.
72177172,미강식당,잠실,한식,4.5,496,,,2025.08.30.
72177172,미강식당,잠실,한식,4.5,496,,,2025.09.11.
72177172,미강식당,잠실,한식,4.5,496,,,2025.08.02.
72177172,미강식당,잠실,한식,4.5,496,,,2024.04.27.
72177172,미강식당,잠실,한식,4.5,496,,,2025.06.15.
72177172,미강식당,잠실,한식,4.5,496,,,2025.06.02.
12394987,대성정육식당,잠실,한식,4.5,374,,,"진짜 왜 이제서야 왔을까요.
소고기 너무 신선하고 그 외 음식들도 다 맛있어요.
비빔 냉면, 육회, 된장밥 무조건 추천..!... 더보기"
12394987,대성정육식당,잠실,한식,4.5,374,,,잠실에서 소고기 제일 맛있는 집ㅠㅠㅠ 사장님 이모님 다 너무 친절하셔서 근처 올 때 마다 항상 와요
12394987,대성정육식당,잠실,한식,4.5,374,,,고기너무맛있음 ㅎㅎㅎㅎ 근데 불판이 더러워서...
12394987,대성정육식당,잠실,한식,4.5,374,,,"맛도 좋구 고기품질도 좋은데,사장님이 좀더 친절하시면 좋겠고,매장 청결도 좀 신경써 주시면 감사하겠습니닷!!"
12394987,대성정육식당,잠실,한식,4.5,374,,,"왜 여기가 평이 좋죠? 가격에 비해 고기도 맛있는지 모르겠고 숯불도 아니구요.
육회도 너... 더보기"
12394987,대성정육식당,잠실,한식,4.5,374,,,"주차는 새마을시장 앞 노상주차장을 이용하시고 걸어오면 딱!
서울에 이런 정육식당 찾기가 힘들다..
이정도 퀄리... 더보기"
12394987,대성정육식당,잠실,한식,4.5,374,,,잠실새내 최고 맛집! 부모님이 황후꽃등심 엄청 좋아해요
12394987,대성정육식당,잠실,한식,4.5,374,,,식전으로 나오는 육사시미로 한 병 까고 시작! 본격적인 고기 맛도 기대 이상으로 좋았어요!
12394987,대성정육식당,잠실,한식,4.5,374,,,기본 반찬도 깔끔하게 잘 나오고 서비스 육사시미까지 더해져 식사 만족도가 높았어요.
12394987,대성정육식당,잠실,한식,4.5,374,,,다 맛있는데 황후꽃등심이 특히 인상적이었고 부드러운 식감이 예술이네요~잠실새내 맛집인정
12394987,대성정육식당,잠실,한식,4.5,374,,,특수모듬으로 여러 부위를 맛볼 수 있어서 고기 좋아하는 분들이라면 더 만족할 식당!
12394987,대성정육식당,잠실,한식,4.5,374,,,와인과 소고기 조합 최고입니다 콜키지 되서 좋아요!
12394987,대성정육식당,잠실,한식,4.5,374,,,지인 추천으로 처음 방문했는데 왜 단골이 많은지 바로 알겠더라고요^^
12394987,대성정육식당,잠실,한식,4.5,374,,,오래된 맛집답게 고기 퀄리티에 대한 신뢰가 가는 식당이에요
12394987,대성정육식당,잠실,한식,4.5,374,,,쇼케이스에서 직접 고기를 고를 수 있어 신뢰가 가고 원하는 두께로도 썰어줘서 좋았어요
12394987,대성정육식당,잠실,한식,4.5,374,,,기본 반찬도 깔끔해서 고기 맛에 집중할 수 있었어요
12394987,대성정육식당,잠실,한식,4.5,374,,,"공간이 넓고 답답하지 않아 편했고, 고기 먹고 돌판에 끓여 먹는 된장밥까지 먹으니 한 끼가 꽉 찼어요!"
12394987,대성정육식당,잠실,한식,4.5,374,,,고기 색감부터 신선함이 느껴져 신뢰가 갔어요.
12394987,대성정육식당,잠실,한식,4.5,374,,,고기 다 먹고 된장밥 꼭 드셔보세요. 필수 메뉴입니다
12394987,대성정육식당,잠실,한식,4.5,374,,,적절한 가격과 맛으로 너무나 좋은곳이에요 ㅎㅎ 질좋은고기를 맛잇게 먹엇네요 주변지인한테도 추천할려구요  강추합니다
12394987,대성정육식당,잠실,한식,4.5,374,,,가성비
12394987,대성정육식당,잠실,한식,4.5,374,,,분위기
12394987,대성정육식당,잠실,한식,4.5,374,,,사진/영상 후기만 보기
12394987,대성정육식당,잠실,한식,4.5,374,,,2026.02.17.
12394987,대성정육식당,잠실,한식,4.5,374,,,2025.09.21.
12394987,대성정육식당,잠실,한식,4.5,374,,,2025.08.30.
12394987,대성정육식당,잠실,한식,4.5,374,,,2025.06.23.
12394987,대성정육식당,잠실,한식,4.5,374,,,2024.10.19.
12394987,대성정육식당,잠실,한식,4.5,374,,,2024.02.04.
12394987,대성정육식당,잠실,한식,4.5,374,,,2026.04.16.
12394987,대성정육식당,잠실,한식,4.5,374,,,2026.04.09.
12394987,대성정육식당,잠실,한식,4.5,374,,,2026.03.26.
12394987,대성정육식당,잠실,한식,4.5,374,,,2026.03.19.
12394987,대성정육식당,잠실,한식,4.5,374,,,2026.03.18.
13582223,토마루해물칼국수,잠실,한식,4,362,,,"엄청난 맛집으로 기대하고 찾아가면 아쉬울 수도 있지만,
지역주민들이 사랑할수 밖에 없다고 생각드는 가게입니다. 모든것이 평균 이상입니다.
가게는... 더보기"
13582223,토마루해물칼국수,잠실,한식,4,362,,,만두는 수제인것 같고 피가 얇고 쫄깃하면서 속이 가득 차있어서 정말 맛있게 먹음. 먹어본 만두 중 탑티어일듯. 새콤한 김치만두를 별로 안좋아하는데 그런것 하나도 없이 속이 잘 갈려있어서 먹기에 부담... 더보기
13582223,토마루해물칼국수,잠실,한식,4,362,,,단차가 얕은데 문 열면 바로 우측에 계산대가 있고 실내 식탁이 빽빽해서 휠체어 입장이 좀 어려울 수 있어요… 찍지 못한 만두가 안 느끼하고 너무 맛있어요. 칼국수도 시원한 국물이고요.
13582223,토마루해물칼국수,잠실,한식,4,362,,,"크..집 근처에 이런 맛이. 진짜 행운.
만두가 너무 맛있고 저는 특히 김치만두가 너무 맛있었어요.
칼국수, 김... 더보기"
13582223,토마루해물칼국수,잠실,한식,4,362,,,칼국수 양 많은데 맛은 so so
13582223,토마루해물칼국수,잠실,한식,4,362,,,"주문 순서 잘못 받아놓고 계속 핑계만 대시네요.
그냥 죄송하다고 하면 될 거를 계속 핑계대고 뒷 순서 손님들이 우리가 시킨 같은 메뉴 ... 더보기"
13582223,토마루해물칼국수,잠실,한식,4,362,,,"이만한 만두하는 곳 흔치 않다고 생각합니다. 
김치만두 정말 맛있어요. 만두소의 간도 딱 좋아요. 
칼국수 ... 더보기"
13582223,토마루해물칼국수,잠실,한식,4,362,,,집이랑 엄청 가까운데 1년 동안 미루다가 드디어 방문! 칼국수 면이 쫄깃하니 입에 착착 감기고 국물은 황태가 들어가서 ... 더보기
13582223,토마루해물칼국수,잠실,한식,4,362,,,"가격대비 양이 많고 맛잇아요
만두는 호불호갈릴거같긴해요"
13582223,토마루해물칼국수,잠실,한식,4,362,,,"아... 고기만두에 고기가 전혀 안들어가요
고기 아니고 무말랭이 불려서 갈아넣은겁니다. 식감이 뭔가 고기라기엔 너무 물러서 잘 살펴보니 고기 아닙니다. 눈치 못채진 분... 더보기"
13582223,토마루해물칼국수,잠실,한식,4,362,,,양이많아서 든든하게 먹을 수 있고 김치가 맛있어요👍🏼
13582223,토마루해물칼국수,잠실,한식,4,362,,,"만두가 진짜 집에서 엄청 잘 만든 맛이나요
막 엄청난 개운함을 원한다면 아쉬운맛이지만,
보통은 넘치는 곳 친절하심 직원분 ㅎㅎ"
13582223,토마루해물칼국수,잠실,한식,4,362,,,"만두맛집-👍🏻 전골속 만두가 푸짐하고 육즙가득함!
김치는 단맛없는 매콤 겉절이 맛이라 호불호 있을듯.전골국물은 아주아주 슴슴한 라면스프 향인데 짜거나 자극적이진 않아서 먹는데 부담없음"
13582223,토마루해물칼국수,잠실,한식,4,362,,,"만두왕큼
고민하다가만두전골로냠냠
김치맛... 더보기"
13582223,토마루해물칼국수,잠실,한식,4,362,,,"친한지인 소개로 갔는데 맛이 장난 아니다 싶더니 맛집이였군요.. 흐흐 

해감 안된 ... 더보기"
13582223,토마루해물칼국수,잠실,한식,4,362,,,"만두전골 맛있어용 자극적이지 않고 건강한 맛 …? 자극적인거 좋아하는 저한테는 살짝 심심하긴 한데 양도 많고 특히 만두가 진짜 맛있었어용 
담에 가면 칼국수랑 만두만 먹어볼려구요"
13582223,토마루해물칼국수,잠실,한식,4,362,,,갓마루갓물칼국수
13582223,토마루해물칼국수,잠실,한식,4,362,,,전골 먹었는데 김치만두가 덜맵고 속이 가득 차서 맛있습니다. 사장님이 너무 친절하세요!
13582223,토마루해물칼국수,잠실,한식,4,362,,,막 특출나게 맛있지 않아요. 걍 그래요
13582223,토마루해물칼국수,잠실,한식,4,362,,,"칼국수하고 만두 맛있어요 👍 
매장 청결하고 음식가격도 착하네요"
13582223,토마루해물칼국수,잠실,한식,4,362,,,가성비
13582223,토마루해물칼국수,잠실,한식,4,362,,,분위기
13582223,토마루해물칼국수,잠실,한식,4,362,,,사진/영상 후기만 보기
13582223,토마루해물칼국수,잠실,한식,4,362,,,2026.04.24.
13582223,토마루해물칼국수,잠실,한식,4,362,,,2026.03.08.
13582223,토마루해물칼국수,잠실,한식,4,362,,,2025.12.15.
13582223,토마루해물칼국수,잠실,한식,4,362,,,2025.09.07.
13582223,토마루해물칼국수,잠실,한식,4,362,,,2025.08.27.
13582223,토마루해물칼국수,잠실,한식,4,362,,,2025.06.15.
13582223,토마루해물칼국수,잠실,한식,4,362,,,2025.06.03.
13582223,토마루해물칼국수,잠실,한식,4,362,,,2025.03.23.
13582223,토마루해물칼국수,잠실,한식,4,362,,,2025.03.21.
13582223,토마루해물칼국수,잠실,한식,4,362,,,2025.02.11.
13582223,토마루해물칼국수,잠실,한식,4,362,,,2024.12.20.
13582223,토마루해물칼국수,잠실,한식,4,362,,,2024.10.30.
13582223,토마루해물칼국수,잠실,한식,4,362,,,2024.10.07.
13582223,토마루해물칼국수,잠실,한식,4,362,,,2024.07.10.
13582223,토마루해물칼국수,잠실,한식,4,362,,,2024.05.16.
13582223,토마루해물칼국수,잠실,한식,4,362,,,2024.03.25.
13582223,토마루해물칼국수,잠실,한식,4,362,,,2024.02.01.
13582223,토마루해물칼국수,잠실,한식,4,362,,,2023.10.02.
13582223,토마루해물칼국수,잠실,한식,4,362,,,2023.10.01.
13582223,토마루해물칼국수,잠실,한식,4,362,,,2023.06.30.
22513020,청국장과보리밥 잠실점,잠실,한식,4.6,395,,,"두 번방문했는데 이정도 4.4 별점을 받을만하지 않아요
청국장 반찬은 전반적으로 짜고 나물도 중간 정도 입니다. 
가마솥밥과 서비스는 좋습니다."
22513020,청국장과보리밥 잠실점,잠실,한식,4.6,395,,,"두루치기 정식 존맛탱
둘이 가면 정식시키기엔 양이 너무 많아서 청국장에 보리밥 단품시키는게 좋을 듯 

전반적으로 간이... 더보기"
22513020,청국장과보리밥 잠실점,잠실,한식,4.6,395,,,"주차되는 밥집을 찾다보니 평점이 좋아 오게되었는데 만족스럽게 잘 먹었습니다.

전체적으로 맛있고 ... 더보기"
22513020,청국장과보리밥 잠실점,잠실,한식,4.6,395,,,"잠실 갈 일이 있을 때 꼭 들르는 곳 
식당도 깔끔하고 맛도 최고예요 
번창하세요~~~"
22513020,청국장과보리밥 잠실점,잠실,한식,4.6,395,,,정성이 가득한 청국장과 보리밥 감사히 먹고왔습니다~😅
22513020,청국장과보리밥 잠실점,잠실,한식,4.6,395,,,"부모님이랑 가볍게 한끼 먹기 좋아요!! 찐한 청국장이라서 호불호 갈리지만 맛있어요
가성비?는 잘 모르겠네요 그래도 무난해요 반찬이 잘나와서 좋았네요!"
22513020,청국장과보리밥 잠실점,잠실,한식,4.6,395,,,언제나 친절하신. 예전에 참 좋아했는데!
22513020,청국장과보리밥 잠실점,잠실,한식,4.6,395,,,그저 goat 1년동안 여기다가 50만원 넘게씀.
22513020,청국장과보리밥 잠실점,잠실,한식,4.6,395,,,첨가봤는대 깔끔하구 진짜 핵 마싯써여.... 진짜 msg 없는 건강밥상 그자체 청국장도 짱마니 주시고 두루치기 정식 먹었는데 맛있었어여!!! 넘 양많아서 배불러서 쌈채소 다 못먹어서 아쉽..🌟 엄마밥 그자체!!!!!
22513020,청국장과보리밥 잠실점,잠실,한식,4.6,395,,,그저 그럼       친절하다 못느낌
22513020,청국장과보리밥 잠실점,잠실,한식,4.6,395,,,"청국장 솥밥에 철판두루치기였나 추가했어요 밥은 흰쌀 보리밥 고를수도 있고 반반도 된다고 하시더라고요 
전 흰쌀솥밥으로 주문해서 먹었는데 나물이랑 무생채 넣고 고추장 비빔장... 더보기"
22513020,청국장과보리밥 잠실점,잠실,한식,4.6,395,,,청국장의 구수함이 정말 인상 깊었습니다. 특유의 강한 향이 부담스럽지 않고 깔끔한 맛이었습니다. 보리밥은 신선한 나물들이 다양하게 준비되어 있어 취향껏 넣어 비벼 ... 더보기
22513020,청국장과보리밥 잠실점,잠실,한식,4.6,395,,,"어머니랑 잠실 나들이 나왔다가 점심 식사로 청국장과보리밥 잠실점에 들렀어요. 어머니께서 깔끔하고 구수한 청국장을 좋아하셔서 방문했는데, 정말 맘에 들어 하셨어요. 청국장은 너무 짜지... 더보기"
22513020,청국장과보리밥 잠실점,잠실,한식,4.6,395,,,"친구들이랑 잠실에서 만나서 뭐 먹을지 고민하다가 청국장과보리밥으로 결정했어요. 요즘 건강한 게 최고라며 ㅋㅋㅋ 청국장 특유의 냄새 때문에 걱정했는데, 여기는 진짜 고소한 냄새만 나... 더보기"
22513020,청국장과보리밥 잠실점,잠실,한식,4.6,395,,,주말에 친구랑 잠실 구경하다가 점심 먹으러 청국장과보리밥에 방문했어요. 건강한 한식을 먹고 싶어서 찾아봤는데 리뷰가 좋더라고요. 청국장 냄새에 예민한 편인데 여기는 냄새가 거의 안 ... 더보기
22513020,청국장과보리밥 잠실점,잠실,한식,4.6,395,,,"청국장 맛집으로 유명하대서 궁금했는데, 들어가자마자 구수한 향이 확 나서 기대감 상승! 😋 저희는 청국장이랑 보리밥 정식 시켰는데, 청국장은 정말 진하고 깊은 맛이 나면서도 ... 더보기"
22513020,청국장과보리밥 잠실점,잠실,한식,4.6,395,,,"친구랑 오랜만에 잠실에서 약속 잡고 건강한 한끼 먹고 싶어서 청국장과보리밥 잠실점 방문했어요. 여기 청국장 찐이라고 해서 기대했는데, 진짜 국물이 진하고 구수해서 밥도둑 인정... 더보기"
22513020,청국장과보리밥 잠실점,잠실,한식,4.6,395,,,"예전부터 건강한 한 끼 식사로 자주 찾던 곳인데, 여전히 변함없는 맛과 정성을 느낄 수 있었습니다. 구수한 청국장은 깊은 맛이 살아있으면서도 냄새가 강하지 않아 좋... 더보기"
22513020,청국장과보리밥 잠실점,잠실,한식,4.6,395,,,"직장 동료들이랑 점심 회식으로 잠실 청국장과보리밥에 다녀왔습니다. 평소에도 든든한 한식을 좋아하는 편인데, 여기는 진짜 만족스러웠어요. 😆 구수한 청국장은 냄새가 강하지 않으면서도 깊... 더보기"
22513020,청국장과보리밥 잠실점,잠실,한식,4.6,395,,,친구랑 잠실에서 데이트하다가 건강한 점심 먹고 싶어서 청국장과보리밥에 왔어요! 사실 청국장 잘 안 먹는 편인데 여기는 진짜 대박이었어요. 구수한 냄새가 막 역하거나 하지 않고 깔끔해서 ... 더보기
22513020,청국장과보리밥 잠실점,잠실,한식,4.6,395,,,가성비
22513020,청국장과보리밥 잠실점,잠실,한식,4.6,395,,,분위기
22513020,청국장과보리밥 잠실점,잠실,한식,4.6,395,,,사진/영상 후기만 보기
22513020,청국장과보리밥 잠실점,잠실,한식,4.6,395,,,2024.12.28.
22513020,청국장과보리밥 잠실점,잠실,한식,4.6,395,,,2024.11.28.
22513020,청국장과보리밥 잠실점,잠실,한식,4.6,395,,,2024.08.31.
22513020,청국장과보리밥 잠실점,잠실,한식,4.6,395,,,2024.08.24.
22513020,청국장과보리밥 잠실점,잠실,한식,4.6,395,,,2024.07.01.
22513020,청국장과보리밥 잠실점,잠실,한식,4.6,395,,,2024.04.09.
22513020,청국장과보리밥 잠실점,잠실,한식,4.6,395,,,2024.01.27.
22513020,청국장과보리밥 잠실점,잠실,한식,4.6,395,,,2023.11.29.
22513020,청국장과보리밥 잠실점,잠실,한식,4.6,395,,,2023.08.15.
22513020,청국장과보리밥 잠실점,잠실,한식,4.6,395,,,2023.07.02.
22513020,청국장과보리밥 잠실점,잠실,한식,4.6,395,,,2026.05.01.
22513020,청국장과보리밥 잠실점,잠실,한식,4.6,395,,,2026.03.23.
22513020,청국장과보리밥 잠실점,잠실,한식,4.6,395,,,2026.03.22.
22513020,청국장과보리밥 잠실점,잠실,한식,4.6,395,,,2026.03.21.
272016174,화포식당 잠실점,잠실,한식,4.3,119,,,기본은 하는 고기집이에요 맛있어요 지하에 주차장이 있어 차 가지고 가기 좋습니다
272016174,화포식당 잠실점,잠실,한식,4.3,119,,,늘 붐비지만 고기 질이 좋고 구워주셔서 자주 방문하고 있습니다.
272016174,화포식당 잠실점,잠실,한식,4.3,119,,,삼겹살 너무 맛있어서 먹다가 카맵에 장소 저장했어요 기본 반찬들도 다 맛있고 고기를 구워주셔서 편하고 좋아요
272016174,화포식당 잠실점,잠실,한식,4.3,119,,,차돌이 맛있네요. 삼겹은 너무 태우셔서.. 찬들이 맛있어요.
272016174,화포식당 잠실점,잠실,한식,4.3,119,,,"개인적으로 
재방문 의사 100% + 서울 고기집 top3 안에 듬

0. 고기 질이 좋음. 맛있음
1. 직접 구워줘서 편함
2... 더보기"
272016174,화포식당 잠실점,잠실,한식,4.3,119,,,"화포식당
맛있는 돼지고기. 반찬도 맛있음. 처음에 나오는 해산물육수에 나중에 라면도 끓이면 굳굳"
272016174,화포식당 잠실점,잠실,한식,4.3,119,,,삼겹살에 냉면들도 👍
272016174,화포식당 잠실점,잠실,한식,4.3,119,,,"고기 맛있고
구워주시고
반찬 구성 충분하고
라... 더보기"
272016174,화포식당 잠실점,잠실,한식,4.3,119,,,핑크색 곱창머리끈 한 직원분이 고기를 너무너무 잘 구워주셨어요. 덕분에 육즙 느끼며 맛있게 식사했습니다. 마지막에 1인분 더 시킬 때 그 분이 구워주시길 바라며 기다렸어요ㅎㅎ 저희 테이블에 와주셔서 속으로 아싸! 했습니다☺️
272016174,화포식당 잠실점,잠실,한식,4.3,119,,,맛은 있다. 인테리어 자체가 쾌적한 느낌은 아님.
272016174,화포식당 잠실점,잠실,한식,4.3,119,,,"고기구워주시는분 실력차가 있습니다ㅠ

예전엔 정말 맛있게 잘 먹었고
이번에도 첫번째 구워주신분은 ... 더보기"
272016174,화포식당 잠실점,잠실,한식,4.3,119,,,"삼전동 3년 살면서 가장 많이 간 고기집
고기맛 죽이고 점심 제육, 육회덮밥 개꿀맛임
계란후라이 무제한 ㄷㄷ"
272016174,화포식당 잠실점,잠실,한식,4.3,119,,,"가격에 비해 만족스럽진 못했음..
브레이크 시간 직후로 방문한거라 사람이 좀 없는 시간대라 그런건진 모르겠는데 그냥 일을 안함.. 할게없는건가..... 더보기"
272016174,화포식당 잠실점,잠실,한식,4.3,119,,,너무 맛있어요~~~
272016174,화포식당 잠실점,잠실,한식,4.3,119,,,옛날만 못해요
272016174,화포식당 잠실점,잠실,한식,4.3,119,,,고기가 맛이없다..
272016174,화포식당 잠실점,잠실,한식,4.3,119,,,몇년만에 오랜만에간듯 나쁘지않게 맛나게 잘먹었어요 알바분이 고기를 엄청 잘구우심 ㅎ
272016174,화포식당 잠실점,잠실,한식,4.3,119,,,사람 많은데도 친절하시고 맛있닷
272016174,화포식당 잠실점,잠실,한식,4.3,119,,,분위기
272016174,화포식당 잠실점,잠실,한식,4.3,119,,,가성비
272016174,화포식당 잠실점,잠실,한식,4.3,119,,,사진/영상 후기만 보기
272016174,화포식당 잠실점,잠실,한식,4.3,119,,,2025.07.27.
272016174,화포식당 잠실점,잠실,한식,4.3,119,,,2024.07.22.
272016174,화포식당 잠실점,잠실,한식,4.3,119,,,2024.03.02.
272016174,화포식당 잠실점,잠실,한식,4.3,119,,,2023.06.25.
272016174,화포식당 잠실점,잠실,한식,4.3,119,,,2024.05.02.
272016174,화포식당 잠실점,잠실,한식,4.3,119,,,2020.11.27.
272016174,화포식당 잠실점,잠실,한식,4.3,119,,,2017.10.06.
272016174,화포식당 잠실점,잠실,한식,4.3,119,,,2017.08.18.
272016174,화포식당 잠실점,잠실,한식,4.3,119,,,2026.02.16.
272016174,화포식당 잠실점,잠실,한식,4.3,119,,,2025.08.31.
272016174,화포식당 잠실점,잠실,한식,4.3,119,,,2025.07.21.
272016174,화포식당 잠실점,잠실,한식,4.3,119,,,2025.06.25.
272016174,화포식당 잠실점,잠실,한식,4.3,119,,,2025.06.24.
272016174,화포식당 잠실점,잠실,한식,4.3,119,,,2025.06.16.
272016174,화포식당 잠실점,잠실,한식,4.3,119,,,2025.06.15.
272016174,화포식당 잠실점,잠실,한식,4.3,119,,,2025.04.13.
272016174,화포식당 잠실점,잠실,한식,4.3,119,,,2025.03.17.
272016174,화포식당 잠실점,잠실,한식,4.3,119,,,2025.01.13.
272016174,화포식당 잠실점,잠실,한식,4.3,119,,,2024.11.04.
272016174,화포식당 잠실점,잠실,한식,4.3,119,,,2024.06.08.
2020430696,연탄부락 잠실새내점,잠실,한식,4.2,342,,,맛있고 친절해요~~
2020430696,연탄부락 잠실새내점,잠실,한식,4.2,342,,,15000 목살1인분
2020430696,연탄부락 잠실새내점,잠실,한식,4.2,342,,,"된찌, 계란찜, 쫄면이 무려 서비스 갓성비 고기도 너무 맛있게 잘먹었습니당 ㅎㅎ"
2020430696,연탄부락 잠실새내점,잠실,한식,4.2,342,,,"삼겹살 낫배드 중상 
닭발 중 
껍데기 상 
리뷰 이벤트로 껍데기 받은 거라 기대 안 했는데 대존... 더보기"
2020430696,연탄부락 잠실새내점,잠실,한식,4.2,342,,,쫄면이랑 된장찌개 서비스 나와서 넘 좋았어요..
2020430696,연탄부락 잠실새내점,잠실,한식,4.2,342,,,캬 존맛.. 맛없다는건 경쟁업체인가 ㅋㅋㅋ ㅜㅋㅋ 쌈쫄면하고 같이 먹으니 맛있어여 무료로 나와서 좋구 ㅋㅋ 된장찌개는 별루... 청국장 같음
2020430696,연탄부락 잠실새내점,잠실,한식,4.2,342,,,"음식은 진짜 맛있고
가성비도 좋고
직원분들도 엄청 친절해서 좋았습니다"
2020430696,연탄부락 잠실새내점,잠실,한식,4.2,342,,,"17283번 간곳..담백한 목살과 쌍콤한 쫄면에 소주한잔 먹고싶을때 가는곳! 된찌와 쫄면이 기본안주라 너무좋다 쫄면이 진짜 지존..(추가주문 국룰😍) 예약도 가능하고, 항상 친절하시고 고기양도 많고 !!주기적으로 가는곳!!"
2020430696,연탄부락 잠실새내점,잠실,한식,4.2,342,,,고추장 삼겹살 인생맛집!!! 완전 추천함 가성비 좋고 간이 기가막힘
2020430696,연탄부락 잠실새내점,잠실,한식,4.2,342,,,우연히 지나다가 들런 고깃집 연탄불로 고기를 익히나 했더니 숯불 따로 나옴. 가격대비 적정가격이며 고기는 맛나요...^^ 기본적인 밑반찬도 맛있어요. 우연한 맛집으로 인정합니다.^__^
2020430696,연탄부락 잠실새내점,잠실,한식,4.2,342,,,쌈쫄면 너무 맛있고 삼겹살 퀄리티도 괜찮았어요!! 쌈쫄면 너무 맛나서 두번 말함
2020430696,연탄부락 잠실새내점,잠실,한식,4.2,342,,,"찬양할정도의 맛은 아님 
가브리살 보다는 오겹살이 맛있음 
주방쪽 계산대쪽 보니 청결이 좋지 않... 더보기"
2020430696,연탄부락 잠실새내점,잠실,한식,4.2,342,,,"쫄면도 같이 나오고 밑반찬도 진짜 다 맛있어요
고기가 신선하곰 두툼해요
가브리 삼겹 항정 먹었는데 제 입맛엔 가브리가 최고ㅋㅋㅋ
껍데기도 ... 더보기"
2020430696,연탄부락 잠실새내점,잠실,한식,4.2,342,,,계란찜 맛있어요! 고기도 너무 맛있어요! 양은 좀 적은편인데 가격이 합리적이어서 괜찮아요
2020430696,연탄부락 잠실새내점,잠실,한식,4.2,342,,,여기 갈매기살 맛집ㅎ
2020430696,연탄부락 잠실새내점,잠실,한식,4.2,342,,,삼겹살 오겹살 먹었는데 쫀득 고소하니 맛있었어요! 특이하게 쌈쫄면이 함께 나오는데 고기랑 함께 먹으니 완죤 별미예요♡ 된찌밥이랑 고기숑숑밥이랑 함꺼 먹으니 푸짐하고 가... 더보기
2020430696,연탄부락 잠실새내점,잠실,한식,4.2,342,,,솔직하게 맛 없었어요ㅠㅠ
2020430696,연탄부락 잠실새내점,잠실,한식,4.2,342,,,맛있고 사장님도 알바분도 친절해요
2020430696,연탄부락 잠실새내점,잠실,한식,4.2,342,,,목살고기가 이상해요. 다신 안갈듯.
2020430696,연탄부락 잠실새내점,잠실,한식,4.2,342,,,"너무 맛있었어요
친절하시구 고기 질 넘 좋구 
서비스로 나오는것도 다 맛있었어용"
2020430696,연탄부락 잠실새내점,잠실,한식,4.2,342,,,가성비
2020430696,연탄부락 잠실새내점,잠실,한식,4.2,342,,,분위기
2020430696,연탄부락 잠실새내점,잠실,한식,4.2,342,,,사진/영상 후기만 보기
2020430696,연탄부락 잠실새내점,잠실,한식,4.2,342,,,2026.04.18.
2020430696,연탄부락 잠실새내점,잠실,한식,4.2,342,,,2025.04.09.
2020430696,연탄부락 잠실새내점,잠실,한식,4.2,342,,,2024.12.08.
2020430696,연탄부락 잠실새내점,잠실,한식,4.2,342,,,2024.10.15.
2020430696,연탄부락 잠실새내점,잠실,한식,4.2,342,,,2024.08.03.
2020430696,연탄부락 잠실새내점,잠실,한식,4.2,342,,,2023.01.07.
2020430696,연탄부락 잠실새내점,잠실,한식,4.2,342,,,2025.04.06.
2020430696,연탄부락 잠실새내점,잠실,한식,4.2,342,,,2025.03.12.
2020430696,연탄부락 잠실새내점,잠실,한식,4.2,342,,,2024.10.23.
2020430696,연탄부락 잠실새내점,잠실,한식,4.2,342,,,2023.10.13.
2020430696,연탄부락 잠실새내점,잠실,한식,4.2,342,,,2023.01.12.
2020430696,연탄부락 잠실새내점,잠실,한식,4.2,342,,,100
2020430696,연탄부락 잠실새내점,잠실,한식,4.2,342,,,2022.11.04.
2020430696,연탄부락 잠실새내점,잠실,한식,4.2,342,,,2022.10.17.
2020430696,연탄부락 잠실새내점,잠실,한식,4.2,342,,,2022.07.24.
2020430696,연탄부락 잠실새내점,잠실,한식,4.2,342,,,2022.04.21.
2020430696,연탄부락 잠실새내점,잠실,한식,4.2,342,,,2022.01.22.
2020430696,연탄부락 잠실새내점,잠실,한식,4.2,342,,,2021.11.22.
2020430696,연탄부락 잠실새내점,잠실,한식,4.2,342,,,2020.01.12.
2020430696,연탄부락 잠실새내점,잠실,한식,4.2,342,,,2026.04.10.
2020430696,연탄부락 잠실새내점,잠실,한식,4.2,342,,,2025.06.22.
1346139956,진원소우 잠실새내점,잠실,한식,3.9,253,,,수입산 소고기를 가성비로 즐길 수 있는 곳입니다. 디너 27500원에 무한리필이면 괜찮은 거 같아요. 샐러드 바도 껴있어서 구성이 나쁘지 않습니다.
1346139956,진원소우 잠실새내점,잠실,한식,3.9,253,,,살짝 아쉽긴함 걍 가성비
1346139956,진원소우 잠실새내점,잠실,한식,3.9,253,,,"고기 쏘쏘함 가격대비 만족
샐러드바도 맛있었음"
1346139956,진원소우 잠실새내점,잠실,한식,3.9,253,,,"소세지맛집.
분명소고긴데...왜 고기맛이안나는지...진짜신기함.
육즙과 육향을 전혀 느낄수없었던 태어나서 첨 먹어보는고기였음."
1346139956,진원소우 잠실새내점,잠실,한식,3.9,253,,,고기 때깔이 미쳤습니둥!!! 우와.... 소고기 무한리필이라니 애초에 말이 됩니꺼.
1346139956,진원소우 잠실새내점,잠실,한식,3.9,253,,,냉동이 아니고 냉장소고기라 더 맛있어요!
1346139956,진원소우 잠실새내점,잠실,한식,3.9,253,,,가성비 짱.. 이정도 퀄리티의 소고기 무한리필집은 거의 없지 않나 싶네요 만족해서 다른 지점도 갔는데 거기도 좋았음
1346139956,진원소우 잠실새내점,잠실,한식,3.9,253,,,"고기 부드럽습니다
직원도 친절합니다

고기 ... 더보기"
1346139956,진원소우 잠실새내점,잠실,한식,3.9,253,,,가격대비 퀄리티가 상당히 좋습니다ㅎ 적극 추천합니다.
1346139956,진원소우 잠실새내점,잠실,한식,3.9,253,,,맛과 가격은 다 좋았습니다. 그리고 무한리필이니 가격 대비 양도 훌륭한 편이니... 자주 방문할 듯 합니다.
1346139956,진원소우 잠실새내점,잠실,한식,3.9,253,,,"냄새가 심한편 많이익히면 냄새안나는데 아무맛이안남 일이십대는 갈만할듯 삼십대는 가지마셈
응대는 빠르고 서비스는 괜츈한편 맛이.."
1346139956,진원소우 잠실새내점,잠실,한식,3.9,253,,,"진원소우 좋은 기억이 있어서 여기 잠실새내점 방문했는데.... 점바점 차이가 굉장히 큰것 같아요
셀프바에 채소... 더보기"
1346139956,진원소우 잠실새내점,잠실,한식,3.9,253,,,"가본 소고기 리필집중에 제일 맛있어요
직원분들도 다들 너무 친절하고
별 기대없이 들어갔다가 너무 ... 더보기"
1346139956,진원소우 잠실새내점,잠실,한식,3.9,253,,,맛있어요
1346139956,진원소우 잠실새내점,잠실,한식,3.9,253,,,"고기랑 전반적인 음식퀄이 괜찮습니다. 아무대로 무한리필집이니 큰 기대는 사실 안 했는데, 그럼에도 소고기 맛이 상당합니다
그것과 더해서 어린 직원분들... 더보기"
1346139956,진원소우 잠실새내점,잠실,한식,3.9,253,,,넘 맛나요 괜찮아요  굿~~~
1346139956,진원소우 잠실새내점,잠실,한식,3.9,253,,,여기 되게 맛잇엇는데 왜 이렇게 평점이 박해
1346139956,진원소우 잠실새내점,잠실,한식,3.9,253,,,식사다하고 계산하려고 계산대에 갔는데 직원분이 안계셔서 직원호출벨을 눌렀으나 바로 안오셨어요 그래서 당연히 바쁘셔서 그런가 보다하고 기다리고있었어요 몇분 기다렸는데 안오셔서 다시... 더보기
1346139956,진원소우 잠실새내점,잠실,한식,3.9,253,,,가성비
1346139956,진원소우 잠실새내점,잠실,한식,3.9,253,,,분위기
1346139956,진원소우 잠실새내점,잠실,한식,3.9,253,,,사진/영상 후기만 보기
1346139956,진원소우 잠실새내점,잠실,한식,3.9,253,,,2025.12.27.
1346139956,진원소우 잠실새내점,잠실,한식,3.9,253,,,2025.08.29.
1346139956,진원소우 잠실새내점,잠실,한식,3.9,253,,,2025.08.27.
1346139956,진원소우 잠실새내점,잠실,한식,3.9,253,,,2025.07.12.
1346139956,진원소우 잠실새내점,잠실,한식,3.9,253,,,2025.05.23.
1346139956,진원소우 잠실새내점,잠실,한식,3.9,253,,,2025.05.11.
1346139956,진원소우 잠실새내점,잠실,한식,3.9,253,,,2026.04.11.
1346139956,진원소우 잠실새내점,잠실,한식,3.9,253,,,2026.01.28.
1346139956,진원소우 잠실새내점,잠실,한식,3.9,253,,,2026.01.24.
1346139956,진원소우 잠실새내점,잠실,한식,3.9,253,,,2025.12.24.
1346139956,진원소우 잠실새내점,잠실,한식,3.9,253,,,2025.11.22.
1346139956,진원소우 잠실새내점,잠실,한식,3.9,253,,,2025.05.12.
1346139956,진원소우 잠실새내점,잠실,한식,3.9,253,,,2026.03.25.
1346139956,진원소우 잠실새내점,잠실,한식,3.9,253,,,2026.02.14.
1346139956,진원소우 잠실새내점,잠실,한식,3.9,253,,,2026.01.04.
1346139956,진원소우 잠실새내점,잠실,한식,3.9,253,,,2025.12.04.
1346139956,진원소우 잠실새내점,잠실,한식,3.9,253,,,2025.11.09.
1346139956,진원소우 잠실새내점,잠실,한식,3.9,253,,,2025.09.11.
1346139956,진원소우 잠실새내점,잠실,한식,3.9,253,,,2025.08.31.
632501910,논두렁 우렁쌈밥전문점 본점,잠실,한식,4.1,129,,,"주차가능한 쌈밥집 찾는다면 추천~
반찬 깔끔하고 맛있어요^^"
632501910,논두렁 우렁쌈밥전문점 본점,잠실,한식,4.1,129,,,"반찬과 메인 모두 맛있고
된장찌개는 강된장 우렁 된장찌개b
쌈은 ... 더보기"
632501910,논두렁 우렁쌈밥전문점 본점,잠실,한식,4.1,129,,,제육고기가 조금 아쉽네요
632501910,논두렁 우렁쌈밥전문점 본점,잠실,한식,4.1,129,,,"전혀 기대안하고 갔었는데
맛 구성 가격 시원함 매우 좋았어요!!!!"
632501910,논두렁 우렁쌈밥전문점 본점,잠실,한식,4.1,129,,,"아 배불러
맛있어여  !"
632501910,논두렁 우렁쌈밥전문점 본점,잠실,한식,4.1,129,,,"반찬 가지수가 많은 건 아닌데 뭔가 다른 곳보다 메인이 반 차원 더 맛있음. 
+ 1인상 안됨. 파티원 구해서 가세요.... 더보기"
632501910,논두렁 우렁쌈밥전문점 본점,잠실,한식,4.1,129,,,가마솥제육우렁쌈밥정식
632501910,논두렁 우렁쌈밥전문점 본점,잠실,한식,4.1,129,,,"쌈종류도 다양하고 된장찌개도 너무 맛있습니다.
소불고기는 양념이 좀 약해서 다음번엔 제육으로 먹어보려고요."
632501910,논두렁 우렁쌈밥전문점 본점,잠실,한식,4.1,129,,,제육볶음도 정말 맛있고 쌈도 다양한 종류 넉넉하게 주십니다.  우렁쌈장에 우렁이가 진짜 많이 들어있습니다.
632501910,논두렁 우렁쌈밥전문점 본점,잠실,한식,4.1,129,,,가족과 정말 맛있게 먹은 식사였습니다:)
632501910,논두렁 우렁쌈밥전문점 본점,잠실,한식,4.1,129,,,우렁이 엄청 많이 들어있어요 그리고 밥이 진짜 너무 맛있어요 ㅠㅠ
632501910,논두렁 우렁쌈밥전문점 본점,잠실,한식,4.1,129,,,"우렁이된장찌개
우렁이와 각종 야채, 게까지 건더기가 많지만
깊은맛이 없고 싱겁습니다"
632501910,논두렁 우렁쌈밥전문점 본점,잠실,한식,4.1,129,,,"존맛임 완전 건강식
근데 주말 점심에 타이밍 잘못 맞추면 주변교회에서 잔뜩몰려와서 자리잡기 힘듦 ㅠ"
632501910,논두렁 우렁쌈밥전문점 본점,잠실,한식,4.1,129,,,"우렁이를 돈주고 사먹어 본적은 처음이에요.
반찬이랑 국, 전부 맛있고 우렁이가 쫄깃쫄깃하고 쌈장이랑 잘 어울립니다.
무엇보다 쌈채소가 다양하고 신선해서 좋아요!"
632501910,논두렁 우렁쌈밥전문점 본점,잠실,한식,4.1,129,,,"11시좀 넘어서 점심시간대 혼자 갔더니 혼밥손님은 
안받는다며 쫓아내더라구요
1시 30분 이후로만 받는다던데 이걸 게시해놓던지 알려야 하... 더보기"
632501910,논두렁 우렁쌈밥전문점 본점,잠실,한식,4.1,129,,,"주차는 700m근처 유료주차장에 했습니다.
주차자리가 있긴 있는데 협소해요.
발렛 없기에 운이 좋아야 주차 됩... 더보기"
632501910,논두렁 우렁쌈밥전문점 본점,잠실,한식,4.1,129,,,"여기보다 맛있는 쌈밥집은 못찾음.
우렁, 쌈 등 재료도 언제나 상태가 좋고, 반찬이나 찌개도 순하게 맛있음!"
632501910,논두렁 우렁쌈밥전문점 본점,잠실,한식,4.1,129,,,"언제가도 깔끔 깨끗 친절. 신선한 쌈과 제육, 우렁, 솥밥으로 기력 회복."
632501910,논두렁 우렁쌈밥전문점 본점,잠실,한식,4.1,129,,,"최고의 맛집. 
부모님 모시고 가기도 좋아요. 
반찬 하나하나 다 맛있고 우렁쌈장 짜지않고 정말 실하고 신선함. 
뜨끈한 돌솥밥에... 더보기"
632501910,논두렁 우렁쌈밥전문점 본점,잠실,한식,4.1,129,,,가성비
632501910,논두렁 우렁쌈밥전문점 본점,잠실,한식,4.1,129,,,사진/영상 후기만 보기
632501910,논두렁 우렁쌈밥전문점 본점,잠실,한식,4.1,129,,,2026.04.04.
632501910,논두렁 우렁쌈밥전문점 본점,잠실,한식,4.1,129,,,2025.09.21.
632501910,논두렁 우렁쌈밥전문점 본점,잠실,한식,4.1,129,,,2025.04.06.
632501910,논두렁 우렁쌈밥전문점 본점,잠실,한식,4.1,129,,,2024.08.08.
632501910,논두렁 우렁쌈밥전문점 본점,잠실,한식,4.1,129,,,2024.06.30.
632501910,논두렁 우렁쌈밥전문점 본점,잠실,한식,4.1,129,,,2024.01.02.
632501910,논두렁 우렁쌈밥전문점 본점,잠실,한식,4.1,129,,,2025.10.08.
632501910,논두렁 우렁쌈밥전문점 본점,잠실,한식,4.1,129,,,2025.01.25.
632501910,논두렁 우렁쌈밥전문점 본점,잠실,한식,4.1,129,,,2024.12.31.
632501910,논두렁 우렁쌈밥전문점 본점,잠실,한식,4.1,129,,,2023.11.05.
632501910,논두렁 우렁쌈밥전문점 본점,잠실,한식,4.1,129,,,2023.09.03.
632501910,논두렁 우렁쌈밥전문점 본점,잠실,한식,4.1,129,,,2020.12.02.
632501910,논두렁 우렁쌈밥전문점 본점,잠실,한식,4.1,129,,,2019.02.26.
632501910,논두렁 우렁쌈밥전문점 본점,잠실,한식,4.1,129,,,2026.03.18.
632501910,논두렁 우렁쌈밥전문점 본점,잠실,한식,4.1,129,,,2025.11.09.
632501910,논두렁 우렁쌈밥전문점 본점,잠실,한식,4.1,129,,,2025.09.26.
632501910,논두렁 우렁쌈밥전문점 본점,잠실,한식,4.1,129,,,2025.08.21.
632501910,논두렁 우렁쌈밥전문점 본점,잠실,한식,4.1,129,,,2025.07.27.
632501910,논두렁 우렁쌈밥전문점 본점,잠실,한식,4.1,129,,,2025.07.21.
632501910,논두렁 우렁쌈밥전문점 본점,잠실,한식,4.1,129,,,2025.07.14.
11170449,장수식당,잠실,한식,3.6,199,,,"동네인데 방송에 나와 궁금했는데 드디어 먹어봤어요.김치삼겹살 적당히 자극적이고 볶음밥도 너무 맛있네요.
사장님도 친절하셔서 더 좋았습니다."
11170449,장수식당,잠실,한식,3.6,199,,,"기대 안하고 방문했는데 기본 밑반찬도 잘 나오고(특히 계란국이 맛있음) 노포감성이라 분위기도 편안했다.
둘이서 김치삼겹살 3인분에 볶음밥 1개 주문.
개인... 더보기"
11170449,장수식당,잠실,한식,3.6,199,,,"공간이 너무 협소해서 이게 맞나 싶었는데 주물럭은 맛있었어요! 다만 볶음밥은 진짜 무맛? 아무맛도 안날정도로 싱겁고 그냥 맛없어서 아쉬웠어요
그리고 동그랑땡 리필 부탁드렸는데 별로 안좋아하시는거... 더보기"
11170449,장수식당,잠실,한식,3.6,199,,,"방송에 나온 곳이죠.
외관을 보시면 아시겠지만 공간이 협소합니다.
인원은 2분정도씩 다니시는 걸 추천합니다."
11170449,장수식당,잠실,한식,3.6,199,,,맛있고 사장님 귀여우셔요
11170449,장수식당,잠실,한식,3.6,199,,,"맛있었어요 !! ㅎㅎ
같이 간 분들도 좋았고, 
행복한 기억으로... 더보기"
11170449,장수식당,잠실,한식,3.6,199,,,김치삼겹살 추추추추천
11170449,장수식당,잠실,한식,3.6,199,,,맛있어요
11170449,장수식당,잠실,한식,3.6,199,,,다음엔 삼겹김치를
11170449,장수식당,잠실,한식,3.6,199,,,"다른건 다 모르겠구요. 
그냥 완전 제스타일"
11170449,장수식당,잠실,한식,3.6,199,,,"백반기행 보고 갔었는데 생각 보다 그렇게 대단한 맛은 아니었어요. 

직원... 더보기"
11170449,장수식당,잠실,한식,3.6,199,,,비쥬얼만큼 맛있음 볶음밥 느끼함
11170449,장수식당,잠실,한식,3.6,199,,,"왜 이 사진 밖에 없을까? 
너무 배고플 때 들어가서 걸신들리듯 먹어서, 다른 사진을 찍어 둔게 없구나. 

몇 번을... 더보기"
11170449,장수식당,잠실,한식,3.6,199,,,김치와 삼겹살로 할 수 있는 모든 것...예상되는 맛이지안 그 예상보다 맛있다
11170449,장수식당,잠실,한식,3.6,199,,,"세에에에에상에 김치삼겹 존맛탱이에요 ㅠㅠㅠ
다 먹고 볶음밥은 선택이 아닌 필수...
동네에 이런 맛집이 있어서 너무 좋아요 ㅠㅠ"
11170449,장수식당,잠실,한식,3.6,199,,,"맛이 괜찮은편. 가격은 일인분 13000인데
그 점이 이집을 애매하게... 더보기"
11170449,장수식당,잠실,한식,3.6,199,,,"마감 40분 전부터 락스청소해서
냄시 진동,,,"
11170449,장수식당,잠실,한식,3.6,199,,,"밥 볶을때  팬 가져가서 볶아주시거든요. 
볶는 조리 도구는 하나. 
이 테이블 저 테이블 밥 ... 더보기"
11170449,장수식당,잠실,한식,3.6,199,,,3.5/5.0
11170449,장수식당,잠실,한식,3.6,199,,,"반찬 한번 더 달라고 하니 질색팔색을 하네 ㅋ
처음 리필 요청한건데 ㅋ
맛? 그냥 ... 더보기"
11170449,장수식당,잠실,한식,3.6,199,,,분위기
11170449,장수식당,잠실,한식,3.6,199,,,가성비
11170449,장수식당,잠실,한식,3.6,199,,,사진/영상 후기만 보기
11170449,장수식당,잠실,한식,3.6,199,,,2026.01.25.
11170449,장수식당,잠실,한식,3.6,199,,,2026.01.11.
11170449,장수식당,잠실,한식,3.6,199,,,2023.02.01.
11170449,장수식당,잠실,한식,3.6,199,,,2026.01.08.
11170449,장수식당,잠실,한식,3.6,199,,,2025.03.31.
11170449,장수식당,잠실,한식,3.6,199,,,2024.10.18.
11170449,장수식당,잠실,한식,3.6,199,,,2023.05.18.
11170449,장수식당,잠실,한식,3.6,199,,,2022.07.13.
11170449,장수식당,잠실,한식,3.6,199,,,2021.05.18.
11170449,장수식당,잠실,한식,3.6,199,,,2021.04.24.
11170449,장수식당,잠실,한식,3.6,199,,,2021.02.22.
11170449,장수식당,잠실,한식,3.6,199,,,2020.10.10.
11170449,장수식당,잠실,한식,3.6,199,,,2020.08.23.
11170449,장수식당,잠실,한식,3.6,199,,,2020.07.11.
11170449,장수식당,잠실,한식,3.6,199,,,2020.03.21.
11170449,장수식당,잠실,한식,3.6,199,,,2019.08.15.
11170449,장수식당,잠실,한식,3.6,199,,,2025.11.06.
11170449,장수식당,잠실,한식,3.6,199,,,2025.02.20.
11170449,장수식당,잠실,한식,3.6,199,,,2025.02.17.
11170449,장수식당,잠실,한식,3.6,199,,,2025.02.08.
1999496197,쭈꾸미도사 잠실새내점,잠실,한식,3.9,1954,,,"맛있구 친절하세연ㅋ
양도 적지않은 편!"
1999496197,쭈꾸미도사 잠실새내점,잠실,한식,3.9,1954,,,"이번이 두번째 방문이였는데 와 너무 맛있어요 ㅋㅋㅋ
배불렀지만 볶음밥은 포기 할수 없어서 먹었지만 결국 다 먹음 ㅎㅎ 
육전도 너무 맛있어요 👍🏻"
1999496197,쭈꾸미도사 잠실새내점,잠실,한식,3.9,1954,,,"월요일 오후 6시에 갔고 웨이팅 없이 바로 입장했습니다. 정말 맛있어서 또 가고 싶어요. 매장 출입구는 턱이 있어 유아차, 휠체어는 출입이 어렵거나 도움이 매우 필요할 수 있습니다"
1999496197,쭈꾸미도사 잠실새내점,잠실,한식,3.9,1954,,,"예전에는 콩나물, 미나리도 푸짐하게 준것 같으나 이제는 양도 적어지고 다 추가사리로 돈을 내고 시켜야 하네요. 미리 받아놨던 쿠폰도 예전에 했던거라며 아무것도 사용 못하고 별다른 설명도 ... 더보기"
1999496197,쭈꾸미도사 잠실새내점,잠실,한식,3.9,1954,,,"맛은 있으나 가격이 너무 비쌈
비싼 가격에 상응하는 좋은 구성이었으면 가능하겠지만 밑반찬도 없음
그럼에도 불구하고 맵고 짠 맛있는 주꾸미라 2점을 줌"
1999496197,쭈꾸미도사 잠실새내점,잠실,한식,3.9,1954,,,"그냥 들어간 집인데 생각보다 맛있네요.
가게 내부도 쾌적해서 생각날 때 한 번 다시 들릴 거 같아요."
1999496197,쭈꾸미도사 잠실새내점,잠실,한식,3.9,1954,,,진짜 쭈꾸미 도사가 나옴
1999496197,쭈꾸미도사 잠실새내점,잠실,한식,3.9,1954,,,쭈꾸미가 실하고 다른 토핑 재료들도 신선해서 그런지 맛이 좋아요! 그리고 다 먹고 볶음밥에 오므라이스 올라가는 회오리볶음밥도 일품이네요~! 정신없이 먹었네요😅
1999496197,쭈꾸미도사 잠실새내점,잠실,한식,3.9,1954,,,"잠실새내역 근처에서 쭈꾸미도사 갔는데 진짜 괜찮네요.

쭈차새(쭈꾸미+차돌박이+새우) 시켰는데 ... 더보기"
1999496197,쭈꾸미도사 잠실새내점,잠실,한식,3.9,1954,,,"유명해져서 사람이 많았다~
직원들이 너무 바빠아🥲"
1999496197,쭈꾸미도사 잠실새내점,잠실,한식,3.9,1954,,,너무 맛있게 잘먹었어요
1999496197,쭈꾸미도사 잠실새내점,잠실,한식,3.9,1954,,,너무 별로....
1999496197,쭈꾸미도사 잠실새내점,잠실,한식,3.9,1954,,,너무 맛있었어용 잘 먹고 갑니다앙
1999496197,쭈꾸미도사 잠실새내점,잠실,한식,3.9,1954,,,가성비
1999496197,쭈꾸미도사 잠실새내점,잠실,한식,3.9,1954,,,분위기
1999496197,쭈꾸미도사 잠실새내점,잠실,한식,3.9,1954,,,사진/영상 후기만 보기
1999496197,쭈꾸미도사 잠실새내점,잠실,한식,3.9,1954,,,2025.10.18.
1999496197,쭈꾸미도사 잠실새내점,잠실,한식,3.9,1954,,,2025.10.04.
1999496197,쭈꾸미도사 잠실새내점,잠실,한식,3.9,1954,,,2025.07.16.
1999496197,쭈꾸미도사 잠실새내점,잠실,한식,3.9,1954,,,2024.09.11.
1999496197,쭈꾸미도사 잠실새내점,잠실,한식,3.9,1954,,,2024.05.19.
1999496197,쭈꾸미도사 잠실새내점,잠실,한식,3.9,1954,,,2023.09.10.
1999496197,쭈꾸미도사 잠실새내점,잠실,한식,3.9,1954,,,2023.05.06.
1999496197,쭈꾸미도사 잠실새내점,잠실,한식,3.9,1954,,,2023.05.03.
1999496197,쭈꾸미도사 잠실새내점,잠실,한식,3.9,1954,,,2026.03.24.
1999496197,쭈꾸미도사 잠실새내점,잠실,한식,3.9,1954,,,2025.12.12.
1999496197,쭈꾸미도사 잠실새내점,잠실,한식,3.9,1954,,,2025.10.01.
1999496197,쭈꾸미도사 잠실새내점,잠실,한식,3.9,1954,,,2025.07.31.
1999496197,쭈꾸미도사 잠실새내점,잠실,한식,3.9,1954,,,2025.07.23.
1999496197,쭈꾸미도사 잠실새내점,잠실,한식,3.9,1954,,,2025.06.21.
1999496197,쭈꾸미도사 잠실새내점,잠실,한식,3.9,1954,,,2024.05.17.
1999496197,쭈꾸미도사 잠실새내점,잠실,한식,3.9,1954,,,2022.09.19.
1999496197,쭈꾸미도사 잠실새내점,잠실,한식,3.9,1954,,,2022.03.09.
1999496197,쭈꾸미도사 잠실새내점,잠실,한식,3.9,1954,,,2021.11.02.
1999496197,쭈꾸미도사 잠실새내점,잠실,한식,3.9,1954,,,2021.10.13.
1747047105,후발대 잠실직영점,잠실,한식,4.7,283,,,"구워주셔서 좋아요!! 너무 맛있어서 또 왔어요
직원분들도 모두 친절하십니다 야구선수 맛집인 이유가 있는 것 같아요 짱~!!"
1747047105,후발대 잠실직영점,잠실,한식,4.7,283,,,"진짜 강추합니다
특히 감자에 김치찌개 김치올려서 드셔보세요 환상을 느끼실 수 있습니다!!!!!!
사장님도 친절하십니다"
1747047105,후발대 잠실직영점,잠실,한식,4.7,283,,,사장님란 직원이 친절하고 좋습니다 ❤️❤️❤️
1747047105,후발대 잠실직영점,잠실,한식,4.7,283,,,모든 직원분들이 친절하시고 무엇보다 고기가 정말 맛있었습니다~ 감사합니다 다음에 또 올게요ㅎㅎ 👍👍
1747047105,후발대 잠실직영점,잠실,한식,4.7,283,,,친절해용
1747047105,후발대 잠실직영점,잠실,한식,4.7,283,,,"야구선수 맛집으로 유명한 이유가 있어요
너무 맛있고 재방문인데 진짜 고기먹고 싶을 때마다 올 예정입니다! 감자쌈이 진짜 킥이에요!"
1747047105,후발대 잠실직영점,잠실,한식,4.7,283,,,너무 맛있고 친절해요..!
1747047105,후발대 잠실직영점,잠실,한식,4.7,283,,,방법대로 고기 싸주시는게 리얼 킥 👍🏻
1747047105,후발대 잠실직영점,잠실,한식,4.7,283,,,"ㄹㅈㄷ
개맛잇음
호들갑x"
1747047105,후발대 잠실직영점,잠실,한식,4.7,283,,,야구선수 맛집으로 유명한 후발대~~.. 드디어 와봤는데 왜 후발대 후발대 하는지 알겠어요!! 잠실에 올 일 있으면 여기서 고기 먹을 것 같은.. 너무 맛있음요ㅠㅠ 완전짱 고기도 다 구워줘요 최고입다아아아
1747047105,후발대 잠실직영점,잠실,한식,4.7,283,,,"감자가 킥이에요!!!!! 사장님 추천대로 쌈싸드셔보시기를..!!
아니 그리고 라면 꼭 먹어야됨.. 두고두고 생각날 맛이에요....!!!!!!!🥺❤️‍🔥"
1747047105,후발대 잠실직영점,잠실,한식,4.7,283,,,감자쌈 미쳤어요!
1747047105,후발대 잠실직영점,잠실,한식,4.7,283,,,처음 방문했는데 너무 친절하시고 감자쌈?이 짱맛있어요..ㅎ.ㅎ🤭🩵🩵🩵
1747047105,후발대 잠실직영점,잠실,한식,4.7,283,,,"사장님이 맛있고
고기가 친절해요
사장님이 싹싹해서
군... 더보기"
1747047105,후발대 잠실직영점,잠실,한식,4.7,283,,,분위기
1747047105,후발대 잠실직영점,잠실,한식,4.7,283,,,가성비
1747047105,후발대 잠실직영점,잠실,한식,4.7,283,,,사진/영상 후기만 보기
1747047105,후발대 잠실직영점,잠실,한식,4.7,283,,,2026.04.18.
1747047105,후발대 잠실직영점,잠실,한식,4.7,283,,,2026.04.11.
1747047105,후발대 잠실직영점,잠실,한식,4.7,283,,,2026.03.28.
1747047105,후발대 잠실직영점,잠실,한식,4.7,283,,,2026.03.20.
1747047105,후발대 잠실직영점,잠실,한식,4.7,283,,,2026.03.04.
1747047105,후발대 잠실직영점,잠실,한식,4.7,283,,,2026.02.28.
1747047105,후발대 잠실직영점,잠실,한식,4.7,283,,,2026.02.24.
1747047105,후발대 잠실직영점,잠실,한식,4.7,283,,,2026.02.08.
1747047105,후발대 잠실직영점,잠실,한식,4.7,283,,,2026.01.18.
1747047105,후발대 잠실직영점,잠실,한식,4.7,283,,,2025.12.26.
1747047105,후발대 잠실직영점,잠실,한식,4.7,283,,,2025.12.13.
1747047105,후발대 잠실직영점,잠실,한식,4.7,283,,,2025.12.06.
1747047105,후발대 잠실직영점,잠실,한식,4.7,283,,,2025.11.04.
1747047105,후발대 잠실직영점,잠실,한식,4.7,283,,,2025.11.01.
1747047105,후발대 잠실직영점,잠실,한식,4.7,283,,,2025.10.25.
1747047105,후발대 잠실직영점,잠실,한식,4.7,283,,,2025.10.18.
1747047105,후발대 잠실직영점,잠실,한식,4.7,283,,,2025.10.15.
1747047105,후발대 잠실직영점,잠실,한식,4.7,283,,,2025.10.05.
1755004918,신천생태,잠실,한식,3.8,9,,,"우선 생태찌개는 계절에 따라 맛이 다르다.
나는 이 곳에 겨울에 두 번, 여름에 한 번 왔었다.
생태의 제철이 겨울인 만큼 겨울에 먹은 생태찌개는 잊을 수 없이 맛있었... 더보기"
1755004918,신천생태,잠실,한식,3.8,9,,,"칭구가 극찬해서 가봤는데 찐 맛집!!
밑반찬이 깔끔해서 좋았고 주문시 끓여주시는 냄비밥에 누룽지 좋았다!
알 추가했는데 이렇게 부드러운 알 처음 먹어봄!"
1755004918,신천생태,잠실,한식,3.8,9,,,허걱 맛있다
1755004918,신천생태,잠실,한식,3.8,9,,,"맛있었어요. 생태탕은 생태가 안들어와서 대구 뽈테기탕먹었는데 시원하고 개운하니 맛있더라구요.
밑반찬도 다 맛있었습니다"
1755004918,신천생태,잠실,한식,3.8,9,,,"생태가 정~말 맛있고 사진은 골뱅이.문어.해삼.멍게 세트 주문한건데 골뱅이.문어 세트를 추천합니다.
... 더보기"
1755004918,신천생태,잠실,한식,3.8,9,,,"감자전이 저세상맛
바삭담백 엄청 두껍고 큰데, 해시브라운같은듯 감자전인듯 인생감자전임
생태탕더 얼... 더보기"
1755004918,신천생태,잠실,한식,3.8,9,,,너무 맛있고 또 가고 싶지만 안 그럴것 같아요. 큰 쥐가 돌아다녀요. 천장쪽 나무틀 위에서 왔다갔다 하는 걸 보고 먹다가 너무 놀랐네요..
1755004918,신천생태,잠실,한식,3.8,9,,,"이물이 혼입된 것(1차, 낚시바늘 혼입)"
1755004918,신천생태,잠실,한식,3.8,9,,,맛집이네요
1755004918,신천생태,잠실,한식,3.8,9,,,"인생 생태찌개입니다, 친구가 포장해와서 먹었는데도 진짜 너무 맛있게 먹었습니다."
1755004918,신천생태,잠실,한식,3.8,9,,,어머니 모시고 지나가다 들린 식당 일단 들어가니 티비보고 왔냐고 물으심 속으로 (오~ 티비에도 나오는집인갑네) 생태찌개 2인분 시키니 대구전 나오는거 맞으시죠? 속으로 (먹어 봤어야 알지 대구... 더보기
1755004918,신천생태,잠실,한식,3.8,9,,,최고 밑반찬도 나무 맛나고.... 또 가고 싶네요
1755004918,신천생태,잠실,한식,3.8,9,,,"후기 처음써보네요 휴
후기들보고 기대잔뜩하고 갔었는데 ㅠ
밑반찬 먼저 나왔는데요 훌륭합니다 . 밑반찬 먹어보면 각이 나오는데 잘하는 집... 더보기"
1755004918,신천생태,잠실,한식,3.8,9,,,밑반찬부터 모는게 훌륭합니다.
1755004918,신천생태,잠실,한식,3.8,9,,,"깔끔하고 조미료 안쓴맛. 
감자전이 또 별미네요^^"
1755004918,신천생태,잠실,한식,3.8,9,,,싱싱하고 깔끔한 국물맛 ~~
1755004918,신천생태,잠실,한식,3.8,9,,,가성비
1755004918,신천생태,잠실,한식,3.8,9,,,분위기
1755004918,신천생태,잠실,한식,3.8,9,,,사진/영상 후기만 보기
1755004918,신천생태,잠실,한식,3.8,9,,,2023.08.27.
1755004918,신천생태,잠실,한식,3.8,9,,,2025.10.04.
1755004918,신천생태,잠실,한식,3.8,9,,,2024.03.22.
1755004918,신천생태,잠실,한식,3.8,9,,,2023.08.16.
1755004918,신천생태,잠실,한식,3.8,9,,,2022.11.17.
1755004918,신천생태,잠실,한식,3.8,9,,,2022.05.30.
1755004918,신천생태,잠실,한식,3.8,9,,,2025.08.15.
1755004918,신천생태,잠실,한식,3.8,9,,,2025.08.04.
1755004918,신천생태,잠실,한식,3.8,9,,,2025.06.17.
1755004918,신천생태,잠실,한식,3.8,9,,,2024.10.05.
1755004918,신천생태,잠실,한식,3.8,9,,,2024.02.29.
1755004918,신천생태,잠실,한식,3.8,9,,,2022.05.01.
1755004918,신천생태,잠실,한식,3.8,9,,,2020.09.14.
1755004918,신천생태,잠실,한식,3.8,9,,,2020.07.02.
1755004918,신천생태,잠실,한식,3.8,9,,,2020.06.27.
1755004918,신천생태,잠실,한식,3.8,9,,,2019.01.31.
1755004918,신천생태,잠실,한식,3.8,9,,,2024.05.02.
939202585,생생아구,잠실,한식,3.9,47,,,"1. 주차 편하고
2. 아구회 양은 적지만 베리굿- 간 찍... 더보기"
939202585,생생아구,잠실,한식,3.9,47,,,계속 오래오래 해주세요~~!!!
939202585,생생아구,잠실,한식,3.9,47,,,"음식이 비싼건 이해 하지만
소주가 7000원은 쫌 아쉽네요 ㅠ
무튼 잘먹었습니다🙏"
939202585,생생아구,잠실,한식,3.9,47,,,양이 너무 적다! 사이드로 나오는 오뎅이 참 맛있었어요
939202585,생생아구,잠실,한식,3.9,47,,,새롭고 맛있어요
939202585,생생아구,잠실,한식,3.9,47,,,주문하면 바로 요리하는데 좀 비싸요
939202585,생생아구,잠실,한식,3.9,47,,,가격대가 있지만 맛있었어요
939202585,생생아구,잠실,한식,3.9,47,,,"생아구는 처음 먹어보는데 회, 찜, 수육 다 맛있네요. 근데 가격이 좀 부담되고, 4명이서 젤좋은 코스로 먹긴했지만 양이 생각보다 많게는 안느껴졌어요. 단품으로 여러개 시켜 먹는게 더 나을뻔 한 생각을..ㅎㅎ"
939202585,생생아구,잠실,한식,3.9,47,,,"아구회는 처음인데 별미네요
괜찮았습니다."
939202585,생생아구,잠실,한식,3.9,47,,,"무심한 듯 챙겨줄 거 다 챙겨주는 부산 출신 사장님이 계신 곳.
신선한 활아구 수육과 처음 만나보는 아구 생간, 수제어묵이 맛있었고 다양한 주종과의 페어링이 ... 더보기"
939202585,생생아구,잠실,한식,3.9,47,,,아구수육 먹었습니다. 가격이 있어 좀 기대했는데 원물은 좋은 것 같은데 비린맛이 있네요.. 반찬도 부족해서 아쉬웠습니다
939202585,생생아구,잠실,한식,3.9,47,,,맛있어요~술안주로 딱이에요
939202585,생생아구,잠실,한식,3.9,47,,,사장님의 겸손함이 불필요할 정도로 맛있다.
939202585,생생아구,잠실,한식,3.9,47,,,제주나 부산 거제가면 3인 15만원이면 여기보다 잘나옵니다 생아구바로잡아서 회 샤브 아구찜까지... 아구값 안비싸요....  3주전 제주 호림식당가서 3명 12만에 아구찜 남기고옴... 여긴 양도적음
939202585,생생아구,잠실,한식,3.9,47,,,언제적 것인데 이제...
939202585,생생아구,잠실,한식,3.9,47,,,뭐라고 해야 하지 돈 남아 돌면 가도 상관 없는데 풀코스로 먹어도 배고픈 느낌 그렇다고 맛이 뛰어나지도 않음 굳이 아귀를 회로 먹을 필요가 없다를 느끼게 해줌 코스로 시키면 아귀 수육은 살이 별로 없고 뼈다귀만 줌 사장... 더보기
939202585,생생아구,잠실,한식,3.9,47,,,"미식가입니다.
여기 맛있음."
939202585,생생아구,잠실,한식,3.9,47,,,"수족관에 든 생아귀로만 요리하는 집
가격이 싸지는 않지만
15000인 ... 더보기"
939202585,생생아구,잠실,한식,3.9,47,,,미쳤어요 너무맛있고 맛집임
939202585,생생아구,잠실,한식,3.9,47,,,맛있어요
939202585,생생아구,잠실,한식,3.9,47,,,분위기
939202585,생생아구,잠실,한식,3.9,47,,,사진/영상 후기만 보기
939202585,생생아구,잠실,한식,3.9,47,,,2026.01.04.
939202585,생생아구,잠실,한식,3.9,47,,,2025.09.06.
939202585,생생아구,잠실,한식,3.9,47,,,2025.03.24.
939202585,생생아구,잠실,한식,3.9,47,,,2025.03.12.
939202585,생생아구,잠실,한식,3.9,47,,,2023.11.29.
939202585,생생아구,잠실,한식,3.9,47,,,2023.05.25.
939202585,생생아구,잠실,한식,3.9,47,,,2024.07.22.
939202585,생생아구,잠실,한식,3.9,47,,,2022.05.18.
939202585,생생아구,잠실,한식,3.9,47,,,2022.03.19.
939202585,생생아구,잠실,한식,3.9,47,,,2022.02.10.
939202585,생생아구,잠실,한식,3.9,47,,,2026.02.05.
939202585,생생아구,잠실,한식,3.9,47,,,2024.07.23.
939202585,생생아구,잠실,한식,3.9,47,,,2024.06.04.
939202585,생생아구,잠실,한식,3.9,47,,,2024.02.01.
939202585,생생아구,잠실,한식,3.9,47,,,2023.08.10.
939202585,생생아구,잠실,한식,3.9,47,,,2023.06.13.
939202585,생생아구,잠실,한식,3.9,47,,,2022.10.30.
939202585,생생아구,잠실,한식,3.9,47,,,2022.10.28.
939202585,생생아구,잠실,한식,3.9,47,,,2022.06.04.
939202585,생생아구,잠실,한식,3.9,47,,,2021.11.28.
1500248496,돈푸짐감자탕,잠실,한식,4.1,128,,,5각형 맛집. 나무랄데가 없이 맛있습니다.
1500248496,돈푸짐감자탕,잠실,한식,4.1,128,,,"[서울/삼전]
닉값하는 감자탕...
뼈에 붙은 고기 양부터가 남다름 진짜 배... 더보기"
1500248496,돈푸짐감자탕,잠실,한식,4.1,128,,,이동네 감자탕 먹을 수 있는데가 세군데인데..당연 이집이지
1500248496,돈푸짐감자탕,잠실,한식,4.1,128,,,서울에서 가장 맛있는 뼈해장국은 돈푸짐이라고 오늘부로 못박습니다 양으로보나 육질로보나 맛으로보나 여기만한 감자탕집은 없습니다~😅
1500248496,돈푸짐감자탕,잠실,한식,4.1,128,,,닉값 제대로... 둘이서 밥 없이 배불러서 조금 남겼어요.. 국물도 진하고 잡내 없이 맛있어요 ㅜ 또 가야지
1500248496,돈푸짐감자탕,잠실,한식,4.1,128,,,"이름값함 + 얼큰칼칼+ 녹진함 
완벽"
1500248496,돈푸짐감자탕,잠실,한식,4.1,128,,,"이름대로 정말 양이 많고 맛있어요! 이정도에 이가격이면 가성비도 아주 좋아요! 잘먹었어요!

반면에 물마시려고 컵을 봤더니 세개가 설거지가 안... 더보기"
1500248496,돈푸짐감자탕,잠실,한식,4.1,128,,,"송파 가성비 좋은 감자탕집입니다. 

고기 양이 다른 식당에 비해 많아 가성비가 좋고 맛은 무난하게 맛있는 식당입니다. 밥 꼬들한 상태는 좋았지만... 더보기"
1500248496,돈푸짐감자탕,잠실,한식,4.1,128,,,고기가 매우 많다. 무난의 맛!
1500248496,돈푸짐감자탕,잠실,한식,4.1,128,,,"먹어본 뼈해장국중에 고기가 제일 많았어요👍👍
양 진짜 푸짐. 맛있었음. 다음에 또 먹으러 올 의향 있어요!! 사장님이 무뚝뚝하긴 하신데, 바빠서 그러신거 같아요 잘먹고갑니다 :)"
1500248496,돈푸짐감자탕,잠실,한식,4.1,128,,,맵찔이에겐 조금 매움..
1500248496,돈푸짐감자탕,잠실,한식,4.1,128,,,"엄청 맛있게 먹구 갔어여
여기 콩나물 무침 강추드립니다!"
1500248496,돈푸짐감자탕,잠실,한식,4.1,128,,,칼칼한 타입. 그렇다고 풍년의 고춧가루 범벅 느낌은 아닙니다. 건더기 양은 가게 이름값 하네요 ㅎㅎ 고기 핏물 제거가 잘 안 된 부분이 있었는지 잘 먹다가 일부 비릿한 맛이 느껴졌습니다. 깍... 더보기
1500248496,돈푸짐감자탕,잠실,한식,4.1,128,,,진짜 맛나요... 볶음밥 1등...
1500248496,돈푸짐감자탕,잠실,한식,4.1,128,,,"지금까지 경험한 감자탕 중에서 고기의 질과 부드러움, 크기와 맛에서 탑. 잡내 하나 없고 고기와 뼈가 손만 대도 분리될 정도로 부드러운 건 이집만의 손질 비법인듯. 국물은 끝맛이 칼칼하면서 산초(?)... 더보기"
1500248496,돈푸짐감자탕,잠실,한식,4.1,128,,,매일먹고싶어요
1500248496,돈푸짐감자탕,잠실,한식,4.1,128,,,"닉값 제대로임 푸짐 ㄹㅇㅋㅋ 
감자탕안에 뼈 갯수가 일단 많은데 뼈 하나하나에 붙은 고기 양이 어마어마함
고기 원물 자체를 좋... 더보기"
1500248496,돈푸짐감자탕,잠실,한식,4.1,128,,,"이정도는 해야 돈푸짐이라는 간판걸고 장사할 수
있음. 호불호 없이 좋아할 약간 걸쭉하면서도... 더보기"
1500248496,돈푸짐감자탕,잠실,한식,4.1,128,,,ㅋㅍ배달으로 자주 시켜먹었는데 이번에 이물질이..나왔어요.. 머리카락이면 솔직히 그럴수도있겠거니 하고  굳이 안올리겠는데 수세미 같... 더보기
1500248496,돈푸짐감자탕,잠실,한식,4.1,128,,,가성비
1500248496,돈푸짐감자탕,잠실,한식,4.1,128,,,분위기
1500248496,돈푸짐감자탕,잠실,한식,4.1,128,,,사진/영상 후기만 보기
1500248496,돈푸짐감자탕,잠실,한식,4.1,128,,,2026.03.06.
1500248496,돈푸짐감자탕,잠실,한식,4.1,128,,,2025.10.28.
1500248496,돈푸짐감자탕,잠실,한식,4.1,128,,,2025.05.09.
1500248496,돈푸짐감자탕,잠실,한식,4.1,128,,,2025.04.18.
1500248496,돈푸짐감자탕,잠실,한식,4.1,128,,,2025.02.18.
1500248496,돈푸짐감자탕,잠실,한식,4.1,128,,,2025.02.13.
1500248496,돈푸짐감자탕,잠실,한식,4.1,128,,,2024.12.19.
1500248496,돈푸짐감자탕,잠실,한식,4.1,128,,,2024.01.01.
1500248496,돈푸짐감자탕,잠실,한식,4.1,128,,,2023.09.11.
1500248496,돈푸짐감자탕,잠실,한식,4.1,128,,,2022.09.30.
1500248496,돈푸짐감자탕,잠실,한식,4.1,128,,,2026.02.06.
1500248496,돈푸짐감자탕,잠실,한식,4.1,128,,,2026.01.07.
1500248496,돈푸짐감자탕,잠실,한식,4.1,128,,,2025.12.22.
1500248496,돈푸짐감자탕,잠실,한식,4.1,128,,,2025.11.03.
1500248496,돈푸짐감자탕,잠실,한식,4.1,128,,,2025.08.16.
1500248496,돈푸짐감자탕,잠실,한식,4.1,128,,,2025.08.04.
1500248496,돈푸짐감자탕,잠실,한식,4.1,128,,,2025.07.04.
1500248496,돈푸짐감자탕,잠실,한식,4.1,128,,,2024.10.14.
1500248496,돈푸짐감자탕,잠실,한식,4.1,128,,,2023.08.26.
2051262927,정담옥,잠실,한식,4,1633,,,수육국밥은 좀 밍밍 뼈짐은 넘 달아요 가성비좋음
2051262927,정담옥,잠실,한식,4,1633,,,뼈구이가 맛도 좋고 불향도 잘나서 양도 좋습니다. 국물도 진하고 맛있네여 근처에 가면 다시 방문 하고 싶습니다
2051262927,정담옥,잠실,한식,4,1633,,,"부추 다넣고 들깨 퍼넣고 후추한번 뿌리고
다른지역은 특을 시키면 국물많고 그릇이 큰데
그릇에 고기와 순대가 그득합... 더보기"
2051262927,정담옥,잠실,한식,4,1633,,,"진짜 무조건 만족하실 맛집이예요!!
와 숯불뼈구이는 살도 진짜많고 매콤달달해서 너무 맛있는데 소짜인데도 엄청 많아요... 국밥도 맑고 든든하... 더보기"
2051262927,정담옥,잠실,한식,4,1633,,,깔끔하고 푸짐한데 가성비 너무훌륭하다
2051262927,정담옥,잠실,한식,4,1633,,,잠실야구장 기다리며 순대국에 새로 1병...나름 순대국은 90점 정도 진하고 후회하지는 않음
2051262927,정담옥,잠실,한식,4,1633,,,"순대국은 쏘쏘였는데
뼈찜인지 뼈구이인지
아무튼 이게 킬포인트.
공깃밥에 ... 더보기"
2051262927,정담옥,잠실,한식,4,1633,,,"진짜,,, 양도푸짐하보 정말 맛있습니다
숯불뼈구이 야들야들 매콤한데 양도 진짜 푸짐합니다
수육국밥은 부산보다 맛있습니다 ㅋㅋㅋ"
2051262927,정담옥,잠실,한식,4,1633,,,"맛있고 보드러운데 두개정도 먹으면 약간 느끼해요 ㅜㅜ
그치만 맛있어요!"
2051262927,정담옥,잠실,한식,4,1633,,,후기가 좋아서 간거였으나 기다려서 먹을정도의 맛집이 아니였음 나쁘지... 더보기
2051262927,정담옥,잠실,한식,4,1633,,,"지인짜 양 많고 서비스로 국밥 국물 하나 주시는데 양도 푸짐 하고 맛있었어요ㅠㅠ
다만 맵찌리가 순간 방심하고 2단계 괜찮겠지 했다가 너무 매워... 더보기"
2051262927,정담옥,잠실,한식,4,1633,,,👍👍👍👍👍
2051262927,정담옥,잠실,한식,4,1633,,,맛은있는데 개꼬불거리는 머리카락 혹은 털? 손가락 하나길이정도되는게 나왔는데 알바생시켜서 사과 툭 하고 끝이네요 주방 안에서 사장님이랑 알바생... 더보기
2051262927,정담옥,잠실,한식,4,1633,,,음식 맛있고 저렴하고 푸짐합니다.
2051262927,정담옥,잠실,한식,4,1633,,,"수육 국밥은 나름 괜찮게 먹었는데
순댓국 고기만 시키니 비계 부위만 많고 국물은 가루에 물탄 맛이 나네요..
기대했는데 아쉬움이 컸습니다."
2051262927,정담옥,잠실,한식,4,1633,,,뼈구이가 진짜 하룰라라 가요 너무 맛있고 양도 푸짐해요 포장도 가능해서 조음
2051262927,정담옥,잠실,한식,4,1633,,,뼈찜 정말 맛있고 양도 푸짐해요!!👍👍 완전 별미에다가 재방문의사 200% 입니다‼️ 기본맵기로 했는데 딱 적당히 매콤하고 고기 살도 많고 정말 부드럽고 맛있어요 강추😭🫶🫶
2051262927,정담옥,잠실,한식,4,1633,,,가성비
2051262927,정담옥,잠실,한식,4,1633,,,분위기
2051262927,정담옥,잠실,한식,4,1633,,,사진/영상 후기만 보기
2051262927,정담옥,잠실,한식,4,1633,,,2026.04.10.
2051262927,정담옥,잠실,한식,4,1633,,,2026.03.29.
2051262927,정담옥,잠실,한식,4,1633,,,2026.01.14.
2051262927,정담옥,잠실,한식,4,1633,,,2025.11.11.
2051262927,정담옥,잠실,한식,4,1633,,,2025.07.16.
2051262927,정담옥,잠실,한식,4,1633,,,2025.05.21.
2051262927,정담옥,잠실,한식,4,1633,,,2025.04.22.
2051262927,정담옥,잠실,한식,4,1633,,,2025.04.18.
2051262927,정담옥,잠실,한식,4,1633,,,2025.04.06.
2051262927,정담옥,잠실,한식,4,1633,,,2024.10.16.
2051262927,정담옥,잠실,한식,4,1633,,,2024.10.15.
2051262927,정담옥,잠실,한식,4,1633,,,2024.08.30.
2051262927,정담옥,잠실,한식,4,1633,,,2023.10.30.
2051262927,정담옥,잠실,한식,4,1633,,,2026.03.07.
2051262927,정담옥,잠실,한식,4,1633,,,2026.01.12.
2051262927,정담옥,잠실,한식,4,1633,,,2025.10.08.
2051262927,정담옥,잠실,한식,4,1633,,,2025.10.04.
2051262927,정담옥,잠실,한식,4,1633,,,2025.06.15.
2051262927,정담옥,잠실,한식,4,1633,,,2025.05.20.
617218371,초대창 잠실새내점,잠실,한식,4.5,1301,,,"내부 깨끗하고
직원분 모두 친절하셔서
잘 먹었습니다.... 더보기"
617218371,초대창 잠실새내점,잠실,한식,4.5,1301,,,맛있게 잘 먹었습니다.
617218371,초대창 잠실새내점,잠실,한식,4.5,1301,,,인생 곱창집!!! 너무 맛있게 먹었어요❤️
617218371,초대창 잠실새내점,잠실,한식,4.5,1301,,,"일년만에 방문
예전에 느꼈던 맛이나 분위기가 아님"
617218371,초대창 잠실새내점,잠실,한식,4.5,1301,,,"직원분이 바쁜데도 불구하고 아쥬친절!
환기잘돼서 쾌적
양대창이랑 초벌된 곱창 맛있음"
617218371,초대창 잠실새내점,잠실,한식,4.5,1301,,,진짜 맛있어요… 세광양대창보다 훨씬 더… 김치도 맛있고 개막하면 또오렵니다
617218371,초대창 잠실새내점,잠실,한식,4.5,1301,,,일단 여자 직원분이 너무 친절하세요. 직원분의 추천으로 모듬구이 먹었는데 진짜 대창 막창 특양 하나하나 너무 매력적이고 맛있었어요. 찍어 먹... 더보기
617218371,초대창 잠실새내점,잠실,한식,4.5,1301,,,사장님이 정~~~말 정말정말정말 친절하시고 무엇보다 엘지팬이시라 정말 좋았어요. 처음부터 끝까지 먹기 편하게 구워주셔서 먹기 정말 편했어요. 머무르는 동안 베풀어주신 모든 서비스와 친절 정말 감사합니다 🤍🤍
617218371,초대창 잠실새내점,잠실,한식,4.5,1301,,,고급식당에서 제대로된음식 대접받는느낌!! 너무 부드럽고 정말 맛있다
617218371,초대창 잠실새내점,잠실,한식,4.5,1301,,,"총점: 4/5

대창: 4.5/5
막창... 더보기"
617218371,초대창 잠실새내점,잠실,한식,4.5,1301,,,맛있었는데 왜들그랭
617218371,초대창 잠실새내점,잠실,한식,4.5,1301,,,맛있고 무엇보다 사장님이 너무 친절하세요! 기분 좋게 식사하고 나왔습니다
617218371,초대창 잠실새내점,잠실,한식,4.5,1301,,,"전골을 꼭 드세요 ㅋㅋ
양념도 맛나고
직원분들이 어른분들인데 너무 친절하게 대해주셔서 감사합니다"
617218371,초대창 잠실새내점,잠실,한식,4.5,1301,,,총 두번 방문했는데 처음엔 여러 명이 가서 몰랐습니다 어제 저랑 지인 둘이 갔는데 구이가 무조건 3인분 이상 주문입니다 2차로 간 건데 어쩔수없이 3인분 시켜서 일단 45000원 ㅋㅋ 소주 5000... 더보기
617218371,초대창 잠실새내점,잠실,한식,4.5,1301,,,"여기 진짜 맛집이고, 사장님이 엄청 친절 하십니다! 먹었던 대창집 중에서 최고였습니다! 자주 찾아 오겠습니다!"
617218371,초대창 잠실새내점,잠실,한식,4.5,1301,,,진짜 맛있음 ㅠㅠ 내 최애 대창집 주차가능
617218371,초대창 잠실새내점,잠실,한식,4.5,1301,,,사이드반찬부터 계란찜 막창 대창 특양까지 모두다 맛있고 사장님과 직원분이 바쁘신 와중에도 친절함을 잃지 않으셔서 오랜만에 정말 기분좋은 ... 더보기
617218371,초대창 잠실새내점,잠실,한식,4.5,1301,,,본래 곱창은 안 질긴게 정상인데 대부분 질긴데가 많더라구요. 근데 여기는 하나도 안 질겨서 턱이 아프지도 않고 가격도 착하고 맛도 있으니! 이때까지 가본 서울 내 곱창 집 중 당연 최고네요!
617218371,초대창 잠실새내점,잠실,한식,4.5,1301,,,질기지않고 넘 부드러워요ㅠ 요즘 계속 대창 땡겼는데 양도 적당하고 정말 원없이 먹고왓습니당
617218371,초대창 잠실새내점,잠실,한식,4.5,1301,,,분위기
617218371,초대창 잠실새내점,잠실,한식,4.5,1301,,,가성비
617218371,초대창 잠실새내점,잠실,한식,4.5,1301,,,사진/영상 후기만 보기
617218371,초대창 잠실새내점,잠실,한식,4.5,1301,,,2025.05.11.
617218371,초대창 잠실새내점,잠실,한식,4.5,1301,,,2025.04.19.
617218371,초대창 잠실새내점,잠실,한식,4.5,1301,,,2024.11.05.
617218371,초대창 잠실새내점,잠실,한식,4.5,1301,,,2024.11.01.
617218371,초대창 잠실새내점,잠실,한식,4.5,1301,,,2024.10.19.
617218371,초대창 잠실새내점,잠실,한식,4.5,1301,,,2024.01.13.
617218371,초대창 잠실새내점,잠실,한식,4.5,1301,,,2024.01.03.
617218371,초대창 잠실새내점,잠실,한식,4.5,1301,,,2023.08.30.
617218371,초대창 잠실새내점,잠실,한식,4.5,1301,,,2023.02.16.
617218371,초대창 잠실새내점,잠실,한식,4.5,1301,,,2023.01.06.
617218371,초대창 잠실새내점,잠실,한식,4.5,1301,,,2022.11.26.
617218371,초대창 잠실새내점,잠실,한식,4.5,1301,,,2022.11.01.
617218371,초대창 잠실새내점,잠실,한식,4.5,1301,,,2023.09.29.
617218371,초대창 잠실새내점,잠실,한식,4.5,1301,,,2022.10.06.
617218371,초대창 잠실새내점,잠실,한식,4.5,1301,,,2022.07.15.
617218371,초대창 잠실새내점,잠실,한식,4.5,1301,,,2022.04.24.
617218371,초대창 잠실새내점,잠실,한식,4.5,1301,,,2022.04.18.
617218371,초대창 잠실새내점,잠실,한식,4.5,1301,,,2021.11.16.
617218371,초대창 잠실새내점,잠실,한식,4.5,1301,,,2020.09.06.
617218371,초대창 잠실새내점,잠실,한식,4.5,1301,,,2020.04.10.
648596761,팔팔감자탕,잠실,한식,4.5,60,,,"감자탕 고기랑 수제비 맛나고 친절하고 주차장완비
좋아요 하지만 중국김치때문에 별하나 뺏어요
상당히 아쉬운 부분"
648596761,팔팔감자탕,잠실,한식,4.5,60,,,뼈 퀄리티가 부드러워서 발라먹기 좋았고 국물도 텁텁하지 않아서 아주 맛있는 해장국 집입니다.
648596761,팔팔감자탕,잠실,한식,4.5,60,,,여기 진짜 고기 많이 줌 깜놀
648596761,팔팔감자탕,잠실,한식,4.5,60,,,"감자탕 밖에서 내돈내산 처음하는데 여기 진짜 친절하고 맛있어요 평 좋은데는 이유가 있는거 같아요
아주 굿입니당 감자탕 또 먹으러 올거 같아요"
648596761,팔팔감자탕,잠실,한식,4.5,60,,,잠실새내 최고의 감자탕! 사진으로는 잘 안 보이는데 뼈 엄청 푸짐해요! 감자탕집인데도 깔끔해서 더 좋았어요.
648596761,팔팔감자탕,잠실,한식,4.5,60,,,"뼈해장국 맛있음 ㅎㅎ
최소 20번 방문한듯 갈때마다 사람 바글바글
깍두기도 존맛임"
648596761,팔팔감자탕,잠실,한식,4.5,60,,,"🤩 ‘객관적 맛집찾기‘의 간단한 총평 🤩

😋맛
뼈해장국 9,000원 (⭐... 더보기"
648596761,팔팔감자탕,잠실,한식,4.5,60,,,"25.10.22. 별점 수정

박수 짝짝"
648596761,팔팔감자탕,잠실,한식,4.5,60,,,근처왔다가 리뷰보고 방문. 이 정도 잘하는 집도 드물다. 맛집 인정. 근처 오면 또 와야지..
648596761,팔팔감자탕,잠실,한식,4.5,60,,,우리동네 최고 감자탕집! 살도 정말 많고 국물 존맛탱 사장님도 넘넘 친절하심
648596761,팔팔감자탕,잠실,한식,4.5,60,,,평범했어요
648596761,팔팔감자탕,잠실,한식,4.5,60,,,"대한민국 감자탕 대회 나가면 1등 쌉가능입니다
별점 15개 누르고싶은데 5개가 최대라 눈물이 납니다.......
인생맛집이라 이 근처 갈때마다 먹... 더보기"
648596761,팔팔감자탕,잠실,한식,4.5,60,,,"맛은 그냥 그럼 이렇게 사람 많은 이유 모르겠음
우산 도둑당함. 대처 -100... 더보기"
648596761,팔팔감자탕,잠실,한식,4.5,60,,,"묵은지 감자탕
고기 엄청 부드러움"
648596761,팔팔감자탕,잠실,한식,4.5,60,,,괜찮음
648596761,팔팔감자탕,잠실,한식,4.5,60,,,".........
맛이 왜바꼈지"
648596761,팔팔감자탕,잠실,한식,4.5,60,,,고기가 꽤나 부드럽고 실하네요 추천합니다
648596761,팔팔감자탕,잠실,한식,4.5,60,,,가성비
648596761,팔팔감자탕,잠실,한식,4.5,60,,,사진/영상 후기만 보기
648596761,팔팔감자탕,잠실,한식,4.5,60,,,2026.04.04.
648596761,팔팔감자탕,잠실,한식,4.5,60,,,2025.08.17.
648596761,팔팔감자탕,잠실,한식,4.5,60,,,2025.06.17.
648596761,팔팔감자탕,잠실,한식,4.5,60,,,2025.05.25.
648596761,팔팔감자탕,잠실,한식,4.5,60,,,2025.04.26.
648596761,팔팔감자탕,잠실,한식,4.5,60,,,2024.07.18.
648596761,팔팔감자탕,잠실,한식,4.5,60,,,2024.01.04.
648596761,팔팔감자탕,잠실,한식,4.5,60,,,2022.12.30.
648596761,팔팔감자탕,잠실,한식,4.5,60,,,2025.10.22.
648596761,팔팔감자탕,잠실,한식,4.5,60,,,2024.06.25.
648596761,팔팔감자탕,잠실,한식,4.5,60,,,2023.11.19.
648596761,팔팔감자탕,잠실,한식,4.5,60,,,2022.10.18.
648596761,팔팔감자탕,잠실,한식,4.5,60,,,2022.03.11.
648596761,팔팔감자탕,잠실,한식,4.5,60,,,2020.12.09.
648596761,팔팔감자탕,잠실,한식,4.5,60,,,2026.04.07.
648596761,팔팔감자탕,잠실,한식,4.5,60,,,2026.03.21.
648596761,팔팔감자탕,잠실,한식,4.5,60,,,2026.02.11.
648596761,팔팔감자탕,잠실,한식,4.5,60,,,2025.12.12.
648596761,팔팔감자탕,잠실,한식,4.5,60,,,2025.11.18.
648596761,팔팔감자탕,잠실,한식,4.5,60,,,2025.11.11.
27342866,갑돼지 신천본점,잠실,한식,4.6,12,,,"육질이 좋고 맛있었어요
김치 꾸워먹으니까 환상,,"
27342866,갑돼지 신천본점,잠실,한식,4.6,12,,,고기 잡내 조금. 육즙이나 기본찬 냉면 다 적당히 맛있음. 볶음밥 노
27342866,갑돼지 신천본점,잠실,한식,4.6,12,,,"맛있어요!!
고기도 잘 구워주시고
근데 식탁에 기름기가 좀 많아서 그런 부분은 아쉬웠네요!"
27342866,갑돼지 신천본점,잠실,한식,4.6,12,,,짱입니다
27342866,갑돼지 신천본점,잠실,한식,4.6,12,,,"맛있고 친절하지만 책상에 기름이랑 오래되서 어쩔 수 없는 향이 납니다.

고기는 진짜 좋은거 쓰시는듯!"
27342866,갑돼지 신천본점,잠실,한식,4.6,12,,,고기 육즙이 팡팡 터지네요 친절하고 고기도 잘 구워주십니다~!
27342866,갑돼지 신천본점,잠실,한식,4.6,12,,,한입 먹자마자 감탄... 맛잇어요ㅠㅠ
27342866,갑돼지 신천본점,잠실,한식,4.6,12,,,맛있고 친절하시고 서비스도 주심!
27342866,갑돼지 신천본점,잠실,한식,4.6,12,,,가성비
27342866,갑돼지 신천본점,잠실,한식,4.6,12,,,분위기
27342866,갑돼지 신천본점,잠실,한식,4.6,12,,,사진/영상 후기만 보기
27342866,갑돼지 신천본점,잠실,한식,4.6,12,,,2026.04.22.
27342866,갑돼지 신천본점,잠실,한식,4.6,12,,,2024.04.28.
27342866,갑돼지 신천본점,잠실,한식,4.6,12,,,2022.04.28.
27342866,갑돼지 신천본점,잠실,한식,4.6,12,,,2021.10.25.
27342866,갑돼지 신천본점,잠실,한식,4.6,12,,,2023.09.15.
27342866,갑돼지 신천본점,잠실,한식,4.6,12,,,2023.07.30.
27342866,갑돼지 신천본점,잠실,한식,4.6,12,,,2022.11.05.
27342866,갑돼지 신천본점,잠실,한식,4.6,12,,,2022.07.20.
27342866,갑돼지 신천본점,잠실,한식,4.6,12,,,2019.08.18.
27342866,갑돼지 신천본점,잠실,한식,4.6,12,,,2018.05.24.
27342866,갑돼지 신천본점,잠실,한식,4.6,12,,,2025.10.15.
27342866,갑돼지 신천본점,잠실,한식,4.6,12,,,2023.03.07.
27342866,갑돼지 신천본점,잠실,한식,4.6,12,,,2022.10.26.
27342866,갑돼지 신천본점,잠실,한식,4.6,12,,,2022.08.28.
27342866,갑돼지 신천본점,잠실,한식,4.6,12,,,2017.08.28.
27342866,갑돼지 신천본점,잠실,한식,4.6,12,,,2017.04.07.
569946456,왕게수산 잠실직영점,잠실,한식,3.7,18,,,"킹크랩 먹었고 맛은 쏘쏘 가격이 일단 훌륭합니다. 상차림비포함
킹크랩 1kg 98,000
러시아대게... 더보기"
569946456,왕게수산 잠실직영점,잠실,한식,3.7,18,,,"작년에는 킹크랩, 올해에는 대게를 먹으러 갔는데요
일단 맛은 당연히 좋았고 수율도 좋아보였습니다.
손질이 잘돼서 나와서 ... 더보기"
569946456,왕게수산 잠실직영점,잠실,한식,3.7,18,,,서비스도 좋으시고 가격도 합리적이고 친절하시구 무엇보다 게 수율도 정말 꽉차서 만족스러웠어요! 생일차 방문햇는데 와인까지❤️ 킹크랩은 나오자마자 먹느라 사진도 못찍었네요ㅋㅋㅋ재방문할게여~~!
569946456,왕게수산 잠실직영점,잠실,한식,3.7,18,,,대게 먹고 왔습니다 ~ 사장님도 친절하시고 엄청 비싸지도 않고 딱 좋았습니다~ 분위기 낼 수 있게 와인도 구비해두셨네요 ^^ 수율도 좋고 스끼다시도 맛 좋았습니다 :) 기념... 더보기
569946456,왕게수산 잠실직영점,잠실,한식,3.7,18,,,"점심에 갔는데 3팀 있었고 매우 친절하게 잘 해주셨어요~
시간이 지날수록 좀 식는게 아쉬운 부분이얐지만 좋았습니다! 재방문 의사 있어오!"
569946456,왕게수산 잠실직영점,잠실,한식,3.7,18,,,"2층에 있어 창가석에 앉으면 도로뷰가 시원함.
현재는 꽃게철이라 꽃게를 먹으러 예약하고 갔는데 2명은 각각 1kg이면 충분하다 하셨고 예... 더보기"
569946456,왕게수산 잠실직영점,잠실,한식,3.7,18,,,"대게가 먹고 싶은 날 
여기 강추드립니다

잠실... 더보기"
569946456,왕게수산 잠실직영점,잠실,한식,3.7,18,,,사장님도 친절하시고 음식도 신선하고 푸짐합니다. 늦은시간에 예약하고 갔는데도 너무 만족하게 잘 먹고 왔습니다 감사합니다 또 방문드리겠습니다~~~~
569946456,왕게수산 잠실직영점,잠실,한식,3.7,18,,,"모임으로 여러명이 방문해서 대게, 킹크랩, 꽃게 다 맛있게 먹었어요~ㅎ 처음에 몇개 먹어보고 맛있는걸 추가하려고 했는데 맛있... 더보기"
569946456,왕게수산 잠실직영점,잠실,한식,3.7,18,,,"잠실에서 갈만한 킹크랩 집.
수율도 좋고, 선도도 좋아보이고,
밑반찬도 좋았어요."
569946456,왕게수산 잠실직영점,잠실,한식,3.7,18,,,수율도정말좋고 직원분들도 친절하고 정말 훌륭한식사였습니다^^ 꼭 재방문하겠습니다
569946456,왕게수산 잠실직영점,잠실,한식,3.7,18,,,"친한형님과 맛있는 킹크랩과소주 한잔했습니다.
직판장가격치고 스끼도 좋았고
수율이 90프로 이상이더라... 더보기"
569946456,왕게수산 잠실직영점,잠실,한식,3.7,18,,,"왕게수산 잠실점이 2층으로 리로델링과 함께 새로운 팀으로 새롭게 시작합니다.
네이버에서 ""왕게수산밴드""로 가입하시면 할인된 가... 더보기"
569946456,왕게수산 잠실직영점,잠실,한식,3.7,18,,,오랫만에 갔는데 역쉬~기대를 져버리지 않는 왕게수산!!! 킹크랩 가을들어서 수율 더 좋아진 듯하네요 12월에 또 갈게요 ㅎ 직원분들도 친절하시고 ^^ 대박나세요 ~
569946456,왕게수산 잠실직영점,잠실,한식,3.7,18,,,"몃번째가도 방문자리뷰안썼던 단골인데
처음발자국 남깁니다
사장님이하 친절하시고
레드킹만... 더보기"
569946456,왕게수산 잠실직영점,잠실,한식,3.7,18,,,"어쩔 수 없이 회식 했는데,
다신 가고 싶지 않은 곳

생물도... 더보기"
569946456,왕게수산 잠실직영점,잠실,한식,3.7,18,,,"글쎄요
가성비 없죠
네이버 후기는 돈을 많... 더보기"
569946456,왕게수산 잠실직영점,잠실,한식,3.7,18,,,맛없어요 비쌈.....
569946456,왕게수산 잠실직영점,잠실,한식,3.7,18,,,조카 생일로 방문했는데 정말 맛있고 직원분들도 친절하고 아주 좋았습니다 다음에도 재방문하겠습니다
569946456,왕게수산 잠실직영점,잠실,한식,3.7,18,,,"킹크랩 너무 맛있고, 라면도 맛있었음"
569946456,왕게수산 잠실직영점,잠실,한식,3.7,18,,,가성비
569946456,왕게수산 잠실직영점,잠실,한식,3.7,18,,,분위기
569946456,왕게수산 잠실직영점,잠실,한식,3.7,18,,,사진/영상 후기만 보기
569946456,왕게수산 잠실직영점,잠실,한식,3.7,18,,,2025.09.01.
569946456,왕게수산 잠실직영점,잠실,한식,3.7,18,,,2025.08.05.
569946456,왕게수산 잠실직영점,잠실,한식,3.7,18,,,2025.07.10.
569946456,왕게수산 잠실직영점,잠실,한식,3.7,18,,,2025.05.27.
569946456,왕게수산 잠실직영점,잠실,한식,3.7,18,,,2022.10.29.
569946456,왕게수산 잠실직영점,잠실,한식,3.7,18,,,2025.09.18.
569946456,왕게수산 잠실직영점,잠실,한식,3.7,18,,,2025.08.07.
569946456,왕게수산 잠실직영점,잠실,한식,3.7,18,,,2025.07.11.
569946456,왕게수산 잠실직영점,잠실,한식,3.7,18,,,2025.05.30.
569946456,왕게수산 잠실직영점,잠실,한식,3.7,18,,,2023.12.10.
569946456,왕게수산 잠실직영점,잠실,한식,3.7,18,,,2022.11.16.
569946456,왕게수산 잠실직영점,잠실,한식,3.7,18,,,2022.11.13.
569946456,왕게수산 잠실직영점,잠실,한식,3.7,18,,,2022.11.12.
569946456,왕게수산 잠실직영점,잠실,한식,3.7,18,,,2024.07.27.
569946456,왕게수산 잠실직영점,잠실,한식,3.7,18,,,2023.12.28.
569946456,왕게수산 잠실직영점,잠실,한식,3.7,18,,,2023.12.22.
569946456,왕게수산 잠실직영점,잠실,한식,3.7,18,,,2023.12.16.
569946456,왕게수산 잠실직영점,잠실,한식,3.7,18,,,2023.10.15.
1014186276,훈지,잠실,일식,4.9,136,,,열정과 실력이 균형을 이룰 때.
1014186276,훈지,잠실,일식,4.9,136,,,"힐링이돼요ㅠ 늘 최고,,🤍"
1014186276,훈지,잠실,일식,4.9,136,,,"진짜 친절하시고 음식이 일단 너무너무 맛있어요..
저 회사 둔촌인데 점심에 택시타고 먹으러왔어요 
너무 맛있는 집 무조건 가셔요"
1014186276,훈지,잠실,일식,4.9,136,,,"N번째 방문 맛은 설명 할 필요도 없음..
고기 좋아하면 차슈 추가 추천
근처 살아서 행복.."
1014186276,훈지,잠실,일식,4.9,136,,,"힘들고 지친 현대인에게 위로같은 맛
음식에.. 까탈스러운 편이라고 생각합니다. 많이먹는 편도 아니고. 싹싹 긁어 먹었습니다. 절묘한 맛, 음향, 분위기 등 전박적인 공간의 감... 더보기"
1014186276,훈지,잠실,일식,4.9,136,,,"너무 맛있고!
면 삶기가 너무 적당하고!!
사장님 너무 친절하심 ㅠ... 더보기"
1014186276,훈지,잠실,일식,4.9,136,,,"진짜 맛있고 밥추가 무조건해야해요
말도안됩니다 무조건 가세요"
1014186276,훈지,잠실,일식,4.9,136,,,아주아주 맛있었어요 사장님 흰자 안 쓰시면 팔아주세요
1014186276,훈지,잠실,일식,4.9,136,,,"괜춘네요. 메뉴가 단순해서 자신있게 내놓는 메뉴인듯하고, 밥은 추가로 주시기 때문에 양이 부족하면 소스에 말아먹을 수 있어요. 저는 제 양에 딱입니다. 깔끔해요."
1014186276,훈지,잠실,일식,4.9,136,,,"월요일이 제일 싫어요
월요병 때문이냐고요? 아니요 훈지 휴무이기... 더보기"
1014186276,훈지,잠실,일식,4.9,136,,,합리적인 가격에 맛있는 음식과 깔끔한 식당 그리고 친절한 사장님.. 맛있게 잘 먹었습니다
1014186276,훈지,잠실,일식,4.9,136,,,"먹어본 마제소바 중에 탑이에요>_< 
자주 오겠습니다🤤"
1014186276,훈지,잠실,일식,4.9,136,,,가성비
1014186276,훈지,잠실,일식,4.9,136,,,분위기
1014186276,훈지,잠실,일식,4.9,136,,,사진/영상 후기만 보기
1014186276,훈지,잠실,일식,4.9,136,,,2026.03.12.
1014186276,훈지,잠실,일식,4.9,136,,,2026.02.25.
1014186276,훈지,잠실,일식,4.9,136,,,2026.01.20.
1014186276,훈지,잠실,일식,4.9,136,,,2025.12.25.
1014186276,훈지,잠실,일식,4.9,136,,,2025.12.18.
1014186276,훈지,잠실,일식,4.9,136,,,2025.10.26.
1014186276,훈지,잠실,일식,4.9,136,,,2025.10.15.
1014186276,훈지,잠실,일식,4.9,136,,,2025.09.22.
1014186276,훈지,잠실,일식,4.9,136,,,2025.07.24.
1014186276,훈지,잠실,일식,4.9,136,,,2025.04.26.
1014186276,훈지,잠실,일식,4.9,136,,,2025.01.19.
1014186276,훈지,잠실,일식,4.9,136,,,2024.10.26.
1014186276,훈지,잠실,일식,4.9,136,,,2024.06.27.
1014186276,훈지,잠실,일식,4.9,136,,,2024.06.02.
1014186276,훈지,잠실,일식,4.9,136,,,2024.05.21.
1014186276,훈지,잠실,일식,4.9,136,,,2026.04.24.
1014186276,훈지,잠실,일식,4.9,136,,,2026.04.10.
1014186276,훈지,잠실,일식,4.9,136,,,2026.03.22.
1014186276,훈지,잠실,일식,4.9,136,,,2026.03.21.
2097670691,선남씨,잠실,일식,4.2,147,,,직원분들이 매우 열정적이시고 서비스가 많이 나와서 매우 기분이 좋았네요.  특선초밥 강추합니다~~~
2097670691,선남씨,잠실,일식,4.2,147,,,"4인이 저녁B세트 주문.
평점이 좋은 이유가 있는집."
2097670691,선남씨,잠실,일식,4.2,147,,,포장인데도 찬 너무 잘나오고 그냥 초밥이 맛있음 걍..
2097670691,선남씨,잠실,일식,4.2,147,,,"16000원 으로 낼 수 있는 최고 퀄리티
오마카세 느낌
JYP옆에 있을만 함 ㅇㅈ"
2097670691,선남씨,잠실,일식,4.2,147,,,"세명이 진짜 끝날때까지 맛있게  먹었네요.
하나하나 사장님의 손... 더보기"
2097670691,선남씨,잠실,일식,4.2,147,,,"🍣선남 런치 초밥10P(포장)
• 포장해서 한강에 가서 먹었어요. 런치 초밥으로 포장했는데 가성비 좋고 구성도 알차서 배부른 점심이었습니다. 
• 매장에서 ... 더보기"
2097670691,선남씨,잠실,일식,4.2,147,,,"너무 맛있고!
회도신선하고 푸짐해요!
강추강추"
2097670691,선남씨,잠실,일식,4.2,147,,,"저녁에 혼자 참치회덮밥 먹으러 감. 13000원
술자리가 많은 시간이라 혼밥러들은 자리가 ... 더보기"
2097670691,선남씨,잠실,일식,4.2,147,,,음식 계속 나오는데 하나하나 퀄리티 나쁘지 않음. 가성비 최고.
2097670691,선남씨,잠실,일식,4.2,147,,,"중간에 종업원과 소통이 안되는등
서비스저하를 우려했는데 최근에
많... 더보기"
2097670691,선남씨,잠실,일식,4.2,147,,,브레이크타임이 있으면 제발 지도에 업데이트 해주세요. 야구장근처에서 30분 넘게 걸어왔는데 허무하게 브레이크타임으로 빠꾸 먹었네요. 오후에 방문하시는 분들 유의하세요
2097670691,선남씨,잠실,일식,4.2,147,,,성내동에 있다가 잠실로 이사가셔도 여전히 맛있어요 홀이 엄청 넓고 쾌적해지고 주차도 넓어지고!! 덕분에 먹기 더 편해졌네용 🥺 예약은 코스만 가능하지만 요새 워크인해도 식사는 가능해서 좋아요 특선 2인 시키면 죽 + 샐러... 더보기
2097670691,선남씨,잠실,일식,4.2,147,,,레전드 가성비... 초밥 하나 시키는데 회무침에 새우튀김에 죽에 배 터질뻔했어요
2097670691,선남씨,잠실,일식,4.2,147,,,점심 코스 먹었는데 숙성회라 그런지 더 쫄깃하고 맛있어요 다음엔 b코스 도전예정
2097670691,선남씨,잠실,일식,4.2,147,,,"초창기부터 이용했는데 갈수록
장사가 잘되서 그런지 급격히 올라간 가격... 더보기"
2097670691,선남씨,잠실,일식,4.2,147,,,가성비
2097670691,선남씨,잠실,일식,4.2,147,,,분위기
2097670691,선남씨,잠실,일식,4.2,147,,,사진/영상 후기만 보기
2097670691,선남씨,잠실,일식,4.2,147,,,2025.06.11.
2097670691,선남씨,잠실,일식,4.2,147,,,2024.05.11.
2097670691,선남씨,잠실,일식,4.2,147,,,2023.08.31.
2097670691,선남씨,잠실,일식,4.2,147,,,2022.10.15.
2097670691,선남씨,잠실,일식,4.2,147,,,2026.04.10.
2097670691,선남씨,잠실,일식,4.2,147,,,2025.04.27.
2097670691,선남씨,잠실,일식,4.2,147,,,2024.01.12.
2097670691,선남씨,잠실,일식,4.2,147,,,2023.05.24.
2097670691,선남씨,잠실,일식,4.2,147,,,2023.03.16.
2097670691,선남씨,잠실,일식,4.2,147,,,2023.01.25.
2097670691,선남씨,잠실,일식,4.2,147,,,2022.10.04.
2097670691,선남씨,잠실,일식,4.2,147,,,2026.03.02.
2097670691,선남씨,잠실,일식,4.2,147,,,2025.12.28.
2097670691,선남씨,잠실,일식,4.2,147,,,2025.10.25.
2097670691,선남씨,잠실,일식,4.2,147,,,2025.10.01.
2097670691,선남씨,잠실,일식,4.2,147,,,2025.09.19.
2097670691,선남씨,잠실,일식,4.2,147,,,2025.09.13.
2097670691,선남씨,잠실,일식,4.2,147,,,2025.04.16.
2097670691,선남씨,잠실,일식,4.2,147,,,2024.12.25.
2097670691,선남씨,잠실,일식,4.2,147,,,2024.12.12.
24787517,벼락가우리 신천점,잠실,일식,4.4,69,,,"가우리 코스 먹고 왔어요!!!!
념념 맛있다 코스 구성 넘 좋구
숙성회 와방 크고 쫄깃함,,,❤️❤️
배... 더보기"
24787517,벼락가우리 신천점,잠실,일식,4.4,69,,,"가성비로 짱! 입니다.
회만 봤을 때 미쳤다 정도의 퀄리티는 아니지만
코스로 나오는 모든 요리가 보통이상... 더보기"
24787517,벼락가우리 신천점,잠실,일식,4.4,69,,,존맛탱 가성비 짱입니다!
24787517,벼락가우리 신천점,잠실,일식,4.4,69,,,"여러번 왔습니다 
친절하시고 코스요리로 주십니다
다양한 해산물 신선하구 술자리 단체모임하기 좋습니다 또 예약해서 가고싶어요"
24787517,벼락가우리 신천점,잠실,일식,4.4,69,,,"일단 밑에 있던 분 후기에 반박하고싶네요 
아니 가장저렴한 코스가  3만원 인데  충분히 즐길수있는 양이고요! 회신... 더보기"
24787517,벼락가우리 신천점,잠실,일식,4.4,69,,,와 여기는 진짜 모든게 완벽하네여 코스요리 먹었는데 보통 이런데서 전같은거는 그냥 데워주는데 바로 부쳐주시는거 보고... 더보기
24787517,벼락가우리 신천점,잠실,일식,4.4,69,,,"너무맛잇어요
사장님부부 친절하시고 
머가 계속나와요.. ㅋㅋㅋ ... 더보기"
24787517,벼락가우리 신천점,잠실,일식,4.4,69,,,"친절하구, 매장도 깔끔하고, 음식도 맛있네요~~~"
24787517,벼락가우리 신천점,잠실,일식,4.4,69,,,벼락가우리세트 먹었는데 회알못이라 무슨생선인지 잘 모르지만.. 회 하나하나 정말 맛있었어요ㅎㅎ 신선하단 느낌 인당 3만원 가격에 이정도 퀄리티 맛은 정말 찾기 힘들거 같네요 밑반찬 하나... 더보기
24787517,벼락가우리 신천점,잠실,일식,4.4,69,,,소문 듣고 찾아가서 맛있게 먹고는 같이 먹은 사람들 모두 골골.. 이유가 뭔지 모르겠네요.
24787517,벼락가우리 신천점,잠실,일식,4.4,69,,,"화려하진 않아도, 친절, 맛 모두 갑입니다.

나만 알고싶은 이기적인 생... 더보기"
24787517,벼락가우리 신천점,잠실,일식,4.4,69,,,아주맛있음
24787517,벼락가우리 신천점,잠실,일식,4.4,69,,,"맛있었습니다. 손님들도 좋아했습니다.
코스요리 구우욷"
24787517,벼락가우리 신천점,잠실,일식,4.4,69,,,"한번도 안가본 사람은 있지만
한번만 가본 사람은 없답니다."
24787517,벼락가우리 신천점,잠실,일식,4.4,69,,,유튜브보고 갔는데 역시 유명해지면 안됨 사장님 부부? 주방에서 완전 바쁨 다찌석으로 예약해서 앉았는데 다찌석이 사장님과 가까이 있고 더 챙겨줄 수 있는 자리인데 뒤에 있는 테이블을 더 챙김 테이블 앉을걸 그랬음 ... 더보기
24787517,벼락가우리 신천점,잠실,일식,4.4,69,,,주차공간 협소한거 빼고 다 맘에 들었습니다 회도 두툼하고 너무 맛있네요 회 매니아로써 이정도면 가성비 맞네요
24787517,벼락가우리 신천점,잠실,일식,4.4,69,,,"양도 양이고 신선도도 매우 좋습니다
숨겨진 맛집!
예약은 필수 입니다"
24787517,벼락가우리 신천점,잠실,일식,4.4,69,,,가성비
24787517,벼락가우리 신천점,잠실,일식,4.4,69,,,분위기
24787517,벼락가우리 신천점,잠실,일식,4.4,69,,,사진/영상 후기만 보기
24787517,벼락가우리 신천점,잠실,일식,4.4,69,,,2026.04.16.
24787517,벼락가우리 신천점,잠실,일식,4.4,69,,,2026.04.09.
24787517,벼락가우리 신천점,잠실,일식,4.4,69,,,2024.12.25.
24787517,벼락가우리 신천점,잠실,일식,4.4,69,,,2023.03.15.
24787517,벼락가우리 신천점,잠실,일식,4.4,69,,,2022.12.05.
24787517,벼락가우리 신천점,잠실,일식,4.4,69,,,2025.11.18.
24787517,벼락가우리 신천점,잠실,일식,4.4,69,,,2025.05.26.
24787517,벼락가우리 신천점,잠실,일식,4.4,69,,,2023.02.06.
24787517,벼락가우리 신천점,잠실,일식,4.4,69,,,2022.09.23.
24787517,벼락가우리 신천점,잠실,일식,4.4,69,,,2025.04.03.
24787517,벼락가우리 신천점,잠실,일식,4.4,69,,,2025.01.21.
24787517,벼락가우리 신천점,잠실,일식,4.4,69,,,2024.12.06.
24787517,벼락가우리 신천점,잠실,일식,4.4,69,,,2024.03.22.
24787517,벼락가우리 신천점,잠실,일식,4.4,69,,,2023.05.01.
24787517,벼락가우리 신천점,잠실,일식,4.4,69,,,2022.10.26.
24787517,벼락가우리 신천점,잠실,일식,4.4,69,,,2022.08.23.
24787517,벼락가우리 신천점,잠실,일식,4.4,69,,,2022.08.06.
24787517,벼락가우리 신천점,잠실,일식,4.4,69,,,2024.02.28.
24787517,벼락가우리 신천점,잠실,일식,4.4,69,,,2023.05.29.
24787517,벼락가우리 신천점,잠실,일식,4.4,69,,,2022.09.08.
437494532,상무초밥 잠실점,잠실,일식,4.2,1118,,,"점심특선 A  10,900원으로 가성비좋음~
매장은 협소함"
437494532,상무초밥 잠실점,잠실,일식,4.2,1118,,,"점심특선 엄청 가성비임..만원대에 우동이랑 후식티까지 귀엽게 나옴..
고기초밥도 맛있음..... 더보기"
437494532,상무초밥 잠실점,잠실,일식,4.2,1118,,,너무 맛있고 친절해요~!
437494532,상무초밥 잠실점,잠실,일식,4.2,1118,,,맛있어용 자리는 좀 협소한 편이지만 초밥 퀄리티가 좋아요
437494532,상무초밥 잠실점,잠실,일식,4.2,1118,,,추천추천~ 가성비도 좋고 맛있어여~
437494532,상무초밥 잠실점,잠실,일식,4.2,1118,,,근처에 왔다가 저녁 끼니를 위해 먹을 곳을 찾다가 메누판에 연어와 장어가 눈에 띄어서 들어갔지요 ㅎㅎ 저는 연어를 무쟈게 죠아해성 장어는 담 기회에 맛보기루 하고 일단 연어초밥으루 ... 더보기
437494532,상무초밥 잠실점,잠실,일식,4.2,1118,,,"맛과 양 모두 좋습니다
상무초밥 새우튀김 맛있어요"
437494532,상무초밥 잠실점,잠실,일식,4.2,1118,,,"집에서 가볍게 먹기 좋다.
진심초밥"
437494532,상무초밥 잠실점,잠실,일식,4.2,1118,,,"맛있어요..
가성비 좋아요..
친절하고 깔끔해요
미니 우동도 국물 시원하고  ... 더보기"
437494532,상무초밥 잠실점,잠실,일식,4.2,1118,,,"상무초밥 드디어 가봤네요 >_< 
소문대로 초밥 퀄리티 훌륭합니다 
구성... 더보기"
437494532,상무초밥 잠실점,잠실,일식,4.2,1118,,,"왜 별점 높은지 모르겠는데..
전문적이진 않고 그냥 예뻐요.
와사비 양이 일정하지않음
걍... 더보기"
437494532,상무초밥 잠실점,잠실,일식,4.2,1118,,,너무 친절하세요 ㅠㅠ 음식도 너무 맛있게 잘먹었습니당
437494532,상무초밥 잠실점,잠실,일식,4.2,1118,,,"분위기, 음식 나오는 것도 깔끔하고, 누구를 대접한다기 보다는 혼자 혹은 소규모로 소소하게 식사하기 좋아요.
화장실은 불편하고, 티슈 등 셀프인게 많고, ... 더보기"
437494532,상무초밥 잠실점,잠실,일식,4.2,1118,,,"초밥 먹고싶어서 갔는데
맛있게 잘 먹었습니다!
참치회를 잘 못먹어서 말씀드렸는데
... 더보기"
437494532,상무초밥 잠실점,잠실,일식,4.2,1118,,,"주차, 화장실 불편하고 초밥은 보통이었어요
다 셀프입니다"
437494532,상무초밥 잠실점,잠실,일식,4.2,1118,,,잠실새내에서 초밥을 먹어야한다면 모 초밥집들도 있지만 전 이 집을 추천하겠습니다 진짜 맛있어요
437494532,상무초밥 잠실점,잠실,일식,4.2,1118,,,초밥이 땡길때 이용하기 좋아요.
437494532,상무초밥 잠실점,잠실,일식,4.2,1118,,,초밥 하나 나오는데 20분 거기에 잘못 나와서 다시 셋팅 오래 기달리게 하면 미안해라도 햇으면 다행 모지? 하면서 기우뚱 심지어 맛도 평범 -..-
437494532,상무초밥 잠실점,잠실,일식,4.2,1118,,,"맛은 그냥 그렇고 
그릇들 배열은 이쁘지만 불편해요"
437494532,상무초밥 잠실점,잠실,일식,4.2,1118,,,"연어 맛있어요 진짜 부드러움
주차는.. 1시간6천원(공영주차하고 걸어와야됨)
점심특선이 없음....."
437494532,상무초밥 잠실점,잠실,일식,4.2,1118,,,가성비
437494532,상무초밥 잠실점,잠실,일식,4.2,1118,,,분위기
437494532,상무초밥 잠실점,잠실,일식,4.2,1118,,,사진/영상 후기만 보기
437494532,상무초밥 잠실점,잠실,일식,4.2,1118,,,2026.04.18.
437494532,상무초밥 잠실점,잠실,일식,4.2,1118,,,2026.03.28.
437494532,상무초밥 잠실점,잠실,일식,4.2,1118,,,2026.03.17.
437494532,상무초밥 잠실점,잠실,일식,4.2,1118,,,2025.09.13.
437494532,상무초밥 잠실점,잠실,일식,4.2,1118,,,2024.11.05.
437494532,상무초밥 잠실점,잠실,일식,4.2,1118,,,2024.10.22.
437494532,상무초밥 잠실점,잠실,일식,4.2,1118,,,2023.06.20.
437494532,상무초밥 잠실점,잠실,일식,4.2,1118,,,2026.02.14.
437494532,상무초밥 잠실점,잠실,일식,4.2,1118,,,2024.03.18.
437494532,상무초밥 잠실점,잠실,일식,4.2,1118,,,2024.03.08.
437494532,상무초밥 잠실점,잠실,일식,4.2,1118,,,2023.09.19.
437494532,상무초밥 잠실점,잠실,일식,4.2,1118,,,2025.12.13.
437494532,상무초밥 잠실점,잠실,일식,4.2,1118,,,2025.09.11.
437494532,상무초밥 잠실점,잠실,일식,4.2,1118,,,2025.08.25.
437494532,상무초밥 잠실점,잠실,일식,4.2,1118,,,2025.07.28.
437494532,상무초밥 잠실점,잠실,일식,4.2,1118,,,2025.07.01.
437494532,상무초밥 잠실점,잠실,일식,4.2,1118,,,2024.02.04.
437494532,상무초밥 잠실점,잠실,일식,4.2,1118,,,2023.10.10.
437494532,상무초밥 잠실점,잠실,일식,4.2,1118,,,2023.09.16.
437494532,상무초밥 잠실점,잠실,일식,4.2,1118,,,2023.05.01.
777232005,이치고,잠실,일식,4.2,323,,,"I visited this restaurant with my partner and tried a few of their dishes. The staff were kind and the atmosphere had a nice, cozy vibe. However, considering the prices, the food ... 더보기"
777232005,이치고,잠실,일식,4.2,323,,,"깔끔한 이자카야
- 재료 신선함
- 주차 가능
- 좌석은 많으나, 인기... 더보기"
777232005,이치고,잠실,일식,4.2,323,,,"분위기, 맛, 친절, 주차 모든것이 완벽했던 순간이였습니다.

중요한 바이어들과 만나는 자리인데 친절한 ... 더보기"
777232005,이치고,잠실,일식,4.2,323,,,"아늑한 분위기에 담소 나누며 한 잔 하기에 좋은 이자카야.
메뉴들마다 모두 맛있어서 대만... 더보기"
777232005,이치고,잠실,일식,4.2,323,,,가격대가 있지만 또가고싶음 고등어봉초밥은 꼭 먹어야함
777232005,이치고,잠실,일식,4.2,323,,,"음식 맛있어요~
남편 데리고 또 가고싶어요
한우 육회 타르타르 감태에 싸먹으니 굿~"
777232005,이치고,잠실,일식,4.2,323,,,"모든 메뉴들이 다 신경을 써서 준비하셨다는게 보입니다! 음식들도 분위기,응대 다 훌륭합니다~ 빠지는 게 없는 곳입니다. 최고입니다~~"
777232005,이치고,잠실,일식,4.2,323,,,"부족한 부분이 없네요
최고입니다"
777232005,이치고,잠실,일식,4.2,323,,,맛있어요~ 또 가고 싶은 곳이예요!
777232005,이치고,잠실,일식,4.2,323,,,"두번째 방문인데 처음도 맛있었고 여전히 맛있어요. 정신없이 먹느라 나머지는 찍지도 못했네요. 주류 주문이 필수에요. 차를 가져와서 어쩔 수 없이 와인 주문하고 킵.
감태를 싸서 먹는 처음 사진 맛있... 더보기"
777232005,이치고,잠실,일식,4.2,323,,,너무 좋아요
777232005,이치고,잠실,일식,4.2,323,,,"처음엔 신기하기도 하고 메뉴도 입맛을 자극하며 직원분들 서비스가 좋아 매력적이었으나, 이것저것 먹다보면 가격이 훌쩍 올라가 부담스럽고 무엇보다 화장실이 너무 예스러워 살짝..."
777232005,이치고,잠실,일식,4.2,323,,,"4.0점
분위기 좋고 음식 맛있고 친절합니다"
777232005,이치고,잠실,일식,4.2,323,,,"매우매우 괜찮았던 식당
다음에도 또 가겠습니드"
777232005,이치고,잠실,일식,4.2,323,,,"왜 평점이 이거밖에 안되는거죠!!!!!!!!!!!!!!!!!!! 
음식 엄청 맛있고 적당한 백색소음에 고객 응대 좋구요, 가격은 뭐, 그거 생각하고 간거 아니니깐요 :)"
777232005,이치고,잠실,일식,4.2,323,,,걍 소소 합니다
777232005,이치고,잠실,일식,4.2,323,,,분위기도 좋고 맛도 좋고
777232005,이치고,잠실,일식,4.2,323,,,"분위기도 좋고 테이블 간격 넓음
미리 결론 말하자면 사람들이랑 반주하기 좋음 
안주 종류 많고 안주가 나오는 퀄리티가 좋음.
... 더보기"
777232005,이치고,잠실,일식,4.2,323,,,"모듬회와 마지막은 술찜조개 강추합니다. 
생맥주 정말 맛있어요."
777232005,이치고,잠실,일식,4.2,323,,,분위기
777232005,이치고,잠실,일식,4.2,323,,,사진/영상 후기만 보기
777232005,이치고,잠실,일식,4.2,323,,,2025.07.18.
777232005,이치고,잠실,일식,4.2,323,,,2025.06.27.
777232005,이치고,잠실,일식,4.2,323,,,2023.09.13.
777232005,이치고,잠실,일식,4.2,323,,,2024.12.14.
777232005,이치고,잠실,일식,4.2,323,,,2024.08.31.
777232005,이치고,잠실,일식,4.2,323,,,2024.08.14.
777232005,이치고,잠실,일식,4.2,323,,,2023.09.03.
777232005,이치고,잠실,일식,4.2,323,,,2022.10.28.
777232005,이치고,잠실,일식,4.2,323,,,2021.01.28.
777232005,이치고,잠실,일식,4.2,323,,,2020.07.10.
777232005,이치고,잠실,일식,4.2,323,,,2026.02.07.
777232005,이치고,잠실,일식,4.2,323,,,2024.06.30.
777232005,이치고,잠실,일식,4.2,323,,,2024.03.04.
777232005,이치고,잠실,일식,4.2,323,,,2023.10.10.
777232005,이치고,잠실,일식,4.2,323,,,2023.06.13.
777232005,이치고,잠실,일식,4.2,323,,,2023.04.28.
777232005,이치고,잠실,일식,4.2,323,,,2022.12.26.
19901368,호시아이,잠실,일식,4,31,,,"별 한개도 아깝습니다.
생선조림이 진짜 너무 말도 안되게 짜서 치워달라고했더니 사과나 설명 한마디 없이 치우고 자기들끼리 쑥덕거... 더보기"
19901368,호시아이,잠실,일식,4,31,,,"가성비 좋은 오마카세
인당 5만원도 안하는 가격에 모찌리도후, 명란하나 들어간 샐러드, 바질토마토, 치즈그라탕, 게장, 해산물 3종... 더보기"
19901368,호시아이,잠실,일식,4,31,,,아주 fresh하진 않지만 그럭저럭
19901368,호시아이,잠실,일식,4,31,,,"가성비 갑..퀄리티는 방이동큐스시 보다 약간 떨어지지만 가성비로 극복 가능
특모듬 시키면 서비스로 나오는 해물모듬은 쏘쏘
예약 해야만 먹을 수 있다는 함정"
19901368,호시아이,잠실,일식,4,31,,,"매일 바뀌는 주인장 추천메뉴와 그날그날 조금씩 달라지는 밑반찬 먹는 재미가 있습니다. 일본 심야식당 드라마를 보진 않았지만, 이런곳이지 않을까 싶어요"
19901368,호시아이,잠실,일식,4,31,,,"가성비 최고, 주인분들 착하고 좋습니다
오랫동안 종종 들러 먹습니다.
혼자서도 좋아요"
19901368,호시아이,잠실,일식,4,31,,,맛있고 가성비도 좋은 곳👍🏻
19901368,호시아이,잠실,일식,4,31,,,가성비
19901368,호시아이,잠실,일식,4,31,,,분위기
19901368,호시아이,잠실,일식,4,31,,,사진/영상 후기만 보기
19901368,호시아이,잠실,일식,4,31,,,2026.02.11.
19901368,호시아이,잠실,일식,4,31,,,2023.03.10.
19901368,호시아이,잠실,일식,4,31,,,2020.12.19.
19901368,호시아이,잠실,일식,4,31,,,2019.01.27.
19901368,호시아이,잠실,일식,4,31,,,2025.06.03.
19901368,호시아이,잠실,일식,4,31,,,2025.03.13.
19901368,호시아이,잠실,일식,4,31,,,2022.08.28.
19901368,호시아이,잠실,일식,4,31,,,2021.09.12.
22895272,김자순수제돈까스,잠실,일식,4.6,39,,,"•방문일자: 2025년 10월 주말 점심
•주문메뉴: 치킨까스, 등심돈까스 1개 추가
•맛/가격: 추가한 등심돈까스 한덩이는 4천원. 등심과 치킨 모두 후추가 살짝 들어가고 얇게 저민... 더보기"
22895272,김자순수제돈까스,잠실,일식,4.6,39,,,등심돈까스 너무 맛있어요 사장님도 친절하시고 너무 잘먹었습니다 돈까스 최고 입니다~!!
22895272,김자순수제돈까스,잠실,일식,4.6,39,,,"모든 음식에 정성이 느껴지고 돈까스는 마지막 한조각까지 바삭함
고구마치즈 돈까스 정말 맛있었다 
돈까스 반죽에 독특한 ... 더보기"
22895272,김자순수제돈까스,잠실,일식,4.6,39,,,"생긴건 맛없게 생겼는데 맛있어요!!!
분위기는 완전 시장 가운데 있는 돈까스집 ㅎㅎ
사장님이 안친절하신듯 친절해요 ㅎㅎ"
22895272,김자순수제돈까스,잠실,일식,4.6,39,,,정말 맛있고 정겨운 가게 등심 돈까스가 실하고 튀김가루도 고소하고 과하지 않고 훌륭해요
22895272,김자순수제돈까스,잠실,일식,4.6,39,,,"근처 치과에서 진료받으면서 이 근처 맛집 추천해달라고 하니 가장 먼저 나온 집. 그것만으로도 벌써 인지도 알 수 있었음.
모듬으로 먹었는데 그냥 다 맛있었음. 심지어 서브로 나온 된장국까지 ... 더보기"
22895272,김자순수제돈까스,잠실,일식,4.6,39,,,고치돈 뭔가 짜고 달고 후추맛나는 알수없는맛이더라.. 그냥 등심먹을걸.. 아래 평가에 속았네
22895272,김자순수제돈까스,잠실,일식,4.6,39,,,여러분 등심이 찐입니다. 제발 등심돈까스 드세요...솔직히 치즈도 세입까지는 너무 맛있어서 눈물나는데 먹다보면 등심에 비해서 살짝 짜고 느끼해서 손이 잘안감 그에비해 등심이 찐 순정의 맛이라 소스 안찍어도 맛있음 시... 더보기
22895272,김자순수제돈까스,잠실,일식,4.6,39,,,시장안에 위치해있는데 수제돈까스 맛있구 같이 주시는 콩나물국이 엄청 칼칼해서 더 좋았어요 사장님께서도 엄청 친절하셨구 이른 저녁이라 배가 불렀는데 남으니까 포장도 해주셨어요 ㅎㅎ 감사합니다
22895272,김자순수제돈까스,잠실,일식,4.6,39,,,고구마라기 보단 단호박 같은 진한 맛. 치즈와 고구마가 가득 아낌없이 들어있음. 학교 앞 어머니 가게 느낌
22895272,김자순수제돈까스,잠실,일식,4.6,39,,,고구마치즈돈까스랑 모듬까스 먹었는데 :) 고구마치즈돈까스는 고로케 같은 맛 나면서 진짜 맛있어요! 사람들이 추천한 이유를 먹고나니 알았습니다💕💕 사장님도 친절해요!
22895272,김자순수제돈까스,잠실,일식,4.6,39,,,전설의 레전드
22895272,김자순수제돈까스,잠실,일식,4.6,39,,,정말 시장에서만 맛볼 수 있는 정겨운맛!
22895272,김자순수제돈까스,잠실,일식,4.6,39,,,"오랜만에왔는데
역시나 정이있소 맛있는  할아버지할머니의 가게"
22895272,김자순수제돈까스,잠실,일식,4.6,39,,,"팔천원에 고기 두툼한 돈까스를 두장이나 먹을 수 있습니다!
깍두기랑 샐러드도 맛있고 뭣보다 사장님이 짱 친절하셔요ㅠㅠ"
22895272,김자순수제돈까스,잠실,일식,4.6,39,,,이 집밥같은 돈까스의 맛을 뭐라 설명해야 할지. 얇은 돈까스는 아니고 오히려 두툼해요. 요즘 보기드문 찰 잡곡밥을 내주시는 것부터 뻑이 갑니다. 직접 만드신 미소된장국은 청양고추 향이 제대로 나네요. '맛' 있는 집이냐구요? '맛' 있습니다.
22895272,김자순수제돈까스,잠실,일식,4.6,39,,,"돈까스 가서한번 먹어보구 
오늘은 포장해서 먹었어요
진짜 소스미쳤구 등심돈까스 찐이예... 더보기"
22895272,김자순수제돈까스,잠실,일식,4.6,39,,,"요즘 세상에 드문 ""아가""하고 불러주시는 정겨운 곳. 특별할 것은 없어도 오랜 기간 이 자리를 지켜오신 노부부 사장님을 오래 뵙고픈 맘에 별 5개."
22895272,김자순수제돈까스,잠실,일식,4.6,39,,,옛날돈까스 느낌으로 맛있어용 사장님도 친절하시고 깍두기도 집 깍두기 느낌♡♡ 콩나물국도 개운해여 샐러드도 계속 챙겨주세요ㅎㅎ
22895272,김자순수제돈까스,잠실,일식,4.6,39,,,돈까스 먹고 탈라기는 처음 먹자마자 화장실만 두번 부부둘이 다 탈났으면 문제있음 매장 노부부가 해서 정감있을거같아 갔지만 야박한음식양과 비위생적 매장관리 이유있음
22895272,김자순수제돈까스,잠실,일식,4.6,39,,,가성비
22895272,김자순수제돈까스,잠실,일식,4.6,39,,,분위기
22895272,김자순수제돈까스,잠실,일식,4.6,39,,,사진/영상 후기만 보기
22895272,김자순수제돈까스,잠실,일식,4.6,39,,,2025.11.27.
22895272,김자순수제돈까스,잠실,일식,4.6,39,,,2025.06.26.
22895272,김자순수제돈까스,잠실,일식,4.6,39,,,2025.06.22.
22895272,김자순수제돈까스,잠실,일식,4.6,39,,,2025.05.30.
22895272,김자순수제돈까스,잠실,일식,4.6,39,,,2025.05.11.
22895272,김자순수제돈까스,잠실,일식,4.6,39,,,2025.01.20.
22895272,김자순수제돈까스,잠실,일식,4.6,39,,,2024.09.22.
22895272,김자순수제돈까스,잠실,일식,4.6,39,,,2024.08.31.
22895272,김자순수제돈까스,잠실,일식,4.6,39,,,2024.01.04.
22895272,김자순수제돈까스,잠실,일식,4.6,39,,,2023.11.11.
22895272,김자순수제돈까스,잠실,일식,4.6,39,,,2023.10.07.
22895272,김자순수제돈까스,잠실,일식,4.6,39,,,2023.06.24.
22895272,김자순수제돈까스,잠실,일식,4.6,39,,,2023.06.14.
22895272,김자순수제돈까스,잠실,일식,4.6,39,,,2023.02.22.
22895272,김자순수제돈까스,잠실,일식,4.6,39,,,2023.02.12.
22895272,김자순수제돈까스,잠실,일식,4.6,39,,,2026.02.12.
22895272,김자순수제돈까스,잠실,일식,4.6,39,,,2024.12.15.
22895272,김자순수제돈까스,잠실,일식,4.6,39,,,2024.06.01.
22895272,김자순수제돈까스,잠실,일식,4.6,39,,,2024.02.22.
22895272,김자순수제돈까스,잠실,일식,4.6,39,,,2023.11.19.
1185756352,미카도스시 잠실새내점,잠실,일식,3.8,202,,,저렴하고 친절함 안키모는 처음 먹어봤는데 맛있었음. 마감 한시간전에 가서 초밥이 많지 않았는데 바로바로 만들어줘서 오히려 좋았음. 모밀은 좀 별로였음. 육수도 면도 아쉬운 맛..
1185756352,미카도스시 잠실새내점,잠실,일식,3.8,202,,,"1인석이 잘 되어 있어서 혼밥하기 너무 좋았어요.
초밥 퀄리티도 괜찮고 종류도 다양해서 만족스러웠어요.
분위기도 조용해서 편하게 먹고 나왔습니다."
1185756352,미카도스시 잠실새내점,잠실,일식,3.8,202,,,"가성비 회전초밥집!
아니.. 그런데 맛도 있다니!!
혼자와서 먹기에도 너무 좋았어... 더보기"
1185756352,미카도스시 잠실새내점,잠실,일식,3.8,202,,,친절하고 맛있어요
1185756352,미카도스시 잠실새내점,잠실,일식,3.8,202,,,맛있게 잘먹다가 황새치? 라는 주문 해서 먹는 초밥 시켰는데 사 진이랑 전혀 다르게 무슨 밥 위에 껌 올려놓은 비주얼 보고 1차 충격. 입에 넣으니 냉동실에서 금방 꺼낸건지 얼어... 더보기
1185756352,미카도스시 잠실새내점,잠실,일식,3.8,202,,,"넘 맛있게 배터지게 잘먹고 갑니당..ㅅ.ㅅ.
신선하고 다양한 초밥을 간만에 원없이...후~~~~~... 더보기"
1185756352,미카도스시 잠실새내점,잠실,일식,3.8,202,,,기대 이하
1185756352,미카도스시 잠실새내점,잠실,일식,3.8,202,,,"2주전 방문해서 다양한 초밥을 먹었는데 전체적으로 신선하고 종류많고 맛있어서 만족스러웠음
원하는 메뉴 골라 먹는 재미가 있었고, 특... 더보기"
1185756352,미카도스시 잠실새내점,잠실,일식,3.8,202,,,"가지  마세요. 너무 실망 입니다
여기 좋아요 하시는분들  이해 할수없어요. 초밥은 미리 해나서 마르고 직원들 써비스도  아주형편 없어요."
1185756352,미카도스시 잠실새내점,잠실,일식,3.8,202,,,계산하시는분 똑바로 합시다 22접시 먹었는데 24라고 해서 22접시요 했더니 네 22접시요 하고 24접시 찍고 계산함 그래요 안가면 됩니다 사장님 이글 똑 바로 보세요!!
1185756352,미카도스시 잠실새내점,잠실,일식,3.8,202,,,"초밥의 품질은 훌륭했고, 서비스도 친절했으며 가격도 훌륭했습니다"
1185756352,미카도스시 잠실새내점,잠실,일식,3.8,202,,,"왜 여길 이제야 갔지!! 무한리필 스시집들보다도 가성비굿
- 빨간바다장어(?)는 조큼 별로
- 안키모 크림같은거 올라간 감태스시 맛있다"
1185756352,미카도스시 잠실새내점,잠실,일식,3.8,202,,,"인근 다른 회전초밥집보단 훨나아요 가성비 대만족
8시넘어 방문하면 레일에서 점점 줄어드는데 주문하면 금방 만들어주십니다"
1185756352,미카도스시 잠실새내점,잠실,일식,3.8,202,,,친절하고 맛있음 굿굿
1185756352,미카도스시 잠실새내점,잠실,일식,3.8,202,,,"퀄리티 괜찮고 종류도 다양해서 좋아요!
근래 간 회전 초밥집 중에 제일 괜찮음"
1185756352,미카도스시 잠실새내점,잠실,일식,3.8,202,,,가성비
1185756352,미카도스시 잠실새내점,잠실,일식,3.8,202,,,분위기
1185756352,미카도스시 잠실새내점,잠실,일식,3.8,202,,,사진/영상 후기만 보기
1185756352,미카도스시 잠실새내점,잠실,일식,3.8,202,,,2025.07.31.
1185756352,미카도스시 잠실새내점,잠실,일식,3.8,202,,,2025.07.16.
1185756352,미카도스시 잠실새내점,잠실,일식,3.8,202,,,2025.05.21.
1185756352,미카도스시 잠실새내점,잠실,일식,3.8,202,,,2026.02.13.
1185756352,미카도스시 잠실새내점,잠실,일식,3.8,202,,,2025.12.24.
1185756352,미카도스시 잠실새내점,잠실,일식,3.8,202,,,2025.09.25.
1185756352,미카도스시 잠실새내점,잠실,일식,3.8,202,,,2025.09.20.
1185756352,미카도스시 잠실새내점,잠실,일식,3.8,202,,,2025.07.12.
1185756352,미카도스시 잠실새내점,잠실,일식,3.8,202,,,2026.01.03.
1185756352,미카도스시 잠실새내점,잠실,일식,3.8,202,,,2025.12.25.
1185756352,미카도스시 잠실새내점,잠실,일식,3.8,202,,,2025.12.04.
1185756352,미카도스시 잠실새내점,잠실,일식,3.8,202,,,2025.09.10.
1185756352,미카도스시 잠실새내점,잠실,일식,3.8,202,,,2025.07.27.
1185756352,미카도스시 잠실새내점,잠실,일식,3.8,202,,,2025.02.13.
1185756352,미카도스시 잠실새내점,잠실,일식,3.8,202,,,2025.01.05.
1185756352,미카도스시 잠실새내점,잠실,일식,3.8,202,,,2026.03.21.
1185756352,미카도스시 잠실새내점,잠실,일식,3.8,202,,,2024.12.11.
207152855,고쿠텐 잠실새내점,잠실,일식,3.8,523,,,텐동이 먹고싶어서 수요미식회 맛집인 고쿠텐을 방문했는데 와... 한입 먹고 바로 반해버렸어요😌 수많은 텐동을 먹었지만 눅눅하지 않고 완전 바삭바삭. 튀김 넘 맛있어요!!! ... 더보기
207152855,고쿠텐 잠실새내점,잠실,일식,3.8,523,,,"바삭바삭한 튀김과 맛있는 소스를 있어요.
직원도 친절해요."
207152855,고쿠텐 잠실새내점,잠실,일식,3.8,523,,,너무 친절하시고 좋아요!
207152855,고쿠텐 잠실새내점,잠실,일식,3.8,523,,,"맨날 근처 갈 때마다 찾는 맛집입니다!
직원분들도 너무 친절하시고 텐동도 바삭하니 맛나요
앞으로 더더더 번창하세요~✌🏻"
207152855,고쿠텐 잠실새내점,잠실,일식,3.8,523,,,바삭바삭하구 간도 딱 맞아요!!! 너무 맛있음 ㅎㅎ 김치텐동은 김치 튀기는줄 알았는데 볶음김치라... 그냥 텐동 먹어도 좋을듯
207152855,고쿠텐 잠실새내점,잠실,일식,3.8,523,,,2시 5분에 주문해서 2시 37분에 나옴.. 밑에 리뷰처럼 늦게 나오면 늦게 나온다고 써주시거나 말이라도 해주지... 밥도 왜 푸석한가 봤더니 미리 떠놓더라구요.... 튀김은 다양하고 맛있는데 다신 안갈것 같습니다.
207152855,고쿠텐 잠실새내점,잠실,일식,3.8,523,,,"-맛: 쏘쏘했음. 레몬단무지는 맛있었음.
-친절도: 친절하지도 불친절하지도 않으나 신경을 덜 쓰는 느낌
-속도: 붐비는 시간이 아니었음에도 30분이나 걸림. 오래걸린다는 얘기를... 더보기"
207152855,고쿠텐 잠실새내점,잠실,일식,3.8,523,,,"친절하고 정말 맛있어요~
지하에 주차하고 주차권에 도장찍어가세요."
207152855,고쿠텐 잠실새내점,잠실,일식,3.8,523,,,"로우텐동!
단무지가 맛있어"
207152855,고쿠텐 잠실새내점,잠실,일식,3.8,523,,,맛있었어요
207152855,고쿠텐 잠실새내점,잠실,일식,3.8,523,,,"최근 새로 생긴곳인거 같은데
지나는길에 와이프랑 점심 먹으러 갔다가
분위기도 좋구
테이블... 더보기"
207152855,고쿠텐 잠실새내점,잠실,일식,3.8,523,,,"튀김옷 두껍고 밥은 차가움
낮에 갔는데도 조명 어두워서 눈이 아프고... 네이버리뷰 좋아서 기대했는데 그냥 리뷰이벤트 때문에 올려치기 된듯"
207152855,고쿠텐 잠실새내점,잠실,일식,3.8,523,,,손님이 많아서 조금 늦게 받았지만 맛있었어요!!!
207152855,고쿠텐 잠실새내점,잠실,일식,3.8,523,,,"텐동을 처음으로 먹어보는 입장에서, 재미있고 신선했음 튀김도 맛있었고
근데, 처음으로 먹어보는 입장에서는 괜찮은데 재방문은 좀 생각해봐야 할꺼 같음
내 입맛이나 텐동을 안 좋아해서 그런걸 수도 있는데,... 더보기"
207152855,고쿠텐 잠실새내점,잠실,일식,3.8,523,,,맛있어요!
207152855,고쿠텐 잠실새내점,잠실,일식,3.8,523,,,회사를 근처로 옮겼는데 맛있고 텐동 생각날때마다 와야겠어요 오래오래 장사하세요!!👍🏻👍🏻
207152855,고쿠텐 잠실새내점,잠실,일식,3.8,523,,,맛있어요🤍
207152855,고쿠텐 잠실새내점,잠실,일식,3.8,523,,,"잠실새내 주차하기힘든데 지하주차장을 무료로이용할 수 있어서좋았습니다.
텐동도 맛있어서 강추."
207152855,고쿠텐 잠실새내점,잠실,일식,3.8,523,,,"그냥 평범
... 더보기"
207152855,고쿠텐 잠실새내점,잠실,일식,3.8,523,,,맛은 있었다. 메뉴 보여달라니까 포스기 가리키면서 음식이름이랑 가격나온거 보여주는집은 살면서 여기가 처음이다
207152855,고쿠텐 잠실새내점,잠실,일식,3.8,523,,,가성비
207152855,고쿠텐 잠실새내점,잠실,일식,3.8,523,,,사진/영상 후기만 보기
207152855,고쿠텐 잠실새내점,잠실,일식,3.8,523,,,2026.04.17.
207152855,고쿠텐 잠실새내점,잠실,일식,3.8,523,,,2026.04.18.
207152855,고쿠텐 잠실새내점,잠실,일식,3.8,523,,,2022.01.12.
207152855,고쿠텐 잠실새내점,잠실,일식,3.8,523,,,2026.04.16.
207152855,고쿠텐 잠실새내점,잠실,일식,3.8,523,,,2021.07.03.
207152855,고쿠텐 잠실새내점,잠실,일식,3.8,523,,,2025.02.18.
207152855,고쿠텐 잠실새내점,잠실,일식,3.8,523,,,2024.12.31.
207152855,고쿠텐 잠실새내점,잠실,일식,3.8,523,,,2021.09.21.
207152855,고쿠텐 잠실새내점,잠실,일식,3.8,523,,,2021.08.17.
207152855,고쿠텐 잠실새내점,잠실,일식,3.8,523,,,2021.06.20.
207152855,고쿠텐 잠실새내점,잠실,일식,3.8,523,,,2021.02.26.
207152855,고쿠텐 잠실새내점,잠실,일식,3.8,523,,,2020.12.26.
207152855,고쿠텐 잠실새내점,잠실,일식,3.8,523,,,2020.10.02.
207152855,고쿠텐 잠실새내점,잠실,일식,3.8,523,,,2025.02.23.
207152855,고쿠텐 잠실새내점,잠실,일식,3.8,523,,,2025.02.22.
207152855,고쿠텐 잠실새내점,잠실,일식,3.8,523,,,2025.02.19.
207152855,고쿠텐 잠실새내점,잠실,일식,3.8,523,,,2025.02.16.
207152855,고쿠텐 잠실새내점,잠실,일식,3.8,523,,,2024.12.03.
207152855,고쿠텐 잠실새내점,잠실,일식,3.8,523,,,2023.02.16.
24876140,스시애 잠실점,잠실,일식,3.6,74,,,잠실주민 회전초밥단골집
24876140,스시애 잠실점,잠실,일식,3.6,74,,,가성비와 맛 최고입니다
24876140,스시애 잠실점,잠실,일식,3.6,74,,,"점심에 방문
주변 회사 점심시간, 동네 주민 점심식사 등등
로컬 분위기가 물씬났음

요즘엔 ... 더보기"
24876140,스시애 잠실점,잠실,일식,3.6,74,,,"접시 2개 붙여놓고,,2배로 받음 ㅜㅜ
1접시 1800원이라... 더보기"
24876140,스시애 잠실점,잠실,일식,3.6,74,,,"가성비 끝판왕 초밥집입니닷!!!
맛은 물론 서비스도 좋았어여ㅎㅎㅎ
재방문 의사 100000%%%%"
24876140,스시애 잠실점,잠실,일식,3.6,74,,,메뉴판도 잘 보이고 직원분들이 친절하셔서 기분 좋게 식사 하고 갑니다😃
24876140,스시애 잠실점,잠실,일식,3.6,74,,,집에서 배달시켜 먹을 정도
24876140,스시애 잠실점,잠실,일식,3.6,74,,,"동생이 친구랑 먹고왔는데 둘다 속이 이상해서, 동생은 새벽에 응급실갔다오고, 친구는 술도안먹었는데 토했다고합니다. 이게 말이됩니까?"
24876140,스시애 잠실점,잠실,일식,3.6,74,,,"초밥이 맛있고 다양해서 좋았어요
근데 점원분이 친절하시진 않아서 아쉬웠고, 의자 간격이 좁아서 자꾸 사람들이랑 등 부딪치는게 별로였어요"
24876140,스시애 잠실점,잠실,일식,3.6,74,,,"그냥 동네 초밥집
가성비라기엔 너무아쉽네요
3600원 3피스 접시가 많고 종류가 적어요.
상태도 그냥저냥이고...... 더보기"
24876140,스시애 잠실점,잠실,일식,3.6,74,,,엄청 저렴한게 장점같음
24876140,스시애 잠실점,잠실,일식,3.6,74,,,"엇.. 왜 평점이 안좋은지.. 저희 입맛엔 괜찮았어요 !!
신선하고 깔끔 !!! 친절 !!! 또 올게용 ☆"
24876140,스시애 잠실점,잠실,일식,3.6,74,,,"맛있어요

근데 기계식 주차 해주는 남자가 깡패처럼 불친절하고 무서워서 주차 못하겠어요"
24876140,스시애 잠실점,잠실,일식,3.6,74,,,"주차도 기계식주차라 편하고
날초밥 잘 못먹는 저도 따로 먹을 수 있는 익힌종류나, 소스... 더보기"
24876140,스시애 잠실점,잠실,일식,3.6,74,,,불친절하다는 리뷰가 많네요.. 저는 친절하다고 느꼈습니다. 회전초밥집 치고 가성비도 괜찮았어요. 물론 엄청 고급은 아닙니다.
24876140,스시애 잠실점,잠실,일식,3.6,74,,,"방금 갔다왔는데 뭐 먹을 메뉴도 그닥 없는거 같고
맛은 뭐 먹는사람 마다 달라서 모르겠... 더보기"
24876140,스시애 잠실점,잠실,일식,3.6,74,,,"딱 그가격퀄리티 그이상그이하도아님

김이 좀오랜된맛이남"
24876140,스시애 잠실점,잠실,일식,3.6,74,,,황새치가 맛있음
24876140,스시애 잠실점,잠실,일식,3.6,74,,,저렴하게 맛있는 스시 먹을 수 있어서 좋아요
24876140,스시애 잠실점,잠실,일식,3.6,74,,,"가격대비 가성비 좋아서 자주 가던집.
1접시에 1500원 이었을때 부터 갔었던...
지금은 1800원이네.. ㅎ"
24876140,스시애 잠실점,잠실,일식,3.6,74,,,가성비
24876140,스시애 잠실점,잠실,일식,3.6,74,,,분위기
24876140,스시애 잠실점,잠실,일식,3.6,74,,,사진/영상 후기만 보기
24876140,스시애 잠실점,잠실,일식,3.6,74,,,2025.11.29.
24876140,스시애 잠실점,잠실,일식,3.6,74,,,2025.10.11.
24876140,스시애 잠실점,잠실,일식,3.6,74,,,2025.12.13.
24876140,스시애 잠실점,잠실,일식,3.6,74,,,2025.09.03.
24876140,스시애 잠실점,잠실,일식,3.6,74,,,2025.01.24.
24876140,스시애 잠실점,잠실,일식,3.6,74,,,2025.01.23.
24876140,스시애 잠실점,잠실,일식,3.6,74,,,2024.07.07.
24876140,스시애 잠실점,잠실,일식,3.6,74,,,2020.10.03.
24876140,스시애 잠실점,잠실,일식,3.6,74,,,2026.01.15.
24876140,스시애 잠실점,잠실,일식,3.6,74,,,2025.09.06.
24876140,스시애 잠실점,잠실,일식,3.6,74,,,2025.07.21.
24876140,스시애 잠실점,잠실,일식,3.6,74,,,2025.06.23.
24876140,스시애 잠실점,잠실,일식,3.6,74,,,2025.03.06.
24876140,스시애 잠실점,잠실,일식,3.6,74,,,2024.01.21.
24876140,스시애 잠실점,잠실,일식,3.6,74,,,2023.03.19.
24876140,스시애 잠실점,잠실,일식,3.6,74,,,2021.10.07.
24876140,스시애 잠실점,잠실,일식,3.6,74,,,2020.10.26.
24876140,스시애 잠실점,잠실,일식,3.6,74,,,2020.09.05.
24876140,스시애 잠실점,잠실,일식,3.6,74,,,2020.07.08.
127635058,백소정 잠실새내점,잠실,일식,3.9,204,,,맛있다 ㅎㅎ
127635058,백소정 잠실새내점,잠실,일식,3.9,204,,,"여기 백소정 왜케 맛있나요 ,, 🥺🥺"
127635058,백소정 잠실새내점,잠실,일식,3.9,204,,,마제소바랑 돈카츠 맛있어요!
127635058,백소정 잠실새내점,잠실,일식,3.9,204,,,"가격도 나쁘지 않고 맛도 좋음
직원들 친절하고 혼밥하기 굿"
127635058,백소정 잠실새내점,잠실,일식,3.9,204,,,배민후기 안좋으면 지움
127635058,백소정 잠실새내점,잠실,일식,3.9,204,,,사랑해요 너무 맛잇어요 😻😻
127635058,백소정 잠실새내점,잠실,일식,3.9,204,,,만족 매번 잘 먹고 갑니다
127635058,백소정 잠실새내점,잠실,일식,3.9,204,,,잘먹고 갑니다
127635058,백소정 잠실새내점,잠실,일식,3.9,204,,,너무 맛있게 먹었네요 마제소바도 맛있고 돈까스도 최근 먹어본 곳 중에서 제일 맛있어요 다음엔 치즈까츠 꼭 먹어보려구요 가츠동도 맛있어보였어요 👍
127635058,백소정 잠실새내점,잠실,일식,3.9,204,,,그래도 이 근방에서 이만한 돈까스집 없음. 가성비 좋은편.
127635058,백소정 잠실새내점,잠실,일식,3.9,204,,,"최근에 양도 많고 고기가 부드러웟는데
뭘 바꾼건진 몰라도 이제 고기 퍽퍽해지고 양도 적어짐 이제 안갈예정"
127635058,백소정 잠실새내점,잠실,일식,3.9,204,,,"맛은 있음 근디 체인점이고 유명한데 맛없으면안됨 
별점이 낮은 이유는 직원이 불친절하고 배달에 쓰는 조그만 용기 바닥에 떨어뜨렸는디 그대로 줍고... 더보기"
127635058,백소정 잠실새내점,잠실,일식,3.9,204,,,"짜지 않고 간이 딱 좋네요  소스가 보통 시판 소스로 짠데 여긴 자체 돈가스 소스 같아요 괜찮아요 
치즈모듬카츠 먹었는데 양이 많은건... 더보기"
127635058,백소정 잠실새내점,잠실,일식,3.9,204,,,마제소바는 평범한 맛이였고 오꼬노미야끼 돈가스가 진짜 너무 맛있었어요!
127635058,백소정 잠실새내점,잠실,일식,3.9,204,,,가성비
127635058,백소정 잠실새내점,잠실,일식,3.9,204,,,분위기
127635058,백소정 잠실새내점,잠실,일식,3.9,204,,,사진/영상 후기만 보기
127635058,백소정 잠실새내점,잠실,일식,3.9,204,,,2024.02.13.
127635058,백소정 잠실새내점,잠실,일식,3.9,204,,,2026.04.08.
127635058,백소정 잠실새내점,잠실,일식,3.9,204,,,2026.01.23.
127635058,백소정 잠실새내점,잠실,일식,3.9,204,,,2025.02.24.
127635058,백소정 잠실새내점,잠실,일식,3.9,204,,,2025.06.22.
127635058,백소정 잠실새내점,잠실,일식,3.9,204,,,2025.04.16.
127635058,백소정 잠실새내점,잠실,일식,3.9,204,,,2025.03.30.
127635058,백소정 잠실새내점,잠실,일식,3.9,204,,,2025.01.30.
127635058,백소정 잠실새내점,잠실,일식,3.9,204,,,2024.09.28.
127635058,백소정 잠실새내점,잠실,일식,3.9,204,,,2024.09.01.
127635058,백소정 잠실새내점,잠실,일식,3.9,204,,,2024.08.13.
127635058,백소정 잠실새내점,잠실,일식,3.9,204,,,2024.05.14.
127635058,백소정 잠실새내점,잠실,일식,3.9,204,,,2024.04.23.
127635058,백소정 잠실새내점,잠실,일식,3.9,204,,,2024.01.24.
127635058,백소정 잠실새내점,잠실,일식,3.9,204,,,2025.08.09.
127635058,백소정 잠실새내점,잠실,일식,3.9,204,,,2025.04.04.
127635058,백소정 잠실새내점,잠실,일식,3.9,204,,,2023.09.25.
1079129782,오하이요 잠실새내점,잠실,일식,4.5,367,,,"저번에 갔던 기억이 좋았어서 재방문했는데 
단체로 온 야구팬들이 계속해서 야구 응원가를 불러대서 대화가 안 될 정도고 심한 소음에 머리가 아팠습니다. 보니까 ... 더보기"
1079129782,오하이요 잠실새내점,잠실,일식,4.5,367,,,"이정도면 꽤 괜찮은데?
일본 음료(메론소다 등) + 알코올 👍"
1079129782,오하이요 잠실새내점,잠실,일식,4.5,367,,,"이미 단골이지만 더 자주 올 것 같아요
안주 너무 맛있고 직원분들 친절해요!
야구팬분들 많이 오시는 것 같은데 노는 분위기가 재밌고 웃기기고 해요🤣"
1079129782,오하이요 잠실새내점,잠실,일식,4.5,367,,,"사장님 바뀌셔서 한번 가봤는데 엄청 친절하고 유쾌하셔요!
추천메뉴 넘 맛있고 장트러블러랑 같이 갔는데 먹고 배아프단 소리 안하... 더보기"
1079129782,오하이요 잠실새내점,잠실,일식,4.5,367,,,인스턴트 맛. 매우 느끼함. 락교라도 좀 주던가... 의자 넘 딱딱해 엉덩이 아픔.
1079129782,오하이요 잠실새내점,잠실,일식,4.5,367,,,네이버와 카카오맵은 영업 중이래서 왔는데 문 앞에 종이로 휴가라고 써놓으시고 영업 안해서 헛걸음만 하고 가네요;;;^^   다음엔 인테넷도 업데이트 해두세요
1079129782,오하이요 잠실새내점,잠실,일식,4.5,367,,,치킨난반은 꼭 타르타르 소스 뿌려진걸로 드세요! 궁합이 미쳤습니다
1079129782,오하이요 잠실새내점,잠실,일식,4.5,367,,,"안주들이 하나같이 다 맛있고 양도 많구, 다양해서 좋아요.. 결정 못하겠어서 고민하던거 다시켜먹었네요^^ 사와도 짱맛!!!"
1079129782,오하이요 잠실새내점,잠실,일식,4.5,367,,,돈코츠 나베랑 맥주 조합 강추합니다. 시원하고 따뜻하고 최고😀
1079129782,오하이요 잠실새내점,잠실,일식,4.5,367,,,지인 동원한 별점같네요 형편없습니다
1079129782,오하이요 잠실새내점,잠실,일식,4.5,367,,,야구 끝나고 생맥주 7잔이나 먹었어요..ㅋㅋㅋㅋ 너무 시원하고 가성비 갑입니다!
1079129782,오하이요 잠실새내점,잠실,일식,4.5,367,,,"일끝나고 동생들이랑
같이 왔는데 아지트 될것 같아요.
가성비도 좋고 맛있어... 더보기"
1079129782,오하이요 잠실새내점,잠실,일식,4.5,367,,,"지인하고 2차로 갔는데 1차에서 먹은것 보다
훨씬 맛있고 가성비도 좋네요. 특히 시그니쳐 플래터가
안주로 부담도 없고 너무 맛있었어요!!"
1079129782,오하이요 잠실새내점,잠실,일식,4.5,367,,,"가성비 정말 좋아요! 데이트하다가 가볍게 먹기에도 좋고
퇴근후에도 부담스럽지 않게 먹을 수 있어서 너무좋은거 같아요!
안주도 너무 맛있고 특히 하이볼이 취향이라 너무 좋아요!"
1079129782,오하이요 잠실새내점,잠실,일식,4.5,367,,,"간단하게 반주하기도 좋고
지인들과 만남을 가지기에도 너무나 좋은 이자카야!!
맛도 좋은데 가격도 착하... 더보기"
1079129782,오하이요 잠실새내점,잠실,일식,4.5,367,,,데이트하기 좋은 곳 ^^ 남친이랑 오순도순 이야기하면서 시켜 먹었더니 굿굿입니다 !!
1079129782,오하이요 잠실새내점,잠실,일식,4.5,367,,,"분위기, 맛, 가성비 다 좋다요 ! 직원분들도 친절하고 사와, 하이볼 다 맛있어요 ♥♥♥♥♥"
1079129782,오하이요 잠실새내점,잠실,일식,4.5,367,,,시그니처 플래터 먹었는데 가성비 굿입니다!! 술 종류도 많고 안주종류도 많아서 고르고 고르다 시그니처로 선택ㅎ 다음에는 다른 안주 먹으려구요!
1079129782,오하이요 잠실새내점,잠실,일식,4.5,367,,,"가성비 좋은 편. 입맛 안 까다로운 사람들은 대만족할 듯
하이볼 무슨 사와 이런류는 술맛 별로 안 남"
1079129782,오하이요 잠실새내점,잠실,일식,4.5,367,,,분위기 좋아요 스낵바 일본에 온 느낌 안주도 맛있고 직원분들도 친절해요 ^^ 아 그리고 사와 너무 맛있어요
1079129782,오하이요 잠실새내점,잠실,일식,4.5,367,,,가성비
1079129782,오하이요 잠실새내점,잠실,일식,4.5,367,,,분위기
1079129782,오하이요 잠실새내점,잠실,일식,4.5,367,,,사진/영상 후기만 보기
1079129782,오하이요 잠실새내점,잠실,일식,4.5,367,,,2026.01.17.
1079129782,오하이요 잠실새내점,잠실,일식,4.5,367,,,2024.04.24.
1079129782,오하이요 잠실새내점,잠실,일식,4.5,367,,,2026.02.15.
1079129782,오하이요 잠실새내점,잠실,일식,4.5,367,,,2025.08.26.
1079129782,오하이요 잠실새내점,잠실,일식,4.5,367,,,2024.11.08.
1079129782,오하이요 잠실새내점,잠실,일식,4.5,367,,,2025.07.22.
1079129782,오하이요 잠실새내점,잠실,일식,4.5,367,,,2025.05.02.
1079129782,오하이요 잠실새내점,잠실,일식,4.5,367,,,2025.04.30.
1079129782,오하이요 잠실새내점,잠실,일식,4.5,367,,,2025.04.29.
1079129782,오하이요 잠실새내점,잠실,일식,4.5,367,,,2025.04.28.
1079129782,오하이요 잠실새내점,잠실,일식,4.5,367,,,2025.03.17.
1079129782,오하이요 잠실새내점,잠실,일식,4.5,367,,,2025.03.05.
1079129782,오하이요 잠실새내점,잠실,일식,4.5,367,,,2025.02.21.
1079129782,오하이요 잠실새내점,잠실,일식,4.5,367,,,2025.02.06.
1079129782,오하이요 잠실새내점,잠실,일식,4.5,367,,,2025.02.03.
1079129782,오하이요 잠실새내점,잠실,일식,4.5,367,,,2025.01.31.
1079129782,오하이요 잠실새내점,잠실,일식,4.5,367,,,2024.12.05.
1079129782,오하이요 잠실새내점,잠실,일식,4.5,367,,,2024.12.03.
1079129782,오하이요 잠실새내점,잠실,일식,4.5,367,,,2024.11.29.
1973363690,효탄신참치 2호점,잠실,일식,3.9,120,,,아주 좋아요 ㅎㅎ
1973363690,효탄신참치 2호점,잠실,일식,3.9,120,,,"진짜 미친듯이 맛있었어요.. 참치의 신세계를 봤네요
가족보다는 20대 후반? 30대 초반 정도의 연인이나 썸탈때 가볍게 술 한잔에 참치 진짜 좋은거같아요 너무 잘 먹었습니다 사장님 첫 인상은 흠... 더보기"
1973363690,효탄신참치 2호점,잠실,일식,3.9,120,,,"주차는 안되요~그래도 가성비좋아요
언제부터인지 메까도 조금 섞어서 주시긴하는데 그래도 맛나고 좋아요~ 분위기는 약간 올드하긴해도 좋아요^^"
1973363690,효탄신참치 2호점,잠실,일식,3.9,120,,,"진짜 최고의 맛입니다..
앞으로 참치집은 여기만 가야할것 같아요"
1973363690,효탄신참치 2호점,잠실,일식,3.9,120,,,"아는분이 대려갔는데 맛있었어요.
처음먹는 참치였는데 좋은기억에 남을듯"
1973363690,효탄신참치 2호점,잠실,일식,3.9,120,,,"무한리필아님 리핏 횟수제한있음
회는 맛있음
스키... 더보기"
1973363690,효탄신참치 2호점,잠실,일식,3.9,120,,,이가격에 이만한 참치가 없음
1973363690,효탄신참치 2호점,잠실,일식,3.9,120,,,과히 칭찬할만한 것은 없고 적당해요.
1973363690,효탄신참치 2호점,잠실,일식,3.9,120,,,다찌 없고 한사람 식사 안됨
1973363690,효탄신참치 2호점,잠실,일식,3.9,120,,,좋아요
1973363690,효탄신참치 2호점,잠실,일식,3.9,120,,,"1년전쯤 다녀왔는데, 엄마가 아직도 참치만 생각나면 여기 얘기를 해요ㅎㅎ
가게 이름 같은거 기억 잘 안하는 성격인뎈ㅋㅋㅋ여기는 주변 사람들한테 다 말하고... 더보기"
1973363690,효탄신참치 2호점,잠실,일식,3.9,120,,,"정말 별로임 
맛도 별로인데다 친절하지않음"
1973363690,효탄신참치 2호점,잠실,일식,3.9,120,,,특스페셜. 돈이 아깝다. 왤케 안씹히는 힘줄? 이 많은 건지 몇번을 뱉어냈는지 모르겠다. 스끼다시도 그닥.. 다신 안간다!
1973363690,효탄신참치 2호점,잠실,일식,3.9,120,,,가성비
1973363690,효탄신참치 2호점,잠실,일식,3.9,120,,,분위기
1973363690,효탄신참치 2호점,잠실,일식,3.9,120,,,사진/영상 후기만 보기
1973363690,효탄신참치 2호점,잠실,일식,3.9,120,,,2024.01.17.
1973363690,효탄신참치 2호점,잠실,일식,3.9,120,,,2021.10.10.
1973363690,효탄신참치 2호점,잠실,일식,3.9,120,,,2026.01.08.
1973363690,효탄신참치 2호점,잠실,일식,3.9,120,,,2024.10.31.
1973363690,효탄신참치 2호점,잠실,일식,3.9,120,,,2024.07.31.
1973363690,효탄신참치 2호점,잠실,일식,3.9,120,,,2024.03.16.
1973363690,효탄신참치 2호점,잠실,일식,3.9,120,,,2023.02.20.
1973363690,효탄신참치 2호점,잠실,일식,3.9,120,,,2022.07.31.
1973363690,효탄신참치 2호점,잠실,일식,3.9,120,,,2022.06.03.
1973363690,효탄신참치 2호점,잠실,일식,3.9,120,,,2021.01.20.
1973363690,효탄신참치 2호점,잠실,일식,3.9,120,,,2020.11.19.
1973363690,효탄신참치 2호점,잠실,일식,3.9,120,,,2020.10.26.
1973363690,효탄신참치 2호점,잠실,일식,3.9,120,,,2020.02.11.
1973363690,효탄신참치 2호점,잠실,일식,3.9,120,,,2020.12.17.
19636716,돈까스집 잠실점,잠실,일식,3.8,17,,,"음…리뷰를 쓸까말까 고민하다가 사장님도 직접 보시고 개선하시면 좋을 것 같아 씁니다.

맛
그냥... 더보기"
19636716,돈까스집 잠실점,잠실,일식,3.8,17,,,"무난무난. 바닥이 미끄러워서 조심해야함.
가성비가 좋은지는 모르겠다."
19636716,돈까스집 잠실점,잠실,일식,3.8,17,,,옛날 돈까스 맛을 잃지 않고 그대로 만들어 주시네요.  정식에는 4가지 까스가 골고루 들어서 만원. 맛있었습니다. 풍성한 소스와 고기의 씹는맛을 추구하는 제 입맛에 딱 맞네요.
19636716,돈까스집 잠실점,잠실,일식,3.8,17,,,"바싹한 돈가스는 아니고요. 소스가 맛있고 재료가 좋은 거 같아요. 물가가 올라 정식은 13000원이에요. 동네에 있는 오래 된 돈가스집 느낌이에요. 맛은 자극적이지 않은데, 저는 이 ... 더보기"
19636716,돈까스집 잠실점,잠실,일식,3.8,17,,,"돈까스 먹고 싶을때 방문합니다
사장님 내외 따듯하시고 정겹습니다
제가 양이 많지않... 더보기"
19636716,돈까스집 잠실점,잠실,일식,3.8,17,,,"일반 돈까스 7000원
여자 혼자 먹기에도 양이 적음
왕돈까스 ... 더보기"
19636716,돈까스집 잠실점,잠실,일식,3.8,17,,,"기본적인 돈까스집
고기에질은 좋았다
양도 괜찮음"
19636716,돈까스집 잠실점,잠실,일식,3.8,17,,,"모듬먹었습니다
생선까스는 맛있었습니다만 돈까스, 치킨까스는 눅눅하고 고기도 뻑뻑했습니다
명절 연휴 막 지나고 가서 그런지는 모르겠는... 더보기"
19636716,돈까스집 잠실점,잠실,일식,3.8,17,,,양도 적당하고 맛이 부드러워요. 정식 추천합니다
19636716,돈까스집 잠실점,잠실,일식,3.8,17,,,"후기  잘  안남가는데 여긴  진짜  완전비추.
위생상태 : 불량
맛 : 일단  기름을 깨끗한걸 안쓰는듯. 돈가스 색깔이 거... 더보기"
19636716,돈까스집 잠실점,잠실,일식,3.8,17,,,"줜장 친절 가성비  좋아요 정식메뉴 추천합니다
스프대신 된장국이 나오는데 괜찬아요
강추"
19636716,돈까스집 잠실점,잠실,일식,3.8,17,,,"왕돈까스 먹었는데 흔한 맛, 그렇다고 가격이 싸지도 않고 좀 애매한집임
1년에 한번 정도는 먹으러 갈수도"
19636716,돈까스집 잠실점,잠실,일식,3.8,17,,,"맛은 괜찮았으나 평소 소식하는 여성이 먹기에도 적은 양.. 고기가 얇다는 후기를 보고 갔어서, 왕돈까스를 시켰는데도 불구하고 식사 후 애매한 허기짐이 남았습니다. 고기가 정말 많이 얇더라구요"
19636716,돈까스집 잠실점,잠실,일식,3.8,17,,,항상 잘 먹는 곳
19636716,돈까스집 잠실점,잠실,일식,3.8,17,,,"가야는이유 : 잘만든 경양식을 완성하는 소스
안가는이유 : 결국 나도 돈가츠에 길들여진

돈까스 : 한국식 돈까스인데 많이 얇지... 더보기"
19636716,돈까스집 잠실점,잠실,일식,3.8,17,,,두 분이 워낙 잘챙겨주셔서 집밥 같아요 감사합니다 :-)
19636716,돈까스집 잠실점,잠실,일식,3.8,17,,,가성비
19636716,돈까스집 잠실점,잠실,일식,3.8,17,,,사진/영상 후기만 보기
19636716,돈까스집 잠실점,잠실,일식,3.8,17,,,2024.01.17.
19636716,돈까스집 잠실점,잠실,일식,3.8,17,,,2023.11.08.
19636716,돈까스집 잠실점,잠실,일식,3.8,17,,,2022.10.18.
19636716,돈까스집 잠실점,잠실,일식,3.8,17,,,2026.02.24.
19636716,돈까스집 잠실점,잠실,일식,3.8,17,,,2026.01.08.
19636716,돈까스집 잠실점,잠실,일식,3.8,17,,,2025.03.11.
19636716,돈까스집 잠실점,잠실,일식,3.8,17,,,2021.11.12.
19636716,돈까스집 잠실점,잠실,일식,3.8,17,,,2021.09.19.
19636716,돈까스집 잠실점,잠실,일식,3.8,17,,,2026.02.21.
19636716,돈까스집 잠실점,잠실,일식,3.8,17,,,2024.02.24.
19636716,돈까스집 잠실점,잠실,일식,3.8,17,,,2023.05.13.
19636716,돈까스집 잠실점,잠실,일식,3.8,17,,,2023.04.05.
19636716,돈까스집 잠실점,잠실,일식,3.8,17,,,2022.08.18.
19636716,돈까스집 잠실점,잠실,일식,3.8,17,,,2022.06.01.
19636716,돈까스집 잠실점,잠실,일식,3.8,17,,,2020.12.08.
19636716,돈까스집 잠실점,잠실,일식,3.8,17,,,100
19636716,돈까스집 잠실점,잠실,일식,3.8,17,,,2020.12.01.
19636716,돈까스집 잠실점,잠실,일식,3.8,17,,,2019.12.10.
19636716,돈까스집 잠실점,잠실,일식,3.8,17,,,2025.11.03.
19636716,돈까스집 잠실점,잠실,일식,3.8,17,,,2024.06.01.
19636716,돈까스집 잠실점,잠실,일식,3.8,17,,,2023.08.31.
83610723,끌 잠실새내역점,잠실,일식,,629,,,후기 194
83610723,끌 잠실새내역점,잠실,일식,,629,,,후기 113
83610723,끌 잠실새내역점,잠실,일식,,629,,,후기 140
83610723,끌 잠실새내역점,잠실,일식,,629,,,후기 59
83610723,끌 잠실새내역점,잠실,일식,,629,,,분위기
83610723,끌 잠실새내역점,잠실,일식,,629,,,방문 목적
83610723,끌 잠실새내역점,잠실,일식,,629,,,동반인
26092963,마카나이 신천점,잠실,일식,2.8,34,,,"쿠로마유에 숙주추가
쿠로마유... 라기엔 육수를 믹서기로 섞어버린듯한 식욕떨어지는 비쥬얼
볶음김치 같은 ... 더보기"
26092963,마카나이 신천점,잠실,일식,2.8,34,,,"미소카츠덮밥 너무 맛있게 잘 먹었어요. 되게 괜찮네요. 이치미, 꼬들한 다꾸앙, 일식 장국 디테일이 좋아요. 몇 번 와봤는데 여기 음식은 갠적으로 라멘보다 덮밥이 취향입니다."
26092963,마카나이 신천점,잠실,일식,2.8,34,,,저 믿고 무조건 쿠로마유 드셔보세요. 마늘 듬뿍 들어가고 계란도 통으로 들어가고 혜자입니다.
26092963,마카나이 신천점,잠실,일식,2.8,34,,,하.. 근처의 라멘집이 영업 종료라 어쩔 수 없이 왔는데 진짜 후회스럽다 고기 상태 너무 안좋고.. 손님이 없는 곳은 이유가 있습니다
26092963,마카나이 신천점,잠실,일식,2.8,34,,,"더운날 천장 에어컨2개중에 1개밖에 안키고 선풍기틀어줌
들어가자마자 더움ᆢ 아놔 ᆢ
더운라면 먹는데 땀뻘뻘!  ㅜ 사장님 메인시간에는 에어컨좀 빵빵하게틀어주세요"
26092963,마카나이 신천점,잠실,일식,2.8,34,,,"면발의 단계 조절이 없네요
맛은 좋습니다 
차슈도 두툼하고 계란반숙이 반개도 아니고 ... 더보기"
26092963,마카나이 신천점,잠실,일식,2.8,34,,,"국물 차슈 계란 지리게맛있음
다만 면은그닥이였음 아마 다른게마시ㅛ어서구런가밤"
26092963,마카나이 신천점,잠실,일식,2.8,34,,,"가양 쪽에 있는 마카나이를 자주 갔어서 그리워하며 갔는데 역시 지점바이지점.. 두둑한 연어덮밥 가양점이 비해 부실해서 아쉬웠다.
그냥 챠수덮밥 먹어야지"
26092963,마카나이 신천점,잠실,일식,2.8,34,,,"매운 돈코츠라멘 ☆☆ 
연어덮밥 ... 더보기"
26092963,마카나이 신천점,잠실,일식,2.8,34,,,"후기 중에 쿠로마유 먹어보라고 얘기하길래 가서 먹어봄. 차슈도 추가해서 먹음.
쿠로마유 맛은 괜찮았음. 다른건 안먹어봐서 ... 더보기"
26092963,마카나이 신천점,잠실,일식,2.8,34,,,음 개 맛없음
26092963,마카나이 신천점,잠실,일식,2.8,34,,,맛집 저장소
26092963,마카나이 신천점,잠실,일식,2.8,34,,,맛이 없다 ㅠ
26092963,마카나이 신천점,잠실,일식,2.8,34,,,여기 신천역이던 시절1층에서 조그마하게 했을땐 진짜 맛있었음... 그때는 음식점치곤 제법 늦게 영업해서 독서실에서 공부하다 밤에 나와서 돈코츠 라멘 딱... 더보기
26092963,마카나이 신천점,잠실,일식,2.8,34,,,반숙란 내부는 차갑고 고기는 쬐끔 들어있고 국물도 깊이가 없네요. 반숙란이 어떻게 차가울 수가 있지..? 찢긴 듯한 고기 3조각 있었네요. 슬러쉬 주는거 말고는 특색 없습니다.
26092963,마카나이 신천점,잠실,일식,2.8,34,,,"라멘 맛없어여. 카레 보통.
친절하지 않아여"
26092963,마카나이 신천점,잠실,일식,2.8,34,,,"자주 애용하는 덮밥,라면집이에요. 맛도 있고 매장에 슬러시가 있어서 좋아요"
26092963,마카나이 신천점,잠실,일식,2.8,34,,,쏘 쏘
26092963,마카나이 신천점,잠실,일식,2.8,34,,,신천 번화가 1층에서 하던 예전이 그리움.. 지금 자리로 옮기고 키오스크 시스템에 매장만 넓어지고 맛은 떨어짐
26092963,마카나이 신천점,잠실,일식,2.8,34,,,"맛이 아쉽네요
손님들 식사중에는 청소를 미뤘으면 좋겠음"
26092963,마카나이 신천점,잠실,일식,2.8,34,,,가성비
26092963,마카나이 신천점,잠실,일식,2.8,34,,,사진/영상 후기만 보기
26092963,마카나이 신천점,잠실,일식,2.8,34,,,2026.04.20.
26092963,마카나이 신천점,잠실,일식,2.8,34,,,2025.09.09.
26092963,마카나이 신천점,잠실,일식,2.8,34,,,2024.08.17.
26092963,마카나이 신천점,잠실,일식,2.8,34,,,2024.02.24.
26092963,마카나이 신천점,잠실,일식,2.8,34,,,2024.06.30.
26092963,마카나이 신천점,잠실,일식,2.8,34,,,2020.05.17.
26092963,마카나이 신천점,잠실,일식,2.8,34,,,2020.05.04.
26092963,마카나이 신천점,잠실,일식,2.8,34,,,2019.07.07.
26092963,마카나이 신천점,잠실,일식,2.8,34,,,2017.09.18.
26092963,마카나이 신천점,잠실,일식,2.8,34,,,2025.05.19.
26092963,마카나이 신천점,잠실,일식,2.8,34,,,2025.02.03.
26092963,마카나이 신천점,잠실,일식,2.8,34,,,2024.12.31.
26092963,마카나이 신천점,잠실,일식,2.8,34,,,2024.11.28.
26092963,마카나이 신천점,잠실,일식,2.8,34,,,2024.10.10.
26092963,마카나이 신천점,잠실,일식,2.8,34,,,2024.10.04.
26092963,마카나이 신천점,잠실,일식,2.8,34,,,2024.08.13.
26092963,마카나이 신천점,잠실,일식,2.8,34,,,2023.06.10.
26092963,마카나이 신천점,잠실,일식,2.8,34,,,2023.01.09.
26092963,마카나이 신천점,잠실,일식,2.8,34,,,2021.11.14.
26092963,마카나이 신천점,잠실,일식,2.8,34,,,2021.04.11.
803844455,진작 잠실점,잠실,일식,4.4,63,,,마제소바 진짜 맛있어요!!!!! 소스도 넉넉하게 주셔서 같이 나오는 오니기리랑 소스 비벼 먹어도 짱맛탱입니다 ㅠㅠ 땅콩이랑 노른자를 싫어해서 빼달라고 말씀 드렸는데 요청 사항도 너무 잘 들어주시더라구용 다음에는 덮밥류도 먹어보러 오겠습니다!
803844455,진작 잠실점,잠실,일식,4.4,63,,,"일단 논외로 다이닝펍?이라는 장소 자체가 너무 협소하고, 전체적으로 푸드 코트 환기도 안 돼서 이것저것 뒤섞인 냄새가 묘해요・・・

진작 매장 테이블... 더보기"
803844455,진작 잠실점,잠실,일식,4.4,63,,,"처음 먹어보는 대창덮밥이에요. 한 입 먹었을 때는 생소한 맛에 뭐지?했는데 두 입, 세 입~~~~ 술술 들어가요. 진짜 맛있어요!!"
803844455,진작 잠실점,잠실,일식,4.4,63,,,괜차나영
803844455,진작 잠실점,잠실,일식,4.4,63,,,잠실에 갈 일이 있어서 우연찮게 방문했습니다 !항정살 덮밥이랑 미트볼 파스타 먹었는데 정말 맛있었어요! 직원분들도 다들 친절하셔서 좋았습니다  항상 번창하시길!!
803844455,진작 잠실점,잠실,일식,4.4,63,,,항정살 덮밥 맛있었습니다.
803844455,진작 잠실점,잠실,일식,4.4,63,,,항정살덮밥 후토마키 제 투픽입니다. 너무 맛있어요. 강추
803844455,진작 잠실점,잠실,일식,4.4,63,,,그동안 백화점 지하에서 먹었던 것들 중 가장 맛있었어요
803844455,진작 잠실점,잠실,일식,4.4,63,,,"푸드 에비뉴에 있어 식사하기도 편하고 가성비도 좋아서 완전 기분 좋게 식사했어요. 세트메뉴 구성도 좋아서 후토마키는 양도 많고, 마제 스파게티도 주먹밥까지 나와서 둘이서 든든하게 식사할 수 있었어요. 추천합니다."
803844455,진작 잠실점,잠실,일식,4.4,63,,,"대창덮밥, 후토마끼 먹었습니다!
대창덮밥 정말 맛있고 물리지 않아서 끝까지 잘 먹었어요 같이 나온 김치찌개도 한국인 입... 더보기"
803844455,진작 잠실점,잠실,일식,4.4,63,,,후토마끼 맛집!! 자주오는 곳이에용ㅎㅎ
803844455,진작 잠실점,잠실,일식,4.4,63,,,"대창 덮밥정식. 모듬카츠정식. 가라아게 먹었는데 넘맛있어요!!!!!!!!!
친절하시고 쾌적해서 좋았습니당 :)"
803844455,진작 잠실점,잠실,일식,4.4,63,,,"잠실롯데백화점 푸드에비뉴에 있는 진작 잠실점✨
직원분들도 친절하고 무엇보다 모든 메뉴 다 맛있었어요 👍🏻👍🏻
매콤... 더보기"
803844455,진작 잠실점,잠실,일식,4.4,63,,,다양한 퓨전일식 메뉴를 세트로 즐길 수 있어서 합리적인 가격입니다! 네이버 할인 이벤트도 있어서 더욱 저렴하게 즐길 수 있었어요:-) 평일 저녁 때 갔는데 웨이팅 없이 좌석도 널널하고 한적했습니다!
803844455,진작 잠실점,잠실,일식,4.4,63,,,"점심시간에 방문 했는데 사람 많더라구요!
종로맛집을 잠실점에서 만나 즐거웠어요! 
후토마키가 ... 더보기"
803844455,진작 잠실점,잠실,일식,4.4,63,,,너무너무 맛있게 잘 먹었어요... 오픈 다이닝 펍에서 식사하는 건 처음인데 푸드 코너랑 다르게 분위기 있고 덜 복잡해서 좋았어ㅛ 💓 마제 파스타랑 대창 덮밥 메뉴도 이색적이라 남자 친구... 더보기
803844455,진작 잠실점,잠실,일식,4.4,63,,,"가성비 있고 가격도 나쁘지 않는 롯데월드 맛집 진작 ! 
모듬카츠는 부드럽고 튀김은 얇고 고기가 두툼해 완전 짱인 곳 ! 이렇게 귀염하게 먹고 배불르더라고요 새... 더보기"
803844455,진작 잠실점,잠실,일식,4.4,63,,,"잠실 롯백 지하1층에 있어서 찾기 쉬워요.
크게 기대안하고 먹었다가 너무 맛있었어요.
음식이 하나하나 퀄리티가 있고
평일 ... 더보기"
803844455,진작 잠실점,잠실,일식,4.4,63,,,"음식이 친절하고 직원분이 맛있어요
국이 맛있다는 리뷰들을 봤는데 정말👍👍
네이버 큐알로 주문했는데 줄 기다릴 필요없이 10% 할... 더보기"
803844455,진작 잠실점,잠실,일식,4.4,63,,,가성비
803844455,진작 잠실점,잠실,일식,4.4,63,,,분위기
803844455,진작 잠실점,잠실,일식,4.4,63,,,사진/영상 후기만 보기
803844455,진작 잠실점,잠실,일식,4.4,63,,,2026.02.14.
803844455,진작 잠실점,잠실,일식,4.4,63,,,2026.01.21.
803844455,진작 잠실점,잠실,일식,4.4,63,,,2025.05.16.
803844455,진작 잠실점,잠실,일식,4.4,63,,,2024.09.17.
803844455,진작 잠실점,잠실,일식,4.4,63,,,2024.07.13.
803844455,진작 잠실점,잠실,일식,4.4,63,,,2024.04.24.
803844455,진작 잠실점,잠실,일식,4.4,63,,,2023.12.08.
803844455,진작 잠실점,잠실,일식,4.4,63,,,2023.07.08.
803844455,진작 잠실점,잠실,일식,4.4,63,,,2023.06.28.
803844455,진작 잠실점,잠실,일식,4.4,63,,,2023.06.27.
803844455,진작 잠실점,잠실,일식,4.4,63,,,2023.06.24.
803844455,진작 잠실점,잠실,일식,4.4,63,,,2023.05.22.
803844455,진작 잠실점,잠실,일식,4.4,63,,,2023.05.20.
803844455,진작 잠실점,잠실,일식,4.4,63,,,2023.05.19.
803844455,진작 잠실점,잠실,일식,4.4,63,,,2023.05.17.
803844455,진작 잠실점,잠실,일식,4.4,63,,,2023.05.15.
803844455,진작 잠실점,잠실,일식,4.4,63,,,2023.05.11.
803844455,진작 잠실점,잠실,일식,4.4,63,,,2023.02.06.
1595983289,나레초밥 잠실새내점,잠실,일식,2.5,16,,,"후기가왜이러지
전 맛있엇어연 초밥굿
2인세트 시켰는데
남자1 ... 더보기"
1595983289,나레초밥 잠실새내점,잠실,일식,2.5,16,,,평범한 동네 초밥집이에요. 맛 없지도 않고 맛이 뛰어나지도 않은 그냥 그저 그런. 직원 분이 너무 인상 쓰고 말투도 틱틱 내뱉는 투셔서 다소 당황했습니다.
1595983289,나레초밥 잠실새내점,잠실,일식,2.5,16,,,"맛있는데 돌이 나왔읍니다 와득
맛은 좋음"
1595983289,나레초밥 잠실새내점,잠실,일식,2.5,16,,,2018에는 괜츈했다는...
1595983289,나레초밥 잠실새내점,잠실,일식,2.5,16,,,맛있었습니다 ㅎ
1595983289,나레초밥 잠실새내점,잠실,일식,2.5,16,,,일년전 갔을 땐 돈까스 맛있었음
1595983289,나레초밥 잠실새내점,잠실,일식,2.5,16,,,"서빙시 플레이팅 방향 거꾸로...
초밥의 밥 양이 적음.
밥이 설익듯이 꼬들거리는데... 더보기"
1595983289,나레초밥 잠실새내점,잠실,일식,2.5,16,,,배달 시켜먹었는데 진짜 맛있어요ㅋㅋㅋ 서비스초밥까지 너무 맛있게 먹었습니다~~~
1595983289,나레초밥 잠실새내점,잠실,일식,2.5,16,,,커플세트 A
1595983289,나레초밥 잠실새내점,잠실,일식,2.5,16,,,진짜 뒤지게 맛없다..
1595983289,나레초밥 잠실새내점,잠실,일식,2.5,16,,,평범한데 좀 비싸네요. 그래도 사람은 많았어요
1595983289,나레초밥 잠실새내점,잠실,일식,2.5,16,,,진짜 직원분이 너무 불친절하네요 남자둘이 평일 저녁8시에 방문했는데 커플들은 다 넓은 자리에 앉혀놓곤 좁은 자리로 안내하길래 저희도 둘인데 넓은 자리 주시면 안되나요? 했더니 자리가 없어서요 이러... 더보기
1595983289,나레초밥 잠실새내점,잠실,일식,2.5,16,,,가성비 좋고 구성도 좋습니다 자주 배민포장해서 먹어요
1595983289,나레초밥 잠실새내점,잠실,일식,2.5,16,,,여기는 회덮밥이 찐입니다. 신선하고 맛있어요 양도 많고
1595983289,나레초밥 잠실새내점,잠실,일식,2.5,16,,,밥이 다 으스러짐…
1595983289,나레초밥 잠실새내점,잠실,일식,2.5,16,,,연어초밥 소스도 넉넉히 따로 포장해주시고 맛있어요.
1595983289,나레초밥 잠실새내점,잠실,일식,2.5,16,,,"직원들은 친절했습니다.
사케동밥에 간장이 너무 많이 뿌려져있어서 다 먹지 못했어요 연어도 가격에 비해 얇고 부족한 느낌이고 우동육수도 비린내가 납니다. 다시 방문하지 않을것같습니다."
1595983289,나레초밥 잠실새내점,잠실,일식,2.5,16,,,"전 나름 가성비도 좋고, 친절
다시 한잔 하러가고 싶어요."
1595983289,나레초밥 잠실새내점,잠실,일식,2.5,16,,,"초심을 잃었다
샤리도 너무 새콤하고,
이집 와사비가 여태 먹은곳중 ... 더보기"
1595983289,나레초밥 잠실새내점,잠실,일식,2.5,16,,,"별 하나도 아까운 식당.
식당서 식사 도중 그만 먹고 나오긴 처음 이고,
식당 후기 남기는 것도 처음 입니다.
손님을 뭐 같이 대하는 식... 더보기"
1595983289,나레초밥 잠실새내점,잠실,일식,2.5,16,,,가성비
1595983289,나레초밥 잠실새내점,잠실,일식,2.5,16,,,분위기
1595983289,나레초밥 잠실새내점,잠실,일식,2.5,16,,,사진/영상 후기만 보기
1595983289,나레초밥 잠실새내점,잠실,일식,2.5,16,,,2026.02.26.
1595983289,나레초밥 잠실새내점,잠실,일식,2.5,16,,,2023.07.06.
1595983289,나레초밥 잠실새내점,잠실,일식,2.5,16,,,2024.12.16.
1595983289,나레초밥 잠실새내점,잠실,일식,2.5,16,,,2022.10.03.
1595983289,나레초밥 잠실새내점,잠실,일식,2.5,16,,,2022.09.17.
1595983289,나레초밥 잠실새내점,잠실,일식,2.5,16,,,2022.08.30.
1595983289,나레초밥 잠실새내점,잠실,일식,2.5,16,,,2020.09.29.
1595983289,나레초밥 잠실새내점,잠실,일식,2.5,16,,,2018.10.15.
1595983289,나레초밥 잠실새내점,잠실,일식,2.5,16,,,2017.07.23.
1595983289,나레초밥 잠실새내점,잠실,일식,2.5,16,,,2025.12.05.
1595983289,나레초밥 잠실새내점,잠실,일식,2.5,16,,,2025.07.01.
1595983289,나레초밥 잠실새내점,잠실,일식,2.5,16,,,2025.05.04.
1595983289,나레초밥 잠실새내점,잠실,일식,2.5,16,,,2025.01.20.
1595983289,나레초밥 잠실새내점,잠실,일식,2.5,16,,,2024.12.25.
1595983289,나레초밥 잠실새내점,잠실,일식,2.5,16,,,2024.12.09.
1595983289,나레초밥 잠실새내점,잠실,일식,2.5,16,,,2024.01.04.
1595983289,나레초밥 잠실새내점,잠실,일식,2.5,16,,,2023.10.06.
1595983289,나레초밥 잠실새내점,잠실,일식,2.5,16,,,2023.06.19.
1595983289,나레초밥 잠실새내점,잠실,일식,2.5,16,,,2022.12.04.
1595983289,나레초밥 잠실새내점,잠실,일식,2.5,16,,,2022.12.01.
18825490,사보텐 신천점,잠실,일식,3.4,31,,,맛있어요^^ 다음에 또가고 싶네요
18825490,사보텐 신천점,잠실,일식,3.4,31,,,사보텐스페셜.. 한때 좋아했던 사보텐에 간만에 방문.. 히레 로스 새우튀김으로 구성된 메뉴 선택.  히레가스 고기 상태 안좋음. 음…. 젠장… 딴 지점으로 가야지.
18825490,사보텐 신천점,잠실,일식,3.4,31,,,머리카락이 돈까스와 같이 튀겨져서 나옴. 종업원 뛰어와서 어! 바꿔드릴게요! 이○○○○ 담당 점장 나오라고 하니 위생모를 쓰다만 모습으로 나타남. 저러니 머리카락이 빠질수 밖에. 냉모밀은 그 흔... 더보기
18825490,사보텐 신천점,잠실,일식,3.4,31,,,"주변에서 제대로 된 일식 먹을 수 있는 식당. 
카사리 정식과 더블 모짜렐라 카츠 주문. 카사리 정식은 살짝 매운-거의 안 맵지만 ㅎㅎ- 돈코츠 국물에 살짝 아쉬운 일본식 우동면. 국물은 정... 더보기"
18825490,사보텐 신천점,잠실,일식,3.4,31,,,"25/1/22 꽤 맛있음- 바삭하고 기름깨끗한것같고 부드럽네요. 성인남성 기준으론 조금 아쉬운 양이라 시그니쳐(두툼한고기)가 더 좋을것 같습니다.
직원분은 많이 친절하셨어요."
18825490,사보텐 신천점,잠실,일식,3.4,31,,,"돈까스 바삭바삭해서 맛있고 좋았어요

씨푸드카츠는 생선 살이 통통하고 야들야들해... 더보기"
18825490,사보텐 신천점,잠실,일식,3.4,31,,,맛있어염
18825490,사보텐 신천점,잠실,일식,3.4,31,,,"가격, 맛, 친절, 위생 그 어느하나 칭찬할 건덕지가 없는곳"
18825490,사보텐 신천점,잠실,일식,3.4,31,,,"후기 남기면 서비스 줌 
다신 안감"
18825490,사보텐 신천점,잠실,일식,3.4,31,,,히레카츠 바삭하고 부드러워서 너무 맛있었어요
18825490,사보텐 신천점,잠실,일식,3.4,31,,,모짜렐라 치즈카츠 고소하고 맛있어서 자주 먹어요 밥대신 미니소바 변경해서 먹으면 더 좋더라구요!
18825490,사보텐 신천점,잠실,일식,3.4,31,,,"혼밥하기 꽤 좋음 근데 브레이크 타임이 안 써져있어서 엄청 일찍/늦게 간 것도 아닌데 거절 당한 적이 한 두 번이 아님 걍 가기 싫을 정도여서 배달 시켜먹음
돈까스는 맛잇고 소바는 시키지 마세요 별로임"
18825490,사보텐 신천점,잠실,일식,3.4,31,,,"비위생의 극치
주방장이 알바들 갈구는 소리 때문에 어수선함"
18825490,사보텐 신천점,잠실,일식,3.4,31,,,"음식이맛있었습니다
특히김치가츠동이안느끼하고간이딱맞아서자주먹고있습니다!"
18825490,사보텐 신천점,잠실,일식,3.4,31,,,매장이 전반적으로 관리가 잘안되는 것같은 냄새가 남..가성비따져서 들어가는 브랜드도 아닌데도 돈아깝다는 생각이듬. 이 돈이면 얼마전에 여의도 쇼핑센터의 일식돈까스 매장에서 먹은... 더보기
18825490,사보텐 신천점,잠실,일식,3.4,31,,,"사보텐 다른지점에서 몇 번 먹었었는데,  여기는 정말 맛이 없었어요... 제공된 앞접시는 설거지가 제대로 안되있어서 3개중 2개가 더러웠고, 다시 달라고 요청했을때에도 사과는 따로 없으시더라구요..ㅎㅎㅎ우동은 제... 더보기"
18825490,사보텐 신천점,잠실,일식,3.4,31,,,제대로 설거지 안 된 그릇이 있어 말했더니 한참 뒤에서야 교체해줌. 가게에 손님이 얼마 없었음에도 전반적으로 응대가 느림
18825490,사보텐 신천점,잠실,일식,3.4,31,,,소바정식 맛없음 돈까스는 맛있음 사람 없어서 좋음
18825490,사보텐 신천점,잠실,일식,3.4,31,,,"튀김살짝눅눅함 그저그런퀄리티
기본반찬에 김치가 없다"
18825490,사보텐 신천점,잠실,일식,3.4,31,,,"맛있게 잘먹었음
청결했고 친절했고 
튀김은 바삭했고 카라이우동정식 ... 더보기"
18825490,사보텐 신천점,잠실,일식,3.4,31,,,분위기
18825490,사보텐 신천점,잠실,일식,3.4,31,,,가성비
18825490,사보텐 신천점,잠실,일식,3.4,31,,,사진/영상 후기만 보기
18825490,사보텐 신천점,잠실,일식,3.4,31,,,2024.04.11.
18825490,사보텐 신천점,잠실,일식,3.4,31,,,사보텐 신천점 실시간 예약
18825490,사보텐 신천점,잠실,일식,3.4,31,,,2026.03.27.
18825490,사보텐 신천점,잠실,일식,3.4,31,,,2025.08.24.
18825490,사보텐 신천점,잠실,일식,3.4,31,,,2024.05.06.
18825490,사보텐 신천점,잠실,일식,3.4,31,,,2025.01.22.
18825490,사보텐 신천점,잠실,일식,3.4,31,,,2024.10.30.
18825490,사보텐 신천점,잠실,일식,3.4,31,,,2022.04.25.
18825490,사보텐 신천점,잠실,일식,3.4,31,,,2026.02.18.
18825490,사보텐 신천점,잠실,일식,3.4,31,,,2026.01.02.
18825490,사보텐 신천점,잠실,일식,3.4,31,,,2025.06.29.
18825490,사보텐 신천점,잠실,일식,3.4,31,,,2025.06.28.
18825490,사보텐 신천점,잠실,일식,3.4,31,,,2025.06.14.
18825490,사보텐 신천점,잠실,일식,3.4,31,,,2025.06.05.
18825490,사보텐 신천점,잠실,일식,3.4,31,,,2025.04.09.
18825490,사보텐 신천점,잠실,일식,3.4,31,,,2024.11.10.
18825490,사보텐 신천점,잠실,일식,3.4,31,,,2024.08.10.
18825490,사보텐 신천점,잠실,일식,3.4,31,,,2024.06.22.
18825490,사보텐 신천점,잠실,일식,3.4,31,,,2024.04.02.
18825490,사보텐 신천점,잠실,일식,3.4,31,,,2023.12.21.
1829516623,수아영,잠실,일식,5,158,,,"주변 다른 돈까스집 갈 바에 여기 오시면 됩니다
셀프바도 있어서 부족함 없이 먹었습니다"
1829516623,수아영,잠실,일식,5,158,,,"이제 먹구 갈 수 있어요
빠삭빠삭 존맛탱 완전 천사 친절보스"
1829516623,수아영,잠실,일식,5,158,,,"배달로 싱글세트 주문해서 먹음
여전히 너무 맛있음 ㅎㅎ
——————
2025-08-10
... 더보기"
1829516623,수아영,잠실,일식,5,158,,,"여기 치즈돈까스 진짜 맛있네요
먹고 기분좋아서 리뷰써요 사이드로 주는 된찌도 진짜 예술이에요"
1829516623,수아영,잠실,일식,5,158,,,"모둠으로 샀는데, 가격대비 최고입니다. 두툼한 고기에 바삭한 튀김옷이 끝까지 눅눅하지않고 맛있어요. 소스에 얹힌 땅콩조각까지 맛나요. 재구매의사 있어요 ~*  ^^"
1829516623,수아영,잠실,일식,5,158,,,바삭바삭하고 맛있었어요!
1829516623,수아영,잠실,일식,5,158,,,"배품의 미학이 있는ᆢ훌륭한 인품을 가진 가게입니다^^
이런 가게가 잘되어야 ᆢ"
1829516623,수아영,잠실,일식,5,158,,,"홀에 와서 먹기 편안해요.
맛있고 저렴해서 자주 올 것 같습니다"
1829516623,수아영,잠실,일식,5,158,,,동네 중국집들보다 탕수육이 훨씬 맛있음. 돈까스도 맛있음. 만원도 안 받음. 셀프바 카레도 아주 맛있음
1829516623,수아영,잠실,일식,5,158,,,지나가다 발견한 숨겨진 돈까스맛집 돈까스가 부드러워서 가츠샌드처럼 먹어도 맛있어요. 사장님 튀김솜씨가 비범하세요 탐수육도 좋아요.
1829516623,수아영,잠실,일식,5,158,,,소문만 듣다 방문했는데 진짜 맛있어요. 고기는 두툼한테 진짜 부드럽고 겉은 바삭.. 자꾸 생각나요.
1829516623,수아영,잠실,일식,5,158,,,감사합니다
1829516623,수아영,잠실,일식,5,158,,,가성비
1829516623,수아영,잠실,일식,5,158,,,분위기
1829516623,수아영,잠실,일식,5,158,,,사진/영상 후기만 보기
1829516623,수아영,잠실,일식,5,158,,,2026.04.10.
1829516623,수아영,잠실,일식,5,158,,,2026.01.20.
1829516623,수아영,잠실,일식,5,158,,,2025.10.20.
1829516623,수아영,잠실,일식,5,158,,,100
1829516623,수아영,잠실,일식,5,158,,,2025.09.21.
1829516623,수아영,잠실,일식,5,158,,,2025.12.03.
1829516623,수아영,잠실,일식,5,158,,,2025.11.19.
1829516623,수아영,잠실,일식,5,158,,,2025.02.05.
1829516623,수아영,잠실,일식,5,158,,,2025.01.25.
1829516623,수아영,잠실,일식,5,158,,,2026.04.05.
1829516623,수아영,잠실,일식,5,158,,,2026.03.22.
1829516623,수아영,잠실,일식,5,158,,,2025.02.16.
1829516623,수아영,잠실,일식,5,158,,,2024.12.31.
1829516623,수아영,잠실,일식,5,158,,,2024.10.18.
1829516623,수아영,잠실,일식,5,158,,,2025.07.16.
1829516623,수아영,잠실,일식,5,158,,,2025.05.24.
903958339,도마카세 서울잠실점,잠실,일식,5,207,,,후토마끼가 진또베기임. 꼭 시키세요
903958339,도마카세 서울잠실점,잠실,일식,5,207,,,기대없이 갔다가 음식 맛있어서 술까지 마셨네요. 아롱사태무침이 양념 새콤달콤하니 맛있어서 소면까지 추가해서 싹싹 먹었어요. 직원분 진짜 넘넘 친절하셔서 더 좋았습니다!
903958339,도마카세 서울잠실점,잠실,일식,5,207,,,재방문이 방문되는 곳 ㄹㅇㄹㅇㄹㅇㄹㅇㄹㅇㄹㅇ
903958339,도마카세 서울잠실점,잠실,일식,5,207,,,맛있다길래 왔는데 진짜 맛있음.
903958339,도마카세 서울잠실점,잠실,일식,5,207,,,"아 여기 진짜 맛있어요ㅠㅠㅠㅠㅠㅠㅠ🌝🌝 친구랑 퇴근하고 맛난 음식에 술한잔하러 혹은 연인이랑 특별한 날에 가기도 좋고, 매장 규모도 큰편이라 단체 회식으로도 강추천입니다! 메뉴에 대한 설명 및 먹는... 더보기"
903958339,도마카세 서울잠실점,잠실,일식,5,207,,,"일단 음식이 너무 맛있어요! 
가게 분위기도 아늑하고 예뻐서 데이트나 청첩모임에도 좋을 것 같고요. 아주 추천합니다. 근데 매장 내 음악이 좀 더 분위기에 어울리는 노래였으면 좋겠어요!"
903958339,도마카세 서울잠실점,잠실,일식,5,207,,,"맛과 분위기 정성, 가격까지 당분간은 여기!!"
903958339,도마카세 서울잠실점,잠실,일식,5,207,,,완전 내돈내산 후기...! 여기 지나가다 우연히 방문했는데 완전 존맛탱구리 맛집이니까 가보세요! 한 세시간 하하호호 거리다 나왔는데 가성비도 좋고 분위기도 좋고 모든 음식이 맛있었어요ㅠㅠㅠ 또갈거에요...!
903958339,도마카세 서울잠실점,잠실,일식,5,207,,,분위기
903958339,도마카세 서울잠실점,잠실,일식,5,207,,,가성비
903958339,도마카세 서울잠실점,잠실,일식,5,207,,,사진/영상 후기만 보기
903958339,도마카세 서울잠실점,잠실,일식,5,207,,,2025.12.10.
903958339,도마카세 서울잠실점,잠실,일식,5,207,,,2025.06.01.
903958339,도마카세 서울잠실점,잠실,일식,5,207,,,2024.12.01.
903958339,도마카세 서울잠실점,잠실,일식,5,207,,,2024.11.28.
903958339,도마카세 서울잠실점,잠실,일식,5,207,,,2024.10.25.
903958339,도마카세 서울잠실점,잠실,일식,5,207,,,2024.10.19.
903958339,도마카세 서울잠실점,잠실,일식,5,207,,,2024.09.25.
330796545,마스타 하이볼 잠실새내점,잠실,일식,3.3,566,,,"그냥 일반적인 일본느낌 술집인줄 알고 기대 안하고 들어갔는데 너무 만족했어요
테바사키는 통통하고 후추맛이 좋아서 나고야에서 먹었던것보다 맛있었어요 ㅋㅋ
맥주는 살... 더보기"
330796545,마스타 하이볼 잠실새내점,잠실,일식,3.3,566,,,"인근 술집중에 손님 제일많다
맛은 보통조금이하.."
330796545,마스타 하이볼 잠실새내점,잠실,일식,3.3,566,,,"하이볼은 싱겁고 안주는 자극적이네요..
가볍게 시킨 안주도 가격이 싼건가? 모르겠네요..."
330796545,마스타 하이볼 잠실새내점,잠실,일식,3.3,566,,,"진짜 걍 최악중에 최악
담배냄새 맡으며 먹어야 하는 곳
문열어놔야 손... 더보기"
330796545,마스타 하이볼 잠실새내점,잠실,일식,3.3,566,,,"맛이 메뉴 마다 들쑥날쑥 하네요.
타코야끼 맛있어요.
나... 더보기"
330796545,마스타 하이볼 잠실새내점,잠실,일식,3.3,566,,,아무리 할머니 할부지라도 신분증없으면 입장거부당함
330796545,마스타 하이볼 잠실새내점,잠실,일식,3.3,566,,,정말 최고의 가성비와 젊음의 운치를  갖춘 오사까 마라톤 맨  분위기 최고 짱 오사까로. 오세요
330796545,마스타 하이볼 잠실새내점,잠실,일식,3.3,566,,,타코야키가 맛있고 일단 맥주덕후로서 기네스랑 산토리가 싼게 참 좋네요 안주도 짭짤하니 좋아요
330796545,마스타 하이볼 잠실새내점,잠실,일식,3.3,566,,,"마라 탄탄나베…
진짜 너어무 자극적..
먹다가 너무 빨개질거같아서 2/3소스걷어냈는데도 너무 심해요…."
330796545,마스타 하이볼 잠실새내점,잠실,일식,3.3,566,,,"음식은 맛있어요
근데 가격이 조금 곤란하네요"
330796545,마스타 하이볼 잠실새내점,잠실,일식,3.3,566,,,잉 초기 오픈 때 사람 많아서 모르겠지만 여기 안주는 고를 것도 많고 존맛입니다 일본에서보다 낫네요!
330796545,마스타 하이볼 잠실새내점,잠실,일식,3.3,566,,,무난해요
330796545,마스타 하이볼 잠실새내점,잠실,일식,3.3,566,,,우리나라 프랜차이즈는 일본에서 맛은 안 가져오고 간판만 가져와서 지점 늘려놓고 또 다른 브랜드 런칭하... 더보기
330796545,마스타 하이볼 잠실새내점,잠실,일식,3.3,566,,,가성비
330796545,마스타 하이볼 잠실새내점,잠실,일식,3.3,566,,,분위기
330796545,마스타 하이볼 잠실새내점,잠실,일식,3.3,566,,,사진/영상 후기만 보기
330796545,마스타 하이볼 잠실새내점,잠실,일식,3.3,566,,,2025.06.12.
330796545,마스타 하이볼 잠실새내점,잠실,일식,3.3,566,,,2025.01.30.
330796545,마스타 하이볼 잠실새내점,잠실,일식,3.3,566,,,2024.07.28.
330796545,마스타 하이볼 잠실새내점,잠실,일식,3.3,566,,,2025.05.24.
330796545,마스타 하이볼 잠실새내점,잠실,일식,3.3,566,,,2025.05.20.
330796545,마스타 하이볼 잠실새내점,잠실,일식,3.3,566,,,2025.04.25.
330796545,마스타 하이볼 잠실새내점,잠실,일식,3.3,566,,,2025.02.23.
330796545,마스타 하이볼 잠실새내점,잠실,일식,3.3,566,,,2025.02.06.
330796545,마스타 하이볼 잠실새내점,잠실,일식,3.3,566,,,2024.10.03.
330796545,마스타 하이볼 잠실새내점,잠실,일식,3.3,566,,,2024.08.15.
330796545,마스타 하이볼 잠실새내점,잠실,일식,3.3,566,,,2024.07.24.
330796545,마스타 하이볼 잠실새내점,잠실,일식,3.3,566,,,2024.06.05.
330796545,마스타 하이볼 잠실새내점,잠실,일식,3.3,566,,,2024.03.24.
330796545,마스타 하이볼 잠실새내점,잠실,일식,3.3,566,,,2024.11.14.
27609075,야나기스시 잠실점,잠실,일식,4.6,24,,,"계란찜도 나오고 회덮밥 회도 많이 들어가있는데
가성비는 안좋음"
27609075,야나기스시 잠실점,잠실,일식,4.6,24,,,존맛!!!!잠실에 맛있는 초밥집 못찾았는데 여기 너무 마싯다.. 웨이팅도 꽤 있었지만 기다릴만함!
27609075,야나기스시 잠실점,잠실,일식,4.6,24,,,"초밥도 맛있지만 회덮밥 최고. 
신선한 상추 양배추 가득에. 회도 좋습니다. 배달어플에 없는게 아쉽지만 포장하면 죽이랑 국물도 주심... 더보기"
27609075,야나기스시 잠실점,잠실,일식,4.6,24,,,"잠실에 이 정도 가격이면 괜찮은 듯
작은 샤리에 큰 네타, 구... 더보기"
27609075,야나기스시 잠실점,잠실,일식,4.6,24,,,"연어초밥 주문하면 항상 뱃살이랑 등살 잘 섞어서 주셨던 거 같은데 요즘은 등살 위주로 많이 주시는 거 같아서 아쉬워요ㅠㅠ 저녁에 가서 그런걸까요,,,
언제 가도 웨이팅도 길어서 가신다면 시간 여유 있으실 때 가시는 거 추천드립니다~"
27609075,야나기스시 잠실점,잠실,일식,4.6,24,,,"동네라서 자주 가는 집입니다. 
늘 대기가 있어 조금은 기다려야 하는데, 주로 식사만 하고 가는 집이라 오래 걸... 더보기"
27609075,야나기스시 잠실점,잠실,일식,4.6,24,,,너무 맛있어서 잠실에서 초밥 먹고 싶으면 항상 이쪽으로 갔네요.
27609075,야나기스시 잠실점,잠실,일식,4.6,24,,,"사장님 세상친절 사모님 신속 정확
죽도 나오고 미니우동도 나오고 계란찜도 나오고
스시도 꼬리... 더보기"
27609075,야나기스시 잠실점,잠실,일식,4.6,24,,,친절까지는 아니지만 그냥 무난
27609075,야나기스시 잠실점,잠실,일식,4.6,24,,,야구보러 가다가 우연히 들렸는데 맛있어요
27609075,야나기스시 잠실점,잠실,일식,4.6,24,,,내인생연어초밥
27609075,야나기스시 잠실점,잠실,일식,4.6,24,,,여기 회덮밥은 최고 ㅠㅠㅠ
27609075,야나기스시 잠실점,잠실,일식,4.6,24,,,우동에 마끼에 풍부한 서비스 ㅎㅎ 그리고 맛있다
27609075,야나기스시 잠실점,잠실,일식,4.6,24,,,잠실에서 이만한 가성비 좋고 맛도 좋은집 찾기 힘들다
27609075,야나기스시 잠실점,잠실,일식,4.6,24,,,가성비
27609075,야나기스시 잠실점,잠실,일식,4.6,24,,,사진/영상 후기만 보기
27609075,야나기스시 잠실점,잠실,일식,4.6,24,,,2025.12.10.
27609075,야나기스시 잠실점,잠실,일식,4.6,24,,,2025.05.04.
27609075,야나기스시 잠실점,잠실,일식,4.6,24,,,2023.06.15.
27609075,야나기스시 잠실점,잠실,일식,4.6,24,,,2023.03.09.
27609075,야나기스시 잠실점,잠실,일식,4.6,24,,,2026.01.23.
27609075,야나기스시 잠실점,잠실,일식,4.6,24,,,2025.07.10.
27609075,야나기스시 잠실점,잠실,일식,4.6,24,,,2025.06.08.
27609075,야나기스시 잠실점,잠실,일식,4.6,24,,,2024.07.26.
27609075,야나기스시 잠실점,잠실,일식,4.6,24,,,2024.03.01.
27609075,야나기스시 잠실점,잠실,일식,4.6,24,,,2022.08.12.
27609075,야나기스시 잠실점,잠실,일식,4.6,24,,,2021.11.26.
27609075,야나기스시 잠실점,잠실,일식,4.6,24,,,2021.09.25.
27609075,야나기스시 잠실점,잠실,일식,4.6,24,,,2020.05.28.
27609075,야나기스시 잠실점,잠실,일식,4.6,24,,,2020.03.19.
27609075,야나기스시 잠실점,잠실,일식,4.6,24,,,2026.04.11.
27609075,야나기스시 잠실점,잠실,일식,4.6,24,,,2025.03.28.
27609075,야나기스시 잠실점,잠실,일식,4.6,24,,,2024.01.19.
1633434972,"깃뽀 (잠실새내점,종합운동장점)",잠실,일식,,654,,,후기 58
1633434972,"깃뽀 (잠실새내점,종합운동장점)",잠실,일식,,654,,,후기 50
1633434972,"깃뽀 (잠실새내점,종합운동장점)",잠실,일식,,654,,,후기 8
1633434972,"깃뽀 (잠실새내점,종합운동장점)",잠실,일식,,654,,,후기 2
1633434972,"깃뽀 (잠실새내점,종합운동장점)",잠실,일식,,654,,,분위기
1633434972,"깃뽀 (잠실새내점,종합운동장점)",잠실,일식,,654,,,방문 목적
1633434972,"깃뽀 (잠실새내점,종합운동장점)",잠실,일식,,654,,,동반인
1215528865,스시화,잠실,일식,3.7,0,,,혼술하기 딱좋은 맛집이네요~^^*
1215528865,스시화,잠실,일식,3.7,0,,,완전 맛있어요!!!!!!!!!
1215528865,스시화,잠실,일식,3.7,0,,,가성비가 좋습니다
1215528865,스시화,잠실,일식,3.7,0,,,"배부르게 잘 먹었어요!
등푸른생선이 약간 비리고 아주 잔가시가 찔러서 먹을때 살짝 아팠어요 ㅠ"
1215528865,스시화,잠실,일식,3.7,0,,,최고에용😭😭😭😭 넘 많이 시켜서 죄송했어요 이미 장사 잘되시지만 더 번창하세요❤️
1215528865,스시화,잠실,일식,3.7,0,,,"런치세트, 고등어봉초밥 가성비 굿!"
1215528865,스시화,잠실,일식,3.7,0,,,"먹은메뉴중
추천-지리탕(진짜맛있음ㅠ), 후토마끼
보통-... 더보기"
1215528865,스시화,잠실,일식,3.7,0,,,런치세트 튀김 먹다가 이빨부러지는줄암
1215528865,스시화,잠실,일식,3.7,0,,,초밥 너무 맛있고 사장님이 엄청 친절하세요!! 가게 분위기도 아기자기 좋아요~~
1215528865,스시화,잠실,일식,3.7,0,,,진짜 맛있는데… 왜케 별점이 낮지?! 리뷰가 별로 없으니 참고하시라고들 좀 자세히 남깁니다ㅇㅅㅇ 내부 글케 크지않고 1인바좌석이 많음! 광어초밥 진짜 별로 안좋아하는 사람인데 여태까지 맛있는 ... 더보기
1215528865,스시화,잠실,일식,3.7,0,,,넘넘 맛있어요~~
1215528865,스시화,잠실,일식,3.7,0,,,가성비도 좋고 음식도 전체적으로 맛있음. 가서 고민되면 사장님 맘대로 ㄱㄱ 후회안함. 여기는 튀김을 진짜 잘함. 근데 국물이 다 살짝 아쉽쓰 ...
1215528865,스시화,잠실,일식,3.7,0,,,"실제 가게를 방문 후 경험한 후기입니다.
한겨울 저녁, 1시간 반을 기다린 후 도저히 힘들어서 번호라도 적어놓으면 안될지 사장님께 물어봤는데,  ""기다리셔야해... 더보기"
1215528865,스시화,잠실,일식,3.7,0,,,아는 사장님 소개받아서 처음 갔을때 다찌 꺾이는 자리 앉았는데 왼쪽엔 대가리무스바른새끼가 팔꿈치로 툭툭치길래 턱부술까 한참 고민하고 오른쪽엔 아줌마 음식먹고있는 앞접시가 내가 먹던 앞접... 더보기
1215528865,스시화,잠실,일식,3.7,0,,,맛있는 음식 해주셔서 항상 감사한 곳 ^^
1215528865,스시화,잠실,일식,3.7,0,,,세개 시켰는데 맛은 모두 그냥저냥이었어요.
1215528865,스시화,잠실,일식,3.7,0,,,"너무 맛있어요. 런치세트 먹었는데 초밥에 튀김에 우동에.. 너무 든든하게 잘 먹었습니다~
진짜 맛도 좋고 사장님도 친절하세요. 재방문 할 것 같아요~"
1215528865,스시화,잠실,일식,3.7,0,,,"평과 사진이 너무 좋아서 방문했습니다 
그런데 다시는 방문 안할것 같습니다 
사장... 더보기"
1215528865,스시화,잠실,일식,3.7,0,,,"갔다가 기분만 상했네요...
초밥먹고싶어서 갔는데 초밥이 정말 부실합니다...다른요리류는 모르겠는데 다시는안갈거같네요"
1215528865,스시화,잠실,일식,3.7,0,,,정말 저렴하고 맛납니다
1215528865,스시화,잠실,일식,3.7,0,,,가성비
1215528865,스시화,잠실,일식,3.7,0,,,분위기
1215528865,스시화,잠실,일식,3.7,0,,,사진/영상 후기만 보기
1215528865,스시화,잠실,일식,3.7,0,,,2026.01.04.
1215528865,스시화,잠실,일식,3.7,0,,,2025.03.24.
1215528865,스시화,잠실,일식,3.7,0,,,2023.12.17.
1215528865,스시화,잠실,일식,3.7,0,,,2023.08.27.
1215528865,스시화,잠실,일식,3.7,0,,,2022.11.05.
1215528865,스시화,잠실,일식,3.7,0,,,2022.10.01.
1215528865,스시화,잠실,일식,3.7,0,,,2023.01.30.
1215528865,스시화,잠실,일식,3.7,0,,,2022.09.07.
1215528865,스시화,잠실,일식,3.7,0,,,2022.06.19.
1215528865,스시화,잠실,일식,3.7,0,,,2022.04.26.
1215528865,스시화,잠실,일식,3.7,0,,,2022.03.10.
1215528865,스시화,잠실,일식,3.7,0,,,2026.02.26.
1215528865,스시화,잠실,일식,3.7,0,,,2025.05.25.
1215528865,스시화,잠실,일식,3.7,0,,,2025.04.01.
1215528865,스시화,잠실,일식,3.7,0,,,2023.12.20.
1215528865,스시화,잠실,일식,3.7,0,,,2023.04.12.
1215528865,스시화,잠실,일식,3.7,0,,,2022.09.03.
1215528865,스시화,잠실,일식,3.7,0,,,2022.07.28.
1215528865,스시화,잠실,일식,3.7,0,,,2022.07.23.
1215528865,스시화,잠실,일식,3.7,0,,,2022.07.04.
1181524598,도삭면공방,잠실,중식,4.1,300,,,맛있어요
1181524598,도삭면공방,잠실,중식,4.1,300,,,"불친철이 기본으로 배어있음. 그 점 감안하면 쏘쏘
도삭면은 요새 이곳저곳 생긴 가게들과 큰 차이 없는 무난함
마라크림새우는 괜찮음. 가위없음 먹기 힘든 크기"
1181524598,도삭면공방,잠실,중식,4.1,300,,,다양하게 주문해서 먹엇는데 저렴하고 맛있었어요
1181524598,도삭면공방,잠실,중식,4.1,300,,,맛있고 양도 넉넉하니 좋아요 이 근처에선 추천할 픽
1181524598,도삭면공방,잠실,중식,4.1,300,,,"메뉴 다 맛있어요!! 
지삼선 - 가지랑 감자 살짝 매콤하고 바삭하고 넘 맛있음 
구채교 - 감자피 새우... 더보기"
1181524598,도삭면공방,잠실,중식,4.1,300,,,"맛집발견!!!!
1. 샤오롱바오
2. 마라크림딤섬
3. 지삼선
4. 공심채 볶음... 더보기"
1181524598,도삭면공방,잠실,중식,4.1,300,,,"도삭면 덮밥 모두 향신료가 강하지 않고 익숙한 맛.
사진 속 딤섬은 안에 새우도 탱글하고 피도 쫀딕해서 좋았음.
매장은 좀 어수선한 편."
1181524598,도삭면공방,잠실,중식,4.1,300,,,"평점: 4.5
깊은 우육면의 국물에 라조장을 넣어서 먹는듯한 맛
한국의 라면같은 마라탕을 아득히 뛰어넘는 깊고 진한 맛이 환상적이다."
1181524598,도삭면공방,잠실,중식,4.1,300,,,"도삭면이라는 새로운 식감이 신기했습니다.
다만 먹는게 조금 번거로운 감이 있었어요.
맛도... 더보기"
1181524598,도삭면공방,잠실,중식,4.1,300,,,"먹고 맛있다는 생각이 들지는 않음
면 식감 때문에 한번 즈음 먹어볼 정도? 
그렇다고 해서 엄청 특이한 텍스쳐도 아... 더보기"
1181524598,도삭면공방,잠실,중식,4.1,300,,,근처 직장이라 점심시간에 잘 먹고있어요 짱맛 😆 메뉴 많아서 저녁에도 와보고싶은데ㅠㅠ 언젠가 올게유!!
1181524598,도삭면공방,잠실,중식,4.1,300,,,마시씀
1181524598,도삭면공방,잠실,중식,4.1,300,,,"마라 맛이 너무 평범하고
짜장면은 도삭면으로 독특한 식감이지만 
소스 맛은 보통이네... 더보기"
1181524598,도삭면공방,잠실,중식,4.1,300,,,사진은 도삭면과 동파육덮밥입니다. 도삭면 처음 먹어봤는데 맛있었어요. 카레맛이 나서 신기했습니다. 자리마다 오더패드 있어서 주문하기 편했습니다.
1181524598,도삭면공방,잠실,중식,4.1,300,,,친구랑 도삭면 먹으러 갔다가 새우볶음밥이랑 마늘새우도 같이 먹고왔는데 맛있게 잘... 더보기
1181524598,도삭면공방,잠실,중식,4.1,300,,,정말 최고의 중국집! 카카오맵 리뷰에서 제일 성공한 곳!!
1181524598,도삭면공방,잠실,중식,4.1,300,,,"마라맛 가재꼬리 진짜 너무 맛있고!!!
면류는 말모말모!! 💖"
1181524598,도삭면공방,잠실,중식,4.1,300,,,맛있어요.. 그리고 엄청 빨리 나와요
1181524598,도삭면공방,잠실,중식,4.1,300,,,"맛은 자고로 주관적인 법입니다. 소룡포 맛은 B, 차라리 볶음밥이 더 전형적인 중국식 ..."
1181524598,도삭면공방,잠실,중식,4.1,300,,,가성비
1181524598,도삭면공방,잠실,중식,4.1,300,,,분위기
1181524598,도삭면공방,잠실,중식,4.1,300,,,사진/영상 후기만 보기
1181524598,도삭면공방,잠실,중식,4.1,300,,,2026.04.23.
1181524598,도삭면공방,잠실,중식,4.1,300,,,2026.02.16.
1181524598,도삭면공방,잠실,중식,4.1,300,,,2025.11.30.
1181524598,도삭면공방,잠실,중식,4.1,300,,,2025.11.28.
1181524598,도삭면공방,잠실,중식,4.1,300,,,2025.11.21.
1181524598,도삭면공방,잠실,중식,4.1,300,,,2025.10.30.
1181524598,도삭면공방,잠실,중식,4.1,300,,,2025.09.16.
1181524598,도삭면공방,잠실,중식,4.1,300,,,2025.08.25.
1181524598,도삭면공방,잠실,중식,4.1,300,,,2025.08.24.
1181524598,도삭면공방,잠실,중식,4.1,300,,,2025.07.27.
1181524598,도삭면공방,잠실,중식,4.1,300,,,2025.06.20.
1181524598,도삭면공방,잠실,중식,4.1,300,,,2025.05.21.
1181524598,도삭면공방,잠실,중식,4.1,300,,,2025.04.13.
1181524598,도삭면공방,잠실,중식,4.1,300,,,2025.04.05.
1181524598,도삭면공방,잠실,중식,4.1,300,,,2025.02.22.
1181524598,도삭면공방,잠실,중식,4.1,300,,,2025.02.18.
1181524598,도삭면공방,잠실,중식,4.1,300,,,2025.01.19.
1181524598,도삭면공방,잠실,중식,4.1,300,,,2025.01.03.
1181524598,도삭면공방,잠실,중식,4.1,300,,,2024.09.28.
1181524598,도삭면공방,잠실,중식,4.1,300,,,2024.09.01.
20000047,태민양꼬치,잠실,중식,4.4,178,,,"맛있었습니다
온면 빨리 나와서 좋았어요"
20000047,태민양꼬치,잠실,중식,4.4,178,,,핵줜맛
20000047,태민양꼬치,잠실,중식,4.4,178,,,"양갈비만 먹고 빠르게 나왔는데, 깔끔하고 맛있었어요."
20000047,태민양꼬치,잠실,중식,4.4,178,,,"2018년에 처음 양꼬치를 먹어본 이후로 완전히 빠져들었어요. 정말 많은 양꼬치 식당을 다녀봤는데, 이 주변에서도 여러 곳을 가봤어요. 그러다 이 동네에 살면서 드디어 이곳을 발견했... 더보기"
20000047,태민양꼬치,잠실,중식,4.4,178,,,항상 쪽갈비먹는데 양꼬치 양갈비 모두 맛도리입니다. 요리도 훌륭해서 항상 과음하게 됩니다 ㅋㅋ👍
20000047,태민양꼬치,잠실,중식,4.4,178,,,직원분들 다 친절하고 요리도 다 맛있음
20000047,태민양꼬치,잠실,중식,4.4,178,,,친절하셔용 맛도잇고 술도 잘들감
20000047,태민양꼬치,잠실,중식,4.4,178,,,"잠실새내 양꼬치 유목민 여기 정착합니다.
온면이랑 같이 있는 세트 시켰는데, 온면도 인정"
20000047,태민양꼬치,잠실,중식,4.4,178,,,"양꼬치/마라탕/꿔바로우 먹었고,
양꼬치는 양념이랑 소금 두가지가 있어서
골라 먹는 재... 더보기"
20000047,태민양꼬치,잠실,중식,4.4,178,,,화장실은 남녀공용이지만 식당 내에 있습니다. 직원분들이 친절했고 양갈비살꼬치가 더 맛있었어요. 오이를 좋아해서 오이반찬 맛있게 먹었습니다. 주말에 갔더니 손님이 아주 많았어요.
20000047,태민양꼬치,잠실,중식,4.4,178,,,"맛있었어요 여자사장님도 친절하심
가격은 좀 있음"
20000047,태민양꼬치,잠실,중식,4.4,178,,,"양꼬치는 무난하게 맛있음
지삼선은 좀 별로..."
20000047,태민양꼬치,잠실,중식,4.4,178,,,잠실에서 양꼬치 집 찾는다면 무조건 여기로 가세요! 고기는 말 할 거 없이 맛있고 모든 사이드 음식이 상타입니다
20000047,태민양꼬치,잠실,중식,4.4,178,,,"양꼬치:  양냄새가 많이 나긴함
메뉴판엔 양념이 맛있다곤 하는데 소금이랑 맛차이를 모... 더보기"
20000047,태민양꼬치,잠실,중식,4.4,178,,,"양꼬치도 맛있고 냉면도 맛있어요!!
온면을 많이 드시는 것 같던데 냉면도 추천드립니다"
20000047,태민양꼬치,잠실,중식,4.4,178,,,"쯔란 맛있고 볶음밥도 좋았음
개인적으로는 밖에서 담배연기가 너무 들어와서 좀 싫었습니다ㅠ"
20000047,태민양꼬치,잠실,중식,4.4,178,,,"맛, 서비스 최고입니당!!!!"
20000047,태민양꼬치,잠실,중식,4.4,178,,,"라라탕 최고에요,, 어설픈 체인마라탕은 놉!!!"
20000047,태민양꼬치,잠실,중식,4.4,178,,,가성비
20000047,태민양꼬치,잠실,중식,4.4,178,,,분위기
20000047,태민양꼬치,잠실,중식,4.4,178,,,사진/영상 후기만 보기
20000047,태민양꼬치,잠실,중식,4.4,178,,,2025.12.01.
20000047,태민양꼬치,잠실,중식,4.4,178,,,2025.06.22.
20000047,태민양꼬치,잠실,중식,4.4,178,,,2025.05.17.
20000047,태민양꼬치,잠실,중식,4.4,178,,,2025.01.26.
20000047,태민양꼬치,잠실,중식,4.4,178,,,2025.01.13.
20000047,태민양꼬치,잠실,중식,4.4,178,,,2024.12.08.
20000047,태민양꼬치,잠실,중식,4.4,178,,,2024.09.18.
20000047,태민양꼬치,잠실,중식,4.4,178,,,2024.08.14.
20000047,태민양꼬치,잠실,중식,4.4,178,,,2024.07.13.
20000047,태민양꼬치,잠실,중식,4.4,178,,,2024.01.31.
20000047,태민양꼬치,잠실,중식,4.4,178,,,2023.12.12.
20000047,태민양꼬치,잠실,중식,4.4,178,,,2023.09.03.
20000047,태민양꼬치,잠실,중식,4.4,178,,,2023.02.01.
20000047,태민양꼬치,잠실,중식,4.4,178,,,2025.09.25.
20000047,태민양꼬치,잠실,중식,4.4,178,,,2025.08.21.
20000047,태민양꼬치,잠실,중식,4.4,178,,,2024.05.13.
20000047,태민양꼬치,잠실,중식,4.4,178,,,2024.04.23.
20000047,태민양꼬치,잠실,중식,4.4,178,,,2023.06.04.
20000047,태민양꼬치,잠실,중식,4.4,178,,,2021.11.07.
20000047,태민양꼬치,잠실,중식,4.4,178,,,2020.11.21.
21211219,하얼빈양꼬치 잠실본점,잠실,중식,4.4,44,,,진짜 맛있어욤 특유의 비린맛이 안나서 좋았어요 저녁시간대라 사람많았는데 불구하고 계속 돌아다니면서 쯔란 모자라면 더갖다주시고 꼬치 익으면 바로바로 빼주시고 친... 더보기
21211219,하얼빈양꼬치 잠실본점,잠실,중식,4.4,44,,,현지인 맛집. 세트A+온면+고량주=매우 행복
21211219,하얼빈양꼬치 잠실본점,잠실,중식,4.4,44,,,개쳐존맛
21211219,하얼빈양꼬치 잠실본점,잠실,중식,4.4,44,,,기대를 너무 했나봐요 쏘쏘
21211219,하얼빈양꼬치 잠실본점,잠실,중식,4.4,44,,,"하얼빈 안가봤지만 찐 하얼빈 느낌.
맛있어요! 양꼬치도 맛있지만 마라탕 정말 인생마라탕"
21211219,하얼빈양꼬치 잠실본점,잠실,중식,4.4,44,,,"양꼬치 꿔바로우 진짜 맛있음 ㅠㅠ
같이 간 친구 양꼬치 처음ㅇ라는데
양꼬치 ... 더보기"
21211219,하얼빈양꼬치 잠실본점,잠실,중식,4.4,44,,,"사장님이 엄청 친절하심
후기 보고 엄청 기대하고 갔는데 그냥 평범한 양꼬치집임 옥수수온면도 그냥 조미료 낭낭한 김치말이국수 맛임 그래도 가격 대비 만족스러웠음"
21211219,하얼빈양꼬치 잠실본점,잠실,중식,4.4,44,,,양꼬치 잡내도 없고 신선함. 서비스 물만두도 기본이상임. 꿔바로우 적극추천. 남아서 포장해 다음날에 먹었는데도 맛있음. 다만 테이블 간격이 좁고 소란스러워 대화를 할 수없음.
21211219,하얼빈양꼬치 잠실본점,잠실,중식,4.4,44,,,양꼬치가 맛있어요
21211219,하얼빈양꼬치 잠실본점,잠실,중식,4.4,44,,,"친절하시고, 꼬치 맛잇습니다!!"
21211219,하얼빈양꼬치 잠실본점,잠실,중식,4.4,44,,,불친절
21211219,하얼빈양꼬치 잠실본점,잠실,중식,4.4,44,,,쵝오예요
21211219,하얼빈양꼬치 잠실본점,잠실,중식,4.4,44,,,양꼬치 굿이고요~ 물만두 맛있음.. 칭따오 소맥~
21211219,하얼빈양꼬치 잠실본점,잠실,중식,4.4,44,,,"다 맛있지만 양갈비가 특히 대존맛. 꿔바러우, 옥수수 국수 다 맛있음"
21211219,하얼빈양꼬치 잠실본점,잠실,중식,4.4,44,,,잠실에서 꿔바로우 양꼬치 원탑 가게
21211219,하얼빈양꼬치 잠실본점,잠실,중식,4.4,44,,,"비싼건 둘째치고 꿔바로우... 글쎄요. 찹쌀튀김인지  뭔지...
나는 완전 호구된 기분"
21211219,하얼빈양꼬치 잠실본점,잠실,중식,4.4,44,,,"양갈비 먹고
꿔바로우나 어향육사/경장육사에 꽃빵 으로
마무리하면 좋아요"
21211219,하얼빈양꼬치 잠실본점,잠실,중식,4.4,44,,,양꼬치 너무너무 맛있고 꿔바로우도 너무 맛있어요!! 양꼬치 성공적이었습니다!
21211219,하얼빈양꼬치 잠실본점,잠실,중식,4.4,44,,,몇년전에 다녀온 곳인데 이제서야 후기씀. 가지싫어하는데 중식 가지볶음은 먹을만해서 시켰더니 존맛이었고.. 옥수수국수였나? 처음 먹어보는거였는데 엄청 맛있게 먹었었음. 꿔바로우도 맛있었고 양꼬치도... 더보기
21211219,하얼빈양꼬치 잠실본점,잠실,중식,4.4,44,,,비싼만큼 맛있어요
21211219,하얼빈양꼬치 잠실본점,잠실,중식,4.4,44,,,가성비
21211219,하얼빈양꼬치 잠실본점,잠실,중식,4.4,44,,,분위기
21211219,하얼빈양꼬치 잠실본점,잠실,중식,4.4,44,,,사진/영상 후기만 보기
21211219,하얼빈양꼬치 잠실본점,잠실,중식,4.4,44,,,2025.11.24.
21211219,하얼빈양꼬치 잠실본점,잠실,중식,4.4,44,,,2025.10.01.
21211219,하얼빈양꼬치 잠실본점,잠실,중식,4.4,44,,,2025.08.31.
21211219,하얼빈양꼬치 잠실본점,잠실,중식,4.4,44,,,100
21211219,하얼빈양꼬치 잠실본점,잠실,중식,4.4,44,,,2024.01.09.
21211219,하얼빈양꼬치 잠실본점,잠실,중식,4.4,44,,,2023.01.06.
21211219,하얼빈양꼬치 잠실본점,잠실,중식,4.4,44,,,2022.08.15.
21211219,하얼빈양꼬치 잠실본점,잠실,중식,4.4,44,,,2022.05.01.
21211219,하얼빈양꼬치 잠실본점,잠실,중식,4.4,44,,,2020.07.24.
21211219,하얼빈양꼬치 잠실본점,잠실,중식,4.4,44,,,2026.03.12.
21211219,하얼빈양꼬치 잠실본점,잠실,중식,4.4,44,,,2026.03.11.
21211219,하얼빈양꼬치 잠실본점,잠실,중식,4.4,44,,,2025.11.15.
21211219,하얼빈양꼬치 잠실본점,잠실,중식,4.4,44,,,2025.06.05.
21211219,하얼빈양꼬치 잠실본점,잠실,중식,4.4,44,,,2024.07.09.
21211219,하얼빈양꼬치 잠실본점,잠실,중식,4.4,44,,,2023.11.01.
21211219,하얼빈양꼬치 잠실본점,잠실,중식,4.4,44,,,2023.07.23.
21211219,하얼빈양꼬치 잠실본점,잠실,중식,4.4,44,,,2023.03.31.
21211219,하얼빈양꼬치 잠실본점,잠실,중식,4.4,44,,,2022.10.18.
21211219,하얼빈양꼬치 잠실본점,잠실,중식,4.4,44,,,2022.08.18.
21211219,하얼빈양꼬치 잠실본점,잠실,중식,4.4,44,,,2021.07.28.
21211219,하얼빈양꼬치 잠실본점,잠실,중식,4.4,44,,,2021.05.28.
22045782,신천마라샹궈,잠실,중식,4.6,43,,,"알아서 내와주시는데 넘 맛있어요 흑
밥은 햇반이고 한공기당 2000원인 듯해요(결제 금액에서 미루어짐작했습니다)
밥/술 가격은 있지먼 마라샹궈 맛으로 모든 게 해결!!! 땅콩소스도 진짜 댑가…"
22045782,신천마라샹궈,잠실,중식,4.6,43,,,훠궈치고 가격도 싸고 맛은 개뛰어남 레전드 중에 레전드
22045782,신천마라샹궈,잠실,중식,4.6,43,,,"마라샹궈 후기 좋아서 갔는데 단연코 원탑입니다
일반 마라탕집이랑 다르게 재료 선택은 못하지만 그래도 들어갈건 충분... 더보기"
22045782,신천마라샹궈,잠실,중식,4.6,43,,,진짜 맛있어여 사장님이 만들어주시는 소스도 맛있고 마라샹궈의 감칠맛이 미쳤습니다 마라 쟁이라면 무조건 찍고 가십시오 가격도 합리적입니다 그런데 웨이팅이 있을 수 있습니다 5:45쯤 ... 더보기
22045782,신천마라샹궈,잠실,중식,4.6,43,,,최고의 마라샹궈 맛집
22045782,신천마라샹궈,잠실,중식,4.6,43,,,여기 훠궈 먹으면 다른집꺼 못먹음
22045782,신천마라샹궈,잠실,중식,4.6,43,,,"진짜 마라처돌이로서 말씀드리자면 
이 집은 딱 맛있는 수준을 유지하고 있다. 가장 꾸준히 가게되는 마라탕집이다 (간판은 마라샹... 더보기"
22045782,신천마라샹궈,잠실,중식,4.6,43,,,"우리가 그동안 먹었던 라공방의 마라샹궈는 그냥 한국식 마라볶음이었던걸로...ㅠ
특히 마장이 ... 더보기"
22045782,신천마라샹궈,잠실,중식,4.6,43,,,마라샹궈 맛이 완전 강렬해서 잘못먹으면 진짜 얼얼하다. 하얼빈맥주 좋아하는데 마라샹궈를 안주 삼아 잘 먹었다. 꽤양이 있어서 2~4인분정도 되는것같다.
22045782,신천마라샹궈,잠실,중식,4.6,43,,,"초반에는 마라탕이, 후반에는 백탕이 몹시 맛있다. 아주 운이 좋지 않으면 줄서야 하는데 기다릴만하다. 사장님 무척 친절하심."
22045782,신천마라샹궈,잠실,중식,4.6,43,,,이런분위기좋아하면 잘맞을거에요
22045782,신천마라샹궈,잠실,중식,4.6,43,,,훠궈 정말 중국현지 맛입니다!!!!! 다른 곳들 보다 훨씬 맛있어요! 마라샹궈도 맛있어요.
22045782,신천마라샹궈,잠실,중식,4.6,43,,,원년부터 다닌 국내 마라샹궈 1티어집. 대림이나 건대의 동북 스타일 변형 투머치 느글거리고 짜기만한 마라샹궈가 아니라 찐대륙의 본연의 참 맛. 그냥 진짜 마라샹궈가 뭔지 궁금하거든 닥치... 더보기
22045782,신천마라샹궈,잠실,중식,4.6,43,,,왜 맛있다고 하는지 알 것 같아요 훠궈 끝내줍니다
22045782,신천마라샹궈,잠실,중식,4.6,43,,,"감점요인
담배피고계신 사장님
좁은 매장... 더보기"
22045782,신천마라샹궈,잠실,중식,4.6,43,,,배달 말고 가서먹기를. 배달은 복불복
22045782,신천마라샹궈,잠실,중식,4.6,43,,,말이 필요없음. 마라샹궈 탑. 입에서 하오츠 나옴 ㅋ
22045782,신천마라샹궈,잠실,중식,4.6,43,,,마라샹궈 입문을 이곳에서 했는데 아직 이곳만큼 맛있게 먹은 곳이 없습니다.
22045782,신천마라샹궈,잠실,중식,4.6,43,,,국물이 맹맹하네요
22045782,신천마라샹궈,잠실,중식,4.6,43,,,가성비
22045782,신천마라샹궈,잠실,중식,4.6,43,,,분위기
22045782,신천마라샹궈,잠실,중식,4.6,43,,,사진/영상 후기만 보기
22045782,신천마라샹궈,잠실,중식,4.6,43,,,2024.01.15.
22045782,신천마라샹궈,잠실,중식,4.6,43,,,2023.09.27.
22045782,신천마라샹궈,잠실,중식,4.6,43,,,2023.07.22.
22045782,신천마라샹궈,잠실,중식,4.6,43,,,2023.06.18.
22045782,신천마라샹궈,잠실,중식,4.6,43,,,2026.03.10.
22045782,신천마라샹궈,잠실,중식,4.6,43,,,2024.01.27.
22045782,신천마라샹궈,잠실,중식,4.6,43,,,2020.08.23.
22045782,신천마라샹궈,잠실,중식,4.6,43,,,2019.11.27.
22045782,신천마라샹궈,잠실,중식,4.6,43,,,2019.08.10.
22045782,신천마라샹궈,잠실,중식,4.6,43,,,2016.02.26.
22045782,신천마라샹궈,잠실,중식,4.6,43,,,2026.02.12.
22045782,신천마라샹궈,잠실,중식,4.6,43,,,2025.10.27.
22045782,신천마라샹궈,잠실,중식,4.6,43,,,2025.10.07.
22045782,신천마라샹궈,잠실,중식,4.6,43,,,2025.09.20.
22045782,신천마라샹궈,잠실,중식,4.6,43,,,2025.07.18.
22045782,신천마라샹궈,잠실,중식,4.6,43,,,2025.03.28.
22045782,신천마라샹궈,잠실,중식,4.6,43,,,2024.05.08.
22045782,신천마라샹궈,잠실,중식,4.6,43,,,2023.10.01.
22045782,신천마라샹궈,잠실,중식,4.6,43,,,2023.01.23.
22045782,신천마라샹궈,잠실,중식,4.6,43,,,2022.11.19.
746540152,미친양꼬치 잠실점,잠실,중식,4.8,114,,,"맛, 가성비, 친절, 위생 모두 강추 합니다. 동네라서 넘 좋네요."
746540152,미친양꼬치 잠실점,잠실,중식,4.8,114,,,"양꼬치 무한리필 맛집! 인당 2만 원도 안 되는데 양꼬치, 양삼겹, 돈목살, 소부채살, 새우, 치즈떡까지 무제한이에요. 와인 숙성 양고기라 잡내 없이 깔끔하고 참숯 직화구이라 풍미가 좋았어요. 매장 넓고 쾌... 더보기"
746540152,미친양꼬치 잠실점,잠실,중식,4.8,114,,,여긴 양꼬치무한리필인데 잠실새내역 맛집이네요. 양꼬치도 와인숙성이라 맛도 괜찮고 라면셀프바가 있어 ... 더보기
746540152,미친양꼬치 잠실점,잠실,중식,4.8,114,,,19000원에 꼬치 무한리필인데 일반 양꼬치집에 비해 퀄리티 차이가 거의 없어요.
746540152,미친양꼬치 잠실점,잠실,중식,4.8,114,,,분위기도 좋고 음식도 맛있는데 꼬치가 무제한이라니..거기에 라면도 끓여먹을수 있다니!! 가격이 19900원에 믿을수없는 가성비 양꼬치집이었어요ㅋㅋㅋㅋㅋ먹다가 불닭볶음면 같이 먹는데 대존맛!! 다시 시작 가능ㅋㅋ실컷 먹고 갑니당
746540152,미친양꼬치 잠실점,잠실,중식,4.8,114,,,양꼬치 무한리필을 2만원에!! 가성비 굿👍👍👍고기 퀄리티가 너무 좋았고 고기 잡내없이 신선하고 맛있었어요❤️ 다양한 소스와 라면까지 무제한이라 완전 배부르게 먹었습니당ㅋㅋ 연태고량주 ... 더보기
746540152,미친양꼬치 잠실점,잠실,중식,4.8,114,,,"분위기 좋고 무한리필인데 퀄리티가 진짜 미침👍🏻👍🏻
추가해도 계속 같응 퀄리티 유지되어서 완전 가성비 최고"
746540152,미친양꼬치 잠실점,잠실,중식,4.8,114,,,"잠실에서 양꼬치 먹고 싶을 때 찾게 되는 미친양꼬치 잠실점! 😊 가게 분위기도 깔끔하고 직원분들도 친절해서 편하게 식사했어요. 대표 메뉴인 양꼬치는 잡내 없이 고소하고, 자동으로 돌아가며 구워져서 먹기 편했어요... 더보기"
746540152,미친양꼬치 잠실점,잠실,중식,4.8,114,,,수 년 넘게 마이너스였던 주식이 최근에 플러스가 되어 기분이 너무 좋아진 친구. 좀 쉬면서 맛있는 거 먹으러 좀 가겠다 해서 좋아하는 양꼬치 어떠냐 물으니 ... 더보기
746540152,미친양꼬치 잠실점,잠실,중식,4.8,114,,,양꼬치 무한이고 부위별로 다양해서 회식으로 추천해요!! 라면떡볶이도 리필이라 가성비 좋습니당
746540152,미친양꼬치 잠실점,잠실,중식,4.8,114,,,여기 진짜 가성바 최고네요… 무한리필인데도 퀄리티 전혀 안떨어지고 심지어 라면에 떡볶이까지 무한리필이예요! 또 가려구용 ㅎㅎ
746540152,미친양꼬치 잠실점,잠실,중식,4.8,114,,,"양꼬치 무한리필에
떡볶이+라면도 무한리필
미쳣음
... 더보기"
746540152,미친양꼬치 잠실점,잠실,중식,4.8,114,,,"양꼬치무한리필 맛집하면 앞으로 여기입니다!
이번에 방문해서 정말 많이 먹고 왔어요ㅋㅋ 올만에 잠실데이트 하면서 넘 맛있게 먹고 와 👍 정말 추천해드림!!!! 양꼬치 말고도 ... 더보기"
746540152,미친양꼬치 잠실점,잠실,중식,4.8,114,,,"가게 위치도 찾기쉽고, 고기도 신선해서 맛있게 식사했습니다!~"
746540152,미친양꼬치 잠실점,잠실,중식,4.8,114,,,"무한리필이어도 질 좋고 맛있네요 !!
라면도 무제한이라 최고였어요 :)"
746540152,미친양꼬치 잠실점,잠실,중식,4.8,114,,,매장 내부가 생각보다 넓어요 테이블 간격도 여유 있어서 편하게 이야기하면서 먹을 수 있었어요. 고기 리필 요청하면 바로바로 챙겨주셔서 좋았습니다!!
746540152,미친양꼬치 잠실점,잠실,중식,4.8,114,,,퀄리티 가격대비 꽤 괜춘 숯불에 양꼬치와 라면 맥주 같이먹으니 극락... 잠실에서혜자로운집 미친양꼬치 이름값함
746540152,미친양꼬치 잠실점,잠실,중식,4.8,114,,,"친구 추천으로 방문했는데 왜 추천했는지 알겠어요. 7초 맞추기 이벤트도 재밌고! 양꼬치 계속 구워 먹어도 물리지 않고, 연태고량주랑 같이 먹으니까 궁합이 진짜 좋네요."
746540152,미친양꼬치 잠실점,잠실,중식,4.8,114,,,"잠실새내맛집으로 여기 강추~~!!!
무한리필이라 가성비 너무 좋고
직원분들 친절해서 기분좋게 먹을 수 있답니... 더보기"
746540152,미친양꼬치 잠실점,잠실,중식,4.8,114,,,양꼬치 좋아하는데 여기는 관리가 잘 되어 있어서 처음 먹는 사람도 부담 없이 먹기 좋아요. 가격 대비 만족도 높은 곳이라 재방문 예정입니다^^
746540152,미친양꼬치 잠실점,잠실,중식,4.8,114,,,가성비
746540152,미친양꼬치 잠실점,잠실,중식,4.8,114,,,분위기
746540152,미친양꼬치 잠실점,잠실,중식,4.8,114,,,사진/영상 후기만 보기
746540152,미친양꼬치 잠실점,잠실,중식,4.8,114,,,2026.04.27.
746540152,미친양꼬치 잠실점,잠실,중식,4.8,114,,,2026.04.01.
746540152,미친양꼬치 잠실점,잠실,중식,4.8,114,,,2026.03.31.
746540152,미친양꼬치 잠실점,잠실,중식,4.8,114,,,2026.03.28.
746540152,미친양꼬치 잠실점,잠실,중식,4.8,114,,,2026.03.25.
746540152,미친양꼬치 잠실점,잠실,중식,4.8,114,,,2026.03.23.
746540152,미친양꼬치 잠실점,잠실,중식,4.8,114,,,2026.03.13.
746540152,미친양꼬치 잠실점,잠실,중식,4.8,114,,,2026.02.18.
746540152,미친양꼬치 잠실점,잠실,중식,4.8,114,,,2026.02.17.
746540152,미친양꼬치 잠실점,잠실,중식,4.8,114,,,2026.02.15.
746540152,미친양꼬치 잠실점,잠실,중식,4.8,114,,,2026.02.06.
746540152,미친양꼬치 잠실점,잠실,중식,4.8,114,,,2026.04.05.
746540152,미친양꼬치 잠실점,잠실,중식,4.8,114,,,2026.03.24.
746540152,미친양꼬치 잠실점,잠실,중식,4.8,114,,,2026.03.18.
746540152,미친양꼬치 잠실점,잠실,중식,4.8,114,,,2026.03.16.
746540152,미친양꼬치 잠실점,잠실,중식,4.8,114,,,2026.02.24.
746540152,미친양꼬치 잠실점,잠실,중식,4.8,114,,,2026.02.23.
746540152,미친양꼬치 잠실점,잠실,중식,4.8,114,,,2026.02.12.
151815749,홍콩완탕면,잠실,중식,4.8,389,,,"우육완탕면과 샤오롱포 새우딤섬 시켜먹었어요
우육완탕면은 완탕/면 다 있고 ... 더보기"
151815749,홍콩완탕면,잠실,중식,4.8,389,,,"잠실새내에 흔하지 않은
깔끔한 중식 맛집
완탕 우육면 국물과 면발이 굿... 더보기"
151815749,홍콩완탕면,잠실,중식,4.8,389,,,"우육완탕, 크림새우 모두 현지느낌 잘 살린것 같아요~
특히 샤오롱빠오 맛나네요"
151815749,홍콩완탕면,잠실,중식,4.8,389,,,맛있어요 우육보다는 완탕면이 더 맛있는 듯!!
151815749,홍콩완탕면,잠실,중식,4.8,389,,,에그누들이 조금 더 꼬들해도 좋겠지만 가격 좋고 맛도 좋아요
151815749,홍콩완탕면,잠실,중식,4.8,389,,,음식점도 아주 깔끔하고 소룡포 새우딤섬 에그누들 다 너무 맛있어요!!! 새로 생긴 가게이길래 우연히 방문해봤는데 아주 만족입니다 진심으로 추천
151815749,홍콩완탕면,잠실,중식,4.8,389,,,"완탕면과 유린기 둘다 맛있네요
유린기 매콤해서 특히 맛있네요"
151815749,홍콩완탕면,잠실,중식,4.8,389,,,"나쁘지 않음
리뷰이벤트 있음"
151815749,홍콩완탕면,잠실,중식,4.8,389,,,완탕면이 맛있고 만두도 맛있었어요
151815749,홍콩완탕면,잠실,중식,4.8,389,,,새로 시설해서 깨끗하고 직원들도 친절하고 첫째 제일 중요한 맛있게 먹꼬 왔습니다
151815749,홍콩완탕면,잠실,중식,4.8,389,,,완탕 파는 곳을 찾기 쉽지가 않은데 맛도 깔끔하고 좋네요! 가게도 아주 청결✨
151815749,홍콩완탕면,잠실,중식,4.8,389,,,really really good. was very surprised how good every dish was.
151815749,홍콩완탕면,잠실,중식,4.8,389,,,분위기
151815749,홍콩완탕면,잠실,중식,4.8,389,,,가성비
151815749,홍콩완탕면,잠실,중식,4.8,389,,,사진/영상 후기만 보기
151815749,홍콩완탕면,잠실,중식,4.8,389,,,2025.12.07.
151815749,홍콩완탕면,잠실,중식,4.8,389,,,2025.11.11.
151815749,홍콩완탕면,잠실,중식,4.8,389,,,2025.11.08.
151815749,홍콩완탕면,잠실,중식,4.8,389,,,2026.03.29.
151815749,홍콩완탕면,잠실,중식,4.8,389,,,2026.02.25.
151815749,홍콩완탕면,잠실,중식,4.8,389,,,2026.01.31.
151815749,홍콩완탕면,잠실,중식,4.8,389,,,2025.09.18.
151815749,홍콩완탕면,잠실,중식,4.8,389,,,2026.05.01.
151815749,홍콩완탕면,잠실,중식,4.8,389,,,2025.11.25.
151815749,홍콩완탕면,잠실,중식,4.8,389,,,2025.11.18.
151815749,홍콩완탕면,잠실,중식,4.8,389,,,2025.10.25.
17515271,동북양꼬치,잠실,중식,4,29,,,"@ 사장님이 친절하세요
@ 살얼음소주/맥주 맛있어요
@ 고기에서 냄새도 안나고 맛있었어요"
17515271,동북양꼬치,잠실,중식,4,29,,,사장님네 부부 완죤 친절하세오 💕💕💕
17515271,동북양꼬치,잠실,중식,4,29,,,"님들 여기 이모님이 망치로 맥주를 때리더니
순식간에 살얼음 맥주 만듬
개맛잇음;;"
17515271,동북양꼬치,잠실,중식,4,29,,,"사장님 너무 친절하시고 얼음칭따오 존맛….근데 얼음 아니어도 맥주가 다 시원해요 
여기 가지튀김이랑 사천바지락볶음 진짜 대박"
17515271,동북양꼬치,잠실,중식,4,29,,,"맥주 존맛
저 옥수수튀김 술안주 꿀
근데 마라샹궈는 가격에 비해 부실했음"
17515271,동북양꼬치,잠실,중식,4,29,,,양갈비살꼬치(소금)/닭염통/청도 맥주
17515271,동북양꼬치,잠실,중식,4,29,,,"양갈비살꼬치는 좀 많이 기름지다 냄새도 좀 남
여기 맛있는편인데 더 맛있는집이 많음 ㅇㅇ"
17515271,동북양꼬치,잠실,중식,4,29,,,어향가지랑 양꼬치 먹었어요 맛있어요! 가격은 조금 있는 것 같지만 맛있고 살얼음 칭따오 맥주 넘 신기했어요 사장님이 친절하셔서 기분좋게 먹었어요!
17515271,동북양꼬치,잠실,중식,4,29,,,실망시키지 않는 동북양꼬치🤍 동네주민 원픽 양꼬치예요
17515271,동북양꼬치,잠실,중식,4,29,,,요리가 과하게 달아서 정체불명임
17515271,동북양꼬치,잠실,중식,4,29,,,사장님은 친절하고 요리도 나쁘진 않은데 양이 좀 적어요 ㅜㅜ…
17515271,동북양꼬치,잠실,중식,4,29,,,그냥 그럼 양꼬치가 너무 얇음
17515271,동북양꼬치,잠실,중식,4,29,,,맛은 있는데 트위터에서 흥한 뒤로 요리 가격들이 너무 비싸졌음.. 그치만 살얼음 칭따오를 마실 수 있다.
17515271,동북양꼬치,잠실,중식,4,29,,,양꼬치가 맛있음. 근데 좀 비싼듯.. 꿔바로우는 너무 담..
17515271,동북양꼬치,잠실,중식,4,29,,,"양꼬치는 그냥 그렇고 너무 작은데
꿔바로우가 진짜 너무 맛있어요"
17515271,동북양꼬치,잠실,중식,4,29,,,가지튀김 최고...
17515271,동북양꼬치,잠실,중식,4,29,,,"맛있어요. 특히 가지 튀김안에 고기 다진게 들어가 있어서 더 맛있어요. 양꼬치, 경장육사, 가지튀김 먹고 마무리는 온면 먹으면 개운 :)"
17515271,동북양꼬치,잠실,중식,4,29,,,센스있게 친절하고 숯을 아끼지 않음
17515271,동북양꼬치,잠실,중식,4,29,,,가지튀김최고
17515271,동북양꼬치,잠실,중식,4,29,,,양꼬치가 크기가 너무 작고 좀만 구워도 육즙이 쫙 빠지면서..아무튼 별로였어요.
17515271,동북양꼬치,잠실,중식,4,29,,,사진/영상 후기만 보기
17515271,동북양꼬치,잠실,중식,4,29,,,2024.09.20.
17515271,동북양꼬치,잠실,중식,4,29,,,2024.02.04.
17515271,동북양꼬치,잠실,중식,4,29,,,2023.04.30.
17515271,동북양꼬치,잠실,중식,4,29,,,2025.08.08.
17515271,동북양꼬치,잠실,중식,4,29,,,2023.02.10.
17515271,동북양꼬치,잠실,중식,4,29,,,2016.03.10.
17515271,동북양꼬치,잠실,중식,4,29,,,2016.03.09.
17515271,동북양꼬치,잠실,중식,4,29,,,2025.10.07.
17515271,동북양꼬치,잠실,중식,4,29,,,2025.08.11.
17515271,동북양꼬치,잠실,중식,4,29,,,2025.08.04.
17515271,동북양꼬치,잠실,중식,4,29,,,2025.03.05.
17515271,동북양꼬치,잠실,중식,4,29,,,2024.11.02.
17515271,동북양꼬치,잠실,중식,4,29,,,2024.05.08.
17515271,동북양꼬치,잠실,중식,4,29,,,2023.05.06.
17515271,동북양꼬치,잠실,중식,4,29,,,2023.05.02.
17515271,동북양꼬치,잠실,중식,4,29,,,2022.06.19.
17515271,동북양꼬치,잠실,중식,4,29,,,2021.12.31.
17515271,동북양꼬치,잠실,중식,4,29,,,2021.08.16.
17515271,동북양꼬치,잠실,중식,4,29,,,2020.09.19.
17515271,동북양꼬치,잠실,중식,4,29,,,2020.05.17.
1532596067,케이웍 잠실본점,잠실,중식,4.2,182,,,이집 탕수육 마싯아여
1532596067,케이웍 잠실본점,잠실,중식,4.2,182,,,"느낀점만 적자면,

 중국에서 수입한듯한 김치와 단무지
시기만 한 김치에 저렴한 듯한 단무지가 실외... 더보기"
1532596067,케이웍 잠실본점,잠실,중식,4.2,182,,,최근 먹은 볶음밥 중 가장 맛있었어요
1532596067,케이웍 잠실본점,잠실,중식,4.2,182,,,여기 메뉴 하나하나 다 미친거 같아요 개맛있음 ㅠㅠ  제가 맛있는곳 강박증 있어서 진짜 써치 오지게 해야 하나 갈까 말까 하는곳인데 개맛도리에 제뺨 후려 갈리는 맛입니당 ㅠ 입맛 까다로운편인데.. 적극 추천 합니다
1532596067,케이웍 잠실본점,잠실,중식,4.2,182,,,"음 유린기 많이 기대했는데 보통이었습니다.
짜장면은 맛있긴 했어요
짬뽕도 그닥... 명성만큼의 맛은 아닙니다... 더보기"
1532596067,케이웍 잠실본점,잠실,중식,4.2,182,,,친절하시고 맛있어요. 사람 꽉 차있는 이유가 있는듯
1532596067,케이웍 잠실본점,잠실,중식,4.2,182,,,"유린기가 진짜 짱 맛있네요… 소스가 너무 맛있어서 양상추 리필 부탁드려서 먹었어요
맛있는 음식 감사합니다."
1532596067,케이웍 잠실본점,잠실,중식,4.2,182,,,"특밥, 가지덮법  등 맛있움 제안서 편집중 20일중 이틀에 한번씩 왔움"
1532596067,케이웍 잠실본점,잠실,중식,4.2,182,,,"와 유니짜장 먹고 진짜 극락감 짱 맛있어요
(근데 솔직히 배달이 더 맛있는 거 같아요 왠진 모르겠지만)"
1532596067,케이웍 잠실본점,잠실,중식,4.2,182,,,"잠실새내역 맛집 중식당 케이웍에서 삼선짜장, 유산슬밥, 멘보샤로 점심 가족회식 잘해습니다.✌️🤣"
1532596067,케이웍 잠실본점,잠실,중식,4.2,182,,,정말 친절하고 맛있습니다
1532596067,케이웍 잠실본점,잠실,중식,4.2,182,,,"짜샤이 등 리필 4~5번 해줘 지켜보고 있나 싶었음ㅎㅎ 불 맛 훌륭. 맛있고 친절.
매콤차돌짬뽕, 육즙탕수육"
1532596067,케이웍 잠실본점,잠실,중식,4.2,182,,,"안 좋은 후기도 많은데 맛있게 먹었습니다.
차돌짬뽕이 맛있어요.
탕수육은 고기가 굉장히 두꺼워요. 
주말... 더보기"
1532596067,케이웍 잠실본점,잠실,중식,4.2,182,,,"실망이에요.
간짜장을 시켰는데 못먹을 정도로 탔어요.
탓다고 말하니 들고가서 시간이오래걸린다고 그냥 짜장면으로 괜찮냐해서 할수없으니까... 더보기"
1532596067,케이웍 잠실본점,잠실,중식,4.2,182,,,"밑에 무시하고 진짜 다른 거 다 필요 없고 간짜장 먹어봐라
개 맛있음 다른 건 걍 그래 간짜장 고트임 여기 ㅋㅋ
나 리뷰 개 깐깐한데 여기선 10번 넘게 간짜장 먹음"
1532596067,케이웍 잠실본점,잠실,중식,4.2,182,,,친절하시고 맛있어용
1532596067,케이웍 잠실본점,잠실,중식,4.2,182,,,"짬뽕 맵지는 않음
차돌짬뽕 시켰는데 약간 차돌이 양지 차돌느낌..?... 더보기"
1532596067,케이웍 잠실본점,잠실,중식,4.2,182,,,이집 맛있어요
1532596067,케이웍 잠실본점,잠실,중식,4.2,182,,,"잠실에서 가본 중식점 중 손에 꼽습니다.
그 이유는 주말 저녁 피크타임에 혼자 방문했는데도 아주머니께서 엄청 친절하게 맞아주시고 계속 반찬 리필은 물론이며 후식 매실차 서비스까지 주셨습니다. 간짜... 더보기"
1532596067,케이웍 잠실본점,잠실,중식,4.2,182,,,가성비
1532596067,케이웍 잠실본점,잠실,중식,4.2,182,,,분위기
1532596067,케이웍 잠실본점,잠실,중식,4.2,182,,,사진/영상 후기만 보기
1532596067,케이웍 잠실본점,잠실,중식,4.2,182,,,2025.09.19.
1532596067,케이웍 잠실본점,잠실,중식,4.2,182,,,2025.08.10.
1532596067,케이웍 잠실본점,잠실,중식,4.2,182,,,2025.07.25.
1532596067,케이웍 잠실본점,잠실,중식,4.2,182,,,2024.07.05.
1532596067,케이웍 잠실본점,잠실,중식,4.2,182,,,2024.06.08.
1532596067,케이웍 잠실본점,잠실,중식,4.2,182,,,2024.04.23.
1532596067,케이웍 잠실본점,잠실,중식,4.2,182,,,2024.01.05.
1532596067,케이웍 잠실본점,잠실,중식,4.2,182,,,2023.11.22.
1532596067,케이웍 잠실본점,잠실,중식,4.2,182,,,2026.04.06.
1532596067,케이웍 잠실본점,잠실,중식,4.2,182,,,2025.09.21.
1532596067,케이웍 잠실본점,잠실,중식,4.2,182,,,2025.07.21.
1532596067,케이웍 잠실본점,잠실,중식,4.2,182,,,2024.11.05.
1532596067,케이웍 잠실본점,잠실,중식,4.2,182,,,2024.10.31.
1532596067,케이웍 잠실본점,잠실,중식,4.2,182,,,2023.10.23.
1532596067,케이웍 잠실본점,잠실,중식,4.2,182,,,2022.06.19.
1532596067,케이웍 잠실본점,잠실,중식,4.2,182,,,2026.01.21.
1532596067,케이웍 잠실본점,잠실,중식,4.2,182,,,2025.07.19.
1532596067,케이웍 잠실본점,잠실,중식,4.2,182,,,2025.05.15.
1532596067,케이웍 잠실본점,잠실,중식,4.2,182,,,2025.05.03.
1532596067,케이웍 잠실본점,잠실,중식,4.2,182,,,2025.04.18.
894027816,샤오롱바오 잠실새내점,잠실,중식,4.3,608,,,대단한 맛은 아니지만 전반적으로 다 맛있음!
894027816,샤오롱바오 잠실새내점,잠실,중식,4.3,608,,,"직접 만두도 다 빚으시고, 육즙 가득합니다
우육탕 면도 아주 쫄깃하고 간이 잘 베어 맛있었습니다"
894027816,샤오롱바오 잠실새내점,잠실,중식,4.3,608,,,지난번 광진점 가려다 잠실새내 있는거 보고 갔는데 만두가 진짜 킥이네요👍🏻❤️ 면이랑 고기는 낫배드
894027816,샤오롱바오 잠실새내점,잠실,중식,4.3,608,,,"훈둔면 ,, 정말 도라버린 놈,, 두명이라 하나만 시켰는데 국물 한 입 먹자마자 곱빼기 주문하지 않은 것을 후회함 지짐만두도 촉촉허니 무한대로 먹을 수 있을 것 같음"
894027816,샤오롱바오 잠실새내점,잠실,중식,4.3,608,,,설겅설겅 썰린 가지튀김이 달짝지근하니 넘넘 맛있어요💖👍🏻
894027816,샤오롱바오 잠실새내점,잠실,중식,4.3,608,,,"우육면 결혼식 엄청 짠 갈비탕 맛, 고기바오즈 괜찮고, 중국인 직원들 친절했음."
894027816,샤오롱바오 잠실새내점,잠실,중식,4.3,608,,,JMT
894027816,샤오롱바오 잠실새내점,잠실,중식,4.3,608,,,"개맛있어요..
지방에서 올라왔는데 또 오고싶은데 서울이라서 흑흑 개맛있으니 가보세요"
894027816,샤오롱바오 잠실새내점,잠실,중식,4.3,608,,,상호처럼 샤오롱바오가 제일 맛있습니다
894027816,샤오롱바오 잠실새내점,잠실,중식,4.3,608,,,담백 슴슴 맛있다 찾아올정돈 아니고 근처면 좋은 선택
894027816,샤오롱바오 잠실새내점,잠실,중식,4.3,608,,,"우육면 맛있어요
깔끔하고 개운한 맛"
894027816,샤오롱바오 잠실새내점,잠실,중식,4.3,608,,,모든 메뉴가 맛있고 가격도 비싸지 않습니다
894027816,샤오롱바오 잠실새내점,잠실,중식,4.3,608,,,민생회복쿠폰 체크카드로 결제안되는 매장이니 참고하세요
894027816,샤오롱바오 잠실새내점,잠실,중식,4.3,608,,,허름하지만 현지느낌 낭낭한 찐맛집.. 샤오롱바오 덕후들 해피
894027816,샤오롱바오 잠실새내점,잠실,중식,4.3,608,,,"고기바오즈 드세요 얼큰훈둔면 드세요
깨장비빔면도 맛있어요"
894027816,샤오롱바오 잠실새내점,잠실,중식,4.3,608,,,무난하게 갈만혀요!
894027816,샤오롱바오 잠실새내점,잠실,중식,4.3,608,,,맛은 있는데 식초를 너무 많이 써서 혀가 아리네요
894027816,샤오롱바오 잠실새내점,잠실,중식,4.3,608,,,면류도 만두류도 다 맛있어요! 개인적으로 딤딤섬 샤오롱바오보다 여기게 맛있음!
894027816,샤오롱바오 잠실새내점,잠실,중식,4.3,608,,,한강공원 본점이랑 똑같이 맛있어요
894027816,샤오롱바오 잠실새내점,잠실,중식,4.3,608,,,가성비
894027816,샤오롱바오 잠실새내점,잠실,중식,4.3,608,,,분위기
894027816,샤오롱바오 잠실새내점,잠실,중식,4.3,608,,,사진/영상 후기만 보기
894027816,샤오롱바오 잠실새내점,잠실,중식,4.3,608,,,2025.08.27.
894027816,샤오롱바오 잠실새내점,잠실,중식,4.3,608,,,2025.06.03.
894027816,샤오롱바오 잠실새내점,잠실,중식,4.3,608,,,2025.05.22.
894027816,샤오롱바오 잠실새내점,잠실,중식,4.3,608,,,2025.05.01.
894027816,샤오롱바오 잠실새내점,잠실,중식,4.3,608,,,2024.06.09.
894027816,샤오롱바오 잠실새내점,잠실,중식,4.3,608,,,2024.03.06.
894027816,샤오롱바오 잠실새내점,잠실,중식,4.3,608,,,2023.10.01.
894027816,샤오롱바오 잠실새내점,잠실,중식,4.3,608,,,2023.08.26.
894027816,샤오롱바오 잠실새내점,잠실,중식,4.3,608,,,2023.08.23.
894027816,샤오롱바오 잠실새내점,잠실,중식,4.3,608,,,2025.10.12.
894027816,샤오롱바오 잠실새내점,잠실,중식,4.3,608,,,2025.02.18.
894027816,샤오롱바오 잠실새내점,잠실,중식,4.3,608,,,2023.10.05.
894027816,샤오롱바오 잠실새내점,잠실,중식,4.3,608,,,2025.09.15.
894027816,샤오롱바오 잠실새내점,잠실,중식,4.3,608,,,2025.08.05.
894027816,샤오롱바오 잠실새내점,잠실,중식,4.3,608,,,2025.02.16.
894027816,샤오롱바오 잠실새내점,잠실,중식,4.3,608,,,2024.05.21.
894027816,샤오롱바오 잠실새내점,잠실,중식,4.3,608,,,2024.04.26.
894027816,샤오롱바오 잠실새내점,잠실,중식,4.3,608,,,2024.03.31.
894027816,샤오롱바오 잠실새내점,잠실,중식,4.3,608,,,2024.03.16.
894027816,샤오롱바오 잠실새내점,잠실,중식,4.3,608,,,2023.11.25.
11831479,신천양꼬치,잠실,중식,4.2,27,,,온면이나 다른 반찬은 전부 매우 훌륭한데 양꼬치가 살이 작고 지방이 통으로 한가닥씩 껴있어서 타버리는 구조적인 문제가 있네요
11831479,신천양꼬치,잠실,중식,4.2,27,,,"야~~  ^^여기 양꼬치 진심임^^ㅋ 
하나하나 다작업해서 수작업한게 ... 더보기"
11831479,신천양꼬치,잠실,중식,4.2,27,,,친절하기는하나 양꼬치에 지방부위가 일룰적으로 꽂혀있습니다. 이건 좀 아니지 싶네요.구울때 기름이 떨어져 그으름도 생기구요.
11831479,신천양꼬치,잠실,중식,4.2,27,,,"오픈때부터 다닌단골
맛있다
옛날스타일 가지볶음 진짜... 더보기"
11831479,신천양꼬치,잠실,중식,4.2,27,,,가격은 지대로 다받는데 고기는 진짜 손톱보다 작아서 좀 어이가 없어요 다신 안오는 걸로 ㅋ
11831479,신천양꼬치,잠실,중식,4.2,27,,,"양꼬치 꿔바로우 온면 맛집이어요
양꼬치는 기름진 부위가 꽤 많고
특히 꿔바로우가 미뗫슴다 얇고 바삭바삭 ... 더보기"
11831479,신천양꼬치,잠실,중식,4.2,27,,,"체즈허허허허허💫
물논 얭꼬치도 맛나유"
11831479,신천양꼬치,잠실,중식,4.2,27,,,"간 너무 쌔 양고기 본연의 육향 느낄 수 없음
꼬치에서 수세미같은 끄시래기나옴"
11831479,신천양꼬치,잠실,중식,4.2,27,,,온면이랑 꿔바로우도 같이 시켜서 먹었는데 셋다 너무 맛있었어요!!
11831479,신천양꼬치,잠실,중식,4.2,27,,,아 너무 맛있음
11831479,신천양꼬치,잠실,중식,4.2,27,,,맛있어요!:) 굿굿 체즈허도 진짜 짱맛 ㅠ
11831479,신천양꼬치,잠실,중식,4.2,27,,,꿔바로우가 넘나링 맛도리..
11831479,신천양꼬치,잠실,중식,4.2,27,,,가지튀김 맛있어요
11831479,신천양꼬치,잠실,중식,4.2,27,,,양꼬치 맛 있어요. 건대 쪽 양꼬치 거리보다 여기가 더 맛 있음
11831479,신천양꼬치,잠실,중식,4.2,27,,,"여기서 온면의 매력을 느꼇고
양꼬치보단 양갈비를 좋아하는데
여기선 양꼬치를 먹... 더보기"
11831479,신천양꼬치,잠실,중식,4.2,27,,,온면이든 물만두든 서비스가 꼭 나오는 집
11831479,신천양꼬치,잠실,중식,4.2,27,,,맛있어용
11831479,신천양꼬치,잠실,중식,4.2,27,,,"모든 음식에 미원을 엄청 추가함. 특히 기본반찬으로 나오는 물김치는 거의 미원국. 
인테리어도 어둡고 더운날에 준비중인 양고기를 홀 식탁위에 방치해놈. 다시 안갈예정."
11831479,신천양꼬치,잠실,중식,4.2,27,,,"어딜 가도 여기만큼은 못해요
사랑해요"
11831479,신천양꼬치,잠실,중식,4.2,27,,,꿔바로우가 미쳤다
11831479,신천양꼬치,잠실,중식,4.2,27,,,가성비
11831479,신천양꼬치,잠실,중식,4.2,27,,,분위기
11831479,신천양꼬치,잠실,중식,4.2,27,,,사진/영상 후기만 보기
11831479,신천양꼬치,잠실,중식,4.2,27,,,2026.03.21.
11831479,신천양꼬치,잠실,중식,4.2,27,,,2026.02.23.
11831479,신천양꼬치,잠실,중식,4.2,27,,,2025.01.28.
11831479,신천양꼬치,잠실,중식,4.2,27,,,2025.01.01.
11831479,신천양꼬치,잠실,중식,4.2,27,,,2026.04.10.
11831479,신천양꼬치,잠실,중식,4.2,27,,,2024.08.27.
11831479,신천양꼬치,잠실,중식,4.2,27,,,2024.08.03.
11831479,신천양꼬치,잠실,중식,4.2,27,,,2024.03.26.
11831479,신천양꼬치,잠실,중식,4.2,27,,,2023.12.17.
11831479,신천양꼬치,잠실,중식,4.2,27,,,2021.05.16.
11831479,신천양꼬치,잠실,중식,4.2,27,,,2019.03.18.
11831479,신천양꼬치,잠실,중식,4.2,27,,,2025.09.05.
11831479,신천양꼬치,잠실,중식,4.2,27,,,2025.02.08.
11831479,신천양꼬치,잠실,중식,4.2,27,,,2024.10.14.
11831479,신천양꼬치,잠실,중식,4.2,27,,,2024.09.14.
11831479,신천양꼬치,잠실,중식,4.2,27,,,2024.05.08.
11831479,신천양꼬치,잠실,중식,4.2,27,,,2022.11.06.
11831479,신천양꼬치,잠실,중식,4.2,27,,,2022.08.20.
11831479,신천양꼬치,잠실,중식,4.2,27,,,2022.07.24.
11831479,신천양꼬치,잠실,중식,4.2,27,,,2021.02.01.
10445041,빈궁,잠실,중식,4.1,18,,,"임창정형님 콘서트날 너무 추워서 들렀던곳
짜장 짬뽕보단 탕수육이 맛있음"
10445041,빈궁,잠실,중식,4.1,18,,,"고추잡채밥 말고 피망밥이라고 이름 바꾸세요
잡채에 들어간 고기는 새끼손가락 1/4 두께로 얇게 썬 비계 4점 나머지는 전부 피망 버섯 양파네요"
10445041,빈궁,잠실,중식,4.1,18,,,어향가지덮밥이 ㄹㅇ 맛도리
10445041,빈궁,잠실,중식,4.1,18,,,가끔 가는 곳! 여기는 고추짬뽕이랑 탕수육이 진짜 너무너무너무너무너무너무 맛있어요!!!!
10445041,빈궁,잠실,중식,4.1,18,,,짬뽕 매니아 입니다. 빈궁 단골손님입니다. 짬뽕 넘 좋아요!
10445041,빈궁,잠실,중식,4.1,18,,,"맛은 평범합니다. 양은 가격에 비해 너무 적어요

정말 심각하... 더보기"
10445041,빈궁,잠실,중식,4.1,18,,,"일요일

정기... 더보기"
10445041,빈궁,잠실,중식,4.1,18,,,빈궁짬뽕으로 10년 외길 달린 단골입니다. 항상 친절하게 맞아주셔서 기분 좋아요. 세스코 가입되어 있어서 위생도 믿을만해요.
10445041,빈궁,잠실,중식,4.1,18,,,"형편 없는 품질과 양의 짜장곱배기를 7000원 받는 폭리업체임.

허우대만 그럴 듯"
10445041,빈궁,잠실,중식,4.1,18,,,홍성흔씨가 하는 곳 맞나요?
10445041,빈궁,잠실,중식,4.1,18,,,분위기
10445041,빈궁,잠실,중식,4.1,18,,,가성비
10445041,빈궁,잠실,중식,4.1,18,,,사진/영상 후기만 보기
10445041,빈궁,잠실,중식,4.1,18,,,2022.12.24.
10445041,빈궁,잠실,중식,4.1,18,,,2025.08.06.
10445041,빈궁,잠실,중식,4.1,18,,,2025.07.02.
10445041,빈궁,잠실,중식,4.1,18,,,2024.09.07.
10445041,빈궁,잠실,중식,4.1,18,,,2022.11.18.
10445041,빈궁,잠실,중식,4.1,18,,,2022.10.30.
10445041,빈궁,잠실,중식,4.1,18,,,2022.04.24.
10445041,빈궁,잠실,중식,4.1,18,,,2019.10.04.
10445041,빈궁,잠실,중식,4.1,18,,,2019.08.30.
10445041,빈궁,잠실,중식,4.1,18,,,2018.11.29.
10445041,빈궁,잠실,중식,4.1,18,,,2025.12.23.
10445041,빈궁,잠실,중식,4.1,18,,,2025.08.03.
10445041,빈궁,잠실,중식,4.1,18,,,2024.12.23.
10445041,빈궁,잠실,중식,4.1,18,,,2023.09.07.
10445041,빈궁,잠실,중식,4.1,18,,,2019.08.12.
9189132,심포니오브차이나,잠실,중식,3.9,116,,,"엄격한미식가 잠실등장
이곳은 화교분이 운영하는 식당으로 알고있다
갤팰 주민 등 로컬 사람들이 자주 찾아온다 왜냐... 더보기"
9189132,심포니오브차이나,잠실,중식,3.9,116,,,정말 맛있고 마지막에 디저트 아이스크림 나오는데 너무 좋았어용:)
9189132,심포니오브차이나,잠실,중식,3.9,116,,,"런치코스A 주문했어요
20년넘게 이자리를 지키고 있는 잠실맛집의 다양한 요리를 조금씩 맛 볼 수 있어서 좋았어요
여자인저에게 너무 배부르지... 더보기"
9189132,심포니오브차이나,잠실,중식,3.9,116,,,"세트 A 먹었는데 가성비는 괜찮지만
재방문 의사는 생각을 해 봐야 할 듯.."
9189132,심포니오브차이나,잠실,중식,3.9,116,,,"내용 쓰기도 귀찮을 정도로 별로예요. 메뉴 잘못나왔는데 그냥 먹으라고 함. 옆테이블 먼저 가져다줌.. 등등
근데 사실 맛은 좋아서 가끔 감 ㅋㅋ"
9189132,심포니오브차이나,잠실,중식,3.9,116,,,주차도 편하고 자주 이용함
9189132,심포니오브차이나,잠실,중식,3.9,116,,,"중국 본토에서 먹어본 맛이였어요.
가족단위, 단체로 오기 좋은곳이예요."
9189132,심포니오브차이나,잠실,중식,3.9,116,,,별로 맛 없음 비싸고
9189132,심포니오브차이나,잠실,중식,3.9,116,,,가성비가 조금 아쉽지만 이동네물가생각하면...
9189132,심포니오브차이나,잠실,중식,3.9,116,,,음식이 전체적으로 너무 맛있구 주차도 편했습니다 특히 탕수육이 진짜진짜 맛있었어요ㅠㅠ
9189132,심포니오브차이나,잠실,중식,3.9,116,,,"첫방문인데 정말 맛있었어요!!
남자친구랑 롯데월드 갔다가 방문하기 딱 좋은거같아요"
9189132,심포니오브차이나,잠실,중식,3.9,116,,,리뷰 보고 평이 그닥이라 갈지 말지 고민하다가 가봤는데 일반 중식당이랑 다르게 음식들이 너무 고급지고 분위기도 좋음 나중에 모임있을때 꼭 데려가보고싶은 식당이였습니다..
9189132,심포니오브차이나,잠실,중식,3.9,116,,,여자친구와 잠실가면 꼭 들르는 식당. 일반 중식당에 비해 위생도 정말 깔끔하고 음식도 근본있어요. 도란도란 이야기하기하며 자리하기 매우 좋습니다
9189132,심포니오브차이나,잠실,중식,3.9,116,,,방금 화장실에서 소변보고 요리하는 옷 입은 아주머니가 손안씻고 나가셨는데 여기 주방으로 들어가더라구요
9189132,심포니오브차이나,잠실,중식,3.9,116,,,둘이 가면 괜히 식사 두개 시키지 말고 탕수육 큰거에 식사 하나 시키십쇼. 여기는 탕수육이 미쳤거든요.
9189132,심포니오브차이나,잠실,중식,3.9,116,,,"그냥그냥,,,"
9189132,심포니오브차이나,잠실,중식,3.9,116,,,음식은 모르겠고 가게 사장부터 바뀌어야 겠네요~ 이런 불친절한 사장은 첨 보네요!
9189132,심포니오브차이나,잠실,중식,3.9,116,,,맛은 자극적이지 않아 어른들이 좋아하셔요
9189132,심포니오브차이나,잠실,중식,3.9,116,,,오랜만에 와서 먹어봅니다.
9189132,심포니오브차이나,잠실,중식,3.9,116,,,"평이 좋아서 약간 기대하고 갔는데
맛도 그닥이고 재료가 너무 적게들어가서
음식본래의 맛을 느끼기 어려웠음"
9189132,심포니오브차이나,잠실,중식,3.9,116,,,가성비
9189132,심포니오브차이나,잠실,중식,3.9,116,,,사진/영상 후기만 보기
9189132,심포니오브차이나,잠실,중식,3.9,116,,,2024.05.07.
9189132,심포니오브차이나,잠실,중식,3.9,116,,,2025.09.09.
9189132,심포니오브차이나,잠실,중식,3.9,116,,,2025.05.16.
9189132,심포니오브차이나,잠실,중식,3.9,116,,,2024.12.31.
9189132,심포니오브차이나,잠실,중식,3.9,116,,,2026.03.21.
9189132,심포니오브차이나,잠실,중식,3.9,116,,,2025.09.11.
9189132,심포니오브차이나,잠실,중식,3.9,116,,,2025.08.30.
9189132,심포니오브차이나,잠실,중식,3.9,116,,,2025.07.05.
9189132,심포니오브차이나,잠실,중식,3.9,116,,,2025.05.06.
9189132,심포니오브차이나,잠실,중식,3.9,116,,,2025.04.22.
9189132,심포니오브차이나,잠실,중식,3.9,116,,,2024.11.27.
9189132,심포니오브차이나,잠실,중식,3.9,116,,,2024.10.20.
9189132,심포니오브차이나,잠실,중식,3.9,116,,,2024.10.18.
9189132,심포니오브차이나,잠실,중식,3.9,116,,,2024.09.16.
9189132,심포니오브차이나,잠실,중식,3.9,116,,,2024.08.02.
9189132,심포니오브차이나,잠실,중식,3.9,116,,,2024.06.14.
9189132,심포니오브차이나,잠실,중식,3.9,116,,,2023.09.11.
9189132,심포니오브차이나,잠실,중식,3.9,116,,,2022.01.15.
9189132,심포니오브차이나,잠실,중식,3.9,116,,,2021.03.25.
27204427,미성양꼬치 신천점,잠실,중식,3.3,388,,,"양꼬치는 안먹어봐서 모르겠지만
요리류들은 왠만한 평범 양꼬치집들 상위호환 느낌
취해서 다 못... 더보기"
27204427,미성양꼬치 신천점,잠실,중식,3.3,388,,,"주인바뀐거같아요
상차림도 달라졌고
경장육사 늘먹던거랑 세팅도바꼈는데... 더보기"
27204427,미성양꼬치 신천점,잠실,중식,3.3,388,,,맛있네ㅎㅎ
27204427,미성양꼬치 신천점,잠실,중식,3.3,388,,,"9시반인데 손님이 1도없길래 들어감. 먹고있는데 락스물 담은통 쾅쾅거리며 가게 바닥밀어서 음식먹는데 가게전체에 락스냄새가 진동함. 

 왜 주말 밤에... 더보기"
27204427,미성양꼬치 신천점,잠실,중식,3.3,388,,,예전이랑 사장님이 바뀐 거 같은데.. 불친절하고 식사도 별로고 양꼬치는 기름이 너무 많음
27204427,미성양꼬치 신천점,잠실,중식,3.3,388,,,양꼬치 맛집 !!! 굳굳
27204427,미성양꼬치 신천점,잠실,중식,3.3,388,,,소주 및 맥주 5000원
27204427,미성양꼬치 신천점,잠실,중식,3.3,388,,,양꼬치 맛있구 온면도 맛있어요!!! 강추입니다
27204427,미성양꼬치 신천점,잠실,중식,3.3,388,,,다른 양꼬치집이 훨씬 맛있어요
27204427,미성양꼬치 신천점,잠실,중식,3.3,388,,,맛있는 양꼬치!! 칭따오랑 같이 드세요ㅠㅠ
27204427,미성양꼬치 신천점,잠실,중식,3.3,388,,,가격 저렴하고 괜찮아요!
27204427,미성양꼬치 신천점,잠실,중식,3.3,388,,,사진/영상 후기만 보기
27204427,미성양꼬치 신천점,잠실,중식,3.3,388,,,2025.08.06.
27204427,미성양꼬치 신천점,잠실,중식,3.3,388,,,2023.10.05.
27204427,미성양꼬치 신천점,잠실,중식,3.3,388,,,2022.07.29.
27204427,미성양꼬치 신천점,잠실,중식,3.3,388,,,2025.12.15.
27204427,미성양꼬치 신천점,잠실,중식,3.3,388,,,2025.06.03.
27204427,미성양꼬치 신천점,잠실,중식,3.3,388,,,2024.05.23.
27204427,미성양꼬치 신천점,잠실,중식,3.3,388,,,2023.05.14.
27204427,미성양꼬치 신천점,잠실,중식,3.3,388,,,2022.11.20.
27204427,미성양꼬치 신천점,잠실,중식,3.3,388,,,2022.08.18.
27204427,미성양꼬치 신천점,잠실,중식,3.3,388,,,2020.10.26.
27204427,미성양꼬치 신천점,잠실,중식,3.3,388,,,2020.03.17.
27204427,미성양꼬치 신천점,잠실,중식,3.3,388,,,2022.05.03.
11678657,도림 더 칸톤 테이블,잠실,중식,3.6,156,,,"개인적으로 소공점보다 맛있었어요. 분위기도 더 좋았구요! 서버분들도 친절하게 신경써주시고
시그니엘 반대편쪽에 앉으면 여기서도 남산뷰네요... 더보기"
11678657,도림 더 칸톤 테이블,잠실,중식,3.6,156,,,"어머니 생신으로 찾은 도림 분위기 친절 서비스 모두 좋음
... 더보기"
11678657,도림 더 칸톤 테이블,잠실,중식,3.6,156,,,분위기 좋아요 친절해요 맛있어요 관자가 많이 익었어요
11678657,도림 더 칸톤 테이블,잠실,중식,3.6,156,,,이번에 불도장은 너무 좋았네요...랍스터는..조금 질겼지만..다 만족했어요..다음엔 커피도 마시고 오려합니다.
11678657,도림 더 칸톤 테이블,잠실,중식,3.6,156,,,"사계코스 먹었습니다.
룸을 예약하고 식사했는데 일단 뷰와 분위기가 너무 좋고 서비스도 만족스러웠습니다.
음식 맛도... 더보기"
11678657,도림 더 칸톤 테이블,잠실,중식,3.6,156,,,분위기 깔끔하고 음식더 정갈했습니다
11678657,도림 더 칸톤 테이블,잠실,중식,3.6,156,,,호텔 다이닝도 맛 없기 힘들옹 상하이에서 온 친구랑 맛나게 먹었네유 챱챱
11678657,도림 더 칸톤 테이블,잠실,중식,3.6,156,,,"한국에서 본격적인 광동요리를 먹을 수 있는 얼마 없는 레스토랑. 그렇지만 그게 전부입니다. 광동요리에 친숙한 사람은 이 돈 내고 이 요리를 먹는게 맞나 싶을거고, 친숙하지 않은 사람은 기대치에서 벗어나는... 더보기"
11678657,도림 더 칸톤 테이블,잠실,중식,3.6,156,,,"소공동 도림에서의 좋은 기억을 가지고 방문했습니다. 서로 결이 조금은 다른 느낌이었지만 매우 만족스러웠고, 특히 아귀튀김은 부드러우면서도 쫄깃하고 소스와도 잘 어울려 정말 맛있었습니다."
11678657,도림 더 칸톤 테이블,잠실,중식,3.6,156,,,"호텔 중식 치고 맛이나 퀄리티가 너무 낮음
한우자장면은 후식마냥 양이 적구만"
11678657,도림 더 칸톤 테이블,잠실,중식,3.6,156,,,일행들이 먹고 있던 중에 어느 남직원이 아직 식사중인 사람에게도 그럼 접시만 가져가겠다며 플레이스 플레이트(Service plate)를 빼가는 것을 보고 부모님이 너무 황당하셨다는데... 더보기
11678657,도림 더 칸톤 테이블,잠실,중식,3.6,156,,,"리뉴얼하고 방문했었는데
정말  실망했어요
예전 리뉴얼전 도림이 훨씬... 더보기"
11678657,도림 더 칸톤 테이블,잠실,중식,3.6,156,,,"호텔음식이 좋은 건, 대단하진 않아도 크게 실망할 일도 없다는 점인데, 와우…이건 뒤통수 제대로 후려 갈긴다. 바뀌기 전 도림 생각하고 갔다가는 기가 탁 막힐 것임. 뻣뻣한 서비스와 빛조절에 실패한 정신 없는 인테리... 더보기"
11678657,도림 더 칸톤 테이블,잠실,중식,3.6,156,,,룸에서 이용했는데 담당 직원이 너무 불친절했습니다 맛은 맛있었어요
11678657,도림 더 칸톤 테이블,잠실,중식,3.6,156,,,서비스 좋음
11678657,도림 더 칸톤 테이블,잠실,중식,3.6,156,,,분위기
11678657,도림 더 칸톤 테이블,잠실,중식,3.6,156,,,사진/영상 후기만 보기
11678657,도림 더 칸톤 테이블,잠실,중식,3.6,156,,,2025.08.06.
11678657,도림 더 칸톤 테이블,잠실,중식,3.6,156,,,2023.03.30.
11678657,도림 더 칸톤 테이블,잠실,중식,3.6,156,,,2023.03.04.
11678657,도림 더 칸톤 테이블,잠실,중식,3.6,156,,,2026.01.04.
11678657,도림 더 칸톤 테이블,잠실,중식,3.6,156,,,2025.09.29.
11678657,도림 더 칸톤 테이블,잠실,중식,3.6,156,,,2025.03.03.
11678657,도림 더 칸톤 테이블,잠실,중식,3.6,156,,,2024.11.04.
11678657,도림 더 칸톤 테이블,잠실,중식,3.6,156,,,2024.01.27.
11678657,도림 더 칸톤 테이블,잠실,중식,3.6,156,,,2023.03.07.
11678657,도림 더 칸톤 테이블,잠실,중식,3.6,156,,,2025.10.09.
11678657,도림 더 칸톤 테이블,잠실,중식,3.6,156,,,2025.09.14.
11678657,도림 더 칸톤 테이블,잠실,중식,3.6,156,,,2024.07.29.
11678657,도림 더 칸톤 테이블,잠실,중식,3.6,156,,,2023.04.02.
11678657,도림 더 칸톤 테이블,잠실,중식,3.6,156,,,2023.02.05.
11678657,도림 더 칸톤 테이블,잠실,중식,3.6,156,,,2022.03.01.
11678657,도림 더 칸톤 테이블,잠실,중식,3.6,156,,,2021.10.17.
11678657,도림 더 칸톤 테이블,잠실,중식,3.6,156,,,2025.10.04.
11678657,도림 더 칸톤 테이블,잠실,중식,3.6,156,,,2023.01.03.
11678657,도림 더 칸톤 테이블,잠실,중식,3.6,156,,,2019.12.28.
11678657,도림 더 칸톤 테이블,잠실,중식,3.6,156,,,2019.05.10.
732638033,만다복 롯데백화점잠실점,잠실,중식,3.2,110,,,"차돌짬뽕 (15,000원) 시켜먹었습니다
국물 한 입 하자마자 불향이 확 느껴져서 좋았어요!!
또 차돌도 많이 들어가있고, 쭈꾸... 더보기"
732638033,만다복 롯데백화점잠실점,잠실,중식,3.2,110,,,탕수육 작은거랑 6.25짜장 먹었어요. 고기맛은 부드러워서 좋았지만 반찬으로 나오는 짜사이 무침이 소금 그 자체. 첫 인상이 나빠서 기분 안좋게 식사 시작.  차라리 그냥 양파를 주세요.
732638033,만다복 롯데백화점잠실점,잠실,중식,3.2,110,,,"마파두부 맛집, 마파두부에 간 고기가 엄청나게 많이 들어가있고 두부가 부드러워 무지 맛있고 양도 많음
100년 짜장도 간 고기가 잔뜩 들어가 있고 간짜장처럼 소... 더보기"
732638033,만다복 롯데백화점잠실점,잠실,중식,3.2,110,,,"0. 롯데 푸드 에비뉴 식당. 조미료를 안넣은 100년전 맛을 구현했단다

1. 백년짜... 더보기"
732638033,만다복 롯데백화점잠실점,잠실,중식,3.2,110,,,"가게 운영부터. 음식퀄리티. 직원의 친절도...
식당에서 이렇게 불쾌하기는 처음이에요
여기 가시려했으면 오늘은 ... 더보기"
732638033,만다복 롯데백화점잠실점,잠실,중식,3.2,110,,,625 짜장 - 배부르진 않았어요
732638033,만다복 롯데백화점잠실점,잠실,중식,3.2,110,,,"차돌짬뽕이 매우 맛잇슴
잠실에서 이정도 토핑 건더기 올라가면 가성비라고 생각해요,,ㅠㅅㅠ"
732638033,만다복 롯데백화점잠실점,잠실,중식,3.2,110,,,"차돌짬뽕 먹었는데 양도 많고 불맛, 해물 가득하고 차돌도 나름 많이 들어있었어요! 비싼게 흠"
732638033,만다복 롯데백화점잠실점,잠실,중식,3.2,110,,,"본점보다 괜찮았던 중국집, 백짬뽕 국물은 끝내주네오"
732638033,만다복 롯데백화점잠실점,잠실,중식,3.2,110,,,짜장면이 특이한데 면이랑 따로 놀아요 유린기는 맛있어요 소스가 좀 셔서 덜 묻은 부분이 맛있네요
732638033,만다복 롯데백화점잠실점,잠실,중식,3.2,110,,,"짬뽕 625짜장면 먹었습니다
둘다 꽤 맛있었어요
본점보다 비싸지만ㅜ... 더보기"
732638033,만다복 롯데백화점잠실점,잠실,중식,3.2,110,,,"백년짜장은 별로에요 볶음밥은 흔한 맛
깐쇼새우는 양도 적고 흔한 맛
맛집은 아닙니다 ㅎ"
732638033,만다복 롯데백화점잠실점,잠실,중식,3.2,110,,,짬뽕 강추합니다! 자극적이지않고 부드럽게 맛잇게 매워요~
732638033,만다복 롯데백화점잠실점,잠실,중식,3.2,110,,,백년짜장
732638033,만다복 롯데백화점잠실점,잠실,중식,3.2,110,,,최고임! 다만 혼밥 하는 사람들 위해 탕수육 1인분도 판매해주세요!
732638033,만다복 롯데백화점잠실점,잠실,중식,3.2,110,,,"하얀차돌짬뽕  맛있어요  해산물 많고 싱싱해요 
 백짜장은 별루구요
깐풍기도 완전 맛있어요"
732638033,만다복 롯데백화점잠실점,잠실,중식,3.2,110,,,"백년짜장은 개노맛, 짬뽕 포함 다른 메뉴는 맛있어요! 홀에 외국인 직원 밖에 없는 날이 많던데 한국어 교육 좀 빡세게 시키시면 좋겠습니다.

+업데이트 : 물가... 더보기"
732638033,만다복 롯데백화점잠실점,잠실,중식,3.2,110,,,"저는 하얀백년짜장 짬뽕 둘 다 이 집 스타일 좋아요
다른 메뉴는 안 먹어봐서 모르겠고 본점보다 여기가 더 나은 것 같아요 ㅋㅋ"
732638033,만다복 롯데백화점잠실점,잠실,중식,3.2,110,,,백화점에 있는 체인점인데 본점보다 맛있어서 놀랐다. ㅋㅋ
732638033,만다복 롯데백화점잠실점,잠실,중식,3.2,110,,,"32년 백년짜장이라는 걸 먹어봤는데 살면서 먹은 짜장면중에 제일 맛없었습니다.
토 할 것 같지만 돈 아까워서 꾸역꾸역 먹었고 탕수육은 딱딱하고 소스도 별로였습니다... 더보기"
732638033,만다복 롯데백화점잠실점,잠실,중식,3.2,110,,,분위기
732638033,만다복 롯데백화점잠실점,잠실,중식,3.2,110,,,가성비
732638033,만다복 롯데백화점잠실점,잠실,중식,3.2,110,,,사진/영상 후기만 보기
732638033,만다복 롯데백화점잠실점,잠실,중식,3.2,110,,,2025.03.04.
732638033,만다복 롯데백화점잠실점,잠실,중식,3.2,110,,,2025.01.27.
732638033,만다복 롯데백화점잠실점,잠실,중식,3.2,110,,,2024.10.13.
732638033,만다복 롯데백화점잠실점,잠실,중식,3.2,110,,,2024.01.28.
732638033,만다복 롯데백화점잠실점,잠실,중식,3.2,110,,,2026.04.05.
732638033,만다복 롯데백화점잠실점,잠실,중식,3.2,110,,,2023.11.27.
732638033,만다복 롯데백화점잠실점,잠실,중식,3.2,110,,,2023.11.19.
732638033,만다복 롯데백화점잠실점,잠실,중식,3.2,110,,,2023.07.21.
732638033,만다복 롯데백화점잠실점,잠실,중식,3.2,110,,,2023.07.17.
732638033,만다복 롯데백화점잠실점,잠실,중식,3.2,110,,,2022.10.24.
732638033,만다복 롯데백화점잠실점,잠실,중식,3.2,110,,,2019.11.03.
732638033,만다복 롯데백화점잠실점,잠실,중식,3.2,110,,,2019.08.03.
732638033,만다복 롯데백화점잠실점,잠실,중식,3.2,110,,,2019.05.08.
732638033,만다복 롯데백화점잠실점,잠실,중식,3.2,110,,,2018.01.12.
732638033,만다복 롯데백화점잠실점,잠실,중식,3.2,110,,,2026.04.24.
732638033,만다복 롯데백화점잠실점,잠실,중식,3.2,110,,,2025.10.14.
732638033,만다복 롯데백화점잠실점,잠실,중식,3.2,110,,,2025.07.09.
732638033,만다복 롯데백화점잠실점,잠실,중식,3.2,110,,,2025.06.04.
732638033,만다복 롯데백화점잠실점,잠실,중식,3.2,110,,,2025.02.12.
732638033,만다복 롯데백화점잠실점,잠실,중식,3.2,110,,,2025.01.08.
1770327564,무한리필 홍태관 잠실새내본점,잠실,중식,4.3,83,,,고기 질기고 위생 좋아보이지도 않음 두번 갔는데 그때마다 친절하시지는 않음 그리고 홍탕이 밍밍함
1770327564,무한리필 홍태관 잠실새내본점,잠실,중식,4.3,83,,,"정말 좋았습니다
음료까지 무한으로 배터지게 잘 먹었습니다^-^"
1770327564,무한리필 홍태관 잠실새내본점,잠실,중식,4.3,83,,,이것만 먹으러 다시 오고싶을정도
1770327564,무한리필 홍태관 잠실새내본점,잠실,중식,4.3,83,,,진짜 맛있습니다. 사장님 친절하셔서 더 편하게 식사하고가요. 잠실에서 2만원 초반대에 무한리필훠궈 훌륭해요. 음식 깔끔하고 훠궈생각날때 또 들를것같아요👍👍
1770327564,무한리필 홍태관 잠실새내본점,잠실,중식,4.3,83,,,"맛있고 깨끗하고 사장님이 친절해요
사각두부피시볼이 없어서 아쉬웠는데 소깐양이 있어여 ㄷㄷㄷ 그리고 도삭면도 있... 더보기"
1770327564,무한리필 홍태관 잠실새내본점,잠실,중식,4.3,83,,,"고기 질도 좋고, 백탕 국물이 특별하게 시원한 맛임"
1770327564,무한리필 홍태관 잠실새내본점,잠실,중식,4.3,83,,,무한리필인건 좋은데 맛이 없음. 훠궈는 맛이 약하고 양꼬치는 그냥 질긴 고기덩어리. 특유의 맛을 느낄수 없음.
1770327564,무한리필 홍태관 잠실새내본점,잠실,중식,4.3,83,,,찐리얼 맛집 술마시느라 많이 못먹을줄 알았는데 결국 많이 먹었네융
1770327564,무한리필 홍태관 잠실새내본점,잠실,중식,4.3,83,,,"가격인상전 가성비최고
인상후 자주는못가도 충분히 맛있는집"
1770327564,무한리필 홍태관 잠실새내본점,잠실,중식,4.3,83,,,"양꼬치 맛있어서 수십개 먹어도 가격은 저렴
샤브샤브는 무난"
1770327564,무한리필 홍태관 잠실새내본점,잠실,중식,4.3,83,,,"가성비갑식당
대신 직원,사장 아무도 마스크안껴요...ㅜㅜ
마스크꼈으면..."
1770327564,무한리필 홍태관 잠실새내본점,잠실,중식,4.3,83,,,그저 무난무난합니다.
1770327564,무한리필 홍태관 잠실새내본점,잠실,중식,4.3,83,,,"음식은 맛남
친절도는 그닥"
1770327564,무한리필 홍태관 잠실새내본점,잠실,중식,4.3,83,,,"음식은 90점
서비스마인드는 40점

200점 만점에... 더보기"
1770327564,무한리필 홍태관 잠실새내본점,잠실,중식,4.3,83,,,가성비
1770327564,무한리필 홍태관 잠실새내본점,잠실,중식,4.3,83,,,분위기
1770327564,무한리필 홍태관 잠실새내본점,잠실,중식,4.3,83,,,사진/영상 후기만 보기
1770327564,무한리필 홍태관 잠실새내본점,잠실,중식,4.3,83,,,2026.03.04.
1770327564,무한리필 홍태관 잠실새내본점,잠실,중식,4.3,83,,,2025.03.16.
1770327564,무한리필 홍태관 잠실새내본점,잠실,중식,4.3,83,,,2026.01.16.
1770327564,무한리필 홍태관 잠실새내본점,잠실,중식,4.3,83,,,2024.08.16.
1770327564,무한리필 홍태관 잠실새내본점,잠실,중식,4.3,83,,,2022.11.18.
1770327564,무한리필 홍태관 잠실새내본점,잠실,중식,4.3,83,,,2022.06.19.
1770327564,무한리필 홍태관 잠실새내본점,잠실,중식,4.3,83,,,2021.04.07.
1770327564,무한리필 홍태관 잠실새내본점,잠실,중식,4.3,83,,,2026.04.03.
1770327564,무한리필 홍태관 잠실새내본점,잠실,중식,4.3,83,,,2025.01.16.
1770327564,무한리필 홍태관 잠실새내본점,잠실,중식,4.3,83,,,2024.12.02.
1770327564,무한리필 홍태관 잠실새내본점,잠실,중식,4.3,83,,,2023.01.10.
1770327564,무한리필 홍태관 잠실새내본점,잠실,중식,4.3,83,,,2022.05.20.
1770327564,무한리필 홍태관 잠실새내본점,잠실,중식,4.3,83,,,2022.04.07.
1770327564,무한리필 홍태관 잠실새내본점,잠실,중식,4.3,83,,,2021.01.08.
1770327564,무한리필 홍태관 잠실새내본점,잠실,중식,4.3,83,,,2020.09.17.
1770327564,무한리필 홍태관 잠실새내본점,잠실,중식,4.3,83,,,2020.07.07.
1770327564,무한리필 홍태관 잠실새내본점,잠실,중식,4.3,83,,,2020.05.28.
1770327564,무한리필 홍태관 잠실새내본점,잠실,중식,4.3,83,,,2020.01.27.
1770327564,무한리필 홍태관 잠실새내본점,잠실,중식,4.3,83,,,2019.06.11.
1770327564,무한리필 홍태관 잠실새내본점,잠실,중식,4.3,83,,,2019.02.15.
17969703,샹하이,잠실,중식,3.7,16,,,짜장면만 먹어봤는데 맛있어서 자주갑니다. 초반 단무지을 드럽게 쪼금줌. . 위생은 별로
17969703,샹하이,잠실,중식,3.7,16,,,"짬봉 한그릇
국물은 연한 라면국물
면은 약간 덜익은듯한 딴딴한... 더보기"
17969703,샹하이,잠실,중식,3.7,16,,,음.. 신기한 맛..
17969703,샹하이,잠실,중식,3.7,16,,,"황금루와 더불어 가격대비 잠실권 동네 중국집 탑티어.
그러나 너무 기대는 마세요"
17969703,샹하이,잠실,중식,3.7,16,,,"여기 너무 맛없어  
탕수육 짜장 볶음밥 먹어 봤는데..
친절 빼고는 볼게 없음..실망이야..동네 여기밖에 없는데.."
17969703,샹하이,잠실,중식,3.7,16,,,잠실새내에서 여기보다 맛있는 중국집 없는듯요ㅎㅎ
17969703,샹하이,잠실,중식,3.7,16,,,볶음밥 곱빼기 9500원 너무 올랐네요
17969703,샹하이,잠실,중식,3.7,16,,,짜장과 간짜장의 차이를 못느끼는  짱께집..사장은 전분이 다르단다.ㅋㅋ
17969703,샹하이,잠실,중식,3.7,16,,,"김치볶음밥 8천원대ᆢ
가격올랏으니 참고들하세요 

걍 편... 더보기"
17969703,샹하이,잠실,중식,3.7,16,,,메뉴도 다양하고 다 맛있어요
17969703,샹하이,잠실,중식,3.7,16,,,동네 짜장면집.  간짜장 먹었는데 맛있었음
17969703,샹하이,잠실,중식,3.7,16,,,"주변 짬뽕집 후기들이 너무 안좋아서 찾다가 이곳을 오게되었어요
진득하니 오래되어보이는... 더보기"
17969703,샹하이,잠실,중식,3.7,16,,,"가성비 있는 중국집
맛은 걍 보통
요리 종류는 비싸 보임"
17969703,샹하이,잠실,중식,3.7,16,,,주문하기 전에 한 번 더 고민해봐야하는 곳
17969703,샹하이,잠실,중식,3.7,16,,,가성비가 좋음. 그리고 주위의 다른 중국집들도 다 맛이 또이또이함. 맛은 전형적인 중국집.
17969703,샹하이,잠실,중식,3.7,16,,,가성비
17969703,샹하이,잠실,중식,3.7,16,,,분위기
17969703,샹하이,잠실,중식,3.7,16,,,사진/영상 후기만 보기
17969703,샹하이,잠실,중식,3.7,16,,,2025.01.12.
17969703,샹하이,잠실,중식,3.7,16,,,2024.09.19.
17969703,샹하이,잠실,중식,3.7,16,,,2023.08.26.
17969703,샹하이,잠실,중식,3.7,16,,,2022.06.24.
17969703,샹하이,잠실,중식,3.7,16,,,2020.11.15.
17969703,샹하이,잠실,중식,3.7,16,,,2025.07.05.
17969703,샹하이,잠실,중식,3.7,16,,,2025.06.26.
17969703,샹하이,잠실,중식,3.7,16,,,2025.06.23.
17969703,샹하이,잠실,중식,3.7,16,,,2025.04.04.
17969703,샹하이,잠실,중식,3.7,16,,,2025.02.15.
17969703,샹하이,잠실,중식,3.7,16,,,2025.01.04.
17969703,샹하이,잠실,중식,3.7,16,,,2024.11.23.
17969703,샹하이,잠실,중식,3.7,16,,,2024.05.01.
17969703,샹하이,잠실,중식,3.7,16,,,2024.04.07.
17969703,샹하이,잠실,중식,3.7,16,,,2023.09.07.
17969703,샹하이,잠실,중식,3.7,16,,,2023.09.03.
17969703,샹하이,잠실,중식,3.7,16,,,2023.08.27.
17969703,샹하이,잠실,중식,3.7,16,,,2023.07.15.
17969703,샹하이,잠실,중식,3.7,16,,,2022.09.15.
17969703,샹하이,잠실,중식,3.7,16,,,2022.09.04.
1624154892,대홍소양꼬치 잠실새내점,잠실,중식,4.5,57,,,무한리필집이지만 고기 질이 일반 매장과 비슷해요. 주방도 깨끗한 맛집중 하나
1624154892,대홍소양꼬치 잠실새내점,잠실,중식,4.5,57,,,웬만한 거 다 맛있고 많이 먹는 사람이 가면 좋음
1624154892,대홍소양꼬치 잠실새내점,잠실,중식,4.5,57,,,"와! 여기 양꼬치 개맛도리입니다.
육향 ㅁㅊ어요..

보통 양꼬치 가게들 소는 진짜 노맛인데 여... 더보기"
1624154892,대홍소양꼬치 잠실새내점,잠실,중식,4.5,57,,,"맛있고 괜찮다.
20대 남자들 특히많음."
1624154892,대홍소양꼬치 잠실새내점,잠실,중식,4.5,57,,,진짜 짱
1624154892,대홍소양꼬치 잠실새내점,잠실,중식,4.5,57,,,"여기는 진짜 나만 알았으면 좋겠음

절대 무한리필 고기의 퀄리티가 아님
그냥 양고기 집들이랑... 더보기"
1624154892,대홍소양꼬치 잠실새내점,잠실,중식,4.5,57,,,12시 오픈이라 되있어서 12시 30분에 갔는데 안열려있어요! 오픈 후 가실려면 전화 하고 가세요.
1624154892,대홍소양꼬치 잠실새내점,잠실,중식,4.5,57,,,"무한리필이라 고기 맛없으면 어쩌나 걱정했는데, 아무 양념없는 양꼬치가 잡내 하나없고 너무 맛있어서 둘이서 거이 80꼬치 먹고왔네요.. 거기다 셀프바에 볶음밥 마파두부까지 두그릇 먹고. 머지막엔 이렇게 ... 더보기"
1624154892,대홍소양꼬치 잠실새내점,잠실,중식,4.5,57,,,가성비
1624154892,대홍소양꼬치 잠실새내점,잠실,중식,4.5,57,,,분위기
1624154892,대홍소양꼬치 잠실새내점,잠실,중식,4.5,57,,,사진/영상 후기만 보기
1624154892,대홍소양꼬치 잠실새내점,잠실,중식,4.5,57,,,2025.12.28.
1624154892,대홍소양꼬치 잠실새내점,잠실,중식,4.5,57,,,2025.12.25.
1624154892,대홍소양꼬치 잠실새내점,잠실,중식,4.5,57,,,2025.09.17.
1624154892,대홍소양꼬치 잠실새내점,잠실,중식,4.5,57,,,2026.03.02.
1624154892,대홍소양꼬치 잠실새내점,잠실,중식,4.5,57,,,2026.02.01.
1624154892,대홍소양꼬치 잠실새내점,잠실,중식,4.5,57,,,2025.09.23.
1624154892,대홍소양꼬치 잠실새내점,잠실,중식,4.5,57,,,2025.11.06.
1624154892,대홍소양꼬치 잠실새내점,잠실,중식,4.5,57,,,2025.08.12.
1624154892,대홍소양꼬치 잠실새내점,잠실,중식,4.5,57,,,2025.08.16.
1624154892,대홍소양꼬치 잠실새내점,잠실,중식,4.5,57,,,2025.07.13.
8143061,도삭마라탕,잠실,중식,4,25,,,"8시50분까지다 먹을수있으면 들어가라 해서 들어갔는데 가게안에서는 이미 마감이라고 주문이 안된다 하셨네요
8시 조금 넘어서 방문"
8143061,도삭마라탕,잠실,중식,4,25,,,깔끔하고 국물 맑아서 좋았어요. 딱 적당한 자극만 주는 맛
8143061,도삭마라탕,잠실,중식,4,25,,,마라탕맛있어요 양도 많아서 좋아요 여러분 도삭마라탕 많이 들 먹으러 오세요 추천합니다
8143061,도삭마라탕,잠실,중식,4,25,,,저희가족 너무 좋아하는 맛집입니다 ~
8143061,도삭마라탕,잠실,중식,4,25,,,리뷰보고 채소 상태를 유심히 봤더니 날파리는 없었지만 콩나물 머리도 까만 게 잇고 제대로 손질도 안... 더보기
8143061,도삭마라탕,잠실,중식,4,25,,,좋음 괜차늠 ㅇㅇ
8143061,도삭마라탕,잠실,중식,4,25,,,맛있어요! 마라탕 마라샹궈 소스가 맛있었어오
8143061,도삭마라탕,잠실,중식,4,25,,,내부는 깨끗하지만 저녁6시쯤 갔는데 야채랑 두부안에 날파리 죽은거 개많이 들어있었음...마라탕 위생 포기하고 먹으러 오긴하지만 여기처럼 야채칸부터 대놓고 날파리들 죽어있는곳은 처음
8143061,도삭마라탕,잠실,중식,4,25,,,이동네 마라탕 중 젤 깔끔하고 굿
8143061,도삭마라탕,잠실,중식,4,25,,,야채가 신선하고 마라탕국물이 맛있어요
8143061,도삭마라탕,잠실,중식,4,25,,,재료 종류가 좀 적고 보통맛이 매운편 그치만 맛있고 깨끗 화장실은 매우 별로
8143061,도삭마라탕,잠실,중식,4,25,,,가성비
8143061,도삭마라탕,잠실,중식,4,25,,,분위기
8143061,도삭마라탕,잠실,중식,4,25,,,사진/영상 후기만 보기
8143061,도삭마라탕,잠실,중식,4,25,,,2025.11.27.
8143061,도삭마라탕,잠실,중식,4,25,,,2025.07.24.
8143061,도삭마라탕,잠실,중식,4,25,,,2026.04.27.
8143061,도삭마라탕,잠실,중식,4,25,,,2024.03.06.
8143061,도삭마라탕,잠실,중식,4,25,,,2024.02.05.
8143061,도삭마라탕,잠실,중식,4,25,,,2024.12.01.
8143061,도삭마라탕,잠실,중식,4,25,,,2023.10.11.
8143061,도삭마라탕,잠실,중식,4,25,,,2023.06.23.
8143061,도삭마라탕,잠실,중식,4,25,,,2023.05.27.
8143061,도삭마라탕,잠실,중식,4,25,,,2022.11.22.
8143061,도삭마라탕,잠실,중식,4,25,,,2022.10.02.
8143061,도삭마라탕,잠실,중식,4,25,,,2024.08.27.
2036408963,춘리마라탕 잠실새내점,잠실,중식,3.6,40,,,+0.5 1단계 마라탕
2036408963,춘리마라탕 잠실새내점,잠실,중식,3.6,40,,,마라탕 짱짱 맛있음👍😆👍
2036408963,춘리마라탕 잠실새내점,잠실,중식,3.6,40,,,"왜 이렇게까지 인기가 많은지는 잘 모르겠어요
가격이 저렴하고 친절해요
양저우 볶음밥은 좀 별로에여 그냥 별로"
2036408963,춘리마라탕 잠실새내점,잠실,중식,3.6,40,,,마라탕은 괜찮음 평타 꿔바로우 시판 냉동 쓰시는듯
2036408963,춘리마라탕 잠실새내점,잠실,중식,3.6,40,,,혼밥하는 자리도 따로 있고 혼자 4인 자리 앉아도 뭐라고 안하셨고 되게 친절하세요 무엇보다 마라탕이 맛있어여!! 얼얼하면서 매운게 제가 딱 젛아하는 마라탕 맛이라서 완전 만족하고 먹었어요
2036408963,춘리마라탕 잠실새내점,잠실,중식,3.6,40,,,퇴근하고 자주 들리는 곳입니다! 마라탕은 여기만 먹어요ㅠㅠㅜ 많이 먹는 편은 아닌데 매번 묵직하게 담아가네요 추천하고 가요~
2036408963,춘리마라탕 잠실새내점,잠실,중식,3.6,40,,,"원래 마라탕 안좋아하는데 
여긴 너무 맛있게 먹었어요 ㅠㅠ 굿굿 
꿔바로우 같이 시키셔야 함"
2036408963,춘리마라탕 잠실새내점,잠실,중식,3.6,40,,,"고기를 무게로 재는거 대박
다른집에 없는 것도 넣을수있어서 좋았어요
... 더보기"
2036408963,춘리마라탕 잠실새내점,잠실,중식,3.6,40,,,국물은 맛있는데 푸주가 흐물거림
2036408963,춘리마라탕 잠실새내점,잠실,중식,3.6,40,,,고기 추가 따로 돈을 안 받아서 가성비 굿
2036408963,춘리마라탕 잠실새내점,잠실,중식,3.6,40,,,"아니 뭐 즈그들만 입인가,,
점심시간이라 빨리 들어가야되는데
밥먹느라 온 쥉일 기다리게하네 2~3시 시이 절대 가지마셈"
2036408963,춘리마라탕 잠실새내점,잠실,중식,3.6,40,,,"맛의 기복이 좀 있음. 꿔바로우는 개인적으로 별로였
그리고 가끔 늦게 나옴"
2036408963,춘리마라탕 잠실새내점,잠실,중식,3.6,40,,,가성비 좋음 홀이 넓고 1인식사하기 좋음
2036408963,춘리마라탕 잠실새내점,잠실,중식,3.6,40,,,"후기 처음으로 적어봅니다
춘리 마라탕 지점 바이 지점 원래 심한가요?
4단계로 시켰는데 기름만 때려 넣고 국물 하나도 없고 건더기만 넣... 더보기"
2036408963,춘리마라탕 잠실새내점,잠실,중식,3.6,40,,,"홀방문
0.5단계되고 깔끔하고 가성비괜찮고 고기무게도 같이계산하는것은 장점
국물맛만 내려고 찔끔 ... 더보기"
2036408963,춘리마라탕 잠실새내점,잠실,중식,3.6,40,,,맛은 있는데 진짜 너무 늦게 나와요. 1:40에 결재를 했는데 25분이 지나도 안 나와요.
2036408963,춘리마라탕 잠실새내점,잠실,중식,3.6,40,,,"여기 왤케 인기 많은지 모르겠음
가서 먹으면 음식이 느리게 나오는거 말곤 괜찮긴한데 배달 시켜 먹으면 진짜 맛없음. 2번 시켜봤는데 두 번 다 진짜 맛없엇음…"
2036408963,춘리마라탕 잠실새내점,잠실,중식,3.6,40,,,아니 마라탕을 시켰는데 30분동안 안나오길래 말씀을 드렸는데 그 뒤에 죄송하단 말도없이 귀찮가는듯이 하네요..이럴거면 장사를 하지 마세요..
2036408963,춘리마라탕 잠실새내점,잠실,중식,3.6,40,,,"-1단계가 보통맵기(2단계는 신라면보다 맵다)
-여기가 진짜 좋은 게 양고기, 소고기를 기본재료처럼 맘대로 넣을 수 있음(별도 금액... 더보기"
2036408963,춘리마라탕 잠실새내점,잠실,중식,3.6,40,,,가성비
2036408963,춘리마라탕 잠실새내점,잠실,중식,3.6,40,,,분위기
2036408963,춘리마라탕 잠실새내점,잠실,중식,3.6,40,,,사진/영상 후기만 보기
2036408963,춘리마라탕 잠실새내점,잠실,중식,3.6,40,,,2025.11.15.
2036408963,춘리마라탕 잠실새내점,잠실,중식,3.6,40,,,2025.05.24.
2036408963,춘리마라탕 잠실새내점,잠실,중식,3.6,40,,,2025.02.18.
2036408963,춘리마라탕 잠실새내점,잠실,중식,3.6,40,,,2024.12.22.
2036408963,춘리마라탕 잠실새내점,잠실,중식,3.6,40,,,2023.07.14.
2036408963,춘리마라탕 잠실새내점,잠실,중식,3.6,40,,,2024.06.25.
2036408963,춘리마라탕 잠실새내점,잠실,중식,3.6,40,,,2024.05.15.
2036408963,춘리마라탕 잠실새내점,잠실,중식,3.6,40,,,2024.03.24.
2036408963,춘리마라탕 잠실새내점,잠실,중식,3.6,40,,,2023.03.28.
2036408963,춘리마라탕 잠실새내점,잠실,중식,3.6,40,,,2026.02.20.
2036408963,춘리마라탕 잠실새내점,잠실,중식,3.6,40,,,2026.02.01.
2036408963,춘리마라탕 잠실새내점,잠실,중식,3.6,40,,,2026.01.17.
2036408963,춘리마라탕 잠실새내점,잠실,중식,3.6,40,,,2025.12.02.
2036408963,춘리마라탕 잠실새내점,잠실,중식,3.6,40,,,2025.10.28.
2036408963,춘리마라탕 잠실새내점,잠실,중식,3.6,40,,,2025.10.24.
2036408963,춘리마라탕 잠실새내점,잠실,중식,3.6,40,,,2025.09.06.
2036408963,춘리마라탕 잠실새내점,잠실,중식,3.6,40,,,2025.07.18.
2036408963,춘리마라탕 잠실새내점,잠실,중식,3.6,40,,,2025.06.06.
2036408963,춘리마라탕 잠실새내점,잠실,중식,3.6,40,,,2025.02.22.
2036408963,춘리마라탕 잠실새내점,잠실,중식,3.6,40,,,2025.02.06.
1179913558,취향마라 잠실점,잠실,중식,4.6,6,,,딱 한국식으로ㅜ부담없이 맛있고 요리 간이 딱 좋아요 가게가 전반적으로 깨끗해요 오픈형 재료라 그런지 날파리 약간 있었는데 그것만 아쉽 주인분들도 친절하세요
1179913558,취향마라 잠실점,잠실,중식,4.6,6,,,한국패치잘된마라탕 요새 많다
1179913558,취향마라 잠실점,잠실,중식,4.6,6,,,"1.25단계 요청드렸는데 진짜 딱 맞았어요!!
직원분, 사장님 모두 친절하시고
매장도 깔끔하고
... 더보기"
1179913558,취향마라 잠실점,잠실,중식,4.6,6,,,직원분들이 친절하고 새로 생긴지 얼마 안돼서 그런지 가게가 청결해요! 오픈 이벤트 중이라 고기 1+1인 점도 너무 좋았습니다! 다만 마라맛이 강하진 않아요! 2단계 매운맛 했는데도 별로 안맵고요!!... 더보기
1179913558,취향마라 잠실점,잠실,중식,4.6,6,,,다녀본 마라탕집중에 제일 깨끗하고 깔끔한 집이에요! 마라샹궈 밥도 서비스로 주시고 경기장 갈때마다 들릴거같아요 개존맛탱💚
1179913558,취향마라 잠실점,잠실,중식,4.6,6,,,전반적으로 깔끔 한 매장입니다. 2층이며 밥은 유료입니다. 국물에 땅콩이 들어있습니다. 저는 매운것을 잘 못먹는데도 매운맛 1단계는 약간 부족합니다. 2단계부터 추천합니다
1179913558,취향마라 잠실점,잠실,중식,4.6,6,,,기대없이 갔는데 너무 맛있어서 깜짝 놀라버렸습니다
1179913558,취향마라 잠실점,잠실,중식,4.6,6,,,깔끔하고 맛있습니다. 매장도 청결해서 좋네요.
1179913558,취향마라 잠실점,잠실,중식,4.6,6,,,"국물 진해서 진짜 맛있었어요🤤
어묵 안에 치즈 들은거 진짜 맛도리
근데 푸주는 좀만 더 불리고 놔주셨으면 해요 ㅠ"
1179913558,취향마라 잠실점,잠실,중식,4.6,6,,,가격도 합리적이고 맛있고 가게도 깨끗하고 사장님이 친절해요!!! 앞으로 잠실새내에서 마라 먹으면 무조건 여기 올 거예요!!! 마라샹궈 맛있어요
1179913558,취향마라 잠실점,잠실,중식,4.6,6,,,토욜 초딩 애기들끼리 많이 와 먹네 귀욥ㅋㅋ 맛 괜찮고 깔끔함
1179913558,취향마라 잠실점,잠실,중식,4.6,6,,,"올해 2월 쯤부터 이 근처에서 살기 시작했는데,
마라탕 잘 안먹는데 여자친구 덕분에 처음 간 듯
근데 여자친구가 이 곳 마라탕과 꿔바로우를 너무 좋아해서 매 주 ... 더보기"
1179913558,취향마라 잠실점,잠실,중식,4.6,6,,,"여자친구 - ⭐️⭐️⭐️⭐️쩜오
나 - ⭐️⭐️⭐️⭐️

잠실... 더보기"
1179913558,취향마라 잠실점,잠실,중식,4.6,6,,,잠실 거의 20년째 사는 동네사람입니다 여기만큼 친절하고 가게도 깨끗하다못해 광이나고 맛있고 가성비도 좋은 마라탕집이 없습니다 특히 꿔바로우 바삭함이 개.쳐맛있습니다 배달 매... 더보기
1179913558,취향마라 잠실점,잠실,중식,4.6,6,,,"마라탕 그 자체로만 맛있는지는 잘 모르겠음. 고기와의 국물의 조화가 좋아서 고기추가 꼭 함. 소스바에서 땅콩소스, 마늘, 굴소스, 산초, 고추기름... 더보기"
1179913558,취향마라 잠실점,잠실,중식,4.6,6,,,"꼬치 고기 밥 전부 가격별도인점은 아쉽지만
가성비 괜찮은편이고 가게도 깔끔하고
... 더보기"
1179913558,취향마라 잠실점,잠실,중식,4.6,6,,,배달해도 맛잇고 가서 먹어도 진짜 맛잇어요ㅠㅠㅠ 한번 꽃빵 서비스 주신적도 잇엇는데 진짜 너무 친절하시고 지이이이ㅣ인짜 맛잇어요 ❤️❤️
1179913558,취향마라 잠실점,잠실,중식,4.6,6,,,사람 많이 오는데는 이유가 있음
1179913558,취향마라 잠실점,잠실,중식,4.6,6,,,"마라탕을 왜들 그렇게 먹지! 라고 생각한 1인이였는데 첫 마라탕을 여기서 먹고 반했습니다 반했네요, 맛있습니다 ㅠㅠ"
1179913558,취향마라 잠실점,잠실,중식,4.6,6,,,너무 친절하고 맛있었습니다!
1179913558,취향마라 잠실점,잠실,중식,4.6,6,,,분위기
1179913558,취향마라 잠실점,잠실,중식,4.6,6,,,가성비
1179913558,취향마라 잠실점,잠실,중식,4.6,6,,,사진/영상 후기만 보기
1179913558,취향마라 잠실점,잠실,중식,4.6,6,,,2024.06.08.
1179913558,취향마라 잠실점,잠실,중식,4.6,6,,,2023.07.07.
1179913558,취향마라 잠실점,잠실,중식,4.6,6,,,2023.05.27.
1179913558,취향마라 잠실점,잠실,중식,4.6,6,,,2022.11.23.
1179913558,취향마라 잠실점,잠실,중식,4.6,6,,,2022.11.19.
1179913558,취향마라 잠실점,잠실,중식,4.6,6,,,2025.12.01.
1179913558,취향마라 잠실점,잠실,중식,4.6,6,,,2025.08.21.
1179913558,취향마라 잠실점,잠실,중식,4.6,6,,,2025.04.13.
1179913558,취향마라 잠실점,잠실,중식,4.6,6,,,2024.06.22.
1179913558,취향마라 잠실점,잠실,중식,4.6,6,,,2024.06.11.
1179913558,취향마라 잠실점,잠실,중식,4.6,6,,,2023.07.24.
1179913558,취향마라 잠실점,잠실,중식,4.6,6,,,2026.04.05.
1179913558,취향마라 잠실점,잠실,중식,4.6,6,,,2026.01.20.
1179913558,취향마라 잠실점,잠실,중식,4.6,6,,,2025.08.23.
1179913558,취향마라 잠실점,잠실,중식,4.6,6,,,2025.08.04.
1179913558,취향마라 잠실점,잠실,중식,4.6,6,,,2025.02.28.
1179913558,취향마라 잠실점,잠실,중식,4.6,6,,,2024.11.16.
1179913558,취향마라 잠실점,잠실,중식,4.6,6,,,2024.07.23.
1356937291,하얼빈양꼬치,잠실,중식,4.1,118,,,"양꼬치, 토달볶, 꿔바로우 등 특별하진않음
양꼬치는 다른곳보다 양도 적지만
건두부 무침이 굉장히 맛있는... 더보기"
1356937291,하얼빈양꼬치,잠실,중식,4.1,118,,,"종종 가는데
친절하시고 맛있어요"
1356937291,하얼빈양꼬치,잠실,중식,4.1,118,,,"양꼬치 딱 평균이에요 
양갈비 부드러웠습니다"
1356937291,하얼빈양꼬치,잠실,중식,4.1,118,,,진짜 맛있고 넘 친절하신 찐 로컬 맛집!
1356937291,하얼빈양꼬치,잠실,중식,4.1,118,,,만두중국분들고향맛 이네요
1356937291,하얼빈양꼬치,잠실,중식,4.1,118,,,가성비
1356937291,하얼빈양꼬치,잠실,중식,4.1,118,,,분위기
1356937291,하얼빈양꼬치,잠실,중식,4.1,118,,,사진/영상 후기만 보기
1356937291,하얼빈양꼬치,잠실,중식,4.1,118,,,2025.10.21.
1356937291,하얼빈양꼬치,잠실,중식,4.1,118,,,2025.08.19.
1356937291,하얼빈양꼬치,잠실,중식,4.1,118,,,2025.02.24.
1356937291,하얼빈양꼬치,잠실,중식,4.1,118,,,2025.06.03.
1356937291,하얼빈양꼬치,잠실,중식,4.1,118,,,2025.02.15.
1356937291,하얼빈양꼬치,잠실,중식,4.1,118,,,2025.10.03.
1356937291,하얼빈양꼬치,잠실,중식,4.1,118,,,2025.04.08.
27109494,명가교동짬뽕 신천점,잠실,중식,2,73,,,너뭌ㅋㅋㅋ 짬뽕에 이끌린듯 가게에 들어와버려서 음식 시키고 카맵 봐가지구 평점 보고 뜨헉햇는데 그 정도 아닌데요?? 개선을 하신건지 모르게찌만 평타 쳐요 탕수육 마싯슴
27109494,명가교동짬뽕 신천점,잠실,중식,2,73,,,"음식 맛 좋고 맥주3천. 소주,작은 병맥주 2천, 스벅커피 무료. 깨끗하고 친절합니다. 강추"
27109494,명가교동짬뽕 신천점,잠실,중식,2,73,,,여기 자장면의 맛은 그적 그렇게 괜찮았는데 자장면의 짠맛이 있었습니다.. 그리고 짬뽕도 너~~~~~무 맵고요 ㅠㅠ 그래서 다시는 가고싶지 않은 가게 입니다.
27109494,명가교동짬뽕 신천점,잠실,중식,2,73,,,설거지를 안함..식기세척기에 돌리고 이렇게 나옴 위생상 문제 있음
27109494,명가교동짬뽕 신천점,잠실,중식,2,73,,,전국 5대 짬뽕이라고 적혀 있는데 전국 5대 최악짬뽕인가봐여 위생부터 맛도 별로;; 짜장면은 거의 개죽이고 접시 가지러 갔는데 파리가 접시에 눌러붙어있고;; 그래서 사장님인지 일하시는 분한테 접... 더보기
27109494,명가교동짬뽕 신천점,잠실,중식,2,73,,,"불친절
머리카락나온 짬뽕은 사과도 안함"
27109494,명가교동짬뽕 신천점,잠실,중식,2,73,,,"만원 돈 정말아깝다
절대 안온다

... 더보기"
27109494,명가교동짬뽕 신천점,잠실,중식,2,73,,,음 정말 맛 없었습니다
27109494,명가교동짬뽕 신천점,잠실,중식,2,73,,,다좋은데 양파 재사용 하는것같은ᆢ 양파좋아해서 갈때마다 마니먹는데ᆢ 깨끗한양파를 본적이 없네요 ㅜㅜ
27109494,명가교동짬뽕 신천점,잠실,중식,2,73,,,평점 왤케 낮지.. 짜장 좀 비싸긴한데 이정도 맛이면 진짜 꿀맛~
27109494,명가교동짬뽕 신천점,잠실,중식,2,73,,,"말도 안되는 가격 
찹살 탕수육 소자 만원 시켰는데 13개 나왔다.
맛은 뭐 그냥 무난했다. 고기도 잘라서 보... 더보기"
27109494,명가교동짬뽕 신천점,잠실,중식,2,73,,,"입구에 주류 2000원이라 홍보함
그러나 들어가면 안됨ㅋㅋㅋㅋ 1인1메뉴하면 해준다 아래표시되있어서 둘이가서 두개 주문했는데도 안됨 ㅡㅡ"
27109494,명가교동짬뽕 신천점,잠실,중식,2,73,,,짬뽕 면 그냥 불어서 나오고 좀 식은 상태로 나옴 먹을데 없어서 와봣는데 앞으론 굶을듯
27109494,명가교동짬뽕 신천점,잠실,중식,2,73,,,못먹을맛 절대 아니구요. 깨끗하고 평범합니다.
27109494,명가교동짬뽕 신천점,잠실,중식,2,73,,,"음식 맛은 괜찮으나 새벽시간 종업원 아줌마 상태가 안좋음
피곤하면 집 가서 잠을 자야지.."
27109494,명가교동짬뽕 신천점,잠실,중식,2,73,,,조선족 종업원 ○○○○같이 불친절함
27109494,명가교동짬뽕 신천점,잠실,중식,2,73,,,가지마
27109494,명가교동짬뽕 신천점,잠실,중식,2,73,,,"24시간이라 실시간 해장하러 가기조음
맛은 평범해요"
27109494,명가교동짬뽕 신천점,잠실,중식,2,73,,,"포장주문 했는데, 짜장소스 짬뽕국물 따로 잘해줘서 너무 좋았습니다. 면도 퍼지지않고 맛도 좋았습니다. ^^"
27109494,명가교동짬뽕 신천점,잠실,중식,2,73,,,가성비
27109494,명가교동짬뽕 신천점,잠실,중식,2,73,,,분위기
27109494,명가교동짬뽕 신천점,잠실,중식,2,73,,,사진/영상 후기만 보기
27109494,명가교동짬뽕 신천점,잠실,중식,2,73,,,2026.01.24.
27109494,명가교동짬뽕 신천점,잠실,중식,2,73,,,2025.12.29.
27109494,명가교동짬뽕 신천점,잠실,중식,2,73,,,2025.05.14.
27109494,명가교동짬뽕 신천점,잠실,중식,2,73,,,2022.12.18.
27109494,명가교동짬뽕 신천점,잠실,중식,2,73,,,2022.11.06.
27109494,명가교동짬뽕 신천점,잠실,중식,2,73,,,2026.02.28.
27109494,명가교동짬뽕 신천점,잠실,중식,2,73,,,2024.10.18.
27109494,명가교동짬뽕 신천점,잠실,중식,2,73,,,2022.03.14.
27109494,명가교동짬뽕 신천점,잠실,중식,2,73,,,2022.03.04.
27109494,명가교동짬뽕 신천점,잠실,중식,2,73,,,2021.05.24.
27109494,명가교동짬뽕 신천점,잠실,중식,2,73,,,2019.05.25.
27109494,명가교동짬뽕 신천점,잠실,중식,2,73,,,2026.04.25.
27109494,명가교동짬뽕 신천점,잠실,중식,2,73,,,2026.03.15.
27109494,명가교동짬뽕 신천점,잠실,중식,2,73,,,2026.03.06.
27109494,명가교동짬뽕 신천점,잠실,중식,2,73,,,2026.03.03.
27109494,명가교동짬뽕 신천점,잠실,중식,2,73,,,2026.02.25.
27109494,명가교동짬뽕 신천점,잠실,중식,2,73,,,2026.02.24.
27109494,명가교동짬뽕 신천점,잠실,중식,2,73,,,2026.01.31.
27109494,명가교동짬뽕 신천점,잠실,중식,2,73,,,2025.12.22.
27109494,명가교동짬뽕 신천점,잠실,중식,2,73,,,2025.08.03.
503589100,라화쿵부 롯데마트잠실점,잠실,중식,2.3,123,,,백탕 킬러로서.. 또 하나의 백탕 맛집을 알아갑니다. 땅콩 소스의 고소함이 잘 배어있어서 더 좋은 것 같아요! 직원 분도 친절하게 응대해주셔서 좋습니다!!
503589100,라화쿵부 롯데마트잠실점,잠실,중식,2.3,123,,,"맛잇음
하지만
방문하지마세요
내가 먹어야합니다…
... 더보기"
503589100,라화쿵부 롯데마트잠실점,잠실,중식,2.3,123,,,문어볼이랑 건두부 넓적뉴진면 제발넣지마세요 건두부는 까끌까끌하고 토나옴
503589100,라화쿵부 롯데마트잠실점,잠실,중식,2.3,123,,,매력이 있어보이지 않은 마라탕입니다.
503589100,라화쿵부 롯데마트잠실점,잠실,중식,2.3,123,,,"맛있음
근데 무게잴때 소고기를 올려서 잼
소고기값 별도 결재하면서 소고기 무게만큼 비용 더받는거 개오바
항상 비슷하게 담아... 더보기"
503589100,라화쿵부 롯데마트잠실점,잠실,중식,2.3,123,,,국물을 좀 적게 주셔서 매번 더 달라고 부탁드리게 됩니다. 5번정도 갔었는데 서비스 괜찮았고 다른 지점 라화쿵부보다 맛있습니다
503589100,라화쿵부 롯데마트잠실점,잠실,중식,2.3,123,,,일반적인 보통의 마라탕
503589100,라화쿵부 롯데마트잠실점,잠실,중식,2.3,123,,,"훠궈만 먹다가 오랜만에 마라탕 먹으니까 존맛... 국물에서 땅콩소스맛 많이나서 좋았음 직원도 친절
꿔바로우가 바삭하고 새콤해서 맛있었다... 더보기"
503589100,라화쿵부 롯데마트잠실점,잠실,중식,2.3,123,,,"다른데보다
딱히
뭐가 나은지 모르겠던"
503589100,라화쿵부 롯데마트잠실점,잠실,중식,2.3,123,,,불친절 비위생
503589100,라화쿵부 롯데마트잠실점,잠실,중식,2.3,123,,,"땅콩소스 맛이 진한 마라탕이에요! 2단계 시켰는데 하나도 안 매웠고 마라맛, 산초맛은 조금 납니당 이 근처 마라탕 가게는 ... 더보기"
503589100,라화쿵부 롯데마트잠실점,잠실,중식,2.3,123,,,무난하게 맛있음
503589100,라화쿵부 롯데마트잠실점,잠실,중식,2.3,123,,,마라탕 고기값 따로 받고 비닐채로 바구니에 담아 이중계산함
503589100,라화쿵부 롯데마트잠실점,잠실,중식,2.3,123,,,11시 오픈임 10시에 갔다가 빠꾸 먹음
503589100,라화쿵부 롯데마트잠실점,잠실,중식,2.3,123,,,카운터에 계신 분 비닐장갑은 끼셨는데 그 손 그대로 돈 만지고 계산하고 바로 제 꼬치 집는거 보고(꼬치 끝부분만 잡은것도 아니고 재료 있는 부분까지 다) 다신 안가려고요... 위생 완전 별로...
503589100,라화쿵부 롯데마트잠실점,잠실,중식,2.3,123,,,친절하진 않네요
503589100,라화쿵부 롯데마트잠실점,잠실,중식,2.3,123,,,내 입맛에는 별로였음...재료들은 신선한듯
503589100,라화쿵부 롯데마트잠실점,잠실,중식,2.3,123,,,"ㅠㅠ 너무짜요..어제 실수 하셨는지는
모르겠으나 마라샹궈 이렇게 맛없고 짜게 
하실수 있다니ㅜㅜ!!! 볶음밥도 소금이 다 씹히고 샹궈는... 더보기"
503589100,라화쿵부 롯데마트잠실점,잠실,중식,2.3,123,,,진짜 불친절. 기분 더러움. 대답도 제대로 안하고 눈도 안 마주치고 내가 을 같음. 마라탕은 맛있지만 어디나 흔하므로 여긴 다신 안 갈꺼다. 롯데마트 잠실 점 에 있어서 장사는 되니 제정신이 아닌듯. 재섭어.
503589100,라화쿵부 롯데마트잠실점,잠실,중식,2.3,123,,,중국인직원 너무 불친절함..다신안갈듯
503589100,라화쿵부 롯데마트잠실점,잠실,중식,2.3,123,,,사진/영상 후기만 보기
503589100,라화쿵부 롯데마트잠실점,잠실,중식,2.3,123,,,2026.02.21.
503589100,라화쿵부 롯데마트잠실점,잠실,중식,2.3,123,,,2023.02.10.
503589100,라화쿵부 롯데마트잠실점,잠실,중식,2.3,123,,,2026.04.04.
503589100,라화쿵부 롯데마트잠실점,잠실,중식,2.3,123,,,2023.07.23.
503589100,라화쿵부 롯데마트잠실점,잠실,중식,2.3,123,,,2022.12.26.
503589100,라화쿵부 롯데마트잠실점,잠실,중식,2.3,123,,,2020.02.29.
503589100,라화쿵부 롯데마트잠실점,잠실,중식,2.3,123,,,2026.04.03.
503589100,라화쿵부 롯데마트잠실점,잠실,중식,2.3,123,,,2026.03.16.
503589100,라화쿵부 롯데마트잠실점,잠실,중식,2.3,123,,,2026.01.12.
503589100,라화쿵부 롯데마트잠실점,잠실,중식,2.3,123,,,2025.10.10.
503589100,라화쿵부 롯데마트잠실점,잠실,중식,2.3,123,,,2025.08.25.
503589100,라화쿵부 롯데마트잠실점,잠실,중식,2.3,123,,,2025.07.17.
503589100,라화쿵부 롯데마트잠실점,잠실,중식,2.3,123,,,2024.04.14.
503589100,라화쿵부 롯데마트잠실점,잠실,중식,2.3,123,,,2023.01.02.
503589100,라화쿵부 롯데마트잠실점,잠실,중식,2.3,123,,,2022.10.02.
503589100,라화쿵부 롯데마트잠실점,잠실,중식,2.3,123,,,2022.05.29.
503589100,라화쿵부 롯데마트잠실점,잠실,중식,2.3,123,,,2022.05.23.
503589100,라화쿵부 롯데마트잠실점,잠실,중식,2.3,123,,,2021.11.07.
503589100,라화쿵부 롯데마트잠실점,잠실,중식,2.3,123,,,2021.11.04.
503589100,라화쿵부 롯데마트잠실점,잠실,중식,2.3,123,,,2021.11.01.
142063848,짬뽕지존 잠실새내점,잠실,중식,2.2,206,,,"첨와봤어요
뭔가 예전에먹던짬뽕을먹는느낌이랄가
24시간이라 언제든 방문가능하다는소식"
142063848,짬뽕지존 잠실새내점,잠실,중식,2.2,206,,,왜 짬뽕에서 쩔은 맛이 나는가...?
142063848,짬뽕지존 잠실새내점,잠실,중식,2.2,206,,,"이게 13000원짜리 순두부 짬뽕이라니 말이 됨?
면은 일반 짬뽕 절반 수준으로 나오면서 순두부 저거 몇 쪼가리 들고 끝남.
그래서 카운터 계신 분 불러 물어보니 면 반 ... 더보기"
142063848,짬뽕지존 잠실새내점,잠실,중식,2.2,206,,,"짱뽕2개, 탕수육(중) 동시 시켰는데, 짬뽕 거의 다 먹고서 탕수육나옴.
사이즈 중 치고 너무 조금나오고, 우리보다 나중에 혼자 주문한사람에게 탕수육을 먼져준... 더보기"
142063848,짬뽕지존 잠실새내점,잠실,중식,2.2,206,,,"면발, 국물 최고, 탕수육도 소자 시켰는데 많이 나왔음."
142063848,짬뽕지존 잠실새내점,잠실,중식,2.2,206,,,짜사이?가 오래됐는지 맛이 이상하고 전체적으로 어수선해요ㅜㅜ
142063848,짬뽕지존 잠실새내점,잠실,중식,2.2,206,,,"여기 지금 짬뽕이 14000원인데 짬뽕은 4천원 수준이고 알바한테 주는 팁이 만원 나간다고 생각하면 딱 맞음

... 더보기"
142063848,짬뽕지존 잠실새내점,잠실,중식,2.2,206,,,"여태 다녀본 중국집 중 최악의 짬뽕이었음
심지어 상호명에 ""짬뽕""을 달고서 이런 짬뽕을 내는게 맞나 싶을정도.

짬뽕 메뉴 베리에이... 더보기"
142063848,짬뽕지존 잠실새내점,잠실,중식,2.2,206,,,"왜 별점이 이렇게 낮아요??
맛도 서비스도 좋은데.."
142063848,짬뽕지존 잠실새내점,잠실,중식,2.2,206,,,1점도 많이 드린거에요
142063848,짬뽕지존 잠실새내점,잠실,중식,2.2,206,,,집근처라 자주 가는곳이에요. 맛있습니다.
142063848,짬뽕지존 잠실새내점,잠실,중식,2.2,206,,,"짜장은 절대 먹지 말아야할것 역대 최악음식점 
음식에 대한 성의가 너무 없어 한숟갈 먹다 다 남기고 나옴 돈이 아까운것보다 화가 너무 많이남.."
142063848,짬뽕지존 잠실새내점,잠실,중식,2.2,206,,,"볶음밥 시켰는데 그냥 ""데운 밥""이 나옴
게살볶음밥 였는데 맛살 좀 풀어헤친... 더보기"
142063848,짬뽕지존 잠실새내점,잠실,중식,2.2,206,,,짜장도 그냥 그런데 짬뽕도 너무 밍밍해요.. 짬뽕 먹고 배탈까지 났네요 ;; 인테리어도 깨끗하고 체인점이니까 평타는 하겠지 하고 갔는데 재방문은 안할듯요
142063848,짬뽕지존 잠실새내점,잠실,중식,2.2,206,,,분위기
142063848,짬뽕지존 잠실새내점,잠실,중식,2.2,206,,,사진/영상 후기만 보기
142063848,짬뽕지존 잠실새내점,잠실,중식,2.2,206,,,2025.03.13.
142063848,짬뽕지존 잠실새내점,잠실,중식,2.2,206,,,2023.11.10.
142063848,짬뽕지존 잠실새내점,잠실,중식,2.2,206,,,2024.02.28.
142063848,짬뽕지존 잠실새내점,잠실,중식,2.2,206,,,2023.09.27.
142063848,짬뽕지존 잠실새내점,잠실,중식,2.2,206,,,2022.08.02.
142063848,짬뽕지존 잠실새내점,잠실,중식,2.2,206,,,2026.04.07.
142063848,짬뽕지존 잠실새내점,잠실,중식,2.2,206,,,2026.01.31.
142063848,짬뽕지존 잠실새내점,잠실,중식,2.2,206,,,2025.11.07.
142063848,짬뽕지존 잠실새내점,잠실,중식,2.2,206,,,2025.08.17.
142063848,짬뽕지존 잠실새내점,잠실,중식,2.2,206,,,2025.07.17.
142063848,짬뽕지존 잠실새내점,잠실,중식,2.2,206,,,2023.12.25.
142063848,짬뽕지존 잠실새내점,잠실,중식,2.2,206,,,2023.04.09.
142063848,짬뽕지존 잠실새내점,잠실,중식,2.2,206,,,2022.11.11.
142063848,짬뽕지존 잠실새내점,잠실,중식,2.2,206,,,2022.09.26.
142063848,짬뽕지존 잠실새내점,잠실,중식,2.2,206,,,2024.03.28.
142063848,짬뽕지존 잠실새내점,잠실,중식,2.2,206,,,2023.12.11.
142063848,짬뽕지존 잠실새내점,잠실,중식,2.2,206,,,2023.05.22.
24693042,요리하는남자,잠실,양식,,2121,,,후기 58
24693042,요리하는남자,잠실,양식,,2121,,,후기 2
24693042,요리하는남자,잠실,양식,,2121,,,후기 50
24693042,요리하는남자,잠실,양식,,2121,,,후기 8
24693042,요리하는남자,잠실,양식,,2121,,,분위기
24693042,요리하는남자,잠실,양식,,2121,,,방문 목적
24693042,요리하는남자,잠실,양식,,2121,,,동반인
26854841,바토스 잠실점,잠실,양식,3.4,87,,,"가성비 좋은 타코집
평일 런치메뉴는 3명이서 먹기에 괜찮은듯!"
26854841,바토스 잠실점,잠실,양식,3.4,87,,,"타코는 내용물 이게 다야 싶게 만들다 만것 같이 나와요. 손바닥 보다 작은 밀가루피에 소고기 몇조각, 양파 몇조각이 끝입니다.
그리고 여자 직원분이 타코 4개로 드릴까요? 라고 하셔서 원래 세개인걸... 더보기"
26854841,바토스 잠실점,잠실,양식,3.4,87,,,"맛있음 김치프라이스, 타코 추천!"
26854841,바토스 잠실점,잠실,양식,3.4,87,,,나쁘지 않다. 근데 몰에 들어있어서 그런지 맛과 서비스에 비해 가격은 좀 있는 편이고 호불호 갈릴 수 있겠음.
26854841,바토스 잠실점,잠실,양식,3.4,87,,,요기 진짜 평범해요..타코맛은 동네 맛집보다 못해요
26854841,바토스 잠실점,잠실,양식,3.4,87,,,"분위기 좋음
-고릴라 라즈베리 : 과일향나고 맛있음

-새우타코 : 튀긴새우가 들어가있음. 꼬리도 ... 더보기"
26854841,바토스 잠실점,잠실,양식,3.4,87,,,음식 맛있어요~ 다만 테이블이 많지 않고 웨이팅이 자주 있어서 편하게 주류를 오래 즐길 수는 없네요 😅
26854841,바토스 잠실점,잠실,양식,3.4,87,,,"저 김치 프라이즈 미친X..^^ 꼭 드세요
여기 롯데몰쪽에 있는 건데 꽤나 분위기 괜찮아요
현지 맛 은근 남 = 외국인 많음
직원분... 더보기"
26854841,바토스 잠실점,잠실,양식,3.4,87,,,예전보다 맛이 평범해요
26854841,바토스 잠실점,잠실,양식,3.4,87,,,타코랑 스테이크 과카몰리 존맛이에요! 새우 탱글하구 고기 왕왕 부드러워용
26854841,바토스 잠실점,잠실,양식,3.4,87,,,"[추천이유]
- 김치 까르니따스 프라이즈 먹을만 하다... 더보기"
26854841,바토스 잠실점,잠실,양식,3.4,87,,,너무 맛있어요……… 진짜 최고… 며칠전에 먹었는데 계속 생각나요ㅜ
26854841,바토스 잠실점,잠실,양식,3.4,87,,,너무 맛있어요
26854841,바토스 잠실점,잠실,양식,3.4,87,,,"별로 맛있지 않은데 ...
직원도 불친절함. 불러도 대답만 하고 안 오고 옆 테이블에서 부르니까 먼저 주문받으심 뭐 이건 바쁘니까 이해... 더보기"
26854841,바토스 잠실점,잠실,양식,3.4,87,,,"not bad.
에피타이저도 나오고..
혼자 먹기엔 양이 많... 더보기"
26854841,바토스 잠실점,잠실,양식,3.4,87,,,"음식은 맛있어요. 매장도 쾌적하고 시원해요.
주말 계산해주시는분만 친절했으면 ㅠㅠ"
26854841,바토스 잠실점,잠실,양식,3.4,87,,,"새우타코는 바토스보다 맛있는곳을 본적이 없습니다. 
바토스 새우타코를 처음 먹었을때의 충격이란 아웃백 코코넛 쉬림프를 처음 먹었을때와... 더보기"
26854841,바토스 잠실점,잠실,양식,3.4,87,,,Just make sure to toast your tortillas. The meat flavor was good but a bit too oily.
26854841,바토스 잠실점,잠실,양식,3.4,87,,,멕시칸 먹고 싶을 때 방문하는 집입니다. 멕시칸 체인인 온더보더보다 훨씬 맛있네요.
26854841,바토스 잠실점,잠실,양식,3.4,87,,,무난하고 맛나요! 양이 진짜 많습니다!!
26854841,바토스 잠실점,잠실,양식,3.4,87,,,분위기
26854841,바토스 잠실점,잠실,양식,3.4,87,,,가성비
26854841,바토스 잠실점,잠실,양식,3.4,87,,,사진/영상 후기만 보기
26854841,바토스 잠실점,잠실,양식,3.4,87,,,2026.01.23.
26854841,바토스 잠실점,잠실,양식,3.4,87,,,2025.11.27.
26854841,바토스 잠실점,잠실,양식,3.4,87,,,2025.09.09.
26854841,바토스 잠실점,잠실,양식,3.4,87,,,2025.05.29.
26854841,바토스 잠실점,잠실,양식,3.4,87,,,2024.10.16.
26854841,바토스 잠실점,잠실,양식,3.4,87,,,2024.08.13.
26854841,바토스 잠실점,잠실,양식,3.4,87,,,2024.08.02.
26854841,바토스 잠실점,잠실,양식,3.4,87,,,2024.07.10.
26854841,바토스 잠실점,잠실,양식,3.4,87,,,2023.10.15.
26854841,바토스 잠실점,잠실,양식,3.4,87,,,2023.07.23.
26854841,바토스 잠실점,잠실,양식,3.4,87,,,2023.03.18.
26854841,바토스 잠실점,잠실,양식,3.4,87,,,2023.02.05.
26854841,바토스 잠실점,잠실,양식,3.4,87,,,2022.08.03.
26854841,바토스 잠실점,잠실,양식,3.4,87,,,2022.07.18.
26854841,바토스 잠실점,잠실,양식,3.4,87,,,2022.07.07.
26854841,바토스 잠실점,잠실,양식,3.4,87,,,2022.07.04.
26854841,바토스 잠실점,잠실,양식,3.4,87,,,2021.06.25.
26854841,바토스 잠실점,잠실,양식,3.4,87,,,2021.05.09.
26854841,바토스 잠실점,잠실,양식,3.4,87,,,2021.02.18.
26854841,바토스 잠실점,잠실,양식,3.4,87,,,2019.12.30.
1646627925,폴스,잠실,양식,5,47,,,"인기 많은 이유가 있음 음식이 하나하나 맛있었다 
예약하고 가면 샐러드 서비스"
1646627925,폴스,잠실,양식,5,47,,,음식이 맛있었고 엄청 친절하셔서 대접받는 느낌이 들었어요. 특히 트러플파스타 강추 !부모님과 방문했는데 조금 곤란할수도 있는 부탁드렸는데 감사했습니다.
1646627925,폴스,잠실,양식,5,47,,,"모든 메뉴 다 맛있습니다
갈 때마다 접시 깨끗히 비우고 옵니다
특히 정성 가득  ... 더보기"
1646627925,폴스,잠실,양식,5,47,,,너무 맛있고 음식들 각각 조화가 아주 훌륭해요. 소스도 직접 만드신다고 합니다.
1646627925,폴스,잠실,양식,5,47,,,"동네에 이쁜 가게가 생겨 가봤는데, 매장도 너무 깔끔하고 무엇보다 맛있네요. 카치오페페. 맛있어요ㅎㅎ 메뉴도 다양하고 매장 분위기도 평온하고 좋아서 아침 브런치로도 좋고, 저녁에 내츄럴 와인을 즐기기에... 더보기"
1646627925,폴스,잠실,양식,5,47,,,"맛있어요 최고예요...
카치오페페 꼭 드세요...
다음엔 브런치 ... 더보기"
1646627925,폴스,잠실,양식,5,47,,,동네에 이런 분위기 있는 맛집이 있다니..! 거의 모든 메뉴를 먹어봤는데 다 정말 맛있습니다😋
1646627925,폴스,잠실,양식,5,47,,,"파스타? 흔합니다
but 맛있는 파스타? 흔하지 않습니다

파스타 접시도, 추천 받은... 더보기"
1646627925,폴스,잠실,양식,5,47,,,"기본에 미친 곳 .ᐟ 
단호박 스프랑 알리오올리오가 정말 맛있어요
다른 메뉴도 궁금하네여"
1646627925,폴스,잠실,양식,5,47,,,"오믈렛과 브런치 메뉴는 맛있는 편이어도 가성비를 생각하게 되는데, 파스타는 그저 감탄이 나올만큼 식감과 맛의 조화가 훌륭합니다. 

호수뷰도 없고 물도 ... 더보기"
1646627925,폴스,잠실,양식,5,47,,,"파스타 먹고싶어서 동내에서 찾아보고 갔어요
새우알리오올리오랑 체리나무훈연베이컨크림카치오페페 먹었는데 맛있었어요
근처... 더보기"
1646627925,폴스,잠실,양식,5,47,,,"수준높은 브런치(에그메뉴), 오랜 시간 끓여 만든 수제소스의 깊은 맛이 느껴지는 파스타와 리조또, 부라타 샐러드, 버섯스프까지... 👍

가성비 좋은... 더보기"
1646627925,폴스,잠실,양식,5,47,,,"진짜 진짜 맛있고 친절하심 이런 양식 찐 맛집이 있다니,,🤍
미나리 봉골레, 프렌치 랙, 트러플 파파델리 다 너무 맛있었어요 특히 프렌치 랙이랑 미나리 봉골레 짱"
1646627925,폴스,잠실,양식,5,47,,,친절하시고 맛있어요 요즘 외식하면 돈 아깝다는 생각 많이 들었는데 여긴 그렇지 않아요 소스까지 직접 다 만드시고 음식 다 맛있어요
1646627925,폴스,잠실,양식,5,47,,,"너~무 맛있었고
쉐프님도 너무 친절했습니다"
1646627925,폴스,잠실,양식,5,47,,,알리오올리오 감칠맛 계속 생각나요
1646627925,폴스,잠실,양식,5,47,,,분위기
1646627925,폴스,잠실,양식,5,47,,,가성비
1646627925,폴스,잠실,양식,5,47,,,사진/영상 후기만 보기
1646627925,폴스,잠실,양식,5,47,,,2026.04.04.
1646627925,폴스,잠실,양식,5,47,,,2026.03.15.
1646627925,폴스,잠실,양식,5,47,,,2026.02.25.
1646627925,폴스,잠실,양식,5,47,,,2026.01.03.
1646627925,폴스,잠실,양식,5,47,,,2025.02.28.
1646627925,폴스,잠실,양식,5,47,,,2025.01.26.
1646627925,폴스,잠실,양식,5,47,,,2024.07.20.
1646627925,폴스,잠실,양식,5,47,,,2025.09.22.
1646627925,폴스,잠실,양식,5,47,,,2025.06.26.
1646627925,폴스,잠실,양식,5,47,,,2025.06.25.
1646627925,폴스,잠실,양식,5,47,,,2025.04.21.
1646627925,폴스,잠실,양식,5,47,,,2025.04.05.
1646627925,폴스,잠실,양식,5,47,,,2024.10.06.
1646627925,폴스,잠실,양식,5,47,,,2024.10.04.
1646627925,폴스,잠실,양식,5,47,,,2024.07.26.
1646627925,폴스,잠실,양식,5,47,,,2026.02.11.
1646627925,폴스,잠실,양식,5,47,,,2026.02.05.
1646627925,폴스,잠실,양식,5,47,,,2024.12.23.
1646627925,폴스,잠실,양식,5,47,,,2024.12.03.
1646627925,폴스,잠실,양식,5,47,,,2026.02.03.
8000883,알루메 (AL Lume),잠실,양식,4.4,13,,,여기 음식 정말 맛있어요! 제가 가장 좋아하는 게 파스타를 추천합니다. 또한 서비스도 매우 즐겁고 친절합니다.
8000883,알루메 (AL Lume),잠실,양식,4.4,13,,,까르보나라 맛집!! 귀여운 테이블보와 레트로한 인테리어까지 근래 간 식당 중 제일 마음에 들었어요... 다른 후기 보니 디저트 주문하면 일본 레스토랑처럼 초코펜으로 레터링 해주시더라고요. 생일이나 기념... 더보기
8000883,알루메 (AL Lume),잠실,양식,4.4,13,,,"전체적으로 좋았어요!
크림파스타가 정말 맛있었고, 오일파스타는 간이 좀 덜 되고 모래가 많이 씹혀서 아쉬웠어요ㅠㅠ"
8000883,알루메 (AL Lume),잠실,양식,4.4,13,,,"동네에서 오래된 맛집 

개인적으로 발사믹소스의 오일 파스타를 추천 합니다.

어디에도 맛볼수 없는... 더보기"
8000883,알루메 (AL Lume),잠실,양식,4.4,13,,,조용하고 맛있네요
8000883,알루메 (AL Lume),잠실,양식,4.4,13,,,"10년 넘게 단골 👍  용인에서 다녀감요!! 
포장까지해왔는데 , 또먹고싶어요 ㅋ"
8000883,알루메 (AL Lume),잠실,양식,4.4,13,,,추억 한사발 흡입하고 갑니다 고기가 생각보다 부드럽고 괜찮았음
8000883,알루메 (AL Lume),잠실,양식,4.4,13,,,"이동네 이사오고부터 꾸준히 다니는 곳입니다.
벌써 15년 된거 같아요. 맛도 정성도 친절함도 최곱니다. ^^"
8000883,알루메 (AL Lume),잠실,양식,4.4,13,,,"아이들과 엄마들 친목모임으로 갔는데
사장님 진짜 친절하시고 음식도 빨리 나와서 좋았아요 . !! 음식도 정말 맛있었구요 다음에 또 방문하려고합니다"
8000883,알루메 (AL Lume),잠실,양식,4.4,13,,,친절하고 깨끗해요
8000883,알루메 (AL Lume),잠실,양식,4.4,13,,,"평점 믿고 갔는데 후회 막심이네요… 젊은 분들이 가거나 파스타 맛있는거 많이 드셔보신 분들이 가면 무조건 실망하실 거예요. 베이컨은 살짝 비린내가 났고, 소스에서도 케찹맛(?)처럼 단맛이 강... 더보기"
8000883,알루메 (AL Lume),잠실,양식,4.4,13,,,가격대에 비해 맛있는지는 모르겠다
8000883,알루메 (AL Lume),잠실,양식,4.4,13,,,분위기도 좋고 맛도 좋아요. 제대로 된 식사를 하고 싶은 분들께 추천합니다~ 그렇게 비싸지도 않아요!
8000883,알루메 (AL Lume),잠실,양식,4.4,13,,,엄청 좋아요~ 친절하시고 맛좋고 분위기 좋고!!
8000883,알루메 (AL Lume),잠실,양식,4.4,13,,,오일파스타를 정말 맛있게 잘 하는 집. 피자도 기대이상. 스테이크는 개인적으로 보통이었음.
8000883,알루메 (AL Lume),잠실,양식,4.4,13,,,제일 좋아하는 맛집!
8000883,알루메 (AL Lume),잠실,양식,4.4,13,,,유명한듯 유명하지 않은듯 입소문 많이 탄 곳. 결혼 전에는 종종 갔었는데 어제 오랜만에 갔는데도 분위기와 퀄리티는 그대로
8000883,알루메 (AL Lume),잠실,양식,4.4,13,,,분위기
8000883,알루메 (AL Lume),잠실,양식,4.4,13,,,가성비
8000883,알루메 (AL Lume),잠실,양식,4.4,13,,,사진/영상 후기만 보기
8000883,알루메 (AL Lume),잠실,양식,4.4,13,,,2025.07.18.
8000883,알루메 (AL Lume),잠실,양식,4.4,13,,,2026.02.21.
8000883,알루메 (AL Lume),잠실,양식,4.4,13,,,2025.02.25.
8000883,알루메 (AL Lume),잠실,양식,4.4,13,,,2024.09.27.
8000883,알루메 (AL Lume),잠실,양식,4.4,13,,,2024.08.03.
8000883,알루메 (AL Lume),잠실,양식,4.4,13,,,2024.04.24.
8000883,알루메 (AL Lume),잠실,양식,4.4,13,,,2023.09.25.
8000883,알루메 (AL Lume),잠실,양식,4.4,13,,,2022.11.15.
8000883,알루메 (AL Lume),잠실,양식,4.4,13,,,2026.02.08.
8000883,알루메 (AL Lume),잠실,양식,4.4,13,,,2024.06.22.
8000883,알루메 (AL Lume),잠실,양식,4.4,13,,,2024.05.08.
8000883,알루메 (AL Lume),잠실,양식,4.4,13,,,2024.03.30.
8000883,알루메 (AL Lume),잠실,양식,4.4,13,,,2022.12.15.
8000883,알루메 (AL Lume),잠실,양식,4.4,13,,,2022.07.31.
8000883,알루메 (AL Lume),잠실,양식,4.4,13,,,2022.02.10.
8000883,알루메 (AL Lume),잠실,양식,4.4,13,,,2022.01.26.
8000883,알루메 (AL Lume),잠실,양식,4.4,13,,,2020.02.22.
8000883,알루메 (AL Lume),잠실,양식,4.4,13,,,2019.02.23.
8000883,알루메 (AL Lume),잠실,양식,4.4,13,,,2016.03.19.
8000883,알루메 (AL Lume),잠실,양식,4.4,13,,,2024.12.09.
240439843,투파인드피터 잠실점,잠실,양식,4.4,1365,,,너무 맛있고 분위기 좋아요 ㅎㅎㅎㅎ 가족모임하기 최고
240439843,투파인드피터 잠실점,잠실,양식,4.4,1365,,,"맛도 괜찮고, 분위기도 괜찮은 식당
가격도 합리적인 편
리조또를 시킬 때 말씀드... 더보기"
240439843,투파인드피터 잠실점,잠실,양식,4.4,1365,,,"분위기 좋고 맛도 있어요!
넓어서 소개팅 장소로도 강추"
240439843,투파인드피터 잠실점,잠실,양식,4.4,1365,,,분위기랑 가격 생각하면 최고에요!
240439843,투파인드피터 잠실점,잠실,양식,4.4,1365,,,"비싼 잠실물가 감안하면 이만한 분위기에 이가격 너무 가성비 좋고 맛도 괜찮음
근데 호출벨이 있는것도 아니고 점원을 불러야하는데 점원이 ... 더보기"
240439843,투파인드피터 잠실점,잠실,양식,4.4,1365,,,"좋아여

소개팅 데이트코스 친목모임 스테이크 크림파스타 리조또"
240439843,투파인드피터 잠실점,잠실,양식,4.4,1365,,,"대체적으로 음식이 무난한 편이고
무엇보다 홀분위기가 조용해서
이야기 나누기 좋았어요.... 더보기"
240439843,투파인드피터 잠실점,잠실,양식,4.4,1365,,,"옥수수피자 존맛 
마늘 머시기 파스타도 존맛
근데 수비드목살은 퍽퍽해서 비추 ㅠㅠㅠ
자리 간격... 더보기"
240439843,투파인드피터 잠실점,잠실,양식,4.4,1365,,,"양도 많고 가격도 괜찮은 가성비 맛집
가게도 넓고 좌석간 간격도 괜찮음
식전빵 나오고 음식은 피자 때... 더보기"
240439843,투파인드피터 잠실점,잠실,양식,4.4,1365,,,가성비 좋은 파스타 맛집
240439843,투파인드피터 잠실점,잠실,양식,4.4,1365,,,가성비와 분위기 다 좋아요
240439843,투파인드피터 잠실점,잠실,양식,4.4,1365,,,피자가 맛있어요
240439843,투파인드피터 잠실점,잠실,양식,4.4,1365,,,살치스테이크-고무씹듯 질기고 직원에게 고기 너무질기다고 문... 더보기
240439843,투파인드피터 잠실점,잠실,양식,4.4,1365,,,맛있게 먹고 좋은 추억도 쌓았던 곳
240439843,투파인드피터 잠실점,잠실,양식,4.4,1365,,,커리파스타 옥수수피자 맛있었습니다! 공간도 널찍하고 쾌적하니 서비스도 좋아요 구석테이블도 프라이빗하고 좋습니다. 식탁이 화이트인데 얼룩이 조금만 더 깨끗했으면~~
240439843,투파인드피터 잠실점,잠실,양식,4.4,1365,,,맛은 보통인데 가게가 넓고 쾌적해서 별 하나 더 주는가게
240439843,투파인드피터 잠실점,잠실,양식,4.4,1365,,,"집 근처이고 아이가 종종 먹고 싶다해서 가는 집. 
보통 치킨 스테이크, 알리오올리오에 식전... 더보기"
240439843,투파인드피터 잠실점,잠실,양식,4.4,1365,,,"맛도 그저 그렇고 직원분들이 진짜 일하기 싫어하는 게 보여요. 웨이팅 전화 왔을 때도 저랑 얘기하는 건지 다른 직원분이랑 얘기하는 건지 번갈아가면서 말씀하시고, 손님한테 씨가 뭡니까... 말씀... 더보기"
240439843,투파인드피터 잠실점,잠실,양식,4.4,1365,,,이정도 가격에 기대할 수 없는 인테리어와 분위기였다 갓성비 오짐
240439843,투파인드피터 잠실점,잠실,양식,4.4,1365,,,투파인더피터 충주 이후로 2번짼데 분위기가 진짜 좋아요! 음식도 넘 맛있구요 ㅡㅎㅎ
240439843,투파인드피터 잠실점,잠실,양식,4.4,1365,,,분위기
240439843,투파인드피터 잠실점,잠실,양식,4.4,1365,,,가성비
240439843,투파인드피터 잠실점,잠실,양식,4.4,1365,,,사진/영상 후기만 보기
240439843,투파인드피터 잠실점,잠실,양식,4.4,1365,,,2025.11.15.
240439843,투파인드피터 잠실점,잠실,양식,4.4,1365,,,2025.05.15.
240439843,투파인드피터 잠실점,잠실,양식,4.4,1365,,,2025.02.18.
240439843,투파인드피터 잠실점,잠실,양식,4.4,1365,,,2024.11.06.
240439843,투파인드피터 잠실점,잠실,양식,4.4,1365,,,2024.01.04.
240439843,투파인드피터 잠실점,잠실,양식,4.4,1365,,,2023.12.27.
240439843,투파인드피터 잠실점,잠실,양식,4.4,1365,,,2026.01.10.
240439843,투파인드피터 잠실점,잠실,양식,4.4,1365,,,2025.04.06.
240439843,투파인드피터 잠실점,잠실,양식,4.4,1365,,,2025.03.31.
240439843,투파인드피터 잠실점,잠실,양식,4.4,1365,,,2024.11.14.
240439843,투파인드피터 잠실점,잠실,양식,4.4,1365,,,2024.08.23.
240439843,투파인드피터 잠실점,잠실,양식,4.4,1365,,,2026.02.15.
240439843,투파인드피터 잠실점,잠실,양식,4.4,1365,,,2025.08.27.
240439843,투파인드피터 잠실점,잠실,양식,4.4,1365,,,2025.08.14.
240439843,투파인드피터 잠실점,잠실,양식,4.4,1365,,,2025.08.03.
240439843,투파인드피터 잠실점,잠실,양식,4.4,1365,,,2025.06.10.
240439843,투파인드피터 잠실점,잠실,양식,4.4,1365,,,2024.09.01.
240439843,투파인드피터 잠실점,잠실,양식,4.4,1365,,,2023.12.26.
240439843,투파인드피터 잠실점,잠실,양식,4.4,1365,,,2023.11.21.
240439843,투파인드피터 잠실점,잠실,양식,4.4,1365,,,2023.06.21.
119414440,아이마미따,잠실,양식,4.1,16,,,"정말 기대하고 갔는데 , 맛은 그럭저럭 치는데 너무 비쌉니다.남녀 둘이서 4마넌 어치 먹었는데 추가로 ... 더보기"
119414440,아이마미따,잠실,양식,4.1,16,,,"진짜 너무맛있어서 둘이서 메뉴 여섯개 먹었어요 
소스가 미쳤네요 고추땅콩기름소스 미틴맛이에요 
또올게요 ㅠㅠ"
119414440,아이마미따,잠실,양식,4.1,16,,,"1. 송파쪽에 주차가능한 집이 별로 없는데, 여기는 2자리지만 가게 전용주차 가능
2. 처음 방문했는데, 현지 맛이랑 너무 흡사하고 맛있어... 더보기"
119414440,아이마미따,잠실,양식,4.1,16,,,"살사가 세 종류나 되는데 다 각기 다르게 너무 맛있어요
타코도 옥수수 또띠아가 바삭바삭한데 찐입니다
휴 이런 곳이 있었... 더보기"
119414440,아이마미따,잠실,양식,4.1,16,,,이렇게 다양한 살사랑 즐길 수 있는 따꼬집 아주 귀합니다. 전주에서도 맛나게 먹었는데 서울이전 축하드립니다. 유쾌하고 자상한 사장님 있는 따께리아 가보셔요~
119414440,아이마미따,잠실,양식,4.1,16,,,"박재범님 컨텐츠보고 먹어봤습니다. 타코 잘한다는 말 괜히 나오는게 아니네요.
돈 많이 벌어서 맨날 오겠습니다 사장님. 
괜히 유명해져서 웨이팅만 길어지기 전에 한 번이라도 더 가고 싶은 곳입니다."
119414440,아이마미따,잠실,양식,4.1,16,,,한국에서 여기만 한 타코집 없습니다. 지금도 많은 타코집들이 있지만 여기처럼 꿀떡꿀떡 잘 넘어가고 입맛에 짝짝 달라붙는 갖은 재료를 제대로 써가며 영업하는 집은 그동안 내가 몰... 더보기
119414440,아이마미따,잠실,양식,4.1,16,,,한국에서 먹은 타코중에 고트입니다
119414440,아이마미따,잠실,양식,4.1,16,,,"타코의 격을 높이는 귀한 식당

다양한 살사와 컨디먼트에서 섬세한 ... 더보기"
119414440,아이마미따,잠실,양식,4.1,16,,,"전주에 있을 때 맛있게 먹었는데 서울에서도 역시 맛있습니다. 그때보다 메뉴도 더 늘었네요 ^-^b
개인적으로는 초리조에는 할라피뇨, 빠스또르... 더보기"
119414440,아이마미따,잠실,양식,4.1,16,,,"와 진짜 송파에 이런 찐 멕시칸 집이 생긴게 너무 행복합니다. 그저 존맛탱! 정말 이런 후기 잘 안남기는데, 진짜 대성할것 같아서 붐비기전에 저혼자 많이 가두려고 미리 기록해둡다. 샌프란에서 먹었던 유명한 히스... 더보기"
119414440,아이마미따,잠실,양식,4.1,16,,,"너무 맛있어서 3번 추가했어요 근데 메뉴판 너무 어려워요 사진이 있으면 좋을거 같아요!
그래도 이렇게 맛있는 타코 처음 먹어봤어요 자주 갈게요!"
119414440,아이마미따,잠실,양식,4.1,16,,,리뷰보고낚임ㅋㅋ 여기만한 타코집 진짜많고 가격도 더착함
119414440,아이마미따,잠실,양식,4.1,16,,,"오랜만에 서울 올라갔는데
친구가 맛있는 타코집있다고 ^^

너무 맛있게 먹느라 사진... 더보기"
119414440,아이마미따,잠실,양식,4.1,16,,,"타코하면 여기만 떠올라요. 전주에 있다가 서울로 이사가서 되게 서운한 집입니당...
가격은 좀 있는데, 그 너머의 타코 맛을 보여주는 가게입니딘!.!"
119414440,아이마미따,잠실,양식,4.1,16,,,"타코 맛집인정!!합니다.
재료도 신선하고 맛의 밸런스가 좋아  정말 만족스러운 식사였어요. 친구들도 맛있다고 다음에 또오자 했네요. 다음에 꼭 방문하고 싶은 곳입니다."
119414440,아이마미따,잠실,양식,4.1,16,,,전주에서 맛집으로 분위기좋은 곳으로 유명한 곳이었는데 서울로 가신다고해서 많이 서운했었어요. 가족끼리 서울여행 갔을때 찾아서 가봤는데 역시 초심을 잃지않은 예전의 그맛 그대로 맛있었어요. ... 더보기
119414440,아이마미따,잠실,양식,4.1,16,,,여기 사장님 뭘하고싶은건지 모르겠어요 맛은 삼성중앙역에 위치한 유명타코집보다 살짝 아쉬운데 가격은 훨씬비쌉니다.. 일반 타케리아를 하고싶은건지 다이닝을 하시고싶은건지 방향성을 잘 잡고 장사하셨으면좋겠네요 재방문의사 X
119414440,아이마미따,잠실,양식,4.1,16,,,확실히 현지느낌 나고 맛도 있는데 가격이 이게 맞나 싶은 느낌
119414440,아이마미따,잠실,양식,4.1,16,,,분위기
119414440,아이마미따,잠실,양식,4.1,16,,,사진/영상 후기만 보기
119414440,아이마미따,잠실,양식,4.1,16,,,2026.04.11.
119414440,아이마미따,잠실,양식,4.1,16,,,2026.03.15.
119414440,아이마미따,잠실,양식,4.1,16,,,2026.03.06.
119414440,아이마미따,잠실,양식,4.1,16,,,2026.03.04.
119414440,아이마미따,잠실,양식,4.1,16,,,2025.12.25.
119414440,아이마미따,잠실,양식,4.1,16,,,2026.04.27.
119414440,아이마미따,잠실,양식,4.1,16,,,2026.04.24.
119414440,아이마미따,잠실,양식,4.1,16,,,2026.03.21.
119414440,아이마미따,잠실,양식,4.1,16,,,2026.03.13.
119414440,아이마미따,잠실,양식,4.1,16,,,2026.01.29.
119414440,아이마미따,잠실,양식,4.1,16,,,2026.01.28.
119414440,아이마미따,잠실,양식,4.1,16,,,2025.12.28.
119414440,아이마미따,잠실,양식,4.1,16,,,2026.04.28.
119414440,아이마미따,잠실,양식,4.1,16,,,2026.04.26.
1979946120,교양식사 잠실점,잠실,양식,2.7,41,,,"진짜 맛있어요
또또또간집
한국 양갈비집 중 여기보다 맛있는 곳 찾기 힘든듯요
양고기 싫어하시는 아버지도 ... 더보기"
1979946120,교양식사 잠실점,잠실,양식,2.7,41,,,"너무 맛있어요 최고등급 소고기보다 훨씬 맛있네요 분위기도  깔끔하고 냄새 전혀 안나네요 ~~~ 
스프 카레는 삿뽀로에서 ... 더보기"
1979946120,교양식사 잠실점,잠실,양식,2.7,41,,,"실내 공기가 너무 추워서 에어컨 꺼달라고 말했더니 사장 하는 말이 ‘에어컨 안 켰는데요.’ 

고기2인분 먹을 때까지는 ... 더보기"
1979946120,교양식사 잠실점,잠실,양식,2.7,41,,,"맛과 분위기 때문에 리뷰가 박한 것은 아니다. 그러나 마지막 결제할 때 사장님의 태도가 그 전까지 맛있는 음식으로 채워진 기분을 날려버렸다. 
결제 시 술한병이 빠져있어서 말씀드렸더니, 나를... 더보기"
1979946120,교양식사 잠실점,잠실,양식,2.7,41,,,"기념일에 꼭 가세요. 너무 좋았네요!
스프카레 꼭 드세요. 너무 맛있어요!"
1979946120,교양식사 잠실점,잠실,양식,2.7,41,,,이태원 쪽만 가보다가 이번에 처음으로 잠실점 가봤는데 다들 되게 친절하세요! 건물 외관부터 실내까지 정말 깔끔하더라구요 ㅎㅎ 괜히 미슐... 더보기
1979946120,교양식사 잠실점,잠실,양식,2.7,41,,,"맛이 고점은 높고 저점은 낮은 변동이 큰 곳
고기를 구워주는 직원에 따라 갭이 큰 편인데, 비싼 가격에 고급스럽게 운영하는 곳에겐 치... 더보기"
1979946120,교양식사 잠실점,잠실,양식,2.7,41,,,"8시 방문했는데 마감했다네요..
네이버에 오더마감 9시라 되어있는데..
17시 오픈이던데 장사를 3시간도 안하시는건지;;"
1979946120,교양식사 잠실점,잠실,양식,2.7,41,,,적어둔 영업시간대로 운영 안 할 거면 그냥 가게 좀 닫으세요 제발...헛걸음 열받네 진짜..
1979946120,교양식사 잠실점,잠실,양식,2.7,41,,,"8시부터 식사(양갈비)를 시작했는데 9시도 되기 전부터 매장 정리를 하네요.
고기 굽고있는데 청소하느라 어수선하고
주문한 하이볼에 파리... 더보기"
1979946120,교양식사 잠실점,잠실,양식,2.7,41,,,알바생분들이 한명도 아니고 여러명이 너무 빤히 쳐다보시고.. 오차츠케가 나오는데 30분 넘어 취소했는데 빤히 쳐다보시면서 퍼놨던 밥을 다시 밥통에 넣으시더라구요. 밥먹는데 너무 ... 더보기
1979946120,교양식사 잠실점,잠실,양식,2.7,41,,,"오늘 여자친구 생일이라 같이 방문했는데, 여직원분께서 너무 친절하게 응대해주셔서 너무 좋은 시간 보냈습니다. 
무엇보다 식사를 너무 맛있게 잘 했습니다. 강추!"
1979946120,교양식사 잠실점,잠실,양식,2.7,41,,,분위기
1979946120,교양식사 잠실점,잠실,양식,2.7,41,,,사진/영상 후기만 보기
1979946120,교양식사 잠실점,잠실,양식,2.7,41,,,2026.02.04.
1979946120,교양식사 잠실점,잠실,양식,2.7,41,,,2025.08.30.
1979946120,교양식사 잠실점,잠실,양식,2.7,41,,,2023.04.08.
1979946120,교양식사 잠실점,잠실,양식,2.7,41,,,2023.12.31.
1979946120,교양식사 잠실점,잠실,양식,2.7,41,,,2021.03.07.
1979946120,교양식사 잠실점,잠실,양식,2.7,41,,,2020.07.29.
1979946120,교양식사 잠실점,잠실,양식,2.7,41,,,2026.04.17.
1979946120,교양식사 잠실점,잠실,양식,2.7,41,,,2025.10.27.
1979946120,교양식사 잠실점,잠실,양식,2.7,41,,,2025.08.21.
1979946120,교양식사 잠실점,잠실,양식,2.7,41,,,2023.09.09.
1979946120,교양식사 잠실점,잠실,양식,2.7,41,,,2022.05.13.
1979946120,교양식사 잠실점,잠실,양식,2.7,41,,,2021.05.18.
1979946120,교양식사 잠실점,잠실,양식,2.7,41,,,2020.12.22.
1979946120,교양식사 잠실점,잠실,양식,2.7,41,,,2025.10.06.
664185361,버거그랩앤치킨,잠실,양식,4.1,10,,,소스가 조금 물림. 허나 맛있습니다
664185361,버거그랩앤치킨,잠실,양식,4.1,10,,,"진짜 양이 엄청 많아요. 다리살 치킨 패티가 진짜 어마어마합니다. 너무 커서 들고 먹을 수가 없어서 칼로 잘라 먹었습니다.
다음번에는 튀김옷이 좀 밝은 색이었음 좋겠습니다"
664185361,버거그랩앤치킨,잠실,양식,4.1,10,,,육즙이 흐르는 엄청난 볼륨의 패티와 코울슬로를 입안가득 채우면 너무 행복하다
664185361,버거그랩앤치킨,잠실,양식,4.1,10,,,맛잇어요!
664185361,버거그랩앤치킨,잠실,양식,4.1,10,,,코울슬로존맛
664185361,버거그랩앤치킨,잠실,양식,4.1,10,,,"대표메뉴인 그랩버거는 맛이 묘한데 중독성있다.
감튀는 그냥 일반적인 맛...
코울슬로가 핵심일텐데 버거와 잘어울린다.
(근... 더보기"
664185361,버거그랩앤치킨,잠실,양식,4.1,10,,,"#내돈내산 #내돈내먹

11번째 방문이었어요 ^^ 
언제 가도 한결... 더보기"
664185361,버거그랩앤치킨,잠실,양식,4.1,10,,,버거 작아보이는데 먹다보면 양이 엄청 푸짐함.. 코울슬로버거 너무 맛있음
664185361,버거그랩앤치킨,잠실,양식,4.1,10,,,"아라비아따 버거.

빵-소스-치킨 패티-빵 순으로 구성되어 있음.
일단 무지막지한 양의 소스를 햄버거에 들이부은 것부터 잘못된 선택이라고... 더보기"
664185361,버거그랩앤치킨,잠실,양식,4.1,10,,,Great food and service
664185361,버거그랩앤치킨,잠실,양식,4.1,10,,,"아라비아따 버거는 좀 느끼했고, 그랩버거가 제일무난했음. 양이 보기보다 상당함."
664185361,버거그랩앤치킨,잠실,양식,4.1,10,,,화요일 12시 방문했는대 문 닫혀있고 헛걸음함
664185361,버거그랩앤치킨,잠실,양식,4.1,10,,,치킨버거 매우훌륭. 높게 평가.
664185361,버거그랩앤치킨,잠실,양식,4.1,10,,,"인생 버거집!
오래 장사해주세요~~"
664185361,버거그랩앤치킨,잠실,양식,4.1,10,,,데리야끼치킨라이스 조금 상스럽지만 ㅈㄴ 맛있습니다 추천추천 조각치킨도 같이해서 먹으면 맥주가 ○○○게 땡깁니다
664185361,버거그랩앤치킨,잠실,양식,4.1,10,,,"완전 숨은(?) 맛집!
치킨버거에 치킨이 아주 야들야들..
칠리버전 플레인 데리... 더보기"
664185361,버거그랩앤치킨,잠실,양식,4.1,10,,,"맛있지만 칠리소스 향신료향이 너무 강해서 또갈까말까 고민되는집
+ 향신료없는 치킨라이스에 정착"
664185361,버거그랩앤치킨,잠실,양식,4.1,10,,,저한테는 좀 느끼했어요
664185361,버거그랩앤치킨,잠실,양식,4.1,10,,,영업시간 안맞아요
664185361,버거그랩앤치킨,잠실,양식,4.1,10,,,이 집만의 특색이 있는 푸짐한 수제버거
664185361,버거그랩앤치킨,잠실,양식,4.1,10,,,가성비
664185361,버거그랩앤치킨,잠실,양식,4.1,10,,,분위기
664185361,버거그랩앤치킨,잠실,양식,4.1,10,,,사진/영상 후기만 보기
664185361,버거그랩앤치킨,잠실,양식,4.1,10,,,2024.09.28.
664185361,버거그랩앤치킨,잠실,양식,4.1,10,,,2024.09.08.
664185361,버거그랩앤치킨,잠실,양식,4.1,10,,,2024.06.13.
664185361,버거그랩앤치킨,잠실,양식,4.1,10,,,2023.02.15.
664185361,버거그랩앤치킨,잠실,양식,4.1,10,,,2022.07.24.
664185361,버거그랩앤치킨,잠실,양식,4.1,10,,,2022.07.05.
664185361,버거그랩앤치킨,잠실,양식,4.1,10,,,2022.05.04.
664185361,버거그랩앤치킨,잠실,양식,4.1,10,,,2021.09.27.
664185361,버거그랩앤치킨,잠실,양식,4.1,10,,,2020.12.20.
664185361,버거그랩앤치킨,잠실,양식,4.1,10,,,2020.06.19.
664185361,버거그랩앤치킨,잠실,양식,4.1,10,,,2020.05.01.
664185361,버거그랩앤치킨,잠실,양식,4.1,10,,,2025.12.09.
664185361,버거그랩앤치킨,잠실,양식,4.1,10,,,2025.10.13.
664185361,버거그랩앤치킨,잠실,양식,4.1,10,,,2025.05.09.
664185361,버거그랩앤치킨,잠실,양식,4.1,10,,,2025.01.24.
664185361,버거그랩앤치킨,잠실,양식,4.1,10,,,2024.07.23.
664185361,버거그랩앤치킨,잠실,양식,4.1,10,,,2024.06.08.
664185361,버거그랩앤치킨,잠실,양식,4.1,10,,,2024.01.12.
664185361,버거그랩앤치킨,잠실,양식,4.1,10,,,2023.12.22.
664185361,버거그랩앤치킨,잠실,양식,4.1,10,,,2023.08.19.
49408452,버터핑거팬케익스 롯데백화점 잠실점,잠실,양식,3.4,37,,,위생은 좀 별로였는데 맛있었음. 아점 스타트로 굿
49408452,버터핑거팬케익스 롯데백화점 잠실점,잠실,양식,3.4,37,,,무난하게 좋은 브런치
49408452,버터핑거팬케익스 롯데백화점 잠실점,잠실,양식,3.4,37,,,"메뉴별 평가
감자(seasoned): 요리 처음 하는 학생이 만든 맛. 건조함 그 자체에 간이 아예 안맞음
햄류: 기성 제품을 쓰니, 양식을 완전 싫어하지 않는 한... 더보기"
49408452,버터핑거팬케익스 롯데백화점 잠실점,잠실,양식,3.4,37,,,아이스크림와플개내애앵야ㅐ맛도리
49408452,버터핑거팬케익스 롯데백화점 잠실점,잠실,양식,3.4,37,,,위치가 위치인지라 비싸지만 한번쯤 와서 먹어볼만 합니다. 맛은 좋았어요
49408452,버터핑거팬케익스 롯데백화점 잠실점,잠실,양식,3.4,37,,,맛있어요!! 팬케이크 좋아하면 추천
49408452,버터핑거팬케익스 롯데백화점 잠실점,잠실,양식,3.4,37,,,"가격대가 있는만큼 맛은 좋아요 
저녁에 가니 품절된 메뉴가 많았는데 조금 기다리더라도 점심에 가야겠네요"
49408452,버터핑거팬케익스 롯데백화점 잠실점,잠실,양식,3.4,37,,,여기 진짜 너무 맛있고 무엇보다 알바생이 너무 친절해요
49408452,버터핑거팬케익스 롯데백화점 잠실점,잠실,양식,3.4,37,,,양도많고 맛있었어요~
49408452,버터핑거팬케익스 롯데백화점 잠실점,잠실,양식,3.4,37,,,"디저트가 맛있는곳
다만 매장이 작아 웨이팅 너무 길고
직원들 빠릿빠릿하지도 않아 자리가 있지만
치우지도... 더보기"
49408452,버터핑거팬케익스 롯데백화점 잠실점,잠실,양식,3.4,37,,,"핫케익 너무 맛있다
주말 남자알바분 아주 친절하세용"
49408452,버터핑거팬케익스 롯데백화점 잠실점,잠실,양식,3.4,37,,,"너무 맛있어요. 팬케익,프렌치토스트,오믈렛,소세지+뜨거운 아메리카노 조합은 사랑입니다~"
49408452,버터핑거팬케익스 롯데백화점 잠실점,잠실,양식,3.4,37,,,가성비 좋고 맛은 뭐 너무 너무 좋았음. 분당 강남에 다 사라져서 이제 여기로 다닐듯 ㅠㅠ
49408452,버터핑거팬케익스 롯데백화점 잠실점,잠실,양식,3.4,37,,,칠리버거
49408452,버터핑거팬케익스 롯데백화점 잠실점,잠실,양식,3.4,37,,,가격은 좀 있지만 늘 직원분들이 무난하게 친절하시고 음식도 맛있어서 잠실 지나가면 꼭 들리게 되는 곳이여요
49408452,버터핑거팬케익스 롯데백화점 잠실점,잠실,양식,3.4,37,,,"맛: 팬케이크는 맛있고 커피는 별로
분위기: 패스트푸드 점 같음
친절도: 여자 알... 더보기"
49408452,버터핑거팬케익스 롯데백화점 잠실점,잠실,양식,3.4,37,,,주말에만 가다가 평일에 가봤는데 팬케익은 여전히 맛있고 직원분들 프로페셔널해서 좋았습니다
49408452,버터핑거팬케익스 롯데백화점 잠실점,잠실,양식,3.4,37,,,가격에 비에 맛은 무난한 편이에요
49408452,버터핑거팬케익스 롯데백화점 잠실점,잠실,양식,3.4,37,,,직원분은 친절 하지만.. 버터핑거는 분위기가 한몫하는데 여기는 지하상가 우동집st. 음식 만드는 분의 전문성이 없어보인다
49408452,버터핑거팬케익스 롯데백화점 잠실점,잠실,양식,3.4,37,,,토욜 점심 로우번 수습직원분께서 저희테이블 담당해주셨는데 넘 친절하셔서 기분좋게 식사했어요. 토스트 존맛!!
49408452,버터핑거팬케익스 롯데백화점 잠실점,잠실,양식,3.4,37,,,분위기
49408452,버터핑거팬케익스 롯데백화점 잠실점,잠실,양식,3.4,37,,,가성비
49408452,버터핑거팬케익스 롯데백화점 잠실점,잠실,양식,3.4,37,,,사진/영상 후기만 보기
49408452,버터핑거팬케익스 롯데백화점 잠실점,잠실,양식,3.4,37,,,2026.01.11.
49408452,버터핑거팬케익스 롯데백화점 잠실점,잠실,양식,3.4,37,,,2025.07.29.
49408452,버터핑거팬케익스 롯데백화점 잠실점,잠실,양식,3.4,37,,,2025.05.11.
49408452,버터핑거팬케익스 롯데백화점 잠실점,잠실,양식,3.4,37,,,2024.05.08.
49408452,버터핑거팬케익스 롯데백화점 잠실점,잠실,양식,3.4,37,,,2023.03.05.
49408452,버터핑거팬케익스 롯데백화점 잠실점,잠실,양식,3.4,37,,,2023.01.28.
49408452,버터핑거팬케익스 롯데백화점 잠실점,잠실,양식,3.4,37,,,2026.03.07.
49408452,버터핑거팬케익스 롯데백화점 잠실점,잠실,양식,3.4,37,,,2023.07.01.
49408452,버터핑거팬케익스 롯데백화점 잠실점,잠실,양식,3.4,37,,,2023.04.09.
49408452,버터핑거팬케익스 롯데백화점 잠실점,잠실,양식,3.4,37,,,2022.09.21.
49408452,버터핑거팬케익스 롯데백화점 잠실점,잠실,양식,3.4,37,,,2021.09.06.
49408452,버터핑거팬케익스 롯데백화점 잠실점,잠실,양식,3.4,37,,,2021.05.27.
49408452,버터핑거팬케익스 롯데백화점 잠실점,잠실,양식,3.4,37,,,2026.01.27.
49408452,버터핑거팬케익스 롯데백화점 잠실점,잠실,양식,3.4,37,,,2025.04.10.
49408452,버터핑거팬케익스 롯데백화점 잠실점,잠실,양식,3.4,37,,,2025.02.22.
49408452,버터핑거팬케익스 롯데백화점 잠실점,잠실,양식,3.4,37,,,2025.01.13.
49408452,버터핑거팬케익스 롯데백화점 잠실점,잠실,양식,3.4,37,,,2024.08.02.
49408452,버터핑거팬케익스 롯데백화점 잠실점,잠실,양식,3.4,37,,,2023.11.07.
49408452,버터핑거팬케익스 롯데백화점 잠실점,잠실,양식,3.4,37,,,2023.06.04.
49408452,버터핑거팬케익스 롯데백화점 잠실점,잠실,양식,3.4,37,,,2023.02.23.
884833457,까사피에스타 송파점,잠실,양식,4.1,554,,,"삼전동 파스타 맛집🩷 
파스타 피자 취향껏 선택해서 골랐는데 세상에 다 맛있어서 재방문 각입니다~
직원들도 친절하고 주차도 ... 더보기"
884833457,까사피에스타 송파점,잠실,양식,4.1,554,,,"봉골레먹엇는데 마싯어용 ㅠㅠㅠㅠㅠㅠ 
가격두 착하구 배달루 마니먹다가 가서 먹어봣는데
갓나온거 먹으니 더 마싯더라고여"
884833457,까사피에스타 송파점,잠실,양식,4.1,554,,,"저녁약속있어서 집근처 깔끔한양식집찾아서왔는데
너무깔끔하고 친절하세요... 더보기"
884833457,까사피에스타 송파점,잠실,양식,4.1,554,,,"매장 깨끗하고 가성비 좋은 메뉴에 훌륭한 맛 까지!
덕분에 좋은 주말 저녁 보내고 갑니다 :)"
884833457,까사피에스타 송파점,잠실,양식,4.1,554,,,지인과 방문 했어요~  음식도 다양하고 맛있었어요 ㅎ  무엇보다 음식도 엄청 빨리나오고 직원분들도 엄청 친절하네요... 더보기
884833457,까사피에스타 송파점,잠실,양식,4.1,554,,,"근처살아서 자주 방문합니다!
김치목살필라프와 날치알명란크림 파스타가 최애에요ㅎㅎ
홀 직원분도 너무 친절하세요 또 오겠습니다♡"
884833457,까사피에스타 송파점,잠실,양식,4.1,554,,,간만에 와이프와 함께 외식이었데 정말 미쳐버린 식당을 찾은 것같네요. 음식도 빠르게 나와서 좋았고 새로 나온 신메뉴 추천 해주셔서 먹어봤는데 고기 질도 훌륭했고 같이 나온 소스도 궁합이 좋았습니다. ... 더보기
884833457,까사피에스타 송파점,잠실,양식,4.1,554,,,송파 맛집 인정! 청결상도 받은곳이던데 깔끔한 맛. 직원도 무지 친절함. 가성비 좋음. 배달시켜서 너무 맛있어서 방문해서 먹어봤더니 더 맛있음. 추천.추천.추천
884833457,까사피에스타 송파점,잠실,양식,4.1,554,,,"저번에 매장에서도 먹은적 있는데 너무 멋있어서
이번에는 포장으로 이용했어요! 방문포장시에 할인이 되서 좋아영!!!!
주변에 양식 ... 더보기"
884833457,까사피에스타 송파점,잠실,양식,4.1,554,,,"파스타 맛집이에요!😤😤 가격도 괜찮고 식전 빵도 나오고…!!매장 분위기도 차분해서 식사하기 너무 좋습니다☺️
예약하고 오면 쓸수있는 쿠폰도 있었는데 ... 더보기"
884833457,까사피에스타 송파점,잠실,양식,4.1,554,,,"- 베스트 9 메뉴사진 첨부합니다. 
- 맛과 분위기에 비해 가격이 비싸다고 느껴집니다. 물, 피클 등도 셀프서비스인데도요..
- 혼밥 가능합... 더보기"
884833457,까사피에스타 송파점,잠실,양식,4.1,554,,,분위기 좋고 맛있는 곳
884833457,까사피에스타 송파점,잠실,양식,4.1,554,,,불친절
884833457,까사피에스타 송파점,잠실,양식,4.1,554,,,불친절 . 맛별로 불친절이 좀 심각함 개선필요
884833457,까사피에스타 송파점,잠실,양식,4.1,554,,,"쿠팡이츠로 시켰는데 너어어어어무 맛잇어요 먹물리조또랑 토마토해산물파스타 브래드 윙봉 다 맛있네용 💓👍
---- 
홀에서 먹었는데 여자알바 개답답하고 업무숙지 안되어... 더보기"
884833457,까사피에스타 송파점,잠실,양식,4.1,554,,,가성비
884833457,까사피에스타 송파점,잠실,양식,4.1,554,,,분위기
884833457,까사피에스타 송파점,잠실,양식,4.1,554,,,사진/영상 후기만 보기
884833457,까사피에스타 송파점,잠실,양식,4.1,554,,,2026.04.15.
884833457,까사피에스타 송파점,잠실,양식,4.1,554,,,2024.02.10.
884833457,까사피에스타 송파점,잠실,양식,4.1,554,,,2024.01.29.
884833457,까사피에스타 송파점,잠실,양식,4.1,554,,,2026.04.25.
884833457,까사피에스타 송파점,잠실,양식,4.1,554,,,2026.04.21.
884833457,까사피에스타 송파점,잠실,양식,4.1,554,,,2026.04.18.
884833457,까사피에스타 송파점,잠실,양식,4.1,554,,,2026.04.16.
884833457,까사피에스타 송파점,잠실,양식,4.1,554,,,2026.04.14.
884833457,까사피에스타 송파점,잠실,양식,4.1,554,,,2024.12.04.
884833457,까사피에스타 송파점,잠실,양식,4.1,554,,,2025.01.08.
884833457,까사피에스타 송파점,잠실,양식,4.1,554,,,2024.09.28.
884833457,까사피에스타 송파점,잠실,양식,4.1,554,,,2024.02.06.
1845251816,잭슨피자 잠실본점,잠실,양식,4,242,,,"피자 너무 맛있어요.. 최애메뉴 텐더도 강추합니다
홀에서 처음 먹었는데 확실히 포장해서 먹는거보다 뜨거워서 좋네요 ㅎㅎ 🍕"
1845251816,잭슨피자 잠실본점,잠실,양식,4,242,,,살면서 먹은 피자중 Top3안에 들 정도로 너무 맛있습니다. 특히 도우가 너무 맛있어서 꼬다리까지 남김 없이 먹었네요. 슈퍼잭슨피자 추천합니다.
1845251816,잭슨피자 잠실본점,잠실,양식,4,242,,,"페퍼로니피자 원래 잘 안먹는데 여기는 진짜 한입 먹자마자 반해서 그후로 여기서 계속 페퍼로니피자만 시켜먹음
다른 피자는 도전을 못해봄 페퍼로니가 맛있어... 더보기"
1845251816,잭슨피자 잠실본점,잠실,양식,4,242,,,"저녁 경기 있는 날에 포장하고 야구장 가서 먹었습니다. 슈퍼잭슨 R사이즈 2명이서 먹기 좋아요.  경기 당일 전화 예약은 안되고, 직접 가서 주문하고 15분정도 기다렸습니다."
1845251816,잭슨피자 잠실본점,잠실,양식,4,242,,,"제발 >하와이안<을 드세요
구운 파인애플 싫은 사람도 맛나게 먹을 수 있음!!!!!!!
식어도 맛있음!!
들... 더보기"
1845251816,잭슨피자 잠실본점,잠실,양식,4,242,,,"하와이안 짱 맛있어요
나머지는 그냥 그럼 쏘쏘
경기 있는 날엔 픽업/배달 다 오래걸려서 미리 주문하는거 추천합니다!"
1845251816,잭슨피자 잠실본점,잠실,양식,4,242,,,"엄청 맛있진 않고 그냥 쏘쏘;
여러 종류가 있는데 비싼 가격인 메뉴 시켰는데도 토핑 개부실함"
1845251816,잭슨피자 잠실본점,잠실,양식,4,242,,,"야구 보러갈 때마다 먹어요
존맛인데 엄청 오래 기다려야해서 1시간 전에는 시켜놔요"
1845251816,잭슨피자 잠실본점,잠실,양식,4,242,,,치즈가 너무 적게 들어있어요. 그래도 맛은 무난.
1845251816,잭슨피자 잠실본점,잠실,양식,4,242,,,레전드피자 너무맛있어요
1845251816,잭슨피자 잠실본점,잠실,양식,4,242,,,"지점별로 기복없이 항상 맛있음!! 줄이 폭력적으로 길지만,,, 야구장갈때 젤 작은사이즈(퍼스널)로 꼭 사가기"
1845251816,잭슨피자 잠실본점,잠실,양식,4,242,,,맛있는데 매장에서 먹을 수 없는 게 아쉽습니다. 야구장까지 가져가니 피자가 식었지만 그래도 맛있었어요.
1845251816,잭슨피자 잠실본점,잠실,양식,4,242,,,"냄새가 미친 것 같애요
지나갈 때마다 충동을 참기 힘들어요"
1845251816,잭슨피자 잠실본점,잠실,양식,4,242,,,한국 프랜차이즈 피자는 잭슨피자 미만 잡
1845251816,잭슨피자 잠실본점,잠실,양식,4,242,,,"집앞인데 잠실야구장 덕에 매일 사람많은곳..
포장하기 빡세진 않음
가성비 빼고 다 괜찮음 한국식 미국맛 그자체"
1845251816,잭슨피자 잠실본점,잠실,양식,4,242,,,가격은 착한거 같지않지만 맛있고 친절하고  야구보면서 먹기 좋아요.웨이팅이 있어서 30분 40분 생각해야합니다. 야구경기있을땐 미리주문 안됨. 현장으로 누구보다 빠르게 달려가야함.
1845251816,잭슨피자 잠실본점,잠실,양식,4,242,,,사장님 너무너무 친절하세요. 많이 배웁니다.
1845251816,잭슨피자 잠실본점,잠실,양식,4,242,,,하와이안 🫰🫰
1845251816,잭슨피자 잠실본점,잠실,양식,4,242,,,맛있고 좋아요
1845251816,잭슨피자 잠실본점,잠실,양식,4,242,,,가성비
1845251816,잭슨피자 잠실본점,잠실,양식,4,242,,,분위기
1845251816,잭슨피자 잠실본점,잠실,양식,4,242,,,사진/영상 후기만 보기
1845251816,잭슨피자 잠실본점,잠실,양식,4,242,,,2025.11.14.
1845251816,잭슨피자 잠실본점,잠실,양식,4,242,,,2024.11.10.
1845251816,잭슨피자 잠실본점,잠실,양식,4,242,,,2026.02.12.
1845251816,잭슨피자 잠실본점,잠실,양식,4,242,,,2025.07.28.
1845251816,잭슨피자 잠실본점,잠실,양식,4,242,,,2025.07.20.
1845251816,잭슨피자 잠실본점,잠실,양식,4,242,,,2025.02.06.
1845251816,잭슨피자 잠실본점,잠실,양식,4,242,,,2025.01.30.
1845251816,잭슨피자 잠실본점,잠실,양식,4,242,,,2024.10.21.
1845251816,잭슨피자 잠실본점,잠실,양식,4,242,,,2024.09.29.
1845251816,잭슨피자 잠실본점,잠실,양식,4,242,,,2024.07.15.
1845251816,잭슨피자 잠실본점,잠실,양식,4,242,,,2024.06.09.
1845251816,잭슨피자 잠실본점,잠실,양식,4,242,,,2024.06.08.
1845251816,잭슨피자 잠실본점,잠실,양식,4,242,,,2024.04.14.
1845251816,잭슨피자 잠실본점,잠실,양식,4,242,,,2023.08.06.
1845251816,잭슨피자 잠실본점,잠실,양식,4,242,,,2025.11.10.
1845251816,잭슨피자 잠실본점,잠실,양식,4,242,,,2025.09.06.
1845251816,잭슨피자 잠실본점,잠실,양식,4,242,,,2025.06.06.
1845251816,잭슨피자 잠실본점,잠실,양식,4,242,,,2025.05.16.
1845251816,잭슨피자 잠실본점,잠실,양식,4,242,,,2025.01.15.
1845251816,잭슨피자 잠실본점,잠실,양식,4,242,,,2024.12.11.
1715602137,긴밀,잠실,양식,4.8,179,,,사장님이 정말 친절하셔요. 바질 파스타도 꽤 맛있게 먹었어요.
1715602137,긴밀,잠실,양식,4.8,179,,,친절보스와 맛도리손맛과 더불어 착한가격이 공존하는 이곳은 찐이다
1715602137,긴밀,잠실,양식,4.8,179,,,주차가능하고 청결하고 매장깔끔함. 메뉴 양이 많고 맛있어서 가성비 좋고 노래 분위기 좋음 데이트도 좋고 가족외식도 좋을듯
1715602137,긴밀,잠실,양식,4.8,179,,,"매장 깔끔하고 청결 매우우수 매장이라 기분좋게 방문합니다 금액에 비해 양이 엄청 많고 속이 불편하지 않아서 좋네요 
면도 두꺼워서 식감도 ... 더보기"
1715602137,긴밀,잠실,양식,4.8,179,,,집근처에 새로 생겨서 방문했는데 이런 곳이 생겨서 너무 좋아요 인테리어도 깔끔하고 음식도 매장처럼 깔끔하고 친절하게 서비스 해주셔서 기분좋은 시간 보내고 왔어요 가족모임이나 약속장소로도 좋을 거같아요!!
1715602137,긴밀,잠실,양식,4.8,179,,,분위기 좋은 파스타 맛집
1715602137,긴밀,잠실,양식,4.8,179,,,다 맛있음!! 간도 다 좋고 비프부르기뇽 고기가 정말부드러워서 놀라하며 먹음! 다음엔 엄마빠 모시고 오일파스타랑 두부샐러드 먹어볼 예정><
1715602137,긴밀,잠실,양식,4.8,179,,,"맛있고 깔끔한 파스타가 가격도 착해서 기분좋게 식사했네요. 강추~^^     카프레제 샐러드를 식전에 먼저 먹었는데, 수제 바질페스토와 모짜렐라 치즈가 정말 맛있었어요~ ... 더보기"
1715602137,긴밀,잠실,양식,4.8,179,,,"오일파스타 시켰습니다!! 가성비도 괜찮고 가게 분위기도 좋아서 인상 깊었습니다
다만 먹으면서 오일파스타보단 까르보나라랑 더 비슷하다고 느껴서 약간 아쉬웠지만 (... 더보기"
1715602137,긴밀,잠실,양식,4.8,179,,,"가계 분위기가 좋고 가성비 음식에 
바질 파스타에 좋은 인상이 남았네요"
1715602137,긴밀,잠실,양식,4.8,179,,,사장님이 정말 친절하시고 자신만의 기준이 있는점이 좋았습니다. 바질파스타가 정말 매력적이에요!들어 가있는 베이컨이 바삭하고 고소한게 여태 먹어본 타가게들과 차이가 엄청나게 났습니다. 한입먹고 두그릇 뚝딱시켜 먹었네요. 강추합니다!!
1715602137,긴밀,잠실,양식,4.8,179,,,이가격에 이 분위기라니.. 너무 자주오고 싶어요 맛도 너무 맛있어여ㅠㅠㅠㅠ
1715602137,긴밀,잠실,양식,4.8,179,,,"매장청결매우우수로 깨끗하고 깔끔합니다 
음식 값어치하는게 양많고 재료아끼지않습니다
주차 무료... 더보기"
1715602137,긴밀,잠실,양식,4.8,179,,,진짜 너무 깔끔하고 맛남! 가격도 착하고 대박!
1715602137,긴밀,잠실,양식,4.8,179,,,인테리어 너무 좋고 카프레제 오일파스타 맛있습니다ㅎㅎㅎ
1715602137,긴밀,잠실,양식,4.8,179,,,맛있고 친절한 가게. 분위기도 아늑하니 좋고 가격도 합리적이에요!!! 바질파스타 맛있음!!
1715602137,긴밀,잠실,양식,4.8,179,,,"친철하고 음식이 맛있어서 좋아요!!!
양식 땡기면 무조껀 방문하는 최애집👍"
1715602137,긴밀,잠실,양식,4.8,179,,,사장님이 친절하셨어요
1715602137,긴밀,잠실,양식,4.8,179,,,"캐치테이블과 카카오 평점 및 콜키지 프리를 보고 방문한 곳. 카프네제 샐러드, 바질파스타, 수비드 와인삼겹살을 주문하였는데, 최고였다. 이 가격에 이 맛.. 앞으로 양식이 먹고 싶으면 이 곳... 더보기"
1715602137,긴밀,잠실,양식,4.8,179,,,삼전역 근처에서 손님을 모시거나 괜찮은 파스타를 먹고 싶을 때는 무조건 이 집을 온다. 이 가게가 위치한 골목과 전혀 어울리지 않는 조합이고... 더보기
1715602137,긴밀,잠실,양식,4.8,179,,,가성비
1715602137,긴밀,잠실,양식,4.8,179,,,분위기
1715602137,긴밀,잠실,양식,4.8,179,,,사진/영상 후기만 보기
1715602137,긴밀,잠실,양식,4.8,179,,,2025.12.20.
1715602137,긴밀,잠실,양식,4.8,179,,,2025.05.07.
1715602137,긴밀,잠실,양식,4.8,179,,,2024.05.06.
1715602137,긴밀,잠실,양식,4.8,179,,,2024.04.15.
1715602137,긴밀,잠실,양식,4.8,179,,,2023.12.29.
1715602137,긴밀,잠실,양식,4.8,179,,,2023.12.08.
1715602137,긴밀,잠실,양식,4.8,179,,,2023.10.30.
1715602137,긴밀,잠실,양식,4.8,179,,,2023.10.01.
1715602137,긴밀,잠실,양식,4.8,179,,,2026.01.23.
1715602137,긴밀,잠실,양식,4.8,179,,,2025.11.14.
1715602137,긴밀,잠실,양식,4.8,179,,,2025.10.24.
1715602137,긴밀,잠실,양식,4.8,179,,,2024.03.18.
1715602137,긴밀,잠실,양식,4.8,179,,,2023.11.12.
1715602137,긴밀,잠실,양식,4.8,179,,,2025.11.16.
1715602137,긴밀,잠실,양식,4.8,179,,,2025.07.25.
1715602137,긴밀,잠실,양식,4.8,179,,,2025.06.01.
1715602137,긴밀,잠실,양식,4.8,179,,,2025.02.17.
1715602137,긴밀,잠실,양식,4.8,179,,,2025.02.06.
1579694910,래빗캐슬 잠실새내점,잠실,양식,,725,,,후기 58
1579694910,래빗캐슬 잠실새내점,잠실,양식,,725,,,후기 2
1579694910,래빗캐슬 잠실새내점,잠실,양식,,725,,,후기 50
1579694910,래빗캐슬 잠실새내점,잠실,양식,,725,,,후기 8
1579694910,래빗캐슬 잠실새내점,잠실,양식,,725,,,분위기
1579694910,래빗캐슬 잠실새내점,잠실,양식,,725,,,방문 목적
1579694910,래빗캐슬 잠실새내점,잠실,양식,,725,,,동반인
650197751,미즈컨테이너 잠실점,잠실,양식,3,50,,,"맛은 평범하지만 메뉴가 흔치않아서
한번쯤 먹어볼만합니다

떠먹는피자 하나랑 샐러드파스... 더보기"
650197751,미즈컨테이너 잠실점,잠실,양식,3,50,,,"거의 한달에 한 번은 방문하는데, 올때마다 맛있어요!!"
650197751,미즈컨테이너 잠실점,잠실,양식,3,50,,,혼자일하시는데도 맛있게 해주시고 너무 친절하세요!! 굿굿
650197751,미즈컨테이너 잠실점,잠실,양식,3,50,,,"20년 만에 먹어본 미즈컨테이너 샐러드 파스타, 이제 식상해졌겠지하고 기대없이 먹었는데 너무 맛있었어요~"
650197751,미즈컨테이너 잠실점,잠실,양식,3,50,,,추억의 맛 반갑더라구요 여전히 맛있었어요
650197751,미즈컨테이너 잠실점,잠실,양식,3,50,,,노맛+불친절 조합 끝판왕👍 아래 후기들 보고 에이 알바생이 불친절해봤자 얼마나 불친절하겠어 했는데 여긴 진짜 역대급임ㅋㅋㅋㅋ 후기 보신 분들 제발 가지마시고 돈 아끼세요^^ 돈 쓰고 기분 개더러워서 리뷰써요ㅋㅋㅋ ... 더보기
650197751,미즈컨테이너 잠실점,잠실,양식,3,50,,,"맛있어서 재방문했어요
샐러드파스타가 젤맛있어요
떠먹는피자도 맛있공 ㅎㅎ"
650197751,미즈컨테이너 잠실점,잠실,양식,3,50,,,"샐러드 파스타를 많이들 드시고 있길래 따라서 주문해봤는데 진짜 맛있게 먹었어요 
왕강추👍"
650197751,미즈컨테이너 잠실점,잠실,양식,3,50,,,"말모 말모, 샐러드파스타, 피자 넘나 맛도리에요"
650197751,미즈컨테이너 잠실점,잠실,양식,3,50,,,떡먹는피자 도우 밀가루맛나요... 샐러드파스타 양도 강남하고 다르네요.. ??
650197751,미즈컨테이너 잠실점,잠실,양식,3,50,,,크앤토 리조또 강추. 리조또 원래 안좋아하는데 여기서 정말 맛있게 먹었습니다.
650197751,미즈컨테이너 잠실점,잠실,양식,3,50,,,"시그니처 메뉴인 바베큐플레이트랑 크앤토리조또를 먹었는데, 리조또는 적당히 익은 밥알과 치즈 그리고 크림&토마토 소스의 조화가 훌륭했음. 바베큐플레이트는 무난한 맛.... 더보기"
650197751,미즈컨테이너 잠실점,잠실,양식,3,50,,,직원들이 일하기싫은건지 화가난건지 최악으로 불친절하고 남자직원 껄렁껄렁하게 대답하는데 다신 가고싶지않음
650197751,미즈컨테이너 잠실점,잠실,양식,3,50,,,직원이 상당히 싸가지없음. 절대 가지마세요.
650197751,미즈컨테이너 잠실점,잠실,양식,3,50,,,"맛은 그냥 평이

놀랍도록 불친절.

바 자리 앉... 더보기"
650197751,미즈컨테이너 잠실점,잠실,양식,3,50,,,직원들이 레전드로 불친절하네요 다신 안옵니다
650197751,미즈컨테이너 잠실점,잠실,양식,3,50,,,"바베큐플레이트랑 떠먹는피자는 여전히 맛있네요.
근데 개별 매장아니고 자리가 협소한 푸드코트예요... 4인식탁이 2개뿐입니다. 점심시간엔 자리잡기가 전쟁이라 주문... 더보기"
650197751,미즈컨테이너 잠실점,잠실,양식,3,50,,,"2010년대 유행했던 샐러드파스타의 오리지널
강남역이 없어진건 아쉽지만 그때그맛은 여전합니다
양이 진짜많아서 1.5-2인분 느낌이라 한명이먹긴 좀 많아요"
650197751,미즈컨테이너 잠실점,잠실,양식,3,50,,,음식은 청결이 기본인데 카운터쪽에 있는 여자직원이랑 파스타 만드시는 남자 직원분 마스크 안쓰고 음식앞에서 잡담하고 별로 였어요.
650197751,미즈컨테이너 잠실점,잠실,양식,3,50,,,5월26일 오후 7시쯤 방문했는데 포스보던 안경쓰신 여자분?남자분? 너무 불친절해서 불쾌 저희가 가서 한거라곤 계산대앞가서 “바베큐 플레이트 하나랑요” 이 한마디햇는데 인상찌푸리면서... 더보기
650197751,미즈컨테이너 잠실점,잠실,양식,3,50,,,가성비
650197751,미즈컨테이너 잠실점,잠실,양식,3,50,,,분위기
650197751,미즈컨테이너 잠실점,잠실,양식,3,50,,,사진/영상 후기만 보기
650197751,미즈컨테이너 잠실점,잠실,양식,3,50,,,2026.02.26.
650197751,미즈컨테이너 잠실점,잠실,양식,3,50,,,2025.03.23.
650197751,미즈컨테이너 잠실점,잠실,양식,3,50,,,2023.10.05.
650197751,미즈컨테이너 잠실점,잠실,양식,3,50,,,2026.03.23.
650197751,미즈컨테이너 잠실점,잠실,양식,3,50,,,2025.09.07.
650197751,미즈컨테이너 잠실점,잠실,양식,3,50,,,2025.06.06.
650197751,미즈컨테이너 잠실점,잠실,양식,3,50,,,2025.05.29.
650197751,미즈컨테이너 잠실점,잠실,양식,3,50,,,2024.06.13.
650197751,미즈컨테이너 잠실점,잠실,양식,3,50,,,2023.12.18.
650197751,미즈컨테이너 잠실점,잠실,양식,3,50,,,2022.09.17.
650197751,미즈컨테이너 잠실점,잠실,양식,3,50,,,2022.07.09.
650197751,미즈컨테이너 잠실점,잠실,양식,3,50,,,2021.08.28.
650197751,미즈컨테이너 잠실점,잠실,양식,3,50,,,2026.04.05.
650197751,미즈컨테이너 잠실점,잠실,양식,3,50,,,2026.02.15.
650197751,미즈컨테이너 잠실점,잠실,양식,3,50,,,2025.11.28.
650197751,미즈컨테이너 잠실점,잠실,양식,3,50,,,2025.10.19.
650197751,미즈컨테이너 잠실점,잠실,양식,3,50,,,2025.08.16.
650197751,미즈컨테이너 잠실점,잠실,양식,3,50,,,2025.06.14.
1153193388,멜팅소울 롯데백화점잠실점,잠실,양식,3.2,301,,,"맛있음. 호불호가 많이 갈릴 듯. 가격대비 비쌈.
경험 그 이상 그 이하도 아닌 듯..원일이형 기대가 많이 컸음..

버거 전체적으로 다 느끼함. 그리고 고기 육향을 안 좋아하... 더보기"
1153193388,멜팅소울 롯데백화점잠실점,잠실,양식,3.2,301,,,"여자친구 : ●●●○○
인스타에 뜨자마자 남치니가 댓고온 곳... 가격은 비싸고 맛은... 더보기"
1153193388,멜팅소울 롯데백화점잠실점,잠실,양식,3.2,301,,,"과카몰리 , 엘로우 멜팅 버거 먹었음 
패티에 육향은 많이 약하고 ... 더보기"
1153193388,멜팅소울 롯데백화점잠실점,잠실,양식,3.2,301,,,"아….너무 맛있어요….눈물이 날 정도…. 잠봉버거를 꼭 드세요…. 트러플 향이 너무 아름다워요..아아…
음료가 무한 리필이라는 것을 알려주신 친절한 직원분께 감사를..❤️⭐️"
1153193388,멜팅소울 롯데백화점잠실점,잠실,양식,3.2,301,,,"백화점 푸드코트 버거집이라 별기대 안했는데 놀라운 퀄리티 였다
멜팅옐로우치즈는 사진용+취향을 많이 탈듯하고 잠봉버거가 패티 치즈스커트 잠봉 루꼴라 소스 조합이 굉장했다 고구마튀김도 굳"
1153193388,멜팅소울 롯데백화점잠실점,잠실,양식,3.2,301,,,치즈러버로서 너무 맛있어요♡
1153193388,멜팅소울 롯데백화점잠실점,잠실,양식,3.2,301,,,동네를 지나다가 우연히 본 멜팅소울버거! 버거에서 치즈가 흘러내리는 그 모습이 기억에 박혀 그냥 지나칠 수 없던터라 주말에 방문했습니다ㅎㅎ... 더보기
1153193388,멜팅소울 롯데백화점잠실점,잠실,양식,3.2,301,,,고구마치즈볼과 잠봉버거가 생각보다 맛있었고 트러플버거는 생각보다 별로였음. 패티나 소스가 괜찮았어서 다른메뉴도 먹어보고 싶긴 함.
1153193388,멜팅소울 롯데백화점잠실점,잠실,양식,3.2,301,,,"6월 15일 - 잠봉버거는 소스가 뭔지 몰라도 내 입에는 안 맞았음. 버섯 소스인지 몰라도 싱거웠음. 햄버거 자체는 맛있는 거 같았는데, 내 취향은 아니었음. 반면에 아내가 먹은 소불고기버거도 ... 더보기"
1153193388,멜팅소울 롯데백화점잠실점,잠실,양식,3.2,301,,,부먹 수제버거 진짜 맛있네요!! 눈으로도 맛있게 먹고 입으로도 맛있게 먹는 찐 수제버거 맛집이네요^^ 석촌호수 데이트하고 맛있는 잠실 점심 먹으러 잠실 롯데백화점갔어요!! 지나가다가 비쥬얼이 장난 아닌 수제버거 보고 ... 더보기
1153193388,멜팅소울 롯데백화점잠실점,잠실,양식,3.2,301,,,"3.5점 잠봉뵈르 13.7 
2점 싱글 9.2
3점 치즈프라이즈 세... 더보기"
1153193388,멜팅소울 롯데백화점잠실점,잠실,양식,3.2,301,,,"두번 방문했고 두번 다 만족했으나 
가성비를 따지기는 어려운 가격
하지만 리틀 빅 포레스트는 한정판매인 이유가 있다."
1153193388,멜팅소울 롯데백화점잠실점,잠실,양식,3.2,301,,,멜팅치즈버거 그냥 영상찍기나좋지맛없음 ㅜ
1153193388,멜팅소울 롯데백화점잠실점,잠실,양식,3.2,301,,,원일이형 팬심에 먹었으나 원일햄이 알바 오토로 굴리니 맛이 구현 안되는거같음
1153193388,멜팅소울 롯데백화점잠실점,잠실,양식,3.2,301,,,"롯데리아랑 맥도날드 갈 돈 아껴서 여기 가세요
내가 잠실을 갈 일이 있는데 햄버거가 땡기네? 고민 없이 여기로 킵고잉"
1153193388,멜팅소울 롯데백화점잠실점,잠실,양식,3.2,301,,,버거 코딱지만하고 맛없고 불친절
1153193388,멜팅소울 롯데백화점잠실점,잠실,양식,3.2,301,,,"멜팅옐로우치즈버거 1.26만, 치킨버거 1.05만 먹어봤습니다.

치킨패티는 처참한 퀄리티였으며,... 더보기"
1153193388,멜팅소울 롯데백화점잠실점,잠실,양식,3.2,301,,,가성비
1153193388,멜팅소울 롯데백화점잠실점,잠실,양식,3.2,301,,,사진/영상 후기만 보기
1153193388,멜팅소울 롯데백화점잠실점,잠실,양식,3.2,301,,,2025.12.26.
1153193388,멜팅소울 롯데백화점잠실점,잠실,양식,3.2,301,,,2025.12.21.
1153193388,멜팅소울 롯데백화점잠실점,잠실,양식,3.2,301,,,2025.08.09.
1153193388,멜팅소울 롯데백화점잠실점,잠실,양식,3.2,301,,,2025.07.07.
1153193388,멜팅소울 롯데백화점잠실점,잠실,양식,3.2,301,,,2025.06.21.
1153193388,멜팅소울 롯데백화점잠실점,잠실,양식,3.2,301,,,2025.04.15.
1153193388,멜팅소울 롯데백화점잠실점,잠실,양식,3.2,301,,,2025.03.28.
1153193388,멜팅소울 롯데백화점잠실점,잠실,양식,3.2,301,,,2025.12.17.
1153193388,멜팅소울 롯데백화점잠실점,잠실,양식,3.2,301,,,2025.09.12.
1153193388,멜팅소울 롯데백화점잠실점,잠실,양식,3.2,301,,,2025.08.31.
1153193388,멜팅소울 롯데백화점잠실점,잠실,양식,3.2,301,,,2025.04.14.
1153193388,멜팅소울 롯데백화점잠실점,잠실,양식,3.2,301,,,2026.01.25.
1153193388,멜팅소울 롯데백화점잠실점,잠실,양식,3.2,301,,,2026.01.05.
1153193388,멜팅소울 롯데백화점잠실점,잠실,양식,3.2,301,,,2025.12.02.
1153193388,멜팅소울 롯데백화점잠실점,잠실,양식,3.2,301,,,2025.07.20.
1153193388,멜팅소울 롯데백화점잠실점,잠실,양식,3.2,301,,,2025.12.16.
1153193388,멜팅소울 롯데백화점잠실점,잠실,양식,3.2,301,,,2025.12.08.
1153193388,멜팅소울 롯데백화점잠실점,잠실,양식,3.2,301,,,2025.10.11.
1135861647,미태리 잠실새내점,잠실,양식,4.5,46,,,루꼴라 피자 맛있어요. 파스타는 간간해요. 싱거운 것보단 나으니까.. 잠실에서 가성비 식당입니다. 건물 주차장 지하 6층까지 있어요. 매장도 넓직해요. 크림파스타 이 정도면 맛있는 편임..
1135861647,미태리 잠실새내점,잠실,양식,4.5,46,,,"파스타 약간 아쉬웠는데 가격 생각하면 또 갈듯
파스타보다 리조또가 더 맛있었음"
1135861647,미태리 잠실새내점,잠실,양식,4.5,46,,,가성비 넘치는데 맛도 있어요! 플레이팅은 좀 아쉽지만요ㅜ
1135861647,미태리 잠실새내점,잠실,양식,4.5,46,,,가성비 짱짱 맛도 짱짱 늦게까지 열어서 조아여
1135861647,미태리 잠실새내점,잠실,양식,4.5,46,,,"가성비맛집.
알바분들도 친절"
1135861647,미태리 잠실새내점,잠실,양식,4.5,46,,,가성비 맛있음. 돈없는 학생들이여 이곳으로....
1135861647,미태리 잠실새내점,잠실,양식,4.5,46,,,친절하시고 맛있음
1135861647,미태리 잠실새내점,잠실,양식,4.5,46,,,잠실 근처에서 콘서트 끝나고 자주 가는 곳입니다. 오후 9시 이후에도 영업하셔서 늦은 저녁 식사에 딱 좋아요! 파스타 갓성비에 매장 깔끔하고 사장님 친절하셔용 어제도 공연 끝나고 파스타에 혼맥했습니다 ㅎㅎㅎㅎ 오래오래 이곳에 있어주세요
1135861647,미태리 잠실새내점,잠실,양식,4.5,46,,,가격이 착하고 맛있어요
1135861647,미태리 잠실새내점,잠실,양식,4.5,46,,,"음식 아주 늦게나옴. 물티슈,피클 안가져다줘서 가져다먹음. 빠네 매운맛 시켰는데 소스가 별로없고 그와중에 빵이 다 먹어서 뻑뻑했음. 매운맛이 그냥 매콤한 정도라고 해서 주문했는데 매운맛밖에 안남;; 크림맛, 베이컨맛... 더보기"
1135861647,미태리 잠실새내점,잠실,양식,4.5,46,,,점심시간에 주문 눌러놓고 30분넘게 기다렸는데 다른 손님 먼저 서빙나가고 배달 보내느라 정신없고 제꺼는 나오지도 않더라구요 언제나오냐니까 곧 나온다는데 나오지도않고 점심시간 끝나서 먹지도 못하고 나... 더보기
1135861647,미태리 잠실새내점,잠실,양식,4.5,46,,,가성비 굿
1135861647,미태리 잠실새내점,잠실,양식,4.5,46,,,가성비
1135861647,미태리 잠실새내점,잠실,양식,4.5,46,,,분위기
1135861647,미태리 잠실새내점,잠실,양식,4.5,46,,,사진/영상 후기만 보기
1135861647,미태리 잠실새내점,잠실,양식,4.5,46,,,2025.01.07.
1135861647,미태리 잠실새내점,잠실,양식,4.5,46,,,2024.12.03.
1135861647,미태리 잠실새내점,잠실,양식,4.5,46,,,2024.07.31.
1135861647,미태리 잠실새내점,잠실,양식,4.5,46,,,2024.01.04.
1135861647,미태리 잠실새내점,잠실,양식,4.5,46,,,2026.01.18.
1135861647,미태리 잠실새내점,잠실,양식,4.5,46,,,2026.01.05.
1135861647,미태리 잠실새내점,잠실,양식,4.5,46,,,2025.07.04.
1135861647,미태리 잠실새내점,잠실,양식,4.5,46,,,2025.10.16.
1135861647,미태리 잠실새내점,잠실,양식,4.5,46,,,2025.09.14.
1135861647,미태리 잠실새내점,잠실,양식,4.5,46,,,2025.06.13.
1135861647,미태리 잠실새내점,잠실,양식,4.5,46,,,2025.01.20.
1135861647,미태리 잠실새내점,잠실,양식,4.5,46,,,2024.10.18.
1135861647,미태리 잠실새내점,잠실,양식,4.5,46,,,2024.07.30.
1135861647,미태리 잠실새내점,잠실,양식,4.5,46,,,2024.07.15.
1135861647,미태리 잠실새내점,잠실,양식,4.5,46,,,2023.09.24.
1135861647,미태리 잠실새내점,잠실,양식,4.5,46,,,2023.06.21.
1135861647,미태리 잠실새내점,잠실,양식,4.5,46,,,2023.04.10.
1135861647,미태리 잠실새내점,잠실,양식,4.5,46,,,2022.09.28.
1135861647,미태리 잠실새내점,잠실,양식,4.5,46,,,2025.08.18.
1135861647,미태리 잠실새내점,잠실,양식,4.5,46,,,2025.01.24.
21328141,도미노피자 잠실본점,잠실,양식,2.4,21,,,할인 행사 배달 포장 다 막아두네;
21328141,도미노피자 잠실본점,잠실,양식,2.4,21,,,온라인으로 주문미리하고 갔는데 바빠보이셔서 조금늦은것빼고는 너무좋았습니다~ 인사도 친절하게 잘해주고 카운터 여직원이 빼먹은부분도 여쭈어봐주셔서 잘받았습니다~  집에와서 보... 더보기
21328141,도미노피자 잠실본점,잠실,양식,2.4,21,,,매장에 포장주문 하고 기다리는 동안 입이 떡 벌어졌네요 돈만지고 카드만지고 영수증 쓰레기통에 버리고 바닥에 물건 줍고 바로 반죽으로 손이 가길래 잘 못 본건... 더보기
21328141,도미노피자 잠실본점,잠실,양식,2.4,21,,,할인때 공홈 주문 막아둠
21328141,도미노피자 잠실본점,잠실,양식,2.4,21,,,피자 포장 주문하고 왔다고 말하고 앞에서 기다리는데도 피자 다 만들고 수령가능 버튼을 안누름. 기다리다가 물어봐야 피자 줌..참..한가하고 불친절한 직원들..별로 바빠보이지도 않는데..
21328141,도미노피자 잠실본점,잠실,양식,2.4,21,,,"아 진짜 짜증나요 여기
일부러 전화도 안받고 할인 행사할때는 주문 일부러 다 막아두더라구요?
50퍼 행사는 애초에 이 ... 더보기"
21328141,도미노피자 잠실본점,잠실,양식,2.4,21,,,15년넘게 도미노만 먹던 도미노 쳐돌이인데 여기 이사와서 결국 도미노를 손절하게 만들정도로 맛없습니다. 15년동안 이사를 4번 다녔는데 가는 동네마다 도미노는 기본은 하던 집인... 더보기
21328141,도미노피자 잠실본점,잠실,양식,2.4,21,,,"여지것 먹었던 도미노중에서 제일 맛이 없었습니다
바빠서그런지 방문포장도 시간에 맞춰 나오지도 않고
토핑이며 소스며 성의없이 뿌려주더라고요
소... 더보기"
21328141,도미노피자 잠실본점,잠실,양식,2.4,21,,,알바생에 따라 맛이 다른 건지...어떤땐 맛있는데 어떤땐 진짜 별루ㅠ
21328141,도미노피자 잠실본점,잠실,양식,2.4,21,,,"전화하면 왜 계속 서비스센터로 넘어가나요.
매장 직통전화좀 받아주세요."
21328141,도미노피자 잠실본점,잠실,양식,2.4,21,,,프리미엄급 피자는 잘 모르겠지만 불고기피자는 맛이없었다.. 싸구려 냉동 불고기..
21328141,도미노피자 잠실본점,잠실,양식,2.4,21,,,가성비
21328141,도미노피자 잠실본점,잠실,양식,2.4,21,,,사진/영상 후기만 보기
21328141,도미노피자 잠실본점,잠실,양식,2.4,21,,,2026.03.21.
21328141,도미노피자 잠실본점,잠실,양식,2.4,21,,,2025.07.31.
21328141,도미노피자 잠실본점,잠실,양식,2.4,21,,,2025.06.12.
21328141,도미노피자 잠실본점,잠실,양식,2.4,21,,,2025.02.14.
21328141,도미노피자 잠실본점,잠실,양식,2.4,21,,,2024.07.04.
21328141,도미노피자 잠실본점,잠실,양식,2.4,21,,,2023.05.04.
21328141,도미노피자 잠실본점,잠실,양식,2.4,21,,,2025.09.03.
21328141,도미노피자 잠실본점,잠실,양식,2.4,21,,,2024.12.17.
21328141,도미노피자 잠실본점,잠실,양식,2.4,21,,,2024.12.08.
21328141,도미노피자 잠실본점,잠실,양식,2.4,21,,,2024.06.07.
21328141,도미노피자 잠실본점,잠실,양식,2.4,21,,,2024.02.25.
21328141,도미노피자 잠실본점,잠실,양식,2.4,21,,,2023.12.10.
21328141,도미노피자 잠실본점,잠실,양식,2.4,21,,,2023.08.09.
21328141,도미노피자 잠실본점,잠실,양식,2.4,21,,,2021.10.03.
21328141,도미노피자 잠실본점,잠실,양식,2.4,21,,,2021.09.10.
21328141,도미노피자 잠실본점,잠실,양식,2.4,21,,,2019.08.01.
21328141,도미노피자 잠실본점,잠실,양식,2.4,21,,,2019.02.11.
21328141,도미노피자 잠실본점,잠실,양식,2.4,21,,,2025.04.30.
21328141,도미노피자 잠실본점,잠실,양식,2.4,21,,,2024.06.27.
21328141,도미노피자 잠실본점,잠실,양식,2.4,21,,,2019.02.04.
854991107,도스타코스 잠실점,잠실,양식,3.7,34,,,"꽤 맛있고
꽤 양 많고
친절함.
중간 이상은 ... 더보기"
854991107,도스타코스 잠실점,잠실,양식,3.7,34,,,"맛 없는 메뉴가 없네요~ 
홀 꽉 찼을 때는 좀 시끄럽고 대화도 어려웠는데 사람 조금씩 빠지니까 분위기가 편해지더라구요"
854991107,도스타코스 잠실점,잠실,양식,3.7,34,,,맛있어요 수제 핫소스가 쫌 더 매워도 좋을 듯
854991107,도스타코스 잠실점,잠실,양식,3.7,34,,,"주기적으로 먹으러가요(물론 배달도 ㅋㅋㅋ)
너무 맛있어요..
사장님, 직원분 모두 친절하시고 음식 퀄리티가 ... 더보기"
854991107,도스타코스 잠실점,잠실,양식,3.7,34,,,"재방문은 하지 않을 것 같아요..

원하는 타코 맛에 못 미치네요 (이국적인 맛이... 더보기"
854991107,도스타코스 잠실점,잠실,양식,3.7,34,,,맛있고 친절해요 !!
854991107,도스타코스 잠실점,잠실,양식,3.7,34,,,맛있어요.
854991107,도스타코스 잠실점,잠실,양식,3.7,34,,,"여기 진짜 맛없네요 양배추 잔뜩 들어간 비프타코
사장님이 멕시칸 안드셔보고 가게 차리신듯ㅋㅋ 이건 멕시칸 절대아님"
854991107,도스타코스 잠실점,잠실,양식,3.7,34,,,"치미창가 맛나요
새우도 꽉꽉 넣어주시고 바삭바삭해서 좋았습니다!"
854991107,도스타코스 잠실점,잠실,양식,3.7,34,,,치미창가의 튀김 솜씨가 신의 경지에 도달
854991107,도스타코스 잠실점,잠실,양식,3.7,34,,,맛있어요 굉장히 친절해요
854991107,도스타코스 잠실점,잠실,양식,3.7,34,,,"가성비최악3요소
맛도저렴
양도적어
비싸
멕시... 더보기"
854991107,도스타코스 잠실점,잠실,양식,3.7,34,,,"가본 도스타코스 체인점 중 여기가 최고인듯
새우감자브리또랑 라임마가리타 강추합니다"
854991107,도스타코스 잠실점,잠실,양식,3.7,34,,,"전 맛없었어요... 돈아껍
ㅠㅠㅠㅠㅠ"
854991107,도스타코스 잠실점,잠실,양식,3.7,34,,,감자새우브리또 존맛
854991107,도스타코스 잠실점,잠실,양식,3.7,34,,,분위기
854991107,도스타코스 잠실점,잠실,양식,3.7,34,,,가성비
854991107,도스타코스 잠실점,잠실,양식,3.7,34,,,사진/영상 후기만 보기
854991107,도스타코스 잠실점,잠실,양식,3.7,34,,,2026.03.22.
854991107,도스타코스 잠실점,잠실,양식,3.7,34,,,2025.09.13.
854991107,도스타코스 잠실점,잠실,양식,3.7,34,,,2026.04.18.
854991107,도스타코스 잠실점,잠실,양식,3.7,34,,,2026.03.21.
854991107,도스타코스 잠실점,잠실,양식,3.7,34,,,2024.08.16.
854991107,도스타코스 잠실점,잠실,양식,3.7,34,,,2024.05.28.
854991107,도스타코스 잠실점,잠실,양식,3.7,34,,,2021.06.06.
854991107,도스타코스 잠실점,잠실,양식,3.7,34,,,2020.12.02.
854991107,도스타코스 잠실점,잠실,양식,3.7,34,,,2026.01.30.
854991107,도스타코스 잠실점,잠실,양식,3.7,34,,,2026.01.26.
854991107,도스타코스 잠실점,잠실,양식,3.7,34,,,2025.07.14.
854991107,도스타코스 잠실점,잠실,양식,3.7,34,,,2025.03.21.
854991107,도스타코스 잠실점,잠실,양식,3.7,34,,,2024.11.22.
854991107,도스타코스 잠실점,잠실,양식,3.7,34,,,2024.09.12.
854991107,도스타코스 잠실점,잠실,양식,3.7,34,,,2023.10.13.
854991107,도스타코스 잠실점,잠실,양식,3.7,34,,,2023.01.22.
854991107,도스타코스 잠실점,잠실,양식,3.7,34,,,2025.04.26.
854991107,도스타코스 잠실점,잠실,양식,3.7,34,,,2024.04.10.
854991107,도스타코스 잠실점,잠실,양식,3.7,34,,,2020.12.14.
1729480279,파파밸리피자 잠실롯데마트점,잠실,양식,5,192,,,"피자 양이 생각보다 넉넉해서 2인이 먹고도 약간 남았어요.
남은 건 포장해 왔는데, 식어도 맛이 괜찮더라고요.
가성비 좋은 피자세트 찾는 분들께 강추하고 싶어요."
1729480279,파파밸리피자 잠실롯데마트점,잠실,양식,5,192,,,"우연히 들렸던곳!!!맛은 필연이었다!!!
신기한 메뉴라 피자와 파스짜(파스타+피자) 를 시켰는데 피자도 맛있지만 파스짜는 진짜 맛있었음. 파스타의 면은 약간 덜익은듯한 알덴테 느낌... 더보기"
1729480279,파파밸리피자 잠실롯데마트점,잠실,양식,5,192,,,가성비가 정말 좋고 콘옥수수가 정말 맛있어요ㅠㅠ 직접 만드신 거 같은데 다진 토마토랑 옥수수가 같이 씹혀서 식감도 좋고 상큼한 맛이 최고!
1729480279,파파밸리피자 잠실롯데마트점,잠실,양식,5,192,,,"파스타 크림소스가 맛있음
테이블마다 핫소스가있어서 핫소스랑 안느끼하게 맛있게 먹음"
1729480279,파파밸리피자 잠실롯데마트점,잠실,양식,5,192,,,다음에 또 올게요~
1729480279,파파밸리피자 잠실롯데마트점,잠실,양식,5,192,,,"먹다말고 찍어서 사진이 좀 그렇지만..
두번째 방문.
다섯살 아이랑 둘이 1인세트 먹음.
불고기피자 ... 더보기"
1729480279,파파밸리피자 잠실롯데마트점,잠실,양식,5,192,,,여기 찐입니다 진짜 수제 완전 숨겨진 맛집!!!
1729480279,파파밸리피자 잠실롯데마트점,잠실,양식,5,192,,,"숨은 피자 맛집 입니다. 왔다갔다 할때마다 뭔가 싶어서 들어가기도 애매했었는데, 들어가서도 일반 피자겠거니 했지만, 도우하고 치즈가 진짜 특별한것 같습니다. 맛있습니다."
1729480279,파파밸리피자 잠실롯데마트점,잠실,양식,5,192,,,가성비
1729480279,파파밸리피자 잠실롯데마트점,잠실,양식,5,192,,,분위기
1729480279,파파밸리피자 잠실롯데마트점,잠실,양식,5,192,,,사진/영상 후기만 보기
1729480279,파파밸리피자 잠실롯데마트점,잠실,양식,5,192,,,2025.07.20.
1729480279,파파밸리피자 잠실롯데마트점,잠실,양식,5,192,,,2024.10.09.
1729480279,파파밸리피자 잠실롯데마트점,잠실,양식,5,192,,,2024.06.21.
1729480279,파파밸리피자 잠실롯데마트점,잠실,양식,5,192,,,2023.10.28.
1729480279,파파밸리피자 잠실롯데마트점,잠실,양식,5,192,,,2024.02.14.
1729480279,파파밸리피자 잠실롯데마트점,잠실,양식,5,192,,,2023.12.25.
1729480279,파파밸리피자 잠실롯데마트점,잠실,양식,5,192,,,2022.09.14.
1729480279,파파밸리피자 잠실롯데마트점,잠실,양식,5,192,,,2026.03.20.
1729480279,파파밸리피자 잠실롯데마트점,잠실,양식,5,192,,,2022.12.21.
1729480279,파파밸리피자 잠실롯데마트점,잠실,양식,5,192,,,2020.12.22.
1729480279,파파밸리피자 잠실롯데마트점,잠실,양식,5,192,,,2024.12.15.
1729480279,파파밸리피자 잠실롯데마트점,잠실,양식,5,192,,,2023.11.11.
1729480279,파파밸리피자 잠실롯데마트점,잠실,양식,5,192,,,2023.10.29.
1729480279,파파밸리피자 잠실롯데마트점,잠실,양식,5,192,,,2021.11.12.
783846314,비엘라,잠실,양식,3.4,132,,,"사장님 양심있으면 장사하지 마세요. 
음식먹고 정성없다고 느끼는건 처음. 불쾌하다고 느낀것도 처음. ... 더보기"
783846314,비엘라,잠실,양식,3.4,132,,,"분위기 맛집
여기서 소개팅하고 517일째 잘 사귀고 있어요
소개팅 추천 장소입니다
+)2025.... 더보기"
783846314,비엘라,잠실,양식,3.4,132,,,알바생이 잘생겼어요~♡
783846314,비엘라,잠실,양식,3.4,132,,,"커플 C를 시켰는데 스테이크는 그럭저럭이지만
파스타가 맛있었어요! 파스타 소스 맛 레시피가 궁금할 정도입니다. 파스타 맛집 👍
조용한 분위기도 좋습니다."
783846314,비엘라,잠실,양식,3.4,132,,,파스타랑 분위기만 좋아요 직원들이 일하기 싫은듯 느려도 넘느리고 손님이 오면 먼저 뭘 준비해야하는지도 모르는것 같아요 스테이크는 파스타 다 먹고나니까 나오고 우리가 직접 서빙하라는... 더보기
783846314,비엘라,잠실,양식,3.4,132,,,피자 파스타 맛집!!잠실 갈때마다 꼭 가는 맛집!! 직원들도 친절해요ㅎㅎ
783846314,비엘라,잠실,양식,3.4,132,,,"밤에 가는게 좋을듯.. 스테이크는 그냥 그랬구 파스타가 맛있었음 
그리고 알바분이 친절했으면 좋겠음.."
783846314,비엘라,잠실,양식,3.4,132,,,여기가 송파 최고 양식집임
783846314,비엘라,잠실,양식,3.4,132,,,"직원이 매우 불친절함
창가쪽 자리가 나서 앉아도 되냐고 물었는데 귀찮다는 듯이 대답을 하더군요 앉고나서 물을 따르길래 가만히 ... 더보기"
783846314,비엘라,잠실,양식,3.4,132,,,"음식은 쏘쏘 였지만
직원분들 친절함
도란도란 이야기 하기 좋음ㅎㅎ"
783846314,비엘라,잠실,양식,3.4,132,,,분위기
783846314,비엘라,잠실,양식,3.4,132,,,가성비
783846314,비엘라,잠실,양식,3.4,132,,,사진/영상 후기만 보기
783846314,비엘라,잠실,양식,3.4,132,,,2026.02.01.
783846314,비엘라,잠실,양식,3.4,132,,,2025.01.04.
783846314,비엘라,잠실,양식,3.4,132,,,2024.06.29.
783846314,비엘라,잠실,양식,3.4,132,,,2024.05.04.
783846314,비엘라,잠실,양식,3.4,132,,,2024.02.20.
783846314,비엘라,잠실,양식,3.4,132,,,2023.07.01.
783846314,비엘라,잠실,양식,3.4,132,,,2022.10.06.
783846314,비엘라,잠실,양식,3.4,132,,,2022.09.03.
783846314,비엘라,잠실,양식,3.4,132,,,2022.08.15.
783846314,비엘라,잠실,양식,3.4,132,,,2021.11.25.
783846314,비엘라,잠실,양식,3.4,132,,,2023.02.15.
1119487795,노모어피자 종합운동장역점,잠실,양식,4,37,,,"방금 포장주문 했습니다!
사장님 너무 친절하셔요… 제가 주문할따 착각을 했었는데 너무너무 친절하게 해결해주셔서 기분도 좋았습니... 더보기"
1119487795,노모어피자 종합운동장역점,잠실,양식,4,37,,,"옥수수새우 달달하고 맛있어요!
하와이안은 잭슨피자가 더 맛있어요(참고로 퍼스널 사이즈는 노모어피자가 더 큼)
배달/포장 전문이라 픽업하기... 더보기"
1119487795,노모어피자 종합운동장역점,잠실,양식,4,37,,,"피자 GOAT
믿고먹는 노모어피자!!"
1119487795,노모어피자 종합운동장역점,잠실,양식,4,37,,,"역시.. 노모어피자 겁나 맜있음, 근데 너무 오래걸림 ㅜ (한 30분?)"
1119487795,노모어피자 종합운동장역점,잠실,양식,4,37,,,가성비
1119487795,노모어피자 종합운동장역점,잠실,양식,4,37,,,사진/영상 후기만 보기
1119487795,노모어피자 종합운동장역점,잠실,양식,4,37,,,2025.06.23.
1119487795,노모어피자 종합운동장역점,잠실,양식,4,37,,,2025.05.24.
1119487795,노모어피자 종합운동장역점,잠실,양식,4,37,,,2025.04.30.
1119487795,노모어피자 종합운동장역점,잠실,양식,4,37,,,2025.04.12.
1119487795,노모어피자 종합운동장역점,잠실,양식,4,37,,,2026.03.23.
188889459,어론피자,잠실,양식,4.3,57,,,맞잘알 구선생 ㄷㄷ
188889459,어론피자,잠실,양식,4.3,57,,,"술 마시고 2차로 가서 피자 박살 내러 가는 곳💥
1인 1피자 하고 오는 곳🍕
쫄깃한 도우가 매우 중독적이라 집에서도 시켜 ... 더보기"
188889459,어론피자,잠실,양식,4.3,57,,,"홀 내부가 만석이라 권유받은 외부 천막자리에 앉았습니다. 정말 정말 추울테니 추운날엔 절대 밖에서 드시지 마세요. 발이 다 얼어서 정말 있기 힘들었어요ㅠㅠ. 음식 나오는 데에 30분 걸렸고, 피... 더보기"
188889459,어론피자,잠실,양식,4.3,57,,,피자 맛있고 피쏘 가능합니다
188889459,어론피자,잠실,양식,4.3,57,,,"맛있다. 새우들어간 피자가 맛도리였다.

매장 분위기는 피자집보... 더보기"
188889459,어론피자,잠실,양식,4.3,57,,,"피자는 불에 그을린 풍미.
가격 대비 괜찮은 맛.
사장님이 친절하고 너무 ... 더보기"
188889459,어론피자,잠실,양식,4.3,57,,,피자도 맛있고 사장님도 완전히 친절하세요 다음에 기회되면 또 방문하겠습니다~
188889459,어론피자,잠실,양식,4.3,57,,,도우 완전 맛남ㅠㅠㅠㅜㅜㅜㅜㅜㅜ숨은 맛집🍕🍕피자 하트모양으로 만들어주심ㅎㅎㅎㅋㅋ다음에 잠실새내가면 꼭 다시 갈래욤🍕
188889459,어론피자,잠실,양식,4.3,57,,,피자는 넘 맛있어요. 사장님이도 너~무 친절해요
188889459,어론피자,잠실,양식,4.3,57,,,사장님 친절해요
188889459,어론피자,잠실,양식,4.3,57,,,피자 끄트머리 안먹는데 여긴 쫄깃해서 다먹었어여.. 메뉴 다 맛있네요!
188889459,어론피자,잠실,양식,4.3,57,,,가볍게 먹기 좋은곳
188889459,어론피자,잠실,양식,4.3,57,,,"모든피자가 1인피자여서 양이작음
화덕이긴한데 이전에 먹엇던 유명화덕피자보다 맛이 좀 많이 떨... 더보기"
188889459,어론피자,잠실,양식,4.3,57,,,진짜 맛있어요  너무 맛있다보니 ㅜㅜ 사진을 못찍었어요.
188889459,어론피자,잠실,양식,4.3,57,,,분위기
188889459,어론피자,잠실,양식,4.3,57,,,가성비
188889459,어론피자,잠실,양식,4.3,57,,,사진/영상 후기만 보기
188889459,어론피자,잠실,양식,4.3,57,,,2025.09.09.
188889459,어론피자,잠실,양식,4.3,57,,,2024.05.24.
188889459,어론피자,잠실,양식,4.3,57,,,2023.01.20.
188889459,어론피자,잠실,양식,4.3,57,,,2025.10.10.
188889459,어론피자,잠실,양식,4.3,57,,,2024.09.16.
188889459,어론피자,잠실,양식,4.3,57,,,2024.08.14.
188889459,어론피자,잠실,양식,4.3,57,,,2022.11.05.
188889459,어론피자,잠실,양식,4.3,57,,,2022.10.23.
188889459,어론피자,잠실,양식,4.3,57,,,2022.06.07.
188889459,어론피자,잠실,양식,4.3,57,,,2024.03.01.
188889459,어론피자,잠실,양식,4.3,57,,,2023.08.02.
188889459,어론피자,잠실,양식,4.3,57,,,2023.07.30.
188889459,어론피자,잠실,양식,4.3,57,,,2021.05.20.
188889459,어론피자,잠실,양식,4.3,57,,,2026.03.07.
188889459,어론피자,잠실,양식,4.3,57,,,2023.08.23.
188889459,어론피자,잠실,양식,4.3,57,,,2022.05.02.
188889459,어론피자,잠실,양식,4.3,57,,,2022.01.10.
356255397,프랭크버거 잠실새마을시장점,잠실,양식,3.4,14,,,"10시 문닫는게 아쉽
맥도날드나 롯데리아에 질린사람들에겐 좋음"
356255397,프랭크버거 잠실새마을시장점,잠실,양식,3.4,14,,,새로 생겨서 깨끗하고 친절함
356255397,프랭크버거 잠실새마을시장점,잠실,양식,3.4,14,,,이벤트때문에 방문했었는데 생각보다 가성비 괜찮은 맛에 놀라서 자주가요ㅋㅋ프랭크 감튀는 솔직히 진짜 별로이기로 유명해서 세트먹을바에는 그냥 버거 단품두개 드시는게 나음ㅋㅋ
356255397,프랭크버거 잠실새마을시장점,잠실,양식,3.4,14,,,정말 ○○○○○같은곳
356255397,프랭크버거 잠실새마을시장점,잠실,양식,3.4,14,,,매장에서 소고기 냄새가 진동을 해요 ㅠ 냄새만 어떻게 잡으면 더 자주 갈거같아요
356255397,프랭크버거 잠실새마을시장점,잠실,양식,3.4,14,,,남자 직원인지 사장인지 4가지 너무없네요 그딴마인드로 장사하다니 대단
356255397,프랭크버거 잠실새마을시장점,잠실,양식,3.4,14,,,불향과 육집이 아주 풍만한 버거집입니다 ㅎㅎ 집근처라 입맛없을때 자주 먹게됍니다
356255397,프랭크버거 잠실새마을시장점,잠실,양식,3.4,14,,,맛있어서 프랭크버거가 맛있구나 생각하게 해준곳
356255397,프랭크버거 잠실새마을시장점,잠실,양식,3.4,14,,,집 근처에 생겼길래 가 봤는데.. 매장에서 키오스크로 주문 했는데.. 더운 날씨였는데도 매장 에어컨은 안 켜더라구요 당시 매장안에 땀냄새 있던분이 있었는지 매장 안 냄새가 심했었는데 환기도 안되고.. 주문이 많... 더보기
356255397,프랭크버거 잠실새마을시장점,잠실,양식,3.4,14,,,동네에 생겨서 종종 가게되는 곳
356255397,프랭크버거 잠실새마을시장점,잠실,양식,3.4,14,,,신선하고 맛있는 수제햄버거 입니다. 인앤아웃보다 훨싼 맛있고 재료로 훌륭합니다. 차피 쩌다 먹는 햄버거는 좋은 재료의 맛있는 수제버거로 블리스버거도 좋아요
356255397,프랭크버거 잠실새마을시장점,잠실,양식,3.4,14,,,가성비
356255397,프랭크버거 잠실새마을시장점,잠실,양식,3.4,14,,,분위기
356255397,프랭크버거 잠실새마을시장점,잠실,양식,3.4,14,,,사진/영상 후기만 보기
356255397,프랭크버거 잠실새마을시장점,잠실,양식,3.4,14,,,2023.03.23.
356255397,프랭크버거 잠실새마을시장점,잠실,양식,3.4,14,,,2023.03.11.
356255397,프랭크버거 잠실새마을시장점,잠실,양식,3.4,14,,,2024.05.26.
356255397,프랭크버거 잠실새마을시장점,잠실,양식,3.4,14,,,2026.01.19.
356255397,프랭크버거 잠실새마을시장점,잠실,양식,3.4,14,,,2025.09.08.
356255397,프랭크버거 잠실새마을시장점,잠실,양식,3.4,14,,,2024.02.28.
356255397,프랭크버거 잠실새마을시장점,잠실,양식,3.4,14,,,2023.11.01.
356255397,프랭크버거 잠실새마을시장점,잠실,양식,3.4,14,,,2023.07.01.
356255397,프랭크버거 잠실새마을시장점,잠실,양식,3.4,14,,,2023.06.21.
356255397,프랭크버거 잠실새마을시장점,잠실,양식,3.4,14,,,2023.05.12.
356255397,프랭크버거 잠실새마을시장점,잠실,양식,3.4,14,,,2023.05.01.
708998718,보통의숲,잠실,양식,3.6,127,,,사장님이 너무 친절하시고.. 야외테이블 분위기 너무 좋고.. 피자랑 사이드 맥주 다 너무너무 맛있는 곳이에요 ㅠㅠ 잠실 야구장 갈 일 있을 때마다 올 것 !!!
708998718,보통의숲,잠실,양식,3.6,127,,,분위기 즥임 그리고 맛있음 가족들이랑 피맥할때 감. 숨겨져 있지만 사람들이 끊이지 않고 들어옴
708998718,보통의숲,잠실,양식,3.6,127,,,맛은 있었지만 먹고 장염인지 식중독인지 걸려서 3일째 고생중
708998718,보통의숲,잠실,양식,3.6,127,,,"진짜 맛잇네요 제취향,, 분위기도 좋고 술도 좋아요"
708998718,보통의숲,잠실,양식,3.6,127,,,"진짜 고수피자 넘 맛있고 도우가 특히 맛있어요🥹
왜 안 좋은 평이 많은지 모르겠네요,, 
저는 한달에 한 번 이상 꼭 사먹습니당 오래 해주셨... 더보기"
708998718,보통의숲,잠실,양식,3.6,127,,,"👎(총평) 맛, 분위기, 서비스 등 전체적으로 장점이 전혀없는 곳...

👎(피자worst) 일단 가장 중요한 피자 ... 더보기"
708998718,보통의숲,잠실,양식,3.6,127,,,"피자는 평균이상
친절은 평균이하"
708998718,보통의숲,잠실,양식,3.6,127,,,"아이가 여기의ㅜ페퍼로니 피자를 좋아해서 종종 방문.  
13인치 하프&하프 고숲(내꺼)+페퍼로니 시키고 윙 주로 주문. 가끔 굴라쉬나 앤초비 대신 꽁치로 만든 파스타. 맛있음. 주인장이 술... 더보기"
708998718,보통의숲,잠실,양식,3.6,127,,,"피자가 예술입니다~~
너무  맛있어요

... 더보기"
708998718,보통의숲,잠실,양식,3.6,127,,,고수피자 맛집
708998718,보통의숲,잠실,양식,3.6,127,,,분위기 좋고 피자맛도 좋고 노래도 좋아요 단골각
708998718,보통의숲,잠실,양식,3.6,127,,,"입구는 좁은데 들어가보면 분위기 괜찮음. 근데 음식은 그닥임. 인스턴트 피자맛. 피자같은 음식은 기대말고 술마시러가면 분위기는 괜찮은듯 분위기 4점, 맛 2점이라 3점 줌"
708998718,보통의숲,잠실,양식,3.6,127,,,가성비
708998718,보통의숲,잠실,양식,3.6,127,,,분위기
708998718,보통의숲,잠실,양식,3.6,127,,,사진/영상 후기만 보기
708998718,보통의숲,잠실,양식,3.6,127,,,2024.04.23.
708998718,보통의숲,잠실,양식,3.6,127,,,2025.01.07.
708998718,보통의숲,잠실,양식,3.6,127,,,2024.10.18.
708998718,보통의숲,잠실,양식,3.6,127,,,2024.02.14.
708998718,보통의숲,잠실,양식,3.6,127,,,2024.02.10.
708998718,보통의숲,잠실,양식,3.6,127,,,2025.12.20.
708998718,보통의숲,잠실,양식,3.6,127,,,2025.09.20.
708998718,보통의숲,잠실,양식,3.6,127,,,2025.06.19.
708998718,보통의숲,잠실,양식,3.6,127,,,2024.09.01.
708998718,보통의숲,잠실,양식,3.6,127,,,2024.07.06.
708998718,보통의숲,잠실,양식,3.6,127,,,2024.04.22.
708998718,보통의숲,잠실,양식,3.6,127,,,2023.12.30.
708998718,보통의숲,잠실,양식,3.6,127,,,2023.06.17.
708998718,보통의숲,잠실,양식,3.6,127,,,2025.07.13.
708998718,보통의숲,잠실,양식,3.6,127,,,2025.04.27.
944487436,케이준서울,잠실,양식,3.6,98,,,"맛도리 보일링씨푸드🦞🦀🦐
소스가 맛있어서 갈릭라이스나 누들 추가해서 소스에 비벼먹으면 세상 꿀맛,,🤤
인근 거주지는 배달도 돼서 홈파티할 때 배달 시키면 파티 분위기도 확 살아날둣"
944487436,케이준서울,잠실,양식,3.6,98,,,정말 맛있고 놀라운 맛으로 매주 주말마다 먹을 수 있습니다
944487436,케이준서울,잠실,양식,3.6,98,,,맛없어요. 맛있다는 리뷰는 알바인가 싶을 정도.
944487436,케이준서울,잠실,양식,3.6,98,,,씨푸드보일 파는 데 없어서 찾아가봤는데 재방문의사 있음 ! 은근매웠어서 다른 맛으로 먹어보고싶음
944487436,케이준서울,잠실,양식,3.6,98,,,"이건 말 할 팔요도 없이 맛있어요 깔라마리,갈릭밥,생맥주,코울슬로 다맛있어요 번창 하길 바랍니다!!"
944487436,케이준서울,잠실,양식,3.6,98,,,"맛있어요! 하와이에서 먹던 맛과 비슷해요! 
산호세 추천합니다"
944487436,케이준서울,잠실,양식,3.6,98,,,"2026년 1월 2인 기준 50,900원. 가격은 그럴 수 있는데 맛이 없어서 화가 났음. 음식 나오는 속도도 너무 느림. 사진 속 가리비(6개)는 게 1마리와 쭈꾸미 3마리 없다고 대체로 준 것."
944487436,케이준서울,잠실,양식,3.6,98,,,진짜 너무 맛있어요...갈릭파스타만 추가했는데 담엔 갈릭라이스까지 추가하려구요 집에있는 밥만 비벼먹어도 존맛입니다
944487436,케이준서울,잠실,양식,3.6,98,,,둘이 먹다 하나 죽어도 모른다는 맛이 이런건가요???ㅠㅠㅠㅠㅠㅠㅠ 홍합 먼저 싹 발라내고 먹다가 남은 소스에 면이나 밥까지 비벼 먹어보세요 진짜 존맛🙊🙊💕
944487436,케이준서울,잠실,양식,3.6,98,,,"한번도 안먹어본 사람은 있어도
한번만 먹은 사람은 없을 중독되는 맛♥️
매일 먹어도 물리... 더보기"
944487436,케이준서울,잠실,양식,3.6,98,,,"해산물도 진짜 싱싱하고 소스도 중독적
맥주를 부르는 맛임
다먹고 갈릭누늘 비벼먹으면 진짜 미쳐버림"
944487436,케이준서울,잠실,양식,3.6,98,,,"배달 전문으로 할 때부터
찾아 먹었던 존맛집.
콤보 + 갈릭누들 + 코울슬... 더보기"
944487436,케이준서울,잠실,양식,3.6,98,,,음식이 맛있고 가성비 매우 좋고 분위기 깔끔하고 친절합니다. 최고에요!!!
944487436,케이준서울,잠실,양식,3.6,98,,,계속 생각나는 맛이고 너무 맛있음. 여자친구와 제일 좋아하는 식당 중 한개로 이벤트 있을때는 케이준 서울 가자고 할 정도로 맛있습니다
944487436,케이준서울,잠실,양식,3.6,98,,,맛도 없고 매장 너무 추워서 음식 다 식어요… 깔라마리는 맛있는데 보일링크랩 시즈닝 자체가 맛이 없습니다 그냥…
944487436,케이준서울,잠실,양식,3.6,98,,,"생각보다 해물은 신선하지않아서 비림
제일 맛있었던건 소세지

저... 더보기"
944487436,케이준서울,잠실,양식,3.6,98,,,"너~~~~무 느려서 상당한 인내심이 필요합니다.
(첫메뉴 받는데 40분 기다리고 갈릭라이스&누들 추가에 30분씩 기다림) 맛도 그냥 그래요"
944487436,케이준서울,잠실,양식,3.6,98,,,"예약없이 밖에 테이블 비추. 
한시간 기다려서 먹었는데 해물상태가 안좋음.
특히 홍합과 게는 쿰쿰... 더보기"
944487436,케이준서울,잠실,양식,3.6,98,,,가성비
944487436,케이준서울,잠실,양식,3.6,98,,,분위기
944487436,케이준서울,잠실,양식,3.6,98,,,사진/영상 후기만 보기
944487436,케이준서울,잠실,양식,3.6,98,,,2026.04.19.
944487436,케이준서울,잠실,양식,3.6,98,,,2026.03.02.
944487436,케이준서울,잠실,양식,3.6,98,,,2026.01.29.
944487436,케이준서울,잠실,양식,3.6,98,,,2025.08.18.
944487436,케이준서울,잠실,양식,3.6,98,,,2024.09.01.
944487436,케이준서울,잠실,양식,3.6,98,,,2023.06.20.
944487436,케이준서울,잠실,양식,3.6,98,,,2025.01.09.
944487436,케이준서울,잠실,양식,3.6,98,,,2024.06.26.
944487436,케이준서울,잠실,양식,3.6,98,,,2024.06.24.
944487436,케이준서울,잠실,양식,3.6,98,,,2022.08.06.
944487436,케이준서울,잠실,양식,3.6,98,,,2022.03.14.
944487436,케이준서울,잠실,양식,3.6,98,,,2021.08.27.
944487436,케이준서울,잠실,양식,3.6,98,,,2026.02.15.
944487436,케이준서울,잠실,양식,3.6,98,,,2025.09.24.
944487436,케이준서울,잠실,양식,3.6,98,,,2025.05.06.
944487436,케이준서울,잠실,양식,3.6,98,,,2024.03.23.
944487436,케이준서울,잠실,양식,3.6,98,,,2025.01.24.
944487436,케이준서울,잠실,양식,3.6,98,,,2024.06.16.
1551360827,츄빙빙수 디저트카페 잠실새내점,잠실,카페 디저트,0,0,,,후기 194
1551360827,츄빙빙수 디저트카페 잠실새내점,잠실,카페 디저트,0,0,,,후기 113
1551360827,츄빙빙수 디저트카페 잠실새내점,잠실,카페 디저트,0,0,,,후기 140
1551360827,츄빙빙수 디저트카페 잠실새내점,잠실,카페 디저트,0,0,,,후기 59
985464745,카페르뽀,잠실,카페 디저트,4.8,11,,,사장님 너무 친절하신데 아이스 아메리카노 원두 진짜 맛있네요
985464745,카페르뽀,잠실,카페 디저트,4.8,11,,,"에티오피아 핸드 드립 커피가 생각날 때면 방문하는 곳.
사장님의 에티오피아 사랑(?)이 부디 오래가길 바라며..."
985464745,카페르뽀,잠실,카페 디저트,4.8,11,,,"기분 좋은 산미를 즐긴다면 아리차, 깔끔한 산미를 추구한다면 모모라.  이 근처에서 최고의 드립 카페인 듯.
디저트도 완성도가 일정하게 높네요. 무화과 스콘과 블루베리 크램블 꼭 드세요."
985464745,카페르뽀,잠실,카페 디저트,4.8,11,,,주변에서 제일 괜찮은 핸드드립 커피
985464745,카페르뽀,잠실,카페 디저트,4.8,11,,,드립커피 괜찮아요
985464745,카페르뽀,잠실,카페 디저트,4.8,11,,,"나만 알고싶지만 나만 알면 안되는곳!
커피도 맛있고 쌀로 만든 디저트도 너무 맛있습니다 디... 더보기"
985464745,카페르뽀,잠실,카페 디저트,4.8,11,,,드립커피 너무 맛있어요
985464745,카페르뽀,잠실,카페 디저트,4.8,11,,,카페 이쁘고 커피도 맛있고 사장님도 친절하세요.
985464745,카페르뽀,잠실,카페 디저트,4.8,11,,,분위기
985464745,카페르뽀,잠실,카페 디저트,4.8,11,,,사진/영상 후기만 보기
985464745,카페르뽀,잠실,카페 디저트,4.8,11,,,2025.05.26.
985464745,카페르뽀,잠실,카페 디저트,4.8,11,,,2021.10.26.
985464745,카페르뽀,잠실,카페 디저트,4.8,11,,,2021.03.15.
985464745,카페르뽀,잠실,카페 디저트,4.8,11,,,2021.02.24.
985464745,카페르뽀,잠실,카페 디저트,4.8,11,,,2026.02.21.
985464745,카페르뽀,잠실,카페 디저트,4.8,11,,,2025.12.06.
985464745,카페르뽀,잠실,카페 디저트,4.8,11,,,2025.04.03.
985464745,카페르뽀,잠실,카페 디저트,4.8,11,,,2024.11.05.
985464745,카페르뽀,잠실,카페 디저트,4.8,11,,,2024.09.15.
985464745,카페르뽀,잠실,카페 디저트,4.8,11,,,2024.08.14.
985464745,카페르뽀,잠실,카페 디저트,4.8,11,,,2024.05.20.
985464745,카페르뽀,잠실,카페 디저트,4.8,11,,,2021.10.27.
985464745,카페르뽀,잠실,카페 디저트,4.8,11,,,2021.03.23.
985464745,카페르뽀,잠실,카페 디저트,4.8,11,,,2023.01.15.
985464745,카페르뽀,잠실,카페 디저트,4.8,11,,,2021.03.16.
985464745,카페르뽀,잠실,카페 디저트,4.8,11,,,2020.05.21.
1524771785,카페타타,잠실,카페 디저트,4.8,13,,,"에그타르트 완전 맛집입니다. 마카오식 에그타르트를 특히 좋아하는데 여기 파이지가 진짜 바삭하고 맛있어요! 필링도 존맛임니당!!
아 그리고 카스테라... 더보기"
1524771785,카페타타,잠실,카페 디저트,4.8,13,,,바닐라빈 라떼 괜찮아요. 크림치즈 애플 타르트는 같이 간 일행들 말이 맥도날도 애플파이 먹는거 같다고;;; 페스츄리는 바삭해선지 잘 부스러지니 조심히 드세요. 일하시는 분들 친절하고 상가에 있는 다른 곳들과 달리 제... 더보기
1524771785,카페타타,잠실,카페 디저트,4.8,13,,,두쫀쿠 존맛이에요~! 정말 쫀득함이 장난 아니라서 진짜 식감이 너무 좋아요
1524771785,카페타타,잠실,카페 디저트,4.8,13,,,갓 나온 에그타르트 먹어봤는데 완전 바삭하고 맛있어요🥹🥹 사장님이 일본에서 베이킹 배워오신 분이라고 하시더니 파운드케이크랑 카스테라도 은은하게 단맛이라 너무 좋네요
1524771785,카페타타,잠실,카페 디저트,4.8,13,,,"여기 에그타르트랑 디카페인 커피 맛집이에요ㅠ 
바나나브레드도 짱맛있고요! 커피랑 디저트류 잠실새내 오면 꼭 드셔보세용 사장님두 매우 친절하심"
1524771785,카페타타,잠실,카페 디저트,4.8,13,,,애기의자랑 애기 의자 소독용 물티슈가 구비되어있네요 엄마들 모임하기 좋겠어요
1524771785,카페타타,잠실,카페 디저트,4.8,13,,,에그타르트가 넘 촉촉하고 많이 달지 않고 맛있습니다. 커피를 오늘 너무 많이 마셔서 맛 볼 수 없었지만.. 재방문하여 꼭 마셔 보고 싶습니다... 더보기
1524771785,카페타타,잠실,카페 디저트,4.8,13,,,너무 맛있어요.꼭 와보세요🍡
1524771785,카페타타,잠실,카페 디저트,4.8,13,,,"커피, 에그타르트 무난"
1524771785,카페타타,잠실,카페 디저트,4.8,13,,,"우연치않게 가봤다가 반한곳.
에그타르트랑 라떼 맛있게 먹었는데 아니나다를까 리뷰들이 칭찬일색이네요."
1524771785,카페타타,잠실,카페 디저트,4.8,13,,,커피가 맛있습니디.. 자주 갈거같아요
1524771785,카페타타,잠실,카페 디저트,4.8,13,,,사장님 인상좋고 아이스라떼가 맛있어요 :)
1524771785,카페타타,잠실,카페 디저트,4.8,13,,,분위기
1524771785,카페타타,잠실,카페 디저트,4.8,13,,,가성비
1524771785,카페타타,잠실,카페 디저트,4.8,13,,,사진/영상 후기만 보기
1524771785,카페타타,잠실,카페 디저트,4.8,13,,,2025.05.06.
1524771785,카페타타,잠실,카페 디저트,4.8,13,,,2026.04.16.
1524771785,카페타타,잠실,카페 디저트,4.8,13,,,2026.01.11.
1524771785,카페타타,잠실,카페 디저트,4.8,13,,,2025.05.24.
1524771785,카페타타,잠실,카페 디저트,4.8,13,,,2025.03.09.
1524771785,카페타타,잠실,카페 디저트,4.8,13,,,2025.05.05.
1524771785,카페타타,잠실,카페 디저트,4.8,13,,,2026.04.19.
1524771785,카페타타,잠실,카페 디저트,4.8,13,,,2026.04.14.
1524771785,카페타타,잠실,카페 디저트,4.8,13,,,2026.02.15.
1524771785,카페타타,잠실,카페 디저트,4.8,13,,,2025.01.20.
1524771785,카페타타,잠실,카페 디저트,4.8,13,,,2025.01.15.
1068761747,마이멜로디 하모니카페,잠실,카페 디저트,5,125,,,마이멜로디❤️
1068761747,마이멜로디 하모니카페,잠실,카페 디저트,5,125,,,가성비
1068761747,마이멜로디 하모니카페,잠실,카페 디저트,5,125,,,분위기
1068761747,마이멜로디 하모니카페,잠실,카페 디저트,5,125,,,사진/영상 후기만 보기
1068761747,마이멜로디 하모니카페,잠실,카페 디저트,5,125,,,2026.03.01.
505219793,디저트39 잠실새내점,잠실,카페 디저트,3.1,13,,,"매장 깔끔, 분위기 좋고 의자 편함
화장실도 깨끗하고 핸드타올 있음
디저트 다양,... 더보기"
505219793,디저트39 잠실새내점,잠실,카페 디저트,3.1,13,,,엄청친절하고 주차장은 건물뒤에있음
505219793,디저트39 잠실새내점,잠실,카페 디저트,3.1,13,,,얼음양 무엇 ㅠㅠㅜ이래놓고 대용량?
505219793,디저트39 잠실새내점,잠실,카페 디저트,3.1,13,,,"#내돈내산 #내돈내먹 

평이 안 좋네요; 제가 갔을 땐 
전반적으... 더보기"
505219793,디저트39 잠실새내점,잠실,카페 디저트,3.1,13,,,"카페라떼 시켰는데 커피 찌꺼기 가루 있어욥
아메리카노도 그렇고... 원두 내리고 잘 닦아주세어..맛 텁텁쓰..."
505219793,디저트39 잠실새내점,잠실,카페 디저트,3.1,13,,,사장님이 친절하시고 배달이 빨리왔어요!
505219793,디저트39 잠실새내점,잠실,카페 디저트,3.1,13,,,맛있고 여직원분들 친절하세용👍❤️
505219793,디저트39 잠실새내점,잠실,카페 디저트,3.1,13,,,주말 남자알바인지 교육 안시키시나봐요 무표정으로 사람 말 끊고 얘길하질않나 응대를 한손으로 하질않나 서비스업종에 안 맞는 거 같은데 왜 계시는지 모르겠네요  사장님인지 아드님인지 알바인지 모르겠는데 차라리 포스기... 더보기
505219793,디저트39 잠실새내점,잠실,카페 디저트,3.1,13,,,엄청 친절하시고 케이크도 맛있었어요
505219793,디저트39 잠실새내점,잠실,카페 디저트,3.1,13,,,여자직원분 두 분 계셨는데 아주 친절하셨어요 디저트 포장도 꼼꼼히 해주셨고 냉동 제품은 제품마다 설명도 기재되어 있어서 좋아요
505219793,디저트39 잠실새내점,잠실,카페 디저트,3.1,13,,,pcr 받아도 못들어감
505219793,디저트39 잠실새내점,잠실,카페 디저트,3.1,13,,,PCR음성확인서보여줘도 내쫓는다죠?ㅎㅎㅎ 아주 대~단하시고 차별에 앞장서는 모습 대단하시네요 ㅎㅎㅎ
505219793,디저트39 잠실새내점,잠실,카페 디저트,3.1,13,,,"서비스업 종사하는 사람이라 왠만하면 일하시는분들 기분안나쁘게 대하려고 노력하는데 운영이 많이 별로였음
매장에 손님도 그리 많지않고 직원도 ... 더보기"
505219793,디저트39 잠실새내점,잠실,카페 디저트,3.1,13,,,가성비
505219793,디저트39 잠실새내점,잠실,카페 디저트,3.1,13,,,분위기
505219793,디저트39 잠실새내점,잠실,카페 디저트,3.1,13,,,사진/영상 후기만 보기
505219793,디저트39 잠실새내점,잠실,카페 디저트,3.1,13,,,2025.01.28.
505219793,디저트39 잠실새내점,잠실,카페 디저트,3.1,13,,,2025.10.30.
505219793,디저트39 잠실새내점,잠실,카페 디저트,3.1,13,,,2025.04.06.
505219793,디저트39 잠실새내점,잠실,카페 디저트,3.1,13,,,2023.02.01.
505219793,디저트39 잠실새내점,잠실,카페 디저트,3.1,13,,,2022.02.20.
505219793,디저트39 잠실새내점,잠실,카페 디저트,3.1,13,,,2025.06.18.
505219793,디저트39 잠실새내점,잠실,카페 디저트,3.1,13,,,2024.01.20.
505219793,디저트39 잠실새내점,잠실,카페 디저트,3.1,13,,,2023.08.19.
505219793,디저트39 잠실새내점,잠실,카페 디저트,3.1,13,,,2023.07.01.
505219793,디저트39 잠실새내점,잠실,카페 디저트,3.1,13,,,2023.02.06.
505219793,디저트39 잠실새내점,잠실,카페 디저트,3.1,13,,,2022.01.09.
505219793,디저트39 잠실새내점,잠실,카페 디저트,3.1,13,,,2022.01.06.
505219793,디저트39 잠실새내점,잠실,카페 디저트,3.1,13,,,2021.10.04.
505219793,디저트39 잠실새내점,잠실,카페 디저트,3.1,13,,,2022.09.04.
1828240178,카페봄봄 잠실성당직영점,잠실,카페 디저트,3,5,,,수박주스 너무 달아요…. 설탕주스인 줄.
1828240178,카페봄봄 잠실성당직영점,잠실,카페 디저트,3,5,,,♡초코라떼가 너무 맛있네요♡ 잘마셨습니다♡
1828240178,카페봄봄 잠실성당직영점,잠실,카페 디저트,3,5,,,주문 누락됐는데 사과 한마디 없네.. 딥빡
1828240178,카페봄봄 잠실성당직영점,잠실,카페 디저트,3,5,,,음료 맛있고 친절해요
1828240178,카페봄봄 잠실성당직영점,잠실,카페 디저트,3,5,,,가성비
1828240178,카페봄봄 잠실성당직영점,잠실,카페 디저트,3,5,,,분위기
1828240178,카페봄봄 잠실성당직영점,잠실,카페 디저트,3,5,,,사진/영상 후기만 보기
1828240178,카페봄봄 잠실성당직영점,잠실,카페 디저트,3,5,,,2024.09.07.
1828240178,카페봄봄 잠실성당직영점,잠실,카페 디저트,3,5,,,2024.08.17.
1828240178,카페봄봄 잠실성당직영점,잠실,카페 디저트,3,5,,,2025.05.31.
1828240178,카페봄봄 잠실성당직영점,잠실,카페 디저트,3,5,,,2024.01.30.
1804061845,짱구 베이커리 카페 롯데백화점잠실점,잠실,카페 디저트,3,218,,,"짱구 좋아하면 한번쯤은 가볼만함
팝업이었는데 상시로 있어서 요즘엔 사람이 많진않은듯
근데 빵/음료는 비추,, 귀엽긴... 더보기"
1804061845,짱구 베이커리 카페 롯데백화점잠실점,잠실,카페 디저트,3,218,,,"귀여운 굿즈들이 있어서 볼만은 했는데
베이커리나 음료가 다 맛이없어요 ㅠ
특히 저 엉푸치노(짱구 엉덩이...)에 올라간게 아이스크림이 아니고... 더보기"
1804061845,짱구 베이커리 카페 롯데백화점잠실점,잠실,카페 디저트,3,218,,,분위기
1804061845,짱구 베이커리 카페 롯데백화점잠실점,잠실,카페 디저트,3,218,,,사진/영상 후기만 보기
1804061845,짱구 베이커리 카페 롯데백화점잠실점,잠실,카페 디저트,3,218,,,2026.02.13.
1804061845,짱구 베이커리 카페 롯데백화점잠실점,잠실,카페 디저트,3,218,,,2026.02.01.
48005647,카페155,잠실,카페 디저트,3.7,2,,,사장님 친절하고 음료 넘 맛있고.. 말모말모🧡🧡 큐브밀크티는 은은한 단맛이 좋았고 바닐라브라운커피는 달달한 부드러움이 좋았고 씨앗호떡은 겨울에 딱 맛있게 먹을수있는 메뉴여서 다 맛있었어요~! 또 도장깨기 하러갈게용💜💜
48005647,카페155,잠실,카페 디저트,3.7,2,,,테이크아웃 아메리카노 1500원도 아까운맛
48005647,카페155,잠실,카페 디저트,3.7,2,,,가성비
48005647,카페155,잠실,카페 디저트,3.7,2,,,분위기
48005647,카페155,잠실,카페 디저트,3.7,2,,,사진/영상 후기만 보기
48005647,카페155,잠실,카페 디저트,3.7,2,,,2024.02.01.
48005647,카페155,잠실,카페 디저트,3.7,2,,,2024.08.25.
48005647,카페155,잠실,카페 디저트,3.7,2,,,2023.12.06.
1356720358,카페헤리터 롯데백화점잠실점,잠실,카페 디저트,4.9,93,,,시그니처메뉴 두개 시켰어요. 보리차슈페너하고 땅콩크림라떼. 고급져보이는 매장 분위기와 어울리게 너무 맛있게 먹었어요~
1356720358,카페헤리터 롯데백화점잠실점,잠실,카페 디저트,4.9,93,,,제 최애 카페중 하나. 산딸기 우유 진짜 맛있어요
1356720358,카페헤리터 롯데백화점잠실점,잠실,카페 디저트,4.9,93,,,"친절한 직원들, 비싸지 않은 가격에 좋은 식기류, 맛있는 빙수"
1356720358,카페헤리터 롯데백화점잠실점,잠실,카페 디저트,4.9,93,,,맛이 특별한건 아니지만 직접 판매하는 잔과 그릇이어서 독특하고 예뻐요. 백화점 내부에 있는 작은 카페라 좌석이 편안하진 않았지만... 바깥 카페들처럼 바글바글하게 사람 많은 도떼기시장이 아니라 잔잔한 대화나누기는 좋았어요.
1356720358,카페헤리터 롯데백화점잠실점,잠실,카페 디저트,4.9,93,,,주말 저녁 남녀 알바 분들? 친절하시고 좋아요
1356720358,카페헤리터 롯데백화점잠실점,잠실,카페 디저트,4.9,93,,,"가격은 있지만 맛이 너무 좋았다
보리슈페너 고소하고 조화가 좋다
양갱 디저트도 색다르고 음료에 곁... 더보기"
1356720358,카페헤리터 롯데백화점잠실점,잠실,카페 디저트,4.9,93,,,사진/영상 후기만 보기
1356720358,카페헤리터 롯데백화점잠실점,잠실,카페 디저트,4.9,93,,,2025.12.28.
1356720358,카페헤리터 롯데백화점잠실점,잠실,카페 디저트,4.9,93,,,2026.04.03.
1356720358,카페헤리터 롯데백화점잠실점,잠실,카페 디저트,4.9,93,,,2025.08.15.
1356720358,카페헤리터 롯데백화점잠실점,잠실,카페 디저트,4.9,93,,,2025.10.19.
1356720358,카페헤리터 롯데백화점잠실점,잠실,카페 디저트,4.9,93,,,2024.03.16.
1356720358,카페헤리터 롯데백화점잠실점,잠실,카페 디저트,4.9,93,,,2024.01.03.
1356720358,카페헤리터 롯데백화점잠실점,잠실,카페 디저트,4.9,93,,,2024.03.03.
819724612,카페워크룸,잠실,카페 디저트,3,2,,,사장님 친절하시구 커피 맛있어용
819724612,카페워크룸,잠실,카페 디저트,3,2,,,"주말 아침 사람 아무도 없는 상황에서, 노트북 장비가 많아 부득이 2인 자리에 앉아야 하는데 2인 자리라고 못 앉게 합니다. 그래서 환불 해달라 했더니 환불은 안되고 그냥 2인 자리에 앉아서 하라는데 기분 더러... 더보기"
819724612,카페워크룸,잠실,카페 디저트,3,2,,,사진/영상 후기만 보기
819724612,카페워크룸,잠실,카페 디저트,3,2,,,2023.12.21.
819724612,카페워크룸,잠실,카페 디저트,3,2,,,2026.02.14.
1223377096,더카페 롯데마트잠실점,잠실,카페 디저트,1,0,,,"타 카페에서 먹은 컵을 해당 카페 쓰레기통에 버리고 왔는데 사장님께서 친절하게 쓰레기통 있던 걸 꺼내오셔서 다른데 버리라고 안내해주셨습니다^^ 그리고나서 계산대 쪽에서 ""쾅"" 소리와 함께 짜증섞인 한숨도 ... 더보기"
1223377096,더카페 롯데마트잠실점,잠실,카페 디저트,1,0,,,사진/영상 후기만 보기
1223377096,더카페 롯데마트잠실점,잠실,카페 디저트,1,0,,,2025.01.25.
1183753988,카페만월경 잠실레이크팰리스점,잠실,카페 디저트,4.3,2,,,"학원가 많은 대로변에 위치한 매장. 
평일 낮에 방문. 
만월경 매장 치고 테이블도 여러 개 있어서 근처 빵집에서 빵 사다가 함께 먹었... 더보기"
1183753988,카페만월경 잠실레이크팰리스점,잠실,카페 디저트,4.3,2,,,다 좋은데 심야에 청소년들의 룸카페로 전환ㅋ 자체출입금지 규정을... 더보기
1183753988,카페만월경 잠실레이크팰리스점,잠실,카페 디저트,4.3,2,,,위치가 위치인만큼 항상 사람이 많더라구요 메뉴가 다양한거 장점이고 또 좋은건 잠실레이크팰리스 점은 대체적으로 사람들이 조용한편 이라서 괜찮았어요.
1183753988,카페만월경 잠실레이크팰리스점,잠실,카페 디저트,4.3,2,,,좋네요~ 슈크림라떼? 맛있어요 ㅎㅎ 깔끔하고 아늑해요
1183753988,카페만월경 잠실레이크팰리스점,잠실,카페 디저트,4.3,2,,,가성비
1183753988,카페만월경 잠실레이크팰리스점,잠실,카페 디저트,4.3,2,,,분위기
1183753988,카페만월경 잠실레이크팰리스점,잠실,카페 디저트,4.3,2,,,사진/영상 후기만 보기
1183753988,카페만월경 잠실레이크팰리스점,잠실,카페 디저트,4.3,2,,,2026.01.27.
1183753988,카페만월경 잠실레이크팰리스점,잠실,카페 디저트,4.3,2,,,2026.03.22.
1183753988,카페만월경 잠실레이크팰리스점,잠실,카페 디저트,4.3,2,,,2025.12.29.
1183753988,카페만월경 잠실레이크팰리스점,잠실,카페 디저트,4.3,2,,,2025.05.29.
1089651822,카페만월경 삼전역점,잠실,카페 디저트,0,0,,,후기 225
1089651822,카페만월경 삼전역점,잠실,카페 디저트,0,0,,,후기 158
1089651822,카페만월경 삼전역점,잠실,카페 디저트,0,0,,,후기 246
1089651822,카페만월경 삼전역점,잠실,카페 디저트,0,0,,,후기 미제공
733631255,제이에스디저트,잠실,카페 디저트,5,12,,,너무 좋아요!!
733631255,제이에스디저트,잠실,카페 디저트,5,12,,,가성비
733631255,제이에스디저트,잠실,카페 디저트,5,12,,,분위기
733631255,제이에스디저트,잠실,카페 디저트,5,12,,,사진/영상 후기만 보기
733631255,제이에스디저트,잠실,카페 디저트,5,12,,,2023.08.10.
529268204,솔디저트,잠실,카페 디저트,0,0,,,후기 225
529268204,솔디저트,잠실,카페 디저트,0,0,,,후기 158
529268204,솔디저트,잠실,카페 디저트,0,0,,,후기 246
529268204,솔디저트,잠실,카페 디저트,0,0,,,후기 미제공
882921077,카페2.7,잠실,카페 디저트,4.6,663,,,맨날맨날 좋아요
882921077,카페2.7,잠실,카페 디저트,4.6,663,,,"제가 동네라 정말 맛이랑 분위기가 진짜 좋아서 주변지인들도 추천해주고 데리고가는 카페인데
두어번정도 사장님같은분이 다른분한테 매번 카운터앞에서 혼나는걸 봤는데 ... 더보기"
882921077,카페2.7,잠실,카페 디저트,4.6,663,,,"텀을 꽤 두고 네번 방문했는데 
지금 날씨 낮시간에 백제고분에서 단풍 보며 산책하다 슬슬 커피 땡길 때 들어가 예쁜 빛이랑 오브제 구경하는 재미가 쏠쏠합니다 
얼마전 낮... 더보기"
882921077,카페2.7,잠실,카페 디저트,4.6,663,,,코코넛 라떼에 코코넛칩이 가득 들어있어요 단거 싫어하시는 분들도 고소하게 맛있게 드실 수 있구요. 산미 좋아하시는 분들 아메리카노 산미 높은 걸로 시켜 드셔보세요 정말 만족하... 더보기
882921077,카페2.7,잠실,카페 디저트,4.6,663,,,"외부에서 간판이 안보여서 찾느냐 헤맴ㅋㅋㅋ
아아를 타주지 않고 물컵이랑 따로 주는거 신선했음.
다 좋은데 좌석이 하나같이 불편해서 별 하나는 뺌."
882921077,카페2.7,잠실,카페 디저트,4.6,663,,,"정말 손에 꼽는 인생카페여요
커피도 맛있고 휘낭시에도 맛있고 분위기도 좋아요
또 석촌 갈일있으면 꼭 여길 가야겠어요☕️"
882921077,카페2.7,잠실,카페 디저트,4.6,663,,,"공간도 예쁘고 음료도 맛있어요.+디저트 냠
한적한 때랑 사람들 몰리는 시간대가 있어서 잘 맞춰가면 더... 더보기"
882921077,카페2.7,잠실,카페 디저트,4.6,663,,,여긴 분위기가 진짜.. 우리집 거실이면 좋겠는 곳. 커피는 산미가 조금 있지만 그래도 마실만... 더보기
882921077,카페2.7,잠실,카페 디저트,4.6,663,,,와 역대급 인테리어 카페입니다. 분위기도 커피도 맛있어요
882921077,카페2.7,잠실,카페 디저트,4.6,663,,,"나만 알고싶은 숨겨진 석촌역 감성 카페
유일한 오점은 생각보다 맛있는 음료랄까나...?"
882921077,카페2.7,잠실,카페 디저트,4.6,663,,,커피도 맛있고 분위기도 좋아요 짱장
882921077,카페2.7,잠실,카페 디저트,4.6,663,,,분위기 좋고 생각보다 매우 넓은데 편안해서 놀랐음. 소파와 공간 배치 등 적절하고 편안함. 인스타 감성 카페처럼 노출 콩크리트 공사판 감성에 바닥에 앉아 커필 마셔야 할 줄 알았는데 절대 아님. 추천. 밤엔 위스키 파는 것도 좋음!
882921077,카페2.7,잠실,카페 디저트,4.6,663,,,간판이 너무 예뻐서(?) 지나가다 눈에 띄어서 들렀는데 카페 분위기도 넘 편안하니 좋고 메뉴도 맛나요!
882921077,카페2.7,잠실,카페 디저트,4.6,663,,,"석촌호수 둘러보고 들렀는데 분위기 너무 좋아요 칵테일이랑 커피 , 차 파시는데 커피는 못마셔봤으나 칵테일과 차마셨는데 맛있게 잘 마셨습니다. 휘낭시에도 맛있어요"
882921077,카페2.7,잠실,카페 디저트,4.6,663,,,커피도 휘낭시에도 맛있고 분위기 좋아요 직원분들도 모두 친절하시고 낮이랑 밤 분위기가 확 달라서 재밌어요
882921077,카페2.7,잠실,카페 디저트,4.6,663,,,커피 맛이 중요하신분은 오세요. 2층인데 전망은 없습니다. 조용히 맛있는 커피 먹기
882921077,카페2.7,잠실,카페 디저트,4.6,663,,,"최근에 갔던 카페 중 가장 마음에 듦..
좌석 넓고 편하고 .. 화장실 내부에 있고 깔... 더보기"
882921077,카페2.7,잠실,카페 디저트,4.6,663,,,드립커피 산미 죽입니다 디저트도 맛있다
882921077,카페2.7,잠실,카페 디저트,4.6,663,,,"분위기도 좋았지만, 커피맛도 좋아요!
아지트 찾은 기분이 드네요 :)"
882921077,카페2.7,잠실,카페 디저트,4.6,663,,,분위기. 음악. 음료. 너무 좋아요!
882921077,카페2.7,잠실,카페 디저트,4.6,663,,,분위기
882921077,카페2.7,잠실,카페 디저트,4.6,663,,,사진/영상 후기만 보기
882921077,카페2.7,잠실,카페 디저트,4.6,663,,,2026.03.17.
882921077,카페2.7,잠실,카페 디저트,4.6,663,,,2025.11.21.
882921077,카페2.7,잠실,카페 디저트,4.6,663,,,2025.11.07.
882921077,카페2.7,잠실,카페 디저트,4.6,663,,,2025.04.07.
882921077,카페2.7,잠실,카페 디저트,4.6,663,,,2025.03.14.
882921077,카페2.7,잠실,카페 디저트,4.6,663,,,2025.03.01.
882921077,카페2.7,잠실,카페 디저트,4.6,663,,,2024.08.21.
882921077,카페2.7,잠실,카페 디저트,4.6,663,,,2024.06.09.
882921077,카페2.7,잠실,카페 디저트,4.6,663,,,2024.04.08.
882921077,카페2.7,잠실,카페 디저트,4.6,663,,,2023.11.15.
882921077,카페2.7,잠실,카페 디저트,4.6,663,,,2023.08.26.
882921077,카페2.7,잠실,카페 디저트,4.6,663,,,2023.07.15.
882921077,카페2.7,잠실,카페 디저트,4.6,663,,,2023.07.14.
882921077,카페2.7,잠실,카페 디저트,4.6,663,,,2023.05.19.
882921077,카페2.7,잠실,카페 디저트,4.6,663,,,2022.10.23.
882921077,카페2.7,잠실,카페 디저트,4.6,663,,,2025.08.16.
882921077,카페2.7,잠실,카페 디저트,4.6,663,,,2025.05.18.
882921077,카페2.7,잠실,카페 디저트,4.6,663,,,2025.04.21.
882921077,카페2.7,잠실,카페 디저트,4.6,663,,,2025.02.15.
882921077,카페2.7,잠실,카페 디저트,4.6,663,,,2024.05.17.
1471914362,카페만월경 잠실점,잠실,카페 디저트,4.5,2,,,"조용하고 분위기 있는 무인카페
  먹을거 없으면 그냥 차가운물 따듯한물로 시켜서 마실수도 있음."
1471914362,카페만월경 잠실점,잠실,카페 디저트,4.5,2,,,"2025.12월달 음악이 나오지않아서 매우 조용한 환경이라 공부하기가 좋아요  메뉴가 다양해서 좋아요
2026.1.06음악 틀지않았었는데 이제 클래식 나옵니다.
좀 아쉬... 더보기"
1471914362,카페만월경 잠실점,잠실,카페 디저트,4.5,2,,,가성비
1471914362,카페만월경 잠실점,잠실,카페 디저트,4.5,2,,,분위기
1471914362,카페만월경 잠실점,잠실,카페 디저트,4.5,2,,,사진/영상 후기만 보기
1471914362,카페만월경 잠실점,잠실,카페 디저트,4.5,2,,,2026.02.16.
1471914362,카페만월경 잠실점,잠실,카페 디저트,4.5,2,,,2026.01.06.
471061232,카페아일랜드 베이커리 잠실2호점,잠실,카페 디저트,0,5,,,후기 108
471061232,카페아일랜드 베이커리 잠실2호점,잠실,카페 디저트,0,5,,,후기 175
471061232,카페아일랜드 베이커리 잠실2호점,잠실,카페 디저트,0,5,,,후기 63
471061232,카페아일랜드 베이커리 잠실2호점,잠실,카페 디저트,0,5,,,후기 90
1257470875,카페시나몬,잠실,카페 디저트,,637,,,후기 458
1257470875,카페시나몬,잠실,카페 디저트,,637,,,후기 315
1257470875,카페시나몬,잠실,카페 디저트,,637,,,후기 686
1257470875,카페시나몬,잠실,카페 디저트,,637,,,후기 417
1257470875,카페시나몬,잠실,카페 디저트,,637,,,분위기
1257470875,카페시나몬,잠실,카페 디저트,,637,,,방문 목적
1257470875,카페시나몬,잠실,카페 디저트,,637,,,동반인
607577498,카페모던비,잠실,카페 디저트,4.7,8,,,후기 보고 찾아갔는데 크림 라떼 맛있어요 :) 카페 분위기도 깔끔해요
607577498,카페모던비,잠실,카페 디저트,4.7,8,,,"동네가 조용해서 그런지 카페도 조용하고 아늑해서 좋아요! 바닐라라떼 먹었는데, 많이 달지 않고 수제시럽 느낌이 나서 깔끔한 맛이에요. 주말에 잠실에 사람이 너무 많아서 힘들었는데 조용히 잘 쉬고 갑니다~"
607577498,카페모던비,잠실,카페 디저트,4.7,8,,,크림라떼 멜론라떼 맛있었어요. 귀여운 버터쿠키도 찐하고 맛있습니다
607577498,카페모던비,잠실,카페 디저트,4.7,8,,,"[B크림라떼] 라는 메뉴인데  크림 라떼 정말 맛있네요!
일반적인 카페라떼보다 더 맛있어요
다음에 또 사먹어야겠어요ㅎ"
607577498,카페모던비,잠실,카페 디저트,4.7,8,,,"본가 올 때마다 가는 곳이에요! 분위기가 편안해서 조용히 앉아서 커피 마시기 좋아요!
커피와 음료 전부 맛있고 디저트도 소... 더보기"
607577498,카페모던비,잠실,카페 디저트,4.7,8,,,공간은 좋고 커피는 무난
607577498,카페모던비,잠실,카페 디저트,4.7,8,,,"위치와 접근성 빼고는 모든게 좋아요. 커피맛도 .. 음악도.. 다른 메뉴들도..
 사장님은 항상 깨끗하게 매장관리를 잘하세요"
607577498,카페모던비,잠실,카페 디저트,4.7,8,,,사장님 늘 친절하시고 커피 정말 맛있어요
607577498,카페모던비,잠실,카페 디저트,4.7,8,,,멜론라떼 맛있어용 ㅎ모던한 라떼
607577498,카페모던비,잠실,카페 디저트,4.7,8,,,크림라떼 인정!!
607577498,카페모던비,잠실,카페 디저트,4.7,8,,,라떼 쏘쏘 사장님 친절
607577498,카페모던비,잠실,카페 디저트,4.7,8,,,"My favorite neighborhood place to go and think or write. The space is relaxing and open, and the coffee is lovely."
607577498,카페모던비,잠실,카페 디저트,4.7,8,,,분위기
607577498,카페모던비,잠실,카페 디저트,4.7,8,,,가성비
607577498,카페모던비,잠실,카페 디저트,4.7,8,,,사진/영상 후기만 보기
607577498,카페모던비,잠실,카페 디저트,4.7,8,,,2022.08.25.
607577498,카페모던비,잠실,카페 디저트,4.7,8,,,2025.12.13.
607577498,카페모던비,잠실,카페 디저트,4.7,8,,,2022.08.28.
607577498,카페모던비,잠실,카페 디저트,4.7,8,,,2022.04.29.
607577498,카페모던비,잠실,카페 디저트,4.7,8,,,2021.03.13.
607577498,카페모던비,잠실,카페 디저트,4.7,8,,,2026.02.03.
607577498,카페모던비,잠실,카페 디저트,4.7,8,,,2024.12.30.
607577498,카페모던비,잠실,카페 디저트,4.7,8,,,2024.03.28.
607577498,카페모던비,잠실,카페 디저트,4.7,8,,,2023.05.21.
607577498,카페모던비,잠실,카페 디저트,4.7,8,,,2023.03.24.
607577498,카페모던비,잠실,카페 디저트,4.7,8,,,2021.09.12.
607577498,카페모던비,잠실,카페 디저트,4.7,8,,,2021.07.18.
607577498,카페모던비,잠실,카페 디저트,4.7,8,,,2019.06.07.
607577498,카페모던비,잠실,카페 디저트,4.7,8,,,2024.08.11.
607577498,카페모던비,잠실,카페 디저트,4.7,8,,,2021.12.18.
945880291,카페다반,잠실,카페 디저트,4.5,134,,,"여자친구 : ●●●●○
말차와 차를 엄청 좋아하는데 레몬하고 섞인걸 주문 했음! 엄청 ... 더보기"
945880291,카페다반,잠실,카페 디저트,4.5,134,,,"밀크티를 좋아하신다면 자신있게 추천드립니다..
사장님도 언제나 친절하셔요
오래오래 운영해주셨으면~~"
945880291,카페다반,잠실,카페 디저트,4.5,134,,,"한라봉 케이크 너무 맛있어서
사진 찍는걸 깜빡했어요ㅠㅠ
... 더보기"
945880291,카페다반,잠실,카페 디저트,4.5,134,,,"카페 분위기가 좋아요~ 카페라떼 맛도 좋고 말차라떼를 좋아하는데 진짜 맛있는 말차라떼 맛입니당 그리고 케이크도 다 맛있어요! 
데이트코스로 추천드려요!"
945880291,카페다반,잠실,카페 디저트,4.5,134,,,"분위기도 조용하고 티가 정말 맛있음
한라봉 홍차 케이크 추천!
티 종류가 많아서 여러개 시도해보고픔"
945880291,카페다반,잠실,카페 디저트,4.5,134,,,"사장님 메뉴 설명 친절
노래 데시벨 적당, 분위기 조성 적절
의자 자리... 더보기"
945880291,카페다반,잠실,카페 디저트,4.5,134,,,"좋아요 
아늑하고 ..
따뜻한 차 잘 마셨습니다
사... 더보기"
945880291,카페다반,잠실,카페 디저트,4.5,134,,,콤부차 존맛이에요 쿰쿰하지 않고 은은한 신맛이라 넘 맛있었어요
945880291,카페다반,잠실,카페 디저트,4.5,134,,,"티 설명도 자세히 해주시고 서비스로 주신
호두정과가 너무 맛있어서 주변 선물 드릴 것 구매함."
945880291,카페다반,잠실,카페 디저트,4.5,134,,,분위기 좋고 주변 다른 카페보다 사람이 훨씬 적어서 좋아요. 무엇보다 사장님이 너무 친절하세요.
945880291,카페다반,잠실,카페 디저트,4.5,134,,,"하우스콤부차, 밀키우롱티, 단호박케이크 시켰는데 셋다 만족스러웠어요~!! 특히 하우스콤부차가 너무 맛있어서 나중에 가면 콤부차 두잔 시킬 것 같아요~ 보통 시중 카페 콤부차는 신... 더보기"
945880291,카페다반,잠실,카페 디저트,4.5,134,,,"친절하고 조용하고 아늑한 카페

웨딩 임페리얼 티가 좋았... 더보기"
945880291,카페다반,잠실,카페 디저트,4.5,134,,,계단 내려올 때부터 아기자기 예쁘게 꾸며져 있습니다. 차를 좋아하는 저에게 굉장히 취향저격 장소였어요. 차 만드는 공간도 굉장히 멋져요! 오늘의 콤부차(뱅쇼)랑 아.아. 마셨어요. 다음에 또 와서 다른 차도 마시고 맘에 들... 더보기
945880291,카페다반,잠실,카페 디저트,4.5,134,,,콤부차 맛집임 ㄹㅇ 상큼
945880291,카페다반,잠실,카페 디저트,4.5,134,,,"더운 날에 콤부차 아주 맛있고, 시즌 한정 하우스 콤부차 찾아 먹는 맛도 좋습니다. 홀에서 콤부차 먹으면 리필도 해주시고 말차라떼, 말차 배리에이션도 맛있고 차도 좋고 사장님도 엄청 친절하심.... 더보기"
945880291,카페다반,잠실,카페 디저트,4.5,134,,,"사쿠란보, 밀키우롱 티먹었는데 색도 너무 이쁘고 너무 맛있었어요!! 사장님 너므 친절하시구!! 호두정과 서비스로 주샸는데 사먹고 싶을 정도로 맛있었움!!!
잠실 때마다 갈거임!!!"
945880291,카페다반,잠실,카페 디저트,4.5,134,,,"콤부차는 굿(자몽 히비스커스, 애플 유자)
케이크는 샘플과 실물 간의 격차가 좀 심함

총평: 인테리어가 아... 더보기"
945880291,카페다반,잠실,카페 디저트,4.5,134,,,송리단길 콤부차 맛집 카페다반의 사장님은 늘 웃음으로 대해주셔서 다반에 들르면 항상 기분좋은 시간을 보내고 ^^ 나옵니다.현재 리뷰 작성시 콤부차 증정 이벤트가 있어서 이번에는 다즐링을 주문해 마셨... 더보기
945880291,카페다반,잠실,카페 디저트,4.5,134,,,차도 너무 맛있고 내부 분위기랑 사장님도 넘 친절하고 좋으십니다 리뷰 잘 안남기는데 남겨요 특히 호두정과가 정말 맛있어서 앞으로 계속 올 거에요
945880291,카페다반,잠실,카페 디저트,4.5,134,,,"카페가 조용하니 좋고 인테리어도 감성있어요!
음료랑 디저트도 맛있습니다... 더보기"
945880291,카페다반,잠실,카페 디저트,4.5,134,,,분위기
945880291,카페다반,잠실,카페 디저트,4.5,134,,,가성비
945880291,카페다반,잠실,카페 디저트,4.5,134,,,사진/영상 후기만 보기
945880291,카페다반,잠실,카페 디저트,4.5,134,,,2025.12.21.
945880291,카페다반,잠실,카페 디저트,4.5,134,,,2025.09.25.
945880291,카페다반,잠실,카페 디저트,4.5,134,,,2025.03.16.
945880291,카페다반,잠실,카페 디저트,4.5,134,,,2025.03.14.
945880291,카페다반,잠실,카페 디저트,4.5,134,,,2024.10.03.
945880291,카페다반,잠실,카페 디저트,4.5,134,,,2024.05.05.
945880291,카페다반,잠실,카페 디저트,4.5,134,,,2024.02.04.
945880291,카페다반,잠실,카페 디저트,4.5,134,,,2023.10.01.
945880291,카페다반,잠실,카페 디저트,4.5,134,,,2023.08.01.
945880291,카페다반,잠실,카페 디저트,4.5,134,,,2023.05.01.
945880291,카페다반,잠실,카페 디저트,4.5,134,,,2026.01.03.
945880291,카페다반,잠실,카페 디저트,4.5,134,,,2025.11.14.
945880291,카페다반,잠실,카페 디저트,4.5,134,,,2025.08.01.
945880291,카페다반,잠실,카페 디저트,4.5,134,,,2025.07.05.
945880291,카페다반,잠실,카페 디저트,4.5,134,,,2025.06.01.
945880291,카페다반,잠실,카페 디저트,4.5,134,,,2025.03.24.
2045646287,카페618,잠실,카페 디저트,4.5,12,,,"카페 후기 처음 써봐요. 잔잔한 오디오를 배경으로 바깥을 구경하며 작업하기란 참 좋더군요.
달콤쌉싸름한 아인슈페너와 그 위에 올라간 바삭한 크루아상 과자는 일품이... 더보기"
2045646287,카페618,잠실,카페 디저트,4.5,12,,,"식물 많이 키움
카야토스트 맛있었음
사람 많이 없었음"
2045646287,카페618,잠실,카페 디저트,4.5,12,,,숨은 동네 분좋카!! 간단히 뭐 작업할 거 있을 때 가기 좋아요. 갈까 말까 고민 중이라면 한 번 가보시길 추천합니다👍
2045646287,카페618,잠실,카페 디저트,4.5,12,,,커피랑 크로플이 맛있음. 근데 맥주도 팔던데 진짜 작은 병인데도 개비쌈
2045646287,카페618,잠실,카페 디저트,4.5,12,,,불친절하고 시끄러움... 화장실 지린내 엄청 나고 담배피는 사람 많아서 꽁초도 지저분함 케이크 손바닥보다 작은데 개비쌈 다신안감
2045646287,카페618,잠실,카페 디저트,4.5,12,,,크로플맛있어요
2045646287,카페618,잠실,카페 디저트,4.5,12,,,분위기
2045646287,카페618,잠실,카페 디저트,4.5,12,,,가성비
2045646287,카페618,잠실,카페 디저트,4.5,12,,,사진/영상 후기만 보기
2045646287,카페618,잠실,카페 디저트,4.5,12,,,2024.08.06.
2045646287,카페618,잠실,카페 디저트,4.5,12,,,2023.09.10.
2045646287,카페618,잠실,카페 디저트,4.5,12,,,2025.12.21.
2045646287,카페618,잠실,카페 디저트,4.5,12,,,2024.03.06.
2045646287,카페618,잠실,카페 디저트,4.5,12,,,2023.09.08.
2045646287,카페618,잠실,카페 디저트,4.5,12,,,2022.06.13.
2045646287,카페618,잠실,카페 디저트,4.5,12,,,2022.03.16.
2045646287,카페618,잠실,카페 디저트,4.5,12,,,2022.03.15.
1936055591,카페코너574,잠실,카페 디저트,,44,,,후기 미제공
1936055591,카페코너574,잠실,카페 디저트,,44,,,후기 458
1936055591,카페코너574,잠실,카페 디저트,,44,,,후기 163
1936055591,카페코너574,잠실,카페 디저트,,44,,,분위기
1936055591,카페코너574,잠실,카페 디저트,,44,,,방문 목적
1936055591,카페코너574,잠실,카페 디저트,,44,,,동반인
1718058455,카페쿠도,잠실,카페 디저트,,105,,,후기 미제공
1718058455,카페쿠도,잠실,카페 디저트,,105,,,후기 458
1718058455,카페쿠도,잠실,카페 디저트,,105,,,후기 163
1718058455,카페쿠도,잠실,카페 디저트,,105,,,분위기
1718058455,카페쿠도,잠실,카페 디저트,,105,,,방문 목적
1718058455,카페쿠도,잠실,카페 디저트,,105,,,동반인
1731532134,정자매카페,잠실,카페 디저트,5,102,,,커피 에이드 샌드위치 그냥 다 맛집. 이 집 레몬에이드는 진짜입니다.
1731532134,정자매카페,잠실,카페 디저트,5,102,,,커피랑 샌드위치 맛있어요 ☺️👍🏻
1731532134,정자매카페,잠실,카페 디저트,5,102,,,가성비
1731532134,정자매카페,잠실,카페 디저트,5,102,,,분위기
1731532134,정자매카페,잠실,카페 디저트,5,102,,,사진/영상 후기만 보기
1731532134,정자매카페,잠실,카페 디저트,5,102,,,2026.01.30.
1731532134,정자매카페,잠실,카페 디저트,5,102,,,2022.08.20.
