restaurant_id,restaurant_name,area,category,rating,review_count,price,photo_ratio,review_text
nv_1242805374,육달집 강남본점,강남,한식,"방문자 리뷰 1,068",16731900,,,너무 맛있어요 그리고 직접 구워주셔서 회식장소로 딱입니다! 된장찌개도 맛나고 구워먹는 치즈 꼭 시켜드세요 저희 팀장님이 엄청 잘 드셨어요👍👍
nv_1242805374,육달집 강남본점,강남,한식,"방문자 리뷰 1,068",16731900,,,"오늘 남자친구 친구네 커플이랑 에버랜드 갔다가 급하게 배고파서 찾은 고기집인데 너무 맛있었어요 !!
볶음밥도 시켰는데 진짜 미쳤더라고요
화장실에 가글도 있어서 너무 만족했어요 !!
가족들이랑 친구들이랑 가도 좋을 거 같아요
접기"
nv_1242805374,육달집 강남본점,강남,한식,"방문자 리뷰 1,068",16731900,,,"고기 질 자체가 좋아서 별다른 양념 없이도 맛있습니다. 육즙이 풍부하고 식감이 부드러워 만족스럽게 먹었습니다. 매장 내부도 깔끔하고 기본 찬 구성도 과하지 않아 식사 내내 쾌적했습니다. 기본에 충실한 고기집을 찾으신다면 추천합니다.
접기"
nv_1242805374,육달집 강남본점,강남,한식,"방문자 리뷰 1,068",16731900,,,고기가 너무너무 맛있어요... 최고...
nv_1242805374,육달집 강남본점,강남,한식,"방문자 리뷰 1,068",16731900,,,"맛있어요! 화로가 멀어서 기름도 안튀고 고기도 다 구워서 나와서 편하고 좋았어용
고기렁 김치도 맛있고 무엇보다 술이 1900원이라는 게 좋네요!
더보기"
nv_1242805374,육달집 강남본점,강남,한식,"방문자 리뷰 1,068",16731900,,,강남역 구워주는 고기집 넘 조아용 !! 맛있게 먹었습니당 😋
nv_1242805374,육달집 강남본점,강남,한식,"방문자 리뷰 1,068",16731900,,,"하이볼도 있어서 넘넘 좋고 직접 구울필요없이 편하게 먹을수있어서 넘 좋습니다💕
고기도 맛있구 매장도 쾌적하고 좋아요!!!"
nv_1242805374,육달집 강남본점,강남,한식,"방문자 리뷰 1,068",16731900,,,"고기 질 자체가 좋아서 별다른 양념 없이도 맛있습니다. 육즙이 풍부하고 식감이 부드러워 만족스럽게 먹었습니다. 매장 내부도 깔끔하고 기본 찬 구성도 과하지 않아 식사 내내 쾌적했습니다. 기본에 충실한 고기집을 찾으신다면 추천합니다.
더보기"
nv_1242805374,육달집 강남본점,강남,한식,"방문자 리뷰 1,068",16731900,,,"여기 완전 가성비 갑입니다!!!! 점심메뉴 강남에서 1등인 것 같아요. 고기도 구워서 나오는데 잡내 하나도 안나고 밥이랑 된찌도 계속 리필해주셔서 완전 감사했어요. 적극 추천합니다!!!
접기"
nv_1242805374,육달집 강남본점,강남,한식,"방문자 리뷰 1,068",16731900,,,"고기가 구워져서 나와서 너무 편하게 먹을 수 있고
옷에 냄새가 배지 않아서 좋았습니다
강남에서 고기 드실 때 추천드려요!"
nv_1242805374,육달집 강남본점,강남,한식,"방문자 리뷰 1,068",16731900,,,"예약없이 왔지만 단체 예약이 주말에 있어서 바형태 좌석에 앉았는데 연인끼리 앉기에는 좋아요. 고기도 구워져서 나와서 바로 먹을 수 있고 고기 냄새 걱정하시는 분들은 에어컨 옆에 라커에 짐 보관하면 돼요 고기 맛있어요 다만, 쌈은 돈을 따로 받아요
접기"
nv_1242805374,육달집 강남본점,강남,한식,"방문자 리뷰 1,068",16731900,,,"점심 정식 먹으러왔는데 넘넘 맛있습니다 !!!
육회비빔밥, 찌개류도 있고 삼겹살 구이 정식 너무 좋아요 👍👍 #강남맛집 #신논현 맛집"
nv_1242805374,육달집 강남본점,강남,한식,"방문자 리뷰 1,068",16731900,,,"예약없이 왔지만 단체 예약이 주말에 있어서 바형태 좌석에 앉았는데 연인끼리 앉기에는 좋아요. 고기도 구워져서 나와서 바로 먹을 수 있고 고기 냄새 걱정하시는 분들은 에어컨 옆에 라커에 짐 보관하면 돼요 고기 맛있어요 다만, 쌈은 돈을 따로 받아요
더보기"
nv_1242805374,육달집 강남본점,강남,한식,"방문자 리뷰 1,068",16731900,,,"강남에서 구워서 나오는 고기와 하이볼을 편하게 즐기고 싶다면 강남 육달집 추천! 단체석부터 2인 커플석까지 잘 갖춰져 있어 누구와 가도 편하게 즐길 수 있어요

👉🏻 삼겹목살세트: 구워서 나오는 고기라 편하게 즐길 수 있었고, 고소하고 육즙 가득한 삼겹과 목살이 워터에이징으로 숙성해서 부드럽고 지방부분이 맛있었어요.

👉🏻 비빔국수: 새콤달콤하면서도 매콤한 양념이 잘 배어 있어 고기와 함께 먹기 딱 좋았어요. 조미김과 참기름의 조화가 딱이에요.

👉🏻 엑스레이티드하이볼, 아구아하이볼: 달콤하고 시원한 하이볼이 고기와 찰떡궁합! 색감도 예뻐서 인증샷찍기 좋음ㅎㅎ
더보기"
nv_1242805374,육달집 강남본점,강남,한식,"방문자 리뷰 1,068",16731900,,,고기도다구워져서 나오고 사물함도 따로있어서 좋아요!! 사이드랑 술 다양하고 고기도 너무 맛있네요
nv_1242805374,육달집 강남본점,강남,한식,"방문자 리뷰 1,068",16731900,,,"고기가 다 구워져서 나와서
편하게 먹기 좋았어요!!
김치도 크게 통으로 주시고 맛있어요!!"
nv_1242805374,육달집 강남본점,강남,한식,"방문자 리뷰 1,068",16731900,,,"구워주는 고기집 검색해서 왔어요
고기도 맛있고 친절하세요.
친구랑 오랫만에 좋은 시간 가졌어요"
nv_1242805374,육달집 강남본점,강남,한식,"방문자 리뷰 1,068",16731900,,,고기도 너무 맛잇고 좋아요
nv_1242805374,육달집 강남본점,강남,한식,"방문자 리뷰 1,068",16731900,,,강남에서 뷰가 너무 좋아서 먹는 맛이 나요!! 그리고 고기 비쥬얼도 좋아요!! 술 이벤트 주말 아닌건 아쉬워요🤣🤣
nv_1242805374,육달집 강남본점,강남,한식,"방문자 리뷰 1,068",16731900,,,지나가다 들어온곳인데 깔끔하고 무엇보다 구워서나오니까 편해요 ㅎㅎㅎ 맛은 당연히 있습니당😊 소주맥주도 고객감사 할인 진행중이라 너무 좋았어요
nv_1242805374,육달집 강남본점,강남,한식,"방문자 리뷰 1,068",16731900,,,"고기가 구워서 나와가지구 넘 편하고 맛있어요😊
하이볼도 완전 맛있습니다! 알쓰에게 딱 알맞아요!
다음에 또 올게요ㅎㅎ"
nv_1242805374,육달집 강남본점,강남,한식,"방문자 리뷰 1,068",16731900,,,"오늘 남자친구 친구네 커플이랑 에버랜드 갔다가 급하게 배고파서 찾은 고기집인데 너무 맛있었어요 !!
볶음밥도 시켰는데 진짜 미쳤더라고요
화장실에 가글도 있어서 너무 만족했어요 !!
가족들이랑 친구들이랑 가도 좋을 거 같아요
더보기"
nv_1242805374,육달집 강남본점,강남,한식,"방문자 리뷰 1,068",16731900,,,"여기 완전 가성비 갑입니다!!!! 점심메뉴 강남에서 1등인 것 같아요. 고기도 구워서 나오는데 잡내 하나도 안나고 밥이랑 된찌도 계속 리필해주셔서 완전 감사했어요. 적극 추천합니다!!!
더보기"
nv_1242805374,육달집 강남본점,강남,한식,"방문자 리뷰 1,068",16731900,,,회사 팀원들이랑 모임 왔어요! 고기를 직접 구워주시니까 너무 편하고 맛있어요 ㅎㅎ
nv_1242805374,육달집 강남본점,강남,한식,"방문자 리뷰 1,068",16731900,,,"강남에서 구워서 나오는 고기와 하이볼을 편하게 즐기고 싶다면 강남 육달집 추천! 단체석부터 2인 커플석까지 잘 갖춰져 있어 누구와 가도 편하게 즐길 수 있어요

👉🏻 삼겹목살세트: 구워서 나오는 고기라 편하게 즐길 수 있었고, 고소하고 육즙 가득한 삼겹과 목살이 워터에이징으로 숙성해서 부드럽고 지방부분이 맛있었어요.

👉🏻 비빔국수: 새콤달콤하면서도 매콤한 양념이 잘 배어 있어 고기와 함께 먹기 딱 좋았어요. 조미김과 참기름의 조화가 딱이에요.

👉🏻 엑스레이티드하이볼, 아구아하이볼: 달콤하고 시원한 하이볼이 고기와 찰떡궁합! 색감도 예뻐서 인증샷찍기 좋음ㅎㅎ
접기"
nv_2049427610,사계절집 강남본점,강남,한식,방문자 리뷰 143,232,,,"회사 근처에 있는 식당인데 오픈할때부터 계속 방문해요
계절에 따라 메뉴가 바뀐다는 점이 너무 좋은 것 같아요
일년에 최소 네번은 방문확정이에요!ㅋㅋ 이번엔 어떤 메뉴일까 기대감
메뉴 구성도 알차고 맛도 너무 좋아서 퇴근 후 회사 동료들하고 자주 옵니다
완전 추천하는데 또 추천하면 웨이팅 길어질까봐 두렵네요 ㅋㅋㅋ
여름제철 물회라는데 기대하고 있습니다!! 😍
더보기"
nv_2049427610,사계절집 강남본점,강남,한식,방문자 리뷰 143,232,,,"회사 근처에 있는 식당인데 오픈할때부터 계속 방문해요
계절에 따라 메뉴가 바뀐다는 점이 너무 좋은 것 같아요
일년에 최소 네번은 방문확정이에요!ㅋㅋ 이번엔 어떤 메뉴일까 기대감
메뉴 구성도 알차고 맛도 너무 좋아서 퇴근 후 회사 동료들하고 자주 옵니다
완전 추천하는데 또 추천하면 웨이팅 길어질까봐 두렵네요 ㅋㅋㅋ
여름제철 물회라는데 기대하고 있습니다!! 😍
접기"
nv_2049427610,사계절집 강남본점,강남,한식,방문자 리뷰 143,232,,,"회사 근처 횟집 찾다가 왔는데 도다리 이렇게 길게 썰어주는데 먹어보고 싶었는데ㅠㅠ 완전 식감이랑 장난아니에요 너무 맛있어요 최고 술이 그냥 술술 들어가요 하루의 피로가 풀리는 기분
더보기"
nv_2049427610,사계절집 강남본점,강남,한식,방문자 리뷰 143,232,,,맛있게 잘 먹었습니다. 맛있어서 술이 술술 들어갑니다~~
nv_2049427610,사계절집 강남본점,강남,한식,방문자 리뷰 143,232,,,"너무 아늑하고 안주 매력적이에요
오징어가 다리는 숙회 몸통은 회로 나왔는데
감다살감다살~~~~~
계절집 이름값답게 계절마다 메임메뉴 바뀤다고 들었는데
시즌별로 방문파도싶어졌어요
나만 알고 싶어요ㅠㅠ
더보기"
nv_2049427610,사계절집 강남본점,강남,한식,방문자 리뷰 143,232,,,"친구들 모임이 있어서
제가 끌고왔는데
나머지 세명한테 박수받았어요
쭈구미 샤브샤브에
칼국수 먹었더니 넷이 배터지게 먹네요
분위기도 좋고
직원분도 친절해서
자주올꺼같아요!
더보기"
nv_2049427610,사계절집 강남본점,강남,한식,방문자 리뷰 143,232,,,"사계절집이라는 이름답게 사계절 제철 메뉴를 맛볼 수 있어요~ 지금은 봄이라 제철인 알쭈꾸미와 봄도다리회, 미더덕회 봄메뉴가 있어요~
도다리회를 먹었는데 회도 신선하고 맛있게 잘 먹었어요♡
야장포차 분위기라 얘기하며 술 마시기 좋아요^^
대박나세요 👍
접기"
nv_2049427610,사계절집 강남본점,강남,한식,방문자 리뷰 143,232,,,"회사 근처 횟집 찾다가 왔는데 도다리 이렇게 길게 썰어주는데 먹어보고 싶었는데ㅠㅠ 완전 식감이랑 장난아니에요 너무 맛있어요 최고 술이 그냥 술술 들어가요 하루의 피로가 풀리는 기분
접기"
nv_2049427610,사계절집 강남본점,강남,한식,방문자 리뷰 143,232,,,"친구들 모임이 있어서
제가 끌고왔는데
나머지 세명한테 박수받았어요
쭈구미 샤브샤브에
칼국수 먹었더니 넷이 배터지게 먹네요
분위기도 좋고
직원분도 친절해서
자주올꺼같아요!
접기"
nv_2049427610,사계절집 강남본점,강남,한식,방문자 리뷰 143,232,,,"신사 근처 맛집 찾다가 딱 먹고싶었던 메뉴들이 있어서 왔는데, 제철음식에 진심인곳이었네요! 진심으로다가 모든 메뉴들이 너무 맛있습니다. 친구들과 너무 맛있다고하면서 계속 먹었네요! 정말 사계절 제철음식들이 궁금해서 다음에 또 올것같아요!
접기"
nv_2049427610,사계절집 강남본점,강남,한식,방문자 리뷰 143,232,,,"너무 아늑하고 안주 매력적이에요
오징어가 다리는 숙회 몸통은 회로 나왔는데
감다살감다살~~~~~
계절집 이름값답게 계절마다 메임메뉴 바뀤다고 들었는데
시즌별로 방문파도싶어졌어요
나만 알고 싶어요ㅠㅠ
접기"
nv_2049427610,사계절집 강남본점,강남,한식,방문자 리뷰 143,232,,,"신사 근처 맛집 찾다가 딱 먹고싶었던 메뉴들이 있어서 왔는데, 제철음식에 진심인곳이었네요! 진심으로다가 모든 메뉴들이 너무 맛있습니다. 친구들과 너무 맛있다고하면서 계속 먹었네요! 정말 사계절 제철음식들이 궁금해서 다음에 또 올것같아요!
더보기"
nv_2049427610,사계절집 강남본점,강남,한식,방문자 리뷰 143,232,,,"신선한 제철 음식이 너무나 맛있습니다
직원분들 친절하고 또또 방문하고 싶어요
잘먹었습니다👍"
nv_2049427610,사계절집 강남본점,강남,한식,방문자 리뷰 143,232,,,"사계절집이라는 이름답게 사계절 제철 메뉴를 맛볼 수 있어요~ 지금은 봄이라 제철인 알쭈꾸미와 봄도다리회, 미더덕회 봄메뉴가 있어요~
도다리회를 먹었는데 회도 신선하고 맛있게 잘 먹었어요♡
야장포차 분위기라 얘기하며 술 마시기 좋아요^^
대박나세요 👍
더보기"
nv_2049427610,사계절집 강남본점,강남,한식,방문자 리뷰 143,232,,,"엄청 푸짐하고 재료가 싱싱해서 맛있어요!!!
재방문 의사 있습니다 엄청 친절하시고 창문도
다 열어져있어서 야장 느낌나요 가격도 합리적
제철 해산물 먹기 좋아요🌸
더보기"
nv_2049427610,사계절집 강남본점,강남,한식,방문자 리뷰 143,232,,,"사계절집 3번째 방문!!!!!! 암꽃게탕 먹고 갑오징어 먹고 다시 꽃게탕으로! ㅎㅅㅎ
재재재방문 맛집임니다아! 완전 추천!!!!!!!!"
nv_1046192699,봉계타 현대백화점 무역센터점,강남,한식,"방문자 리뷰 2,072",2711,,,"칼국수 국물이 진하고 맛있어요.
초계냉면 면이 메밀인데 쫄깃하고 좋네요"
nv_1046192699,봉계타 현대백화점 무역센터점,강남,한식,"방문자 리뷰 2,072",2711,,,"🩵닭칼국수 ₩16,000
💜꼬꼬밥, 청양다대기

봉계타 닭칼국수 정말 맛있어요. 정말 고급스럽고 몸에 좋을것 같은 맛이에요. 국물이 깊고 진하고 감칠맛이 폭발합니다. 닭다릿살이 큼지막하게 들어가있고, 면도 쫄깃합니다.
현대백화점 무역센터점에서 식사할 곳을 찾는다면 자신있게 추천할 수 있어요, 칼국수 맛집 찾는다고 해도 당당하게 추천할 수 있구요. 근데.. 가격이 또 올랐네요. 이제 조금 부담스러워졌어요.
접기"
nv_1046192699,봉계타 현대백화점 무역센터점,강남,한식,"방문자 리뷰 2,072",2711,,,"두번째 방문인데 음식이 깔끔하고 맛있어요!
어른들은 얼큰, 아이들은 닭칼국수에 꼬꼬밥
찰떡 조합이네요!
순희 막걸리는 여기서 처음 먹어보는데 정말 맛있어서 이거 먹으러 봉계타 오는거 같아요 👍🏻
접기"
nv_1046192699,봉계타 현대백화점 무역센터점,강남,한식,"방문자 리뷰 2,072",2711,,,음식 자체가 깔끔하고 맛있어요~ 아이들과 먹기에도 좋습니다^^
nv_1046192699,봉계타 현대백화점 무역센터점,강남,한식,"방문자 리뷰 2,072",2711,,,"닭칼국수 너무 맛있었어요
닭고기가 통으로 들어있어 단백질 섭취도 충분히 한것 같아요"
nv_1046192699,봉계타 현대백화점 무역센터점,강남,한식,"방문자 리뷰 2,072",2711,,,늘 맛있게 잘 먹어요
nv_1046192699,봉계타 현대백화점 무역센터점,강남,한식,"방문자 리뷰 2,072",2711,,,"아기랑 같이 다녀왔는데 아기와 함께 먹을 건지 먼저 물어봐주시고 아기가 먹을 수 있는 재료 확인 해주셔서 감사했어요. 하이체어도 안전하고 편안해보여 좋았고요. 디테일 하나하나 다 좋았지만 무엇보다 너무 맛있게 먹었습니다. 최고. 엄지척.
더보기"
nv_1046192699,봉계타 현대백화점 무역센터점,강남,한식,"방문자 리뷰 2,072",2711,,,부추 무침 맛있어요 추가해서 드시길 추천합니다 김치도 맛있고 깔끔하고 좋아요
nv_1046192699,봉계타 현대백화점 무역센터점,강남,한식,"방문자 리뷰 2,072",2711,,,삼성역 근처에 입에 맛는 먹거리가 적었는데 여기 봉계타 진짜 맛있어요! 특히 불맛닭칼국수 아주 강추입니다!
nv_1046192699,봉계타 현대백화점 무역센터점,강남,한식,"방문자 리뷰 2,072",2711,,,"오늘도 맛있게 잘 먹었습니다 ㅎ
오늘도 완칼했네요!"
nv_1046192699,봉계타 현대백화점 무역센터점,강남,한식,"방문자 리뷰 2,072",2711,,,현백 올때마다 가끔씩 생각나서 오구있어요~!~! 엄마가 오고 싶었는데 웨이팅 있어서 못오셨다해서 모시고 왔어요! 국물이 진해서 해장하기도 최고^^닭도 많이 들었어요
nv_1046192699,봉계타 현대백화점 무역센터점,강남,한식,"방문자 리뷰 2,072",2711,,,너무맛있어요!!!
nv_1046192699,봉계타 현대백화점 무역센터점,강남,한식,"방문자 리뷰 2,072",2711,,,"점심이 늦어져서 간단히 먹을겸 차가운거 먹고 싶은 사람과 뜨거운거 먹고 싶은 사람의 합의점으로 ㅋㅋ방문해봤어요 😊 초계국수 처음 먹어서 보편적인건지 비교를 할 수는 없지만! 입덧중인 저로서는 만족했어요!! 살얼음 동동 나오고 처음에 무슨맛인가 했는데 ㅋㅋ 안에 열무김치랑 오이가 들어있어서 같이 먹으니 익숙한 맛 나더라구요!! 이때부터 넘 맛있게 먹었어요 🥰 레몬 짜는 기계 저도 사고싶어서 괜히 사진 찍어봄여ㅋㅋ 남편은 편식이 심해서 ㅋㅋ제 메뉴 싫다했지만 전 또 먹으러 올래요! ⭐️ 임산부 강추 합니다!! 👍🏻👍🏻 가격만큼 고명 실하구요!! 닭가슴살같은데 엄청 부드럽네요~ 역류성땜에 제가 소화를 잘 못시켜서 고기 남긴게 아까웠어요 😂 면은 좀 슴슴한데 메밀이 진하면 더 맛있을듯해요 마지막 계산 직원분 넘 친절👍🏻
더보기"
nv_1046192699,봉계타 현대백화점 무역센터점,강남,한식,"방문자 리뷰 2,072",2711,,,"맛있어요!!! 꼬꼬밥추가해서 말아먹으면 불맛나고 맛있어요
계란은 맛있는데 가격이 약간 있어서 쏘쏘에요"
nv_1046192699,봉계타 현대백화점 무역센터점,강남,한식,"방문자 리뷰 2,072",2711,,,"봉계타 현대백화점 무역센터점 후기입니다 얼큰닭칼국수랑 초계메밀국수 두메뉴 시켰는데요 일단 얼큰닭칼국수는 '얼큰'이라고 해서 너무 걱정안하셔도 될거같아요 맵린이인 저도 충분히 먹을 수 있는 정도의 맵기였어요 안에 들어있는 닭부위는 퍽살이 아니고 부드러운 살같았고요 초계메밀국수에 들어있는 고명은 퍽살이었습니다 고기가 굉장히 많이 들어있더라고요 초계메일국수가 양이 더 많게 느껴졌습니다 시원한 병맥주랑 곁들이니까 딱 좋더라고요 냉탕온탕을 왔다갔다 하는 느낌이라 더 좋았네요
더보기"
nv_1046192699,봉계타 현대백화점 무역센터점,강남,한식,"방문자 리뷰 2,072",2711,,,"🩵닭칼국수 ₩16,000

기복 없이 항상 믿고 먹을 수 있는 집이에요.
현대백화점 무역센터점에서 식사하신다면 자신있게 추천합니다.
닭다릿살 쫄깃하고 면발 고소하구요, 국물이 진해서 밥 말아 먹어도 맛있습니다.
접기"
nv_1046192699,봉계타 현대백화점 무역센터점,강남,한식,"방문자 리뷰 2,072",2711,,,"양진짜 많아요.
꼬꼬밥 필수 입니다. 국물에 말아먹으면 불향 ❤️
친절하시고, 양도 많고, 김치도 직접 만드시고, 간도 맞고 맛있게 먹었어요.
쫄깃한 칼국수 면보다는 부드러운 칼국수면 타입입니당
접기"
nv_1046192699,봉계타 현대백화점 무역센터점,강남,한식,"방문자 리뷰 2,072",2711,,,"닭곰탕 국물이 있어서 아이들이 넘 잘 먹었어요~!!
부추양념이랑 같이 먹는거 추천합니다!"
nv_1046192699,봉계타 현대백화점 무역센터점,강남,한식,"방문자 리뷰 2,072",2711,,,국물이 찐하고 고기가 부드럽고 맛있습니다
nv_1046192699,봉계타 현대백화점 무역센터점,강남,한식,"방문자 리뷰 2,072",2711,,,양이 진짜 많고 사장님이 친절하세요!! 고기도 부드럽고 국물도 짱입니다 추천해요!!
nv_1046192699,봉계타 현대백화점 무역센터점,강남,한식,"방문자 리뷰 2,072",2711,,,음식이 너무 맛있어요 닭도 되게 신선한거 같고 국물이 정말 진하고 맛있었습니다! 꼬꼬밥도 강추라 꼭 시켜야되요!!
nv_1046192699,봉계타 현대백화점 무역센터점,강남,한식,"방문자 리뷰 2,072",2711,,,"칼국수가 맛있고 닭고기가 담백해서 좋아요
곁들임 김치도 너무 맛있고, 만두는 꼭 추가해드세요 김치만두가 품절이라서 슬펐습니다"
nv_1046192699,봉계타 현대백화점 무역센터점,강남,한식,"방문자 리뷰 2,072",2711,,,너무 맛있어요!!
nv_1046192699,봉계타 현대백화점 무역센터점,강남,한식,"방문자 리뷰 2,072",2711,,,"넘 맛있어요 ㅎㅎㅎ 요새 물가가 올라서 가격은 좀 쎄지만 ㅜㅜ 닭고기도 부드럽고 김치도 맛있어요!
잘먹었습니다"
nv_1046192699,봉계타 현대백화점 무역센터점,강남,한식,"방문자 리뷰 2,072",2711,,,닭칼국수 더 맛있어진거같아요ㅎㅎ 닭곰탕도 언제나 맛나요! 미취학 아이들이 넘 잘먹습니다~~~^^
nv_1046192699,봉계타 현대백화점 무역센터점,강남,한식,"방문자 리뷰 2,072",2711,,,"현대백화점 갈때마다 눈여겨 봤던 곳인데 드디어 먹어보네요
김치 아삭아삭 아주 맛있고
추가한 부추무침도 닭고기와 잘 어울렸어요

배부를거 같아서 망설였던 꼬꼬밥, 역시 한국인의 후식은 밥이니까요 👍

무조건 재방문각입니다😆
더보기"
nv_1046192699,봉계타 현대백화점 무역센터점,강남,한식,"방문자 리뷰 2,072",2711,,,브레이크타임 없어서 왔는데 칼국수랑 냉면 모두 맛있네요!! 김치도 굳굳ㅋㅋ 닭고기 부드럽고 아이랑 같이와서 매운건 따로 주셨어요. 맛있어요!
nv_1046192699,봉계타 현대백화점 무역센터점,강남,한식,"방문자 리뷰 2,072",2711,,,"맛있어요!!

추운 날에 녹진한 닭칼국수 좋네요
김치도 잘 어울리고

국물에 말아먹는 꼬꼬밥도 매력있어요(!)
더보기"
nv_1046192699,봉계타 현대백화점 무역센터점,강남,한식,"방문자 리뷰 2,072",2711,,,"매운것보단 일반 닭칼국수가 국물 진하고 진짜 맛있어요
닭칼국수 시켜서 다대기 넣어 먹으면 훨씬 맛있을것같아요!"
nv_1046192699,봉계타 현대백화점 무역센터점,강남,한식,"방문자 리뷰 2,072",2711,,,"따끈하고 얼큰한 음식이 먹고싶어 택한 봉계타의 얼큰닭칼국수 맛이 정말 최고네요 ^^
딸이 너무 맛있는 맛집이라고 데리고 갔는데 일반 닭칼국수 선택한 가족들도 모두 맛있답니다~!
국물도 맛있어서 들고 마셨다는~~ ㅎㅎ
친절한 직원분들 감사해요 ^^
더보기"
nv_1046192699,봉계타 현대백화점 무역센터점,강남,한식,"방문자 리뷰 2,072",2711,,,"불맛 나는 닭칼국수 맛있네요 진짜 불맛이 은은하게 나요! 매장도 깔끔하고 친절해요. 양이 정말 많아서 두명이 먹어도 충분할 정도입니다 ㅎㅎㅎ 저는 거의 다 먹었지만요. 너무 배부르네요..ㅎㅎ 감사합니다!
접기"
nv_1046192699,봉계타 현대백화점 무역센터점,강남,한식,"방문자 리뷰 2,072",2711,,,닭칼국수 국물 녹진하고 맛있어요!!! 닭도 잡내 하나도 안나고 닭다리살이라 야들야들하게 먹었습니당:D
nv_1046192699,봉계타 현대백화점 무역센터점,강남,한식,"방문자 리뷰 2,072",2711,,,"먹을만 하네요. 매운거 좋아하는데 얼큰보다 하얀국물이 더 낫네요.
막걸리 한잔 판매도 좋고요."
nv_1046192699,봉계타 현대백화점 무역센터점,강남,한식,"방문자 리뷰 2,072",2711,,,"기본 칼국수 얼큰 칼숙수 모두 맛있습니다.
꼬꼬밥도 말아먹으니 맛있어요."
nv_1046192699,봉계타 현대백화점 무역센터점,강남,한식,"방문자 리뷰 2,072",2711,,,"현대백화점 갈때마다 눈여겨 봤던 곳인데 드디어 먹어보네요
김치 아삭아삭 아주 맛있고
추가한 부추무침도 닭고기와 잘 어울렸어요

배부를거 같아서 망설였던 꼬꼬밥, 역시 한국인의 후식은 밥이니까요 👍

무조건 재방문각입니다😆
접기"
nv_1046192699,봉계타 현대백화점 무역센터점,강남,한식,"방문자 리뷰 2,072",2711,,,"양진짜 많아요.
꼬꼬밥 필수 입니다. 국물에 말아먹으면 불향 ❤️
친절하시고, 양도 많고, 김치도 직접 만드시고, 간도 맞고 맛있게 먹었어요.
쫄깃한 칼국수 면보다는 부드러운 칼국수면 타입입니당
더보기"
nv_1046192699,봉계타 현대백화점 무역센터점,강남,한식,"방문자 리뷰 2,072",2711,,,맛있게 먹었어요 ☺️☺️
nv_1046192699,봉계타 현대백화점 무역센터점,강남,한식,"방문자 리뷰 2,072",2711,,,"봉계타 현대백화점 무역센터점 후기입니다 얼큰닭칼국수랑 초계메밀국수 두메뉴 시켰는데요 일단 얼큰닭칼국수는 '얼큰'이라고 해서 너무 걱정안하셔도 될거같아요 맵린이인 저도 충분히 먹을 수 있는 정도의 맵기였어요 안에 들어있는 닭부위는 퍽살이 아니고 부드러운 살같았고요 초계메밀국수에 들어있는 고명은 퍽살이었습니다 고기가 굉장히 많이 들어있더라고요 초계메일국수가 양이 더 많게 느껴졌습니다 시원한 병맥주랑 곁들이니까 딱 좋더라고요 냉탕온탕을 왔다갔다 하는 느낌이라 더 좋았네요
접기"
nv_1046192699,봉계타 현대백화점 무역센터점,강남,한식,"방문자 리뷰 2,072",2711,,,"🩵닭칼국수 ₩16,000
💜꼬꼬밥, 청양다대기

봉계타 닭칼국수 정말 맛있어요. 정말 고급스럽고 몸에 좋을것 같은 맛이에요. 국물이 깊고 진하고 감칠맛이 폭발합니다. 닭다릿살이 큼지막하게 들어가있고, 면도 쫄깃합니다.
현대백화점 무역센터점에서 식사할 곳을 찾는다면 자신있게 추천할 수 있어요, 칼국수 맛집 찾는다고 해도 당당하게 추천할 수 있구요. 근데.. 가격이 또 올랐네요. 이제 조금 부담스러워졌어요.
더보기"
nv_1046192699,봉계타 현대백화점 무역센터점,강남,한식,"방문자 리뷰 2,072",2711,,,"따끈하고 얼큰한 음식이 먹고싶어 택한 봉계타의 얼큰닭칼국수 맛이 정말 최고네요 ^^
딸이 너무 맛있는 맛집이라고 데리고 갔는데 일반 닭칼국수 선택한 가족들도 모두 맛있답니다~!
국물도 맛있어서 들고 마셨다는~~ ㅎㅎ
친절한 직원분들 감사해요 ^^
접기"
nv_1810494640,해화옥 신논현 직영점,강남,한식,,24,,,한우미나리국밥 궁금했는데 미나리 가득 아삭 씹히는 맛이 좋네요! 김치도 맛있고 배불리 먹었어요. 생각날때 또 올께여 :)
nv_1810494640,해화옥 신논현 직영점,강남,한식,,24,,,"와 우선 콜키지가 무료로 가능한거 실화?
그런데 쓸데없이 비싼 고기집도 아니고 완전 가성비 좋은데 이정도 고기 먹을 수 잇는거도 실화?
ㅎㅂㅎ.. 오늘 신논현역 다시 보고 갑니다 ><
게다가 너무너무 친절하시구 고기냄새도 안나용~~~"
nv_1810494640,해화옥 신논현 직영점,강남,한식,,24,,,"논현동 해화옥 드디어 와봤네요! 꽃등심 마블링이 예술이고 입에서 살살 녹습니다. 육즙이 장난 아니에요. 👍
같이 시킨 미나리한우국밥이 진짜 신의 한 수인데, 미나리 향이 향긋해서 국물이 아주 깔끔하고 깊은 맛이 납니다. 고기 먹고 국밥으로 든든하게 마무리하니까 조합이 완벽하네요. 매장도 깔끔해서 대만족입니다. 재방문 의사 100%예요!"
nv_1810494640,해화옥 신논현 직영점,강남,한식,,24,,,"집근처라 편안하게 맛있게 먹을수있어서 좋습니다.
시간에 구애받지 않고 맛있게 먹을수있는 맛집!

재방문의사 100%
뜨끈한 국물이 먹고싶을땐 해화옥입니다!
번창하세요 ~^^"
nv_1810494640,해화옥 신논현 직영점,강남,한식,,24,,,"봄동이 제철이라 그런지 봄동비빔밥이 아삭하고 신선해서 맛있었습니다
아롱스지전골은 푸짐하게 들어 있어 쫀득한 식감과 진한 국물 맛있었고 직원분들도 친절해서 전체적으로 기분 좋게 식사할 수 있었습니다!!"
nv_1810494640,해화옥 신논현 직영점,강남,한식,,24,,,국물이 깊어서 너무 맛있어요 나오자마자 끓이는데 육수 진한 향이 확 나네요 재료도 신선해서 나중에 부모님 모시고 오기에도 좋을 것 같아요🫶
nv_1810494640,해화옥 신논현 직영점,강남,한식,,24,,,"한우육회 간장맛이랑 고추장맛 시켜봤어요
남편이랑 같이 나눠먹었는데
저는 간장맛이 짭짤 고소해서 좋았고
남편은 달달한 고추장맛이 좋았데요
육회 간장/고추장 소스를 따로줘서 취향것 넣어 먹을수있어서 좋았어요"
nv_1810494640,해화옥 신논현 직영점,강남,한식,,24,,,"아롱사태스지전골 맛나요!

함께나오는 한우육회물냄면도 맛나요.

음주는 하고 있지만 건강하게 먹는기분 ^^

자주방문할듯 하네요 ~

함께"
nv_1810494640,해화옥 신논현 직영점,강남,한식,,24,,,"해화옥 신논현점에서 된찌 설곰탕 한우국밥으로 야근식사했어요. 다양한 한식메뉴가 있고 매우 청결해서 종종 방문해요. 반찬도 맛있고, 직원분들 모두 하나같이 다 친절하시네요. 또간집! 또갈집!모"
nv_1810494640,해화옥 신논현 직영점,강남,한식,,24,,,"아롱사태 스지전골 먹고 싶어서 방문했는데 고기도 좋고 엄청 맛있어요-!! 술이 술술술
가게도 넓어서 단체회식하기 좋아보여요!"
nv_13116182,수담 한정식 강남점,강남,한식,,4999,,,"강남 볼일있어 급으로 맛집 검색하다가 발견한 이곳 수담 한정식 음식이 짜지않고 깔끔하고 정갈하니 제입에 친구입에 딱인게 대감상 2인상 ₩50,000비싼듯하지만 구성이 알찬게 넘 맛있게 잘먹었습니다 앞으로 살면서
이벤트 같은 행사가 있을시 이런곳 좋네요 매장 넓고 편하고 좋습니다 재방문 각입니다~^^♡"
nv_13116182,수담 한정식 강남점,강남,한식,,4999,,,"어버이날 맞아 시부모님 모시고 왔어요
음식하나하나 바로 해온듯 따뜻하고 맛깔나서
까다로운 입맛 부모님도 만족하셨어요!
매장도 무지넓고 방도 많아서 모임하기 좋네요!!!
다음에 친정부모님도 모시고 와야겠어요"
nv_13116182,수담 한정식 강남점,강남,한식,,4999,,,"오래 전부터 좋은 분들과 만남엔
생각 나는 곳 ...
교통도 좋고...
음식도...
서비스도 좋은 곳입니다.
식사후에 바로 앞에
선정릉을 거닐수 있는것은 보너스 ...
오늘도 봄꽃들과 함께
즐기렵니다.~~~^^*🍀🍀🤗🤗🌼🌼☘️☘️
#한정식 맛집# 수담 한정식#상견례 한정식#생신모임#단체회식# 돌잔치 한정식# 강남 한정식🎉🎉🎂🎂"
nv_13116182,수담 한정식 강남점,강남,한식,,4999,,,가족모임으로 방문했어요! 메뉴 구성도 알차고 룸 공간도 좋고 직원분도 너무 친절해서 좋았어요!! 음식도 맛있고 코스 구성도 알차고 가족모임하기 딱 좋은 거 같아요!! 한정식 맛집이라고 전에부터 들었는데 이번기회에 방문해봤는데 특별한 손님 모실때나 가족모임할때 너무 좋을 것 같아요! 정갈하게 잘나와서 너무 추천입니닷 담에 모임있을 때 또 방문하려구요 ㅎㅎ
nv_13116182,수담 한정식 강남점,강남,한식,,4999,,,"#한정식 맛집

친구랑 저녁을 무엇을 먹을까 찾던중
우연히 눈에 들어온 이곳!
당일 바로 예약없이 들어와서 대감상 코스요리로 주문해서 먹었는데 기대 이상이네요 !🥗
코스요리 맛나맛나!👍
문자 이벤트에 참여해서 제주도 발효 술떡도 서비스
받았어요, 너무 이쁘고 맛있었어요!

또 오고싶어요 ! 역시 명장님이 만드신 요리답네요!🤗"
nv_13116182,수담 한정식 강남점,강남,한식,,4999,,,"용왕상 코스로 회식 했습니다
인원이 많아서 룸으로 배정해주셨어요
메뉴 구성이 알차고 양이 진짜 많아요
메로구이 너무 맛있어요
한정식맛집으로 추천합니다
상견례도 괜찮을거 같아요
배가 너무 불러요"
nv_13116182,수담 한정식 강남점,강남,한식,,4999,,,"중요한날! 상견례모임을 어디서 할까 고민하다가 강남 상견례 한정식 맛집으로 검색해서 리뷰를 봤더니 너무 좋아서 왔어요. 역시 오길 잘했네요! 분위기도 너무 좋고 차분하고 그리고 무엇보다도 센스있고 재치있는 직원분들의 친절한 서비스가 너무 맘에 들었어요, 감사드려요. 음식들도 먹는속도에 맞춰서 잘 나온거 같아요, 다음에 가족모임 생신모임도 여기로 해야겠어요,
대박나세요~~~^^*👍😍🤗🌼🎉"
nv_13116182,수담 한정식 강남점,강남,한식,,4999,,,"대감식(인당 오만원 코스) 먹었는데 정말 푸짐하게 나옴
콜드푸드로 시작해서 핫푸드까지 알참
재료도 신선하고 맛도 정갈하니 어른들이 더 조아하시고 잘드심
직원분들도 친절하고 새로음식나올때마다 접시체인지 센스까지
음식나오는속도도 알아서 맞춰주심
가족모임 회식등 어르신대접 한정식맛집으루 추천"
nv_13116182,수담 한정식 강남점,강남,한식,,4999,,,"강남 한정식맛집 수담한정식에
아빠 환갑이어서 가족들과 식사하러 왔어요🥰
직원분들도 친절하시구 음식도 진짜 맛있어요
수라상 코스로 먹었는데 앞으로도 중요한 모임 있을때
계속 올것 같아요🥰"
nv_13116182,수담 한정식 강남점,강남,한식,,4999,,,"강남 맛집 강남에서 한정식 가성비 따지면 수담 선정릉점이 답입니다.

대감상 5만원 코스 후기 짧게 남깁니다.

1. 가격 - 강남 한정식 5만원이면 거의 최저가에 가까운데 코스 구성이 빠지는 게 없음
2. 맛 - 자극적이지 않고 재료 살아있는 정통 한식 스타일, 어른들 모시고 가기 딱
3. 분위기 - 조용하고 정돈된 공간, 비즈니스 미팅이나 가족 식사 모두 OK
4. 위치 - 선정릉역 도보권, 발렛도도 가능

강남에서 이 가격, 이 퀄리티 한정식은 솔직히 잘 없습니다. 접대용으로도, 가족 모임용으로도 충분히 추천 가능."
nv_19872940,별양집,강남,한식,"별점
4.49",4,,,"연말 지인과의 만남을 위해 방문한 선릉역 맛집 별양집입니다. 연예인과 스포츠 스타들의 맛집 명성답게 모든 메뉴마다 맛이 있어 즐거운 식사를 할 수 있었습니다. 매장도 넓어 손님들도 많았고 모두 즐거운 모임이나 회식을 즐기도 있었습니다.
양대창전문점 답게 특양과 대창구이 맛이 환상적이었고 양밥과 곱창구이도 입맛을 땡겨주었습니다. 각종 모임과 직장인 회식, 데이트 코스로도 훌륭한 별양집을 한 번 방문해 보시길 추천 드립니다."
nv_19872940,별양집,강남,한식,"별점
4.49",4,,,"너무 맛있어요
미리 초벌 되서 나와서 바로 먹을수 있고
가게 분위기도 깨끗하고 좋아요"
nv_19872940,별양집,강남,한식,"별점
4.49",4,,,"두근두근 대창💗
양밥 너무 맛있어요~~
다음에 또 올게요^^"
nv_19872940,별양집,강남,한식,"별점
4.49",4,,,"주문하면 다 딱 적당하게 구워서 가져다 주시고, 따뜻하게 먹기만 하면 돼서 너무너무 편해요! 양, 대창, 막창 먹었는데 대창은 역시 1인분이 적정량이네요. 안먹으면 좀 아쉽고. 사진은 대창(1인분) 특양(2인분) 홍창(막창, 2인분) 입니다. 양밥도 먹었는데 맛있긴 했지만 살짝 깍두기볶음밥에 좀 더 가까운 느낌? 칼칼한 맛인데 깍두기가 넘 많아서 살짝 골라내면서 먹었습니다 ㅋㅋㅋ 하얀양밥은 어떻게 나오는지 궁금하네요. 양대창 생각날때 또 방문하겠습니다."
nv_19872940,별양집,강남,한식,"별점
4.49",4,,,"여기 유명한곳으론 알고있었지만 이번에 처음와봤는데
일단 룸이있어서 예약해놓고 조용하게 편하게 먹을 수 있어서 좋았구요~ 가격은 좀 있지만 밑반찬도 깔끔하게 맛있었고 음식들도 맛있었어요 특히 저는 대창구이
추천해요~ 후식으로 누룽지먹었는데 누룽지도 맛있었구요~ 담에 또 올게요 ㅎㅎ"
nv_19872940,별양집,강남,한식,"별점
4.49",4,,,"넘 유명한 맛집이라서 단골인게 자랑스럽네요~
오늘 유난히 사람도 많고 맛있고!!
역시 별양집 ㅠ
제 최애 맛집 여기오시면 전메뉴 다 드셔 봐야해요
돈 안아까워요 발렛도 넘 친절하심"
nv_19872940,별양집,강남,한식,"별점
4.49",4,,,"양대창 회식장소로 넘 좋았던 별양집~
연예인, 프로야구 선수들 단골맛집이라 방문했는데 완전 맛있게 먹었어용^^ 오도독 특양구이랑 몽실몽실 대창구이 그리고 곱창에 양념 소갈비까지.. 짱 맛있네요!!"
nv_19872940,별양집,강남,한식,"별점
4.49",4,,,"흠 기대치가 높으면 안되고 곱창구이 별로 잡내약간 있음 특양구이 그저그럼 조금 두껍게 잘라서 안쪽이 약간 덜익은 느낌 양념이 좀더 진해도 좋을듯 대창구이 훌륭 대창은 좋았습니다. 양밥도 괜찮았으며 부추찌개도 나름 선방이나
생각나는 집은 아닌듯 합니다.
가격이 높음"
nv_19872940,별양집,강남,한식,"별점
4.49",4,,,"두배 비싸지만 세배 맛있는 별양집 맛은 물론이고 분위기도 좋고 특히 냄새가 전혀 나지않아서 너무 좋아요 비싸지만 매번 찾게되네요
⭐️특히 발렛주차 기사님께서 매번 송구스러울 정도로 친절하게 대해주셔서 오늘도 또 한번 감동받았습니다 식사가 끝나자마자 따로 요청드리지 않았는데도 제 차가 나와서 대기하고 있더라고요"
nv_19872940,별양집,강남,한식,"별점
4.49",4,,,"지금까지 이런 대창집은 없었다!
사장님의 플라워링 센스부터 서비스 그리고 맛까지
다 챙긴 5성급 별양집 선릉 오면 무조건 오십쇼
개인적으로 막창 좋아하진 않는데 JMT ㅋㅋ
갈비살도 같이 시키는거 극강추
강남에서 양대창 닉값 제대로 하는곳."
nv_1318611530,요란,강남,일식,,500,,,"음식이 너~무 맛있습니다.
집 근처라서 처음 왔다가 이제는 단골이 되었습니당~
어머님과 아드님께서 운영하시는것 같은데 두 분께서는 항상 변함없이 친철하세용~♡♡
신선하고 맛있고 친절한 곳을 찾으시는 분들은 이곳 ""요란""으로 오세용!!"
nv_1318611530,요란,강남,일식,,500,,,"동네에 이런 맛집이 있었다니!
회가 정말 신선하고 분위기도 좋아요
음식도 정말 깔끔해서 단골각입니다
자주 올게요
모임이나 지인들도 좋은시간 보낼수
있는 곳으로 추천드려요"
nv_1318611530,요란,강남,일식,,500,,,소고기 타다끼 영롱한거 보세요.. 보들보들 상큼하니 입맛 돋우기 정말 딱이예요! 넘 맛있었어요 타다끼 완전 강추입니당 메로구이는 윗면이 설탕으로 코팅된 감자가 사이드로 같이 나오는게 좋더라구요. 고기+생선 먹었으니 여기에 칼칼하게 해물라면 하나까지 먹으면 딱인데.... 혼술이라 너무 배불러서 메뉴를 더 못시켜서 아쉽.. 사장님이 오늘 우니 좋다고 하셨는데 우니도 못먹어보고ㅠ 다음엔 여러명이 같이 가서 왕창 시켜먹으려구요!
nv_1318611530,요란,강남,일식,,500,,,"너무 맛있어요!! ㅎㅎ 안주 하나하나 다맛ㅇㅆ어요 ㅎㅎ 룸 분위기도 최고! ㅎㅎ
좋은 사람이랑 추억 만들기 좋음"
nv_1318611530,요란,강남,일식,,500,,,"다 개맛도리 😋
우니 되게 신선해서 깜짝 놀란 삼성동 술집
이걸 삼합으로 먹는 호사를 누리다니,,,˃̶͈̑◡˂̶͈̑
산토리 하이볼 짱맛나구 삼성중앙역 혼술하기도 좋은 이자카야
차돌 짜파게티도 불쇼에 와르르 들어가있어서 해피-
룸 구비되어 있어서 프라이빗하게 즐길 수도 있어서 굳굳"
nv_1318611530,요란,강남,일식,,500,,,"삼성중앙역에 위치한 분위기 좋은 이자카야. 요란 !
음식도 맛있고 매장도 깔끔해요. 특히 사시미의 숙성도가 수준급이어서 소주가 너무 잘 들어갔습니다."
nv_1318611530,요란,강남,일식,,500,,,광어사시미 신선하고 해물누룽지탕 국물 맛이 정말 좋았습니다. 룸이 잘 되어 있어서 모임이나 회식하기 편했고 분위기도 조용해서 만족스러웠어요. 삼성동 이자카야 찾는다면 굿~~~
nv_1318611530,요란,강남,일식,,500,,,"매장이 깔끔하고 무엇보다도 음식이 맛있어요. 숙성회 주문했는데 신선한 회 ,식감이 좋고 비린내 없이 깔끔했어요."
nv_1318611530,요란,강남,일식,,500,,,"남편이랑 오붓하게 한잔하면서
식사 겸 안주 겸 곁들이기 좋은 안주들이 많아요..
이자카야에서 안주가 얼마나 맛있겠어?
했다가 큰 코 제대로 다쳤어요. ㅋㅋㅋ
안주가 하나하나 너무 맛있고 일품 요리급으로 등장해요.
레알추천각
이자카야 주방이 왜이렇게 넓은가 했더니
사장님이 요리에 진심이신 듯
웍질도 현란하시고 재료퀄 음식 퀄 상당히 좋았어요."
nv_1318611530,요란,강남,일식,,500,,,"나가사끼 짬뽕은 가격대비 해산물 양도 많고 국물이 술땡기게 엄청 시원하고 맛있어요
가라야게는 촉촉하고 소스 둘다 매력이 달라서 계속 먹어도 질리지않고 맛있었어요"
nv_1030343098,을지다락 압구정도산공원,강남,일식,,9000,,,"대표 다락 오무라이스 매콤게살리조또, 옥수수뇨끼 목살스테이크로 골고루 주문해서 맛보았는데
일단 소스들의 풍미가좋고 찹스테이크는 야채와 곁들여 와사비에 찍어먹으니 야채와 고기의 조합이고 풍성하였고 옥수수뇨끼는 고소하고 게살리조또는 매콤한 맛인데 자꾸 손이 간다
기본 오므라이스는 부드러운 달갈에 소스가 어우러져 부드러운 맛이 너무 좋었어요~.
전체적으로 음식이 모두 맛있고 좋았습니다~"
nv_1030343098,을지다락 압구정도산공원,강남,일식,,9000,,,압구정로데오 왔다가 점심으로 파스타가 땡겨서 찾아왔는데 크림리조또 진짜 핵 맛있어요!!!❤️‍🔥❤️‍🔥❤️‍🔥 크림 진하고 매콤해서 하나도 안물리고 너무 맛있고 양도 진짜 많아요ㅠㅠ 유명한 곳이여서 꼭 와보고싶었는데 담에 또 방문할 것 같아요 다음에 남친이랑 데이트할때 다시 오려구요 왕추천!!!🫶🏻🫶🏻🫶🏻
nv_1030343098,을지다락 압구정도산공원,강남,일식,,9000,,,워낙 유명해서 평소에 와보고싶었는데 친구들이 멀리서 와서 함께 방문햇어요 ㅎㅎ 외국에 사는 친구들이 우삽겹 들깨 파스타 맛보며 한국에서만 먹을수잇는 파스타라며 맛있게 잘 먹었어요 ㅎㅎ 왕추천👏🏾👏🏾👏🏾
nv_1030343098,을지다락 압구정도산공원,강남,일식,,9000,,,"일단 매장 분위기가 들어갈때부터 엄청나게 느좋..
도산에서 리뷰 많은 이유가 있어요😉
일단 꾸덕한파스타, 탱글한 오믈렛 보는맛 먹는맛 다 최고에요!

데이트 맛집으로 너무 추천하구 점심으로 먹구 주변에 카페가면 데이트코스 뚝딱👍"
nv_1030343098,을지다락 압구정도산공원,강남,일식,,9000,,,"을지다락에서 점심 데이트 하고 왔는데, 딱 데이트 하다가 점심에 파스타 땡길 때 조합에 잘 맞는 곳이었어요
로제파스타는 꾸덕하면서도 느끼하지 않아서 계속 손이 갔고, 옥수수뇨끼는 쫀득한 식감에 은근 달콤해서 제일 맛있었어요. 가츠산도는 무난하게 맛있어서 같이 먹기 좋았고.
분위기도 편안해서 부담 없이 이야기하기 좋았고, 가볍게 점심 데이트 하기 괜찮은 곳이었습니다. 다음에 또 생각날 것 같아요"
nv_1030343098,을지다락 압구정도산공원,강남,일식,,9000,,,근처 쇼핑왔다가 맛있어보이길래 그냥 들어가봤는데 생각보다 너무 맛있어서 가족들이랑 왔는데 감탄하먀 먹었네요ㅜㅜ 리뷰이벤트아니라 그냥 넘 맛있었어서 써요 진짜 세개 다 넘나 맛있고 아쉬움없는 식사였어요 동생도 음식 먹으면서 행복한건 처음이라고 너무 맛있었다네요 다음에 압구정오게된다면 다시 꼭 오려구요!! 친구들한테도 추천 많이 해줬어요 변하지 않구 이 맛 그대로 오래오래 장사해주세요🩷🩷
nv_1030343098,을지다락 압구정도산공원,강남,일식,,9000,,,"매번 와보고 싶었는데 평일 점심에 데이트로 웨이팅 없이 들어왔어요! 시그니처 오므라이스도 너무 맛있고 부드러워요~~ 매콤크림 파스타도 적당히 매콤해서 느끼함을 잘 잡아주네요
깔끔한 양식 먹고싶을 때 추천해요!!"
nv_1030343098,을지다락 압구정도산공원,강남,일식,,9000,,,"을지다락 도산점은 처음 오는데 너무 만족스러워요!
카츠산도도 너무 맛있고 파스타랑 오므라이스는 말할 필요도 없어요!! 무조건 을지다락은 이 조합이 필수라고 생각해요!!
연인분들이랑 데이트로 와도 좋고 친구들이랑 친목으로 와도 가족들이랑 외식으로 와도 너무 너무 좋을 거 같아요!!
점심에 오기 너무너무 좋은 식당이에요!!
도산에 오시면 무조건 들리세요!!"
nv_1030343098,을지다락 압구정도산공원,강남,일식,,9000,,,시그니처 오므라이스 원래 유명했던 건 알고 있었는데 납작까르보나라가 진짜 맛있었어요! 파스타 맛집 인정합니다ㅎㅎㅎ 게살매콤리조또도 넘 맛있어요🥰 점심 먹으러 왔는데 딱 적당히 자리 있어서 바로 들어왔어요! 매장이 아기자기 예쁘고 분위기도 너무 좋아서 데이트하기 딱 좋을 것 같아요~😚 잘 먹고 갑니당💛
nv_1030343098,을지다락 압구정도산공원,강남,일식,,9000,,,"압구정 파스타 맛집으로 유명해서 오랜만에 남편과 데이트 기분 내려고 방문했어요🩷 오므라이스 위의 달걀 너무 부드럽고 촉촉해서 좋았고, 크림 파스타는 매콤하고 꾸덕하니 맛있게 먹었습니다 :) 매장 분위기도 좋고~ 다음에 또 방문할게요🥰"
nv_1949319690,강남철판요리,강남,일식,"별점
4.9",4,,,"쉐프님의 노련한 스킬과 편하게 분위기를 이끌어 주시고
무엇보다 신선한 재료로 건강한 음식 잘 먹고 왔습니다
리뉴얼후는 첫방문인데 모든 서비스가 프라이빗룸이라
안정적이고 오붓했습니다^^
기본 메뉴는 물론이고 직접 과일 베이스로 만든
물김치는 정말 감동이예요!!
좋은 사람들과 맛있는 음식으로 뜻깊은 시간을
선물해주셔서 감사합니다
재방문 의사 있습니다~^^"
nv_1949319690,강남철판요리,강남,일식,"별점
4.9",4,,,"조카네랑 같이 평생 기억에 남을 식사를 해주고 싶어 일부로 강남철판요리을 예약했어요 대형킹크랩에 미경산 한우 싱싱한 해산물까지 어느것하나 빠지지 않고 저의 미각을 짜릿할 정도로 자극 시켜 제가 오히려 기억에 각인된듯 ㅎㅎ 사회에선 늘 하수였지만 여기선 신이 된듯한 마음으로 식사를 하니까 음식이 살살 녹네요~~ 그냥 사라져요. 마음이 우울했는데 마음치료도 되는것 같아 음식값이 하나도 아깝지가 않네요 셰프님 감솨합니다~~ 다음에 무조건 또 갑니다~
지인 칭찬에 제 어깨가 내려오질 않네요~~~
감솨 또 감솨해요"
nv_1949319690,강남철판요리,강남,일식,"별점
4.9",4,,,"아이 생일기념으로 갔는데, 아이들 이름 적힌 볶음밥도, 그리고 디저트도 만들어주시고 맛있고 알찬 즐거운 시간 보냈습니다. 헤드 세프님과 담당 세프님 좋은 추억 만들어주셔서 감사합니다."
nv_1949319690,강남철판요리,강남,일식,"별점
4.9",4,,,"먹느라 정신없어서 첫 시작 사진밖에 없네요
셰프님이 분위기를 편안하게 만들어주셔서 좋았습니다.

음식 재료도 신선한게 입안 가득 느껴졌고 정말 맛있었습니다.
철판요리인데 기름을 많이 사용하지 않아서 담백함 + 풍미가 정말 좋았고
기타 여러 서비스가 너무 만족스러운 식사였습니다."
nv_1949319690,강남철판요리,강남,일식,"별점
4.9",4,,,저희 남편 생일에 세식구만 갈까 하다가 급 대가족이 가게 되었는데 부모님 동생들 조카 모두 엄청 좋아했습니다!!! 셰프님 입담 센스 최고시고 스페셜 데이 특화된 곳인듯 정말 정말 즐거운 생일 파티가 되었어요ㅠㅠ 진심으로 감사드립니다ㅠㅠ 해산물이랑 한우 야채 볶음밥 모두 너무 맛있었어요!! 정말 감사합니다~~꼭 재방문 할거에요!! 입소문 많이 나서 오래오래 하시면 좋겠습니다! 들어가기 전에 입구는 약간 옛날 분위기여도 안에 들어가면 정말 쾌적하고 분위기가 좋아서 어른들과 함께하기에도 좋은 장소이고 셰프님이 심지어 어린이들 선물까지 주시고 즐겁게 해주셨습니다. 곧 또 가겠습니다!! 다시 한번 감사드립니다!!
nv_1949319690,강남철판요리,강남,일식,"별점
4.9",4,,,"제가 네이버 리뷰 진짜 안쓰는데 여긴 정말 좋아서 리뷰 남겨요. 그래서 먹느라 사진도 후식 사진이지만 정말 맛있고 가격대비 분위기도 낼수 있고 맛있고 신선한 재료들로 대접 받는 기분이에요
5년 전 제 생일 이번에도 제 생일에 간건데 정말 강추에요!!!!!🤤🤤
런치 디너 둘다 이용해봤는데 잘먹는 여자인데도 런치 메뉴 가볍지 않고 배부르게 먹을수 있어요"
nv_1949319690,강남철판요리,강남,일식,"별점
4.9",4,,,예전 철판구이 좋아했던 시절이 생각나서 찾아서 가봤는데 옛 추억을 되살려주는 훌륭힌 철판구이집이였습니다. 안심 가리비 바다가재 등등 뭐 하니 모자란것이 없네요
nv_1949319690,강남철판요리,강남,일식,"별점
4.9",4,,,올때마다 항상 만족하고 있습니다. 앞으로도 계속 번창하시길~
nv_1949319690,강남철판요리,강남,일식,"별점
4.9",4,,,"부모님 그리고
우리 아이들과
연휴때 함께 방문했는데요,
사춘기 중딩도 철판요리쇼에 함박웃음이네요.
사장님 너~~무 친절하시고
룸에서 너무 따뜻하고
편안한 분위기에서
맛난음식 너무 좋았습니다:)감사합니다
또 올게요!"
nv_1949319690,강남철판요리,강남,일식,"별점
4.9",4,,,"남친생일 서프라이즈 저녁파티!!!
철판요리 유명한곳 찾다가 오게됬어요
룸에 저희 둘만의 식사를 할수있어 너무 좋았고
스타일러까지 있어서 냄새걱정없이 식사할수있었어요
죽,샐러드,소스,요리,식사,디저트까지 정말 완벽했어요
양이 혹시 적을가싶어 고기추가 해야하나했는데
볶음밥까지 먹으니 너무든든해서 패스~~
소리나는 귀여운 오프너로 맥주도한잔 마시고
남친닮았다고 볶음밥을 라이언으로해주시고
사진까지 찍어주신 막내쉐프는 센스 굿입니다!!!!
마지막 스페셜한 디저트까지 정말 행복한시간이였어요
남친도 너무 만족해서 생일파티 성공입니다"
nv_1162049335,샤오당쟈마라탕 신현대점,강남,중식,,2838,,,"늘 잘먹고 있네요~~아이 학원끝나고 집가는길에 함께 들려서 직접 재료고르는 재미도 쏠쏠하네요^^
오늘도 맛있게 먹겠습니다♡"
nv_1162049335,샤오당쟈마라탕 신현대점,강남,중식,,2838,,,진짜 마라샹궈도 맛있고 바삭바삭한 꿔바로우가 기억에 남던 집! 아 증말... 진짜 진짜 바삐 일 하고 배고파서 후다닥 가서 먹었는데 꿔바로우... 엄청 바삭해요 진짜 맛났어요 지금 생각하니까... 또 먹고 싶네...🤤 마라샹궈도 매콤하니 맛있고 자리도 넓직해서 좋았어요! 🥰
nv_1162049335,샤오당쟈마라탕 신현대점,강남,중식,,2838,,,"압구정에서 마라탕 맛집을 찾다가 우연히 방문하게 된 곳인데 기대 이상으로 만족스러웠어요. 😊
마라탕은 맵기 조절이 가능해서 취향에 맞게 즐길 수 있었고 특히 0.5단계 단위로 세심하게 선택할 수 있다는 점이 정말 좋았습니다. 덕분에 부담 없이 딱 맞는 매운맛으로 즐길 수 있었어요.
함께 주문한 꿔바로우는 겉은 바삭하고 속은 촉촉해 식감이 정말 좋았고 마라탕과의 조합도 최고였습니다. 매콤한 국물에 바삭한 꿔바로우 한 점 곁들이니 계속 손이 가더라고요.
다음에 또 방문하고 싶은 곳입니다!"
nv_1162049335,샤오당쟈마라탕 신현대점,강남,중식,,2838,,,올때마다 맛있어요. 판다 분모자? 그거 꼭 드셔보시길 ㄹㅈㄷ입니다. ㅋㅋㅋ 꼭 와서 드셔보세요
nv_1162049335,샤오당쟈마라탕 신현대점,강남,중식,,2838,,,이렇게 깔끔한 마라탕집 처음 봤어요!! 위생적으로 매우 깔끔하고 재료도 알차고 완전 맛집 마라탕 찾았습니다~~ 특히 꿔바로우 맛집이에요.!! 이때까지 매장에서 먹은 꿔바로우 중에 원탑임👍🏻
nv_1162049335,샤오당쟈마라탕 신현대점,강남,중식,,2838,,,올때마다 재료가 신선해서 좋아요.직원분들 친절합니다.가계가 깨끗해요.편하게 한잔할수있는곳으로 강추～맛짱이예요 👍
nv_1162049335,샤오당쟈마라탕 신현대점,강남,중식,,2838,,,"마라탕 국물이 진하고 제대로 살아 있어서 정말 맛있게 먹었어요. 재료도 다양하게 들어가 있어서 골라 먹는 재미가 있었어요. 꿔바로우는 튀김이 바삭하면서도 안은 쫀득해서 식감이 정말 좋았어요.
새콤달콤한 소스가 잘 어울려서 마라탕이랑 같이 먹으니까 조합이 딱이었어요.
양도 넉넉해서 둘이 먹는데도 충분히 만족스러웠고 배부르게 먹었어요.
다음에 또 방문하고 싶은 곳이에요."
nv_1162049335,샤오당쟈마라탕 신현대점,강남,중식,,2838,,,점심에 마라탕/마라샹궈 맛있게 먹고가요! 동치미도 있어서 너무 잘 먹었어용
nv_1162049335,샤오당쟈마라탕 신현대점,강남,중식,,2838,,,마라샹궈 먹고싶어서 압구정근처에 왔어요 너무맛있고꿔바로우도 바삭 다음에 또올거같아요 감사합니다
nv_1162049335,샤오당쟈마라탕 신현대점,강남,중식,,2838,,,"*마라탕(100g 당 2,000)
압구정인데 이가격이라니 넘 좋은 것 같아요!
아주 깔끔하고 깨끗한 재료들이 가득했고 맵기 조절은 0단계부터 있어서 취향따라 선택하기 좋았어요
맵찔인데 1단계 딱 좋았고 땅콩 맛이 많이 느껴져서 고소한거 좋아하는 저한테는 딱이었어요!

*꿔바로우(9,900)
half로 주문했는데 사이즈가 딱이에요!
꿔바로우가 얇아서 진짜 바삭하면서 속의 고기는 촉촉하고 부드러워서 너무 맛있었어요! 소스도 완전 새콤달콤해서 매운 마라탕이랑 너무 잘 어울렸어요! 완전 만족👍👍

바로 앞에 주차장이 있어서 4000원에 주차가능하고 인테리어도 넘 깔끔하고 좋아서 또 가고싶은 곳이에요

#오늘클립챌린지"
nv_1748847479,샤오당쟈마라탕 신사본점,강남,중식,"별점
4.56",4,,,"마라탕 재료가 신선하고 잘 관리되어 있고 마라탕 자체도 맛있어요 ㅠㅠ 꿔바로우가 국내산 한돈을 사용한다는데 살면서 먹은 꿔바로우중에 진짜 원탑입니다 신사맛집, 신사마라탕, 신사혼밥맛집 찾으시면 추천드려요👍🏻👍🏻👍🏻👍🏻"
nv_1748847479,샤오당쟈마라탕 신사본점,강남,중식,"별점
4.56",4,,,베이스가 엄청 진하고 깊이있어서 맛있게 잘 먹었어요! 양도 엄청 푸짐헸어요!! 꿔바로우도 소자 주문했는데 양도 엄청 많고 바삭하고 소스가 정말 맛있었오요! 곁들임 피클무도 새콤하니 맛있어서 마라탕이랑 너무 잘어울렸어요 !!! 다음에 또 방문할게용 😽
nv_1748847479,샤오당쟈마라탕 신사본점,강남,중식,"별점
4.56",4,,,"다녀본 마라탕집 중에 사장님이 가장 친절한 곳 아닌가 싶습니다. 재료도 항상 정갈하게 관리되어 있구요. 따듯한
날에는 접이식 윈도우 활짝 열어서, 테라스 뷰 느낌이에요. 올때마다 기분이 좋아서 늘 재료를 오버해서 많이 담게 되네요 ㅋㅋㅋ(그러고 다먹는 나…) 오래오래 장사하셨음 좋겠어요. * 리뷰이벤트 아니고 자발적 리뷰입니당"
nv_1748847479,샤오당쟈마라탕 신사본점,강남,중식,"별점
4.56",4,,,"아이가 좋아해요 단골이에요
항상 여기만 찾게 되네요 ㅎ"
nv_1748847479,샤오당쟈마라탕 신사본점,강남,중식,"별점
4.56",4,,,재료들도 신선하고 다양해서 골라먹는 재미가 있었어요! 처음에 나왔을 때 국물이 좀 하얗길래 안 매울 줄 알았는데 생각보다 매콤해서 맵찔이인 저에게 1단계가 딱이었어요 ㅎㅎ 꿔바로우 원래 좋아해서 시켜봤는데 이게 웬 걸… 진짜 여태 먹었던 꿔바로우 중에 젤 맛있는 것 같아요!!! 완전 바삭하고 소스도 많이 주셔서 듬뿍 먹을 수도 있어서 좋아요:)
nv_1748847479,샤오당쟈마라탕 신사본점,강남,중식,"별점
4.56",4,,,사장님께서 엄청 친절하시고 통창이라서 매장이 넓어서 좋아요 ! 맛있고 꿔바로우 사이즈가 하프 사이즈가 있어서 좋습니다 :)
nv_1748847479,샤오당쟈마라탕 신사본점,강남,중식,"별점
4.56",4,,,"마라샹궈랑 공깃밥을 주문해서 먹었습니다! 무엇보다 제가 좋아하는 토핑들이 있어서 고르는 재미가 있었고, 다 깨끗하게 유지되고 있어서 위생 걱정은 없었어요!! 요즘 마라탕집 위생 문제가 거론되고 있는데, 여기는 매장내도 청결하고 깔끔한데다 토핑이 담긴 그릇들도 다 깨끗해서 믿음이 갔습니당😊 맛은 말해모해....밥반찬 삼아서 친구랑 싹 비우고 왔어요b"
nv_1748847479,샤오당쟈마라탕 신사본점,강남,중식,"별점
4.56",4,,,마라샹궈는 이집만 갑니다! 신사동 맛집으로 추천드려요~
nv_1748847479,샤오당쟈마라탕 신사본점,강남,중식,"별점
4.56",4,,,"샤오당쟈 왕팬등장ㅋㅋㅋ
신사올때마다 먹어용
전회사가 남겨준 유일한 정보
샤오당쟈..

국물맛도 끝내줌 ㅎ 특히물고기어묵? 넘 맛나요
번창하세요 마니파세요"
nv_1748847479,샤오당쟈마라탕 신사본점,강남,중식,"별점
4.56",4,,,항상 잘먹고 있습니다~ 깨끗하고 무엇보다 넘 맛있아요
nv_1203337621,웍셔너리,강남,중식,,4466,,,"장점

1. 역시나 차오미엔이 엄청 맛있나봐요. 오늘 요일밥이 뱡뱡면이고 맛도 있는데 다른분들은 다 차오미엔을 드시네요. 처음오시는분은 요일밥 혹은 차오미엔을 드시면 후회없으실듯
2. 미니 추가메뉴 진짜 최곱니다. 오렌지치킨 마스터피스
3. 음식이 준비되는대로 나오니까 약간 코스먹는 느낌 ㅋㅋ 오래 기다리는거 싫은데 하나 먹으면 또 하나 나오고 또 하나 더 나오고 하는게 좋네요. 어지간하면 사이드메뉴 시켜드시길 권합니다.
4. 배려가 좋습니다. 오이못먹는사람은 단무지로 주시네요
5. 리뷰서비스 만두도 주시는데 이게 서비스라 생각하기 힘들정도로 고퀄입니다. 육즙도 넘쳐나요.
6. 포인트 적립이 됩니다. 적립된거 쓰니까 돈이 좀 남아서 시추안 콘프라이즈 시켜봤는데 이것도 참 유니크한 맛이에요."
nv_1203337621,웍셔너리,강남,중식,,4466,,,"장점

1. 리뷰쓰면 군만두를 주는데 군만두가 너무 맛있어요. 육즙이 미쳤어요.
2. 개인적으로 마파두부에 별 흥미가 없어서 마파두부가 요일밥인 날에는 안왔었는데 갑자기 궁금해져서 왔더니 명불허전입니다. 너무 맛있어요. 마라향도 아주 잘 섞여서 과하지 않고 킥으로 작용합니다.
3. 제가 오이를 못먹는데 제가 가면 자동으로 단무지를 챙겨주세요. 배려해주시는게 좋네요
4. 2층이라 뷰도 좋은편이에요
5. 곁들임 메뉴가 있어서 아주좋아요.
6. 젓가락도 위생적입니다.

단점

1. 곁들임 메뉴 오렌지 치킨 아주 너무 좋긴한데 매번 오렌지 치킨만 먹기때문에 곁들임 메뉴에 탕수육과 오렌지치킨말고 다른것도 있으면 좋겠다는 생각을 해봅니다.
2. 시간 조금만 늦으면 대기가 길어집니다 ㅠㅠ"
nv_1203337621,웍셔너리,강남,중식,,4466,,,미국식 중국식이라 입맛에 잘 맞고 특별해요. 이전에 네이버로 미리 시키고 픽업와서 집에서 먹기도 했는데 포장도 예쁘고 시킨 메뉴 다 맛있더라구요. 가성비 좋은 요일별 메뉴도 점심 저녁 상관없이 시킬수 있어요. 주문도 큐알로 편하게 시킬수 있어 좋아요. 특히 직원분들 모두 친절하셔서 기분좋게 식사했어요.
nv_1203337621,웍셔너리,강남,중식,,4466,,,"장점

1. 수십번을 갔지만 포장은 처음이라 드디어 처음으로 종이박스로 먹게 되었습니다. 미드에서 보던 그 박스를 처음으로 접해보네요. 너무 재미있었어요.
2. 포장해서 먹어도 맛있네요.
3. 단체주문은 처음이어서 다양하게 시켜서 뷔페처럼 먹었는데 직원들이 대부분 맛있다고 하시네요. 좋은 선택이었다고 칭찬을 많이 들었습니다.

단점

1. 포장시에는 피클이 제공되지 않는 것 같습니다.
2. 배달시키려다가 배달시에는 요일할인이 제공되지 않는다 하여 방문포장을 했습니다. 요일할인이 적용되지않는것은 좀 아쉽습니다.
3. 포장을했을때도 스리라차 같은게 제공되면 좋겠습니다.
4. 아무래도 요리 특성상 다양하게 시켜서 그렇긴하겠지만 조금 오래걸리는건 어쩔 수 없습니다 ㅎ"
nv_1203337621,웍셔너리,강남,중식,,4466,,,"힙한 분위기에서 제대로 된 아메리칸 차이니즈 요리를 즐기고 왔어요.
친구에게 추천받았는데 먹자마자 이유를 알겠더라구요.
바삭한 튀김부터 불향 가득한 차우멘, 든든한 고기 덮밥까지 메뉴 조합이 최고예요.
양도 푸짐하고 정말 맛있어서 재방문 의사 100%입니다. 강추해요!"
nv_1203337621,웍셔너리,강남,중식,,4466,,,"모든 메뉴가 정성이고 완벽해요!! 너무 맛있어서 4명이서 몇 개 메뉴를 먹은 건지 🤣 금욜 저녁 방문이라 당연 만석이었는데 예약해서 고량주도 받고, 행복한 식사 즐기고 갑니다 🥹❤️ 사장님&직원분들 너무 친절하셔서 다음에 또 오려구요!! 제발 도산공원 맛집 or 데이트 코스 찾는 분들 꼭꼭 방문하시길!! 🙏🏻🎉"
nv_1203337621,웍셔너리,강남,중식,,4466,,,Chinese American 음식을 서울에서 잘 하는데가 거의 없어서 웍셔너리는 미국에서 먹던 맛 그대로이고 느끼하지 않고 간도 잘 맞아서 정말 좋아요. 미국에서는 정말 짜게 먹었는데 짜지 않아서 좋은데요
nv_1203337621,웍셔너리,강남,중식,,4466,,,"장점

1. 역시나 맛있습니다. 웍셔너리의 요일메뉴중 차오미엔이 두개나 있다는건 역시 차오미엔이 웍셔너리의 대표메뉴라는 뜻인거겠죠. 최곱니다.
2. 평소보다 조금 늦었더니 오히려 자리가 있네요. 12시 정각만 피하면 좋을것같습니다.
3. 단골할 맛이 있는곳입니다. 정말 자주가시면 사장님이 다양한 혜택을 주십니다. 다양한 혜택으로 놀라움을 주시네요
4. 친절하세요. 탕수육을 받을때쯤 이유가 생겨서 나오자마자 포장해달라고 말씀드렸는데 불편한기색 전혀없이 바로 도와주셨어요.
5. 추가 사이드메뉴로 탕수육을 처음시켜봤어요. 탕수육도 명불허전입니다. 절대 평범하지 않은 웍셔너리만의 탕수육이 나오네요. 쫀득한 반죽과 함께 튀겨진 연근, 달큰한 소스가 너무 잘 어울리면서도 웍셔너리만의 킥이 잘 담겨있네요."
nv_1203337621,웍셔너리,강남,중식,,4466,,,갑자기 찾아가게 된 식당이었는데 인기가 많은 곳인지 금방 만석이 되고 웨이팅이 생기더라구요..! 음식 한 입 먹자마자.. 왜 인기가 많은지 바로 납득했어요.. 짬뽕이 일단 너무 맛있고 깔끔해요! 그리고 망고크림새우 꼭 드세요 너무 맛있어요… 군만두도..!!! 최곱니다! 재방문해서 메뉴 도장깨기 하고 싶어요 👍🏻👍🏻
nv_1203337621,웍셔너리,강남,중식,,4466,,,"장점

1. 이번에도 픽업해서 먹었습니다. 지난번에 직원들이 또 먹고싶다고 다른메뉴는 뭐가 있냐해서 다양하게 시켰는데 이번에도 직원들이 매우 좋아했습니다.
2. 픽업하러 갔더니 굿만두도 잘 챙겨주시고 오이못먹는다고 단무지 챙겨주신것도 감사했습니다.
3. 역시나 다같이 시켜서 종이박스로 먹는 감성이 마치 미드안에 들어와있는것같아서 좋았어요.
4. 스파이시 치킨 차오미엔 진짜 너무 매웠는데 뭔가 맵기가 조절된 느낌이에요. 적당하게 좋았습니다. 다른직원들한테 매우니까 각오하라고했는데 생각보다 안매워서 뻘쭘하긴했지만 아주 적당히 매운느낌이었습니다.
5. 만두가 진짜 맛있어요. 다들 만두를 맛있다고 하시네요. 육즙이 진짜 많아요.
6.고수를 따로 주셔서 취향에 맞게 먹기 너무 좋았어요."
nv_2095917826,옥스라이브파이어그릴 도산,강남,양식,,30,,,"포도 더 블랙 2층에 있어서 다른 지점과 다르게 좀 더 차분하고 프라이빗한 것 같아요 :) 까나비네로 스페인 레드 쉬림프 구이가 별미였고 안심, 토시살 중에서는 레어로 나온 안심보다 좀 더 지방이 잘 녹아서 미듐으로 구워진 토시살이 좀 더 나았어요. 중간중간 그릴에 살짝 데워주시는데 그럴수록 더 맛있어지는! 육회 타르타르, 사이드 버섯 감자가 특히 맛있었고 같이 나오는 위스키 솔트와 치미추리 소스가 토시살과 잘 어울렸어요 ㅎㅎ 모임으로 갔는데 룸에서 장작도 피울 수 있고 조용해서 다들 만족했네요!

발렛도 편하고 분위기, 맛도 괜찮고 무엇보다도 매니저님이 너무 친절하셔서 앞으로도 단체 모임이나 지인들끼리 또 갈 것 같아요 ㅎㅎ"
nv_1242730767,비욘더 강남,강남,양식,,1490,,,"네이버 검색해서 급하게 예약하고 왔습니다
지하에 위치하고 있구요.점심 먹었어요 ㅋ
저녁엔 와인마신기 좋은 분위기입니다~~

음식도 맛있어요~~다음에 와인마시러 저녁에 한번더 오고싶네요.

데이트 장소로 추천드려요"
nv_1242730767,비욘더 강남,강남,양식,,1490,,,"강남에서 분위기 좋은 바를 찾다가 방문한 비욘더강남은 오랜만에 정말 기억에 오래 남을 공간이었습니다. 조명이 은은하게 깔린 공간에서 두 분의 아티스트가 들려주는 재즈 공연을 듣고 있으니 마치 여행 온 기분이 들더라고요. 시그니처 칵테일은 향부터 굉장히 매력적이었고, 갓파더 칵테일은 묵직하면서도 부드러운 끝맛이 인상적이었습니다. 특히 구운 토마토파스타 with 딜 허브는 토마토의 깊은 풍미와 허브 향이 자연스럽게 어우러져서 술과 정말 잘 맞았습니다. 음악, 음식, 분위기까지 전부 조화로워서 기분 좋은 저녁을 보내고 왔습니다."
nv_1242730767,비욘더 강남,강남,양식,,1490,,,"비욘더 강남에 혼술할겸 방문했는데 분위기도 너무 좋고 조용해서 생각하기 좋아요.
음식도 맛있고 술도 너무 맛있어요(?)
공연도 있다고 해서 기대 중입니다.
데이트, 소개팅으로도 좋을 것 같아서 남자친구 생기면 또 올게요~~"
nv_1242730767,비욘더 강남,강남,양식,,1490,,,입구에서부터 인테리어가 멋지고 모임으로 오기 정말 세련되게 좋아요!! 음식도 하나하나 맛있고 깔끔합니다. 직원분들께서 정~말 친절하세요! 엄마 생신에 방문해서 셰프님의 라이브공연과 특별 디저트까지 완벽한 이벤트였습니다. 덕분에 좋은 날에 더 기분좋은 식사였습니다. 엄마도 너무 좋아하시구 다음에 아빠랑 같이 모시고 또 오고싶어요 감사합니다!!
nv_1242730767,비욘더 강남,강남,양식,,1490,,,"분위기도, 맛도, 무엇보다 스페셜 공연 무대가
정말 기대 이상이었습니다 !!! 😋🌹
몽환적이고 여행 온 것 같은 기분~ 최고최고❤️‍🔥"
nv_1242730767,비욘더 강남,강남,양식,,1490,,,예전에 한번 왔다가 너무 좋은 기억이 있어 청모를 하러 왔어요 인테리어면 인테리어 음식이면 음식 너무 만족이에요 가격도 너무 괜찮고 이만한 장소가 없는듯해요 사장님께서 청첩장 모임한다하니 룸으로 안내해주시기까지!! 재밌게 놀고있던 중간에 서빙해주시던 서버분들의 멋진 공연까지! 청모 불렀던 친구들이 이런 가게 어떻게 찾았냐면서 칭찬해주니 괜히 으쓱해졌네요 ㅋㅋ 너무 잘 있다갑니다 :)
nv_1242730767,비욘더 강남,강남,양식,,1490,,,"분위기 좋고 음식도 만족스러웠어요 ✨

XO 해산물 파스타는 면 익힘이 딱 좋았고, 홍합이 푸짐하게 들어가 있어서 먹는 재미가 있었어요. XO소스 특유의 감칠맛이 은은하게 올라오는데, 너무 자극적이지 않고 깔끔해서 좋았습니다. 위에 올라간 치즈랑 쪽파도 잘 어울렸어요.

김치볶음밥은 불향이 살짝 느껴지고 김치의 매콤새콤한 맛 밸런스가 좋았어요. 반숙 계란 터뜨려서 같이 먹으니까 훨씬 부드럽고, 바삭한 토핑 식감까지 있어서 끝까지 맛있게 먹었습니다.

전체적으로 플레이팅도 예쁘고 메뉴 조합이 의외로 잘 어울려서 만족했어요. 다음에 다른 메뉴도 먹어보고 싶네요 😊"
nv_1242730767,비욘더 강남,강남,양식,,1490,,,"음식 하나하나 다 너무 맛있고 데이트하기 너무 좋은 식당이에요
강남역근처에 데이트하기 좋은 저녁식사매장 찾으신다면
강추드립니다
그리고 공연해주시는데 노래도 너무 잘하시고 분위기가 미쳤습니다😊"
nv_1242730767,비욘더 강남,강남,양식,,1490,,,비욘더 강남 여기 네이버랑 인스타 광고보고 와봤는데 진짜 진짜 분위기 개 좋아요 저 여기 소개팅 하려고 왔는데 분위기 때문인지 네… 그린 라이트입니다 후후 쨌든 음식들도 진짜 맛있어요 특히 오일파스타랑 스테이크 너무 맛있습니다 ㅠㅠㅠ 노래 불러주시는 분도 너무 귀호강이구요 노래듣다 밥 먹다 하는데 넘 좋은 시간 보낸것 같아요 또 오겠습니다 !!!
nv_1242730767,비욘더 강남,강남,양식,,1490,,,"비욘더 강남에 다녀왔어요. 여기는 일반적인 식당과는 다르게 셰프들이 노래도 하고 춤도 추는 퍼포먼스가 있어서, 마치 라이브카페의 젊은 버전 같은 독특한 분위기를 느낄 수 있는 곳이에요. 식사를 하면서 자연스럽게 공연까지 즐길 수 있어서 색다른 경험이었어요.
저희는 만조 파스타와 김치볶음밥을 주문했고, 음료로는 몽키숄더 하이볼(탄산수)과 히비스커스 오렌지 에이드를 함께 했어요. 저는 임산부라 술은 마시지 않았고, 남편은 라이브 공연을 보면서 하이볼을 곁들여 즐거운 시간을 보냈어요. 음식도 무난하게 맛있어서 분위기와 잘 어울렸어요."
nv_2039067703,비스포킷 까사 논현점,강남,양식,,839,,,"여봉이와 둘만의 여유로운 데이트를 즐기기 위해 방문한 언주역 맛집, 비스포킷 까사 논현점. 들어서는 순간부터 따뜻하고 아늑한 무드가 느껴졌던 감성적인 분위기가 정말 매력적이었고, 음식까지 모두 만족스러웠던 신논현 데이트였어요. 구옥을 리모델링한 공간이라 감성적인 분위기가 정말 매력적이었는데요. 우드톤 인테리어와 은은한 조명이 어우러져 아늑하면서도 세련된 느낌이라 데이트하기 딱 좋았어요. 우리가 주문한 큐브 스테이크플레이트는 한입 크기로 먹기 좋게 썰어져 나와 편하게 즐기기 좋았던 스테이크에요. 버섯과 마늘, 토마토 어떤 것을 함께 곁들여 먹어도 다 잘 어울려서 더욱 조화로운 맛으로 즐길 수 있었어요."
nv_2039067703,비스포킷 까사 논현점,강남,양식,,839,,,"비스포킷 까사 논현점에서 생일상 받았어요^^
딸들이 예약해서 온 곳인데,
음식이 고루고루 다 맛있었습니다^^
다음에 또 와야겠어요^^
생일이라고 아이스크림 서비스로 주셨는데요,
완전 맛있었어요👍
친절하게 응대해주셔서 편하게 식사했습니다^^
맛있게 잘 먹고 갑니다^^"
nv_2039067703,비스포킷 까사 논현점,강남,양식,,839,,,외경부터 마음에 쏙 드는 곳이에요! 부채살스테이크피자랑 칠리 쉬림프 오일 파스타도 정말 맛있네요. 레몬에이드 음료랑 같이 먹었는데 음식과도 잘 어울려요. 같이 간 친구가 너무 좋은 곳을 알게 되었다고 하네요. 인기 맛집이라 예약은 필수네요. 다음에 또 올게요.
nv_2039067703,비스포킷 까사 논현점,강남,양식,,839,,,"인테리어도 예쁘고 피자도 맛있지만
트러플파스타가 진짜 맛있어요!!

트러플 파스타 먹고나면 다른 파스타 못먹어요….
배달로도 먹어봤지만 역시 가게에서 먹는게 맛있어요
4번째 방문인데 또 올게요오오 :)"
nv_2039067703,비스포킷 까사 논현점,강남,양식,,839,,,"유아식기 의자 다 마련되어있고, 직원분들도 친절하셔서 기분좋게 한끼 먹고 왔어요. 음식도 맛있었어요. 아이동반에도 불편함은 없었지만, 전반적 분위기기가 트렌디한 느낌이라 데이트하는 분들에게 추천하고 싶습니다. 😊"
nv_2039067703,비스포킷 까사 논현점,강남,양식,,839,,,"오늘 날씨가 좋아서 집근처에 있는 비스포킷 까사논현점에 친구와 함께 방문했는데, 매장 들어갔을때부터 직원분들이 친절하게 자리 안내해주시고, 음식도 푸짐하고 , 너무 맛있게 먹었습니다! 다음에 모임 있을때는 예약해서 오고 싶네요! 서비스로 주신 디저트 케이크도 커피와 너무 잘어울렸어요! 집근처에 인테리어 멋진 레스토랑이 생겨서 너무 기쁘네요^^)👍💕"
nv_2039067703,비스포킷 까사 논현점,강남,양식,,839,,,"비스포켓 까사 논현점에서 맛본 칠리 쉬림프 오일 파스타와 전복 파스타는 맛의 밸런스가 정말 훌륭한 조합이었습니다!
칠리 쉬림프 오일 파스타는 탱글한 새우와 매콤한 칠리 향이 오일의 느끼함을 싹 잡아주어 깔끔했고, 전복 파스타는 진하고 녹진한 내장 소스의 고소한 풍미가 면에 깊게 배어있어 고급스러웠습니다.
매콤하고 깔끔한 맛과 고소하고 진한 맛을 번갈아 즐길 수 있어서 질릴 틈 없이 마지막까지 맛있게 먹었네요. 세련된 공간에서 비주얼과 맛 모두 만족스러운 식사였습니다."
nv_2039067703,비스포킷 까사 논현점,강남,양식,,839,,,인테리어 분위기가 정말 감각적이고 매장도 깔끔해서 구경하는 재미가 있었어요. 가구랑 소품 퀄리티도 좋아 보였고 직원분 응대도 친절해서 편하게 둘러봤네요. 신혼가구나 집꾸미기 관심 있는 분들 방문해보기 좋은 곳 같아요!
nv_2039067703,비스포킷 까사 논현점,강남,양식,,839,,,"파스타 좋아하는 친구의 단골 파스타맛집인데 기대보다 더 분위기 맛집입니다.
레트로하면서도 화이트와 우드톤의 인테리어가 아늑하고 멋져요.
지하철역과도 가까워 접근성도 좋고 음식맛도 좋아요.
간도 적당하고 양도 꽤 많아서 아주 잘 먹었어요.
날 좋은 날에는 테라스석에서 와인과 파스타를 즐겨보는 것도 좋겠어요.
주택을 개조해 룸도 여러 개 있는데 오픈공간이면서 커튼을 닫으면 프라이빗하게 바뀌는 공간변화도 인상적이어요. 다음에는 룸에서 친구들과 함께 먹으로 와야겠어요."
nv_2039067703,비스포킷 까사 논현점,강남,양식,,839,,,"평일 밤에 남자친구랑 레스토랑에 오고 싶어서
검색하다가 알게된 비스포킷 까사!

분위기는 아늑하고 피자가 특히 맛있었어요
늦게까지 하는 레스토랑 별로 없는데
위치도 좋고 그점이 최고 장점이네요

사장님도 친절하셔서 기분좋게 먹고 갑니다❤️"
nv_1136987923,우슴 강남논현점,강남,술집,,24,,,"스지전골이랑 한우전골이 맛있기로 유명한 우슴!
누군가에게 소개하고 대접하기에 음식 맛이 좋고 술 안주로 너무 좋아요!
단체모임이나 회식 장소로도 넓고 좋습니다
신논현 들리실 계획이 있으시면 신논현 맛집 우슴 너무 추천드려요👍"
nv_1136987923,우슴 강남논현점,강남,술집,,24,,,"맛집 검색 하다가 우연히 들어 온 집인데 정말 맛있어요. 가성비도 좋고 두 명이서 이 금액으로 먹을 수 있어서 정말 좋네요.
김치과 가 직접 담근건지 아삭하고 너무 맛있어요.
잘 먹고 갑니다. 감사합니다.

#필수 키워드
#강남 맛집
#논현역 맛집
#점심 맛집
직장인 회식"
nv_1136987923,우슴 강남논현점,강남,술집,,24,,,"논현역 맛집 검색하다가 발견한 강남 숨은맛집 우슴에 다녀왔어요 ! 반반수육, 육회비빔밥, 감자전 시켰는데 너무 맛나게 잘먹었습니다. 공간도 넓어서 직장인 회식하기도 좋은것같아요!!
맛있게 잘먹구갑니다! 점심맛집으로 추천해용"
nv_1136987923,우슴 강남논현점,강남,술집,,24,,,"신논현 맛집 찾다가 방문했는데 분위기도 좋고 음식 퀄리티도 진짜 만족스러웠어요✨
술 마시기에도 좋아서 신논현 술집으로 추천하고 싶고, 자리도 넓어서 단체모임이나 청첩장모임 하기 딱 좋았습니다!
직원분들도 친절하시고 전체적으로 모임하기 편한 분위기라 재방문 의사 완전 있어요👏"
nv_1136987923,우슴 강남논현점,강남,술집,,24,,,"신논현역 맛집
논현동 술집

24시간 운영하는 소고기 요리 전문점
맛있는 육수에 자작하게 담겨 끓여먹는 어복쟁반은 다양한 부위를 즐길 수 있고 투뿔 BMS 9등급의 한우로 내는 불고기도 짜지 않고 맛있네
육회비빔밥은 준비해간 치즈로 싸먹으니 존맛"
nv_1136987923,우슴 강남논현점,강남,술집,,24,,,"칭구 만나러 오랫만에 신논현맛집을 검색하다가 오게되었는데요.일단 너무 친절하시고 음식도 깔끔하고 24시긴이라 좋아요 ㅋ 밤에도 해장하러 올 둣 하구 단체모임이나 결혼하는 친구 청첩장모임을 해도 될 만큼 좌석도 넓으네요 .
요즘같은 날은 문도 활짝 야장느낌도 나구요 만족한 식사 하고갑니다."
nv_1136987923,우슴 강남논현점,강남,술집,,24,,,"신논현역에서 가까운 우슴에서 친한 벗들과 단체 모임도 하고..

오늘은 신논현 어복쟁반 맛집에서 친한 친구와 일요일 한잔 하기 좋네요~ ㅎㅎ

친구가 청첩장도 돌리며 모임도 했다는데..

담에 또 방문 예정입니다. ㅎㅎ"
nv_1136987923,우슴 강남논현점,강남,술집,,24,,,"신논현역 근처에서 단체모임 장소 찾다가 방문했는데 분위기도 좋고 음식도 정말 맛있었어요!
청첩장모임 하기에도 공간이 넉넉하고 시끄럽지 않아서 대화하기 편했습니다.

특히 메뉴 하나하나 퀄리티가 좋아서 같이 간 사람들 모두 만족했고, 직원분들도 친절해서 기분 좋게 식사했어요 😊
신논현 맛집 찾는 분들께 추천하고 싶은 곳입니다! 다음 모임 때 또 방문할게요 👍"
nv_1136987923,우슴 강남논현점,강남,술집,,24,,,"논현에서 식사하기 좋은 곳 찾다가 방문했는데 완전 만족했습니다 😊
음식 하나하나 퀄리티가 좋고 맛 밸런스가 정말 좋아요.
메뉴도 흔한 느낌이 아니라 제대로 신경 쓴 느낌이 들었습니다.

낮에는 든든하게 식사하기 좋고,
저녁에는 회식이나 모임 장소로 딱 좋은 분위기였습니다.
테이블 간격도 적당하고 매장이 깔끔해서 편하게 식사할 수 있었어요.

직원분들도 친절하시고 전체적으로 분위기가 좋아서
기분 좋게 식사하고 왔습니다 😄

논현에서 식사, 모임, 회식 장소 찾는다면 추천드립니다 👍"
nv_1136987923,우슴 강남논현점,강남,술집,,24,,,"반찬이 정갈하고 갈비찜이 맛있어요^^
낮술하기 좋은곳 같아요ㅎ
신논현역 맛집인정 입니당
단체모임 하기에도 좋을것같아요
분위기가 좋아서 청첩장 모임하기도 좋구요ㅎ
신논현에 와서 맛집 찾고 갑니다"
nv_1858740634,청담더코스,강남,술집,,423,,,연말 데이트장소로 딱이었어요! 일부러 데이트하려고 좋은 식당 찾다가 리뷰보고 방문했는데 룸도 너무 아늑하고 음식들도 엄청 맛있어서 딱 좋았어요ㅎㅎ 술안주도 단품으로 같이 주문해서 입맛에 맛는걸로 주문할 수 있는것도 넘 좋았음:)
nv_1858740634,청담더코스,강남,술집,,423,,,전체적인 메뉴 구성들이 훌륭하고 단품이라 하더라도 퀄리티가 장난 아니네요. 확실히 요즘 유명한 맛집들은 디테일한 부분까지 놓치지 않은 음식들이라 정말 만족도가 높았습니다 와인과 함께 너무 잘 먹고갑니다
nv_1858740634,청담더코스,강남,술집,,423,,,룸 이자카야 가게 중에서 1등인 거 같아요 👍 생일이라서 이곳저곳 검색해 보다가 알게돼서 방문했는데 분위기도 좋고 음식이 다 맛있어요 !! 기념일이 아닌 날에도 다시 올 거 같아용 오래오래 해 주세요 ㅎㅎ
nv_1858740634,청담더코스,강남,술집,,423,,,"생일모임으로 3인 예약하고 가서
모듬세트 특, 해물누룽지탕, 명란크림파스타 시켰는데 대체로 맛있었어요.
작은방이라 조용하게 담소나누기 좋고,
분위기도 좋고 음식도 빨리나와서
좋았어요.
모듬세트특은 회가
해물 누룽지탕은 해물이 좀 더 푸짐해 보이면
좋겠다는 생각이 들었어요.
대체로 맛도 있고
바쁜 금요일 저녁시간 임에도 생일서비스로
김치전도 해주셔서 맛있게 먹었어요."
nv_1858740634,청담더코스,강남,술집,,423,,,너무 맛있었습니다ㅎㅎㅎ 이번이 벌써 3번째 방문이네요~ 첫 방문과 두번째 방문했을때도 참 만족스러웠던 기억이 있어 단체 모임이라던지 약속이 있으면 자연스럽게 찾게되네요 이번에 함께 다녀온 지인들도 참 좋아했습니다
nv_1858740634,청담더코스,강남,술집,,423,,,예전에 방문했을때 워낙 좋았던 기억이 있어 한해의 시작을 알리는 가족식사에 너무 좋겠다 생각해 재방문했습니다. 역시나 음식들도 너무 훌륭하고 부모님께서도 너무 과하게 느끼지 않을 수 있는 음식들로 다양하게 준비되어있어 입맛에 맞는 좋은 음식들과 함께 행복한 한해의 시작을 할 수 있었습니다 정말 너무너무 만족스러웠어요!
nv_1858740634,청담더코스,강남,술집,,423,,,지인이랑 간만에 들러 저녁겸 반주 했어요 역시 아늑하고 조용히 대화나누기 너무 좋아서 시간 가는 줄 몰랐네요 생일이었다고 서비스 안주도 주시고 사장님이 너무 친절하셔서 자주 오고 싶은 곳이에요 메뉴는 더 있었으나 허겁지겁 먹느라 사진을 못찍었네요~~사진은 해물누룽지탕인데 맛있고요 여긴 튀김이 정말 바삭해서 너무 맛나요~
nv_1858740634,청담더코스,강남,술집,,423,,,"이젠 늦은 시간까지 있을 예정이면
자연스럽게 떠오르는 더코스네요

지인들과 수다 떨기에 너무 편하다고 할까요..

여러 요리들도 하나같이 맛깔스러워서
늘 만족합니다~

연말모임에도 제격일듯하네요

프라이빗한 곳을 찾는다면 더더욱 청담더코스
추천합니다
25년 송년회도 이곳에서 할거 같네요👍"
nv_1858740634,청담더코스,강남,술집,,423,,,와..... 진짜 구성 끝내주네요ㅎㅎㅎ 어쩜 이렇게 고급스럽고 맛있는지ㅎㅎㅎ 이렇게 좋은 음식에 분위기 좋은 룸에서 프라이빗하게 즐길 수 있다니 역시나 최고네요~
nv_1858740634,청담더코스,강남,술집,,423,,,연예인 분들도 자주 오시는 맛집이라길래 저희 기념일에 이벤트 겸해서 식사했습니다!ㅎㅎ 확실히 룸이라 그런지 둘이 오븟한 분위기에서 좋은 식사하면서 너무 좋은 시간 보냈습니다 정말 좋았어요:)
nv_2074933485,매드후라이치킨 선릉점,강남,치킨,,1067,,,"야장에 앉고 싶었는데 비와서 아쉬운찰나
창가쪽 자리 완전 야장느낌ㅋ
비 내리는거 보면서 피맥하니 정말 좋네요ㅋ
요샌 폴딩도어로 다 열리는집이 시원해서 좋아요
창가자리 비어있다면 꼭 가세요!"
nv_2074933485,매드후라이치킨 선릉점,강남,치킨,,1067,,,동료들이랑 오랜만에 모인 자리라서 조용하고 맛있는 곳이 필요했는데 치킨은 크리스피하고 피자는 토마토 맛 진하게 나는 맛있는 피자였어요! 완전 강추
nv_2074933485,매드후라이치킨 선릉점,강남,치킨,,1067,,,"치킨 맥주 너무 맛있어서 재방문할수밖에없었습니당
사장님 직원분들도 넘 친절하시고 매장도 넓어용
치킨 정말 촉촉하고 바삭하고 맥주도 종류 다양한데 하나하나 맛나용 치맥하실분들 무조건오쎄용 강추 또올게요~~~"
nv_2074933485,매드후라이치킨 선릉점,강남,치킨,,1067,,,"매장이 엄청 청결하고 넓고 좋아요!! 음식도 너무 맛있습니다!!
단체모임하기 너무 좋습니다~~!! 직장동료들이랑 와서 목소리가 다 잘들려서 좋았습니다!!"
nv_2074933485,매드후라이치킨 선릉점,강남,치킨,,1067,,,치킨 진짜 너무 맛있는 곳이에요!! 레몬라거도 진짜 맛있습니다🩷 매장이 2층까지 엄청 넓어서 단체모임하기에도 좋고 분위기도 펍이라 멋져요!!
nv_2074933485,매드후라이치킨 선릉점,강남,치킨,,1067,,,"너무 맛있고 ~ 바람도 잘통하고 ~ 사장님 친절하시고
단체모임 단체회식 장소로 강추합니다 !!!😋
깔끔하고 매장넓고 맛있고 분위기 편하니까 !!👍🏻✨
2층까지 있어요 ! 다음 회식때 또 와야겠어요 ❤️
#단체회식 #단체모임 #선릉역맛집 #분좋치"
nv_2074933485,매드후라이치킨 선릉점,강남,치킨,,1067,,,"선릉역 후라이드, 피자, 파스타 맛집 ""매드후라이드치킨 선릉점""

2호선, 수인분당선 선릉역에서 가까운 ""매드후라이치킨 선릉점""은 치킨, 피자, 파스타, 스페셜메뉴, 수제맥주까지 모두 갖춘 선릉역 맛집, 프리미엄 펍입니다.

늘 만석이고 우리나라 최고의 치킨 전문가가 개발한 치킨으로서 다량의 양파와 마늘, 그리고 비법 시즈닝으로 24시간 숙성한 맛있는 웰빙 치킨 맛집입니다.

대형 매장으로 (1층 50명, 2층 100명 수용가능) 1층, 2층 넓은 공간에 대형 프로젝터와 TV 완비, 단체 회식, 친구 모임, 데이트 장소로 최적입니다.

사장님과 직원들도 친절하시고 분위기 있는 공간에서 퇴근 후 친구나 직장동료들과 즐거운 시간을 ""매드후라이치킨 선릉점""에서 특별한 시간을 만들어 보시라고 강추합니다."
nv_2074933485,매드후라이치킨 선릉점,강남,치킨,,1067,,,"매드후라이는 또간집
치킨집 분위기 끝내주고 맛은 말모 ㅅ치킨도 맛난데
저는 피자가 끝장 맛나요
스파게티는 대야에 나와요
진짜 삼인분같아요
맛이 끝내주고
서비스알칩까지
리뷰 콜라 달달하고
생맥의 부드러움 끝!"
nv_2074933485,매드후라이치킨 선릉점,강남,치킨,,1067,,,메뉴도 다양해서 고르는데 고민 많이 하고 주문했는데 너무 맛있어요! 핫크리스피 치킨도 바삭하게 튀겨주시고 파스타가 양이 혜자에요! 커다란 뚝배기에 가득 담겨 나오는데 너무 맛있어서 이태리 레스토랑에 온 줄 알았어요ㅎㅎ근처에 맛집을 알게돼서 너무 좋네요:-) 분위기도 좋고 자주 올 것 같아요!
nv_2074933485,매드후라이치킨 선릉점,강남,치킨,,1067,,,"선릉역 근처에서 모임 하기 좋은 곳 발견함
1, 2층 다 써서 매장 진짜 넓고 새로 오픈해 쾌적해서 일단 합격
대형 스크린도 있어서 나중에 야구 보러 오거나 회식 2차로 오기에도 너무 좋을 듯.
선릉 쪽에서 안주 맛있는 펍 찾는다면 추천"
nv_2003259752,다미곱창 강남본점,강남,치킨,,2077,,,"진짜 너무 맛있아요!!ㅜㅜ
곱도 가득차고 대창도 딱 맛있고 막창도 쫄깃하고 너무 맛있어요🤤🤤
직원분들 너무 다 친절하시고 웃으면서 얘기하셔서 저도 기분이 좋았아요!!🫶
아 그리고 구워서 나오는 거라 냄새도 안나고 진짜 최고입니다!!!!!👍"
nv_2003259752,다미곱창 강남본점,강남,치킨,,2077,,,"모듬구이 시켰는데 너무 맛있고 양도 많아요ㅠㅠ
술이 쑥쓱 들어가는 맛입니다
직원분들도 친절하시구 다음에 또 오고 싶어요!
볶음밥 필수입니다!"
nv_2003259752,다미곱창 강남본점,강남,치킨,,2077,,,"일단 모듬 구성이 좋고 곱창도 딱 맛있었어요!
그리고 다 구워서줘서 맛있더라구요!!
마지막 볶음밥에 치즈 추가는 킥이였습니다ㅋㅋㅋㅋ 계란에 간을 안해놓아서 삼합느낌으로 먹으면 맛있어요"
nv_2003259752,다미곱창 강남본점,강남,치킨,,2077,,,"마늘곱창 +일반곱창 주문했는데
최근 먹어본 곱창중에 제일만족스럽니다
제일부드럽고 맛있었어요
다만 아쉬운건 쌈장이 없어서 쌈장을 준비하면 더좋을것
같아요
곱창은 정말 너무맛있었습니다"
nv_2003259752,다미곱창 강남본점,강남,치킨,,2077,,,"강남역 자주 오는데 지나다니면서 항상 사람이 많아서 눈여겨보다가 드디어 먹어봤어요! 일단 잡내같은거 전혀없고 맛있어요!! 찌개같은게 나오는데 엄청 시원하고 맛있고 특히 깍두기 볶음밥 되게 맛있게 먹었어요😻 둘이와서 모둠 2인분, 볶음밥 3개 시켜서 싹싹 먹고 갑니다!!"
nv_2003259752,다미곱창 강남본점,강남,치킨,,2077,,,"한우곱창 진짜 너무 맛있어요~^^
곱도 가득차고 대창 막창 도맛있어요
모듬구이로 시켜는데 다 구워져서 날와서 바로 먹을수 있어서 너무 좋아요"
nv_2003259752,다미곱창 강남본점,강남,치킨,,2077,,,매장이 넓고 모듬구이랑 깍두기 볶음밥 시켰는데 다 맛있었어요! 직원분들도 친절하세요ㅎㅎ
nv_2003259752,다미곱창 강남본점,강남,치킨,,2077,,,미리 조리되어 나와서 먹기 편해요 👍🏻 바쁜 저녁 시간에 방문했는데도 메뉴가 늦지않게 나와 좋았고 깍두기 볶음밥 너무 맛있었습니다 🥹🩷 접근성도 좋고 장소도 꽤커서 모임하기도 좋을 것같습니당
nv_2003259752,다미곱창 강남본점,강남,치킨,,2077,,,이집은 곱창에서 잡네가 나지를 않습니다 그리고 트레이드 마크라 할 수 있는 마늘 곱창이 독특한 맛을 가지며 이 매력은 다른 가계에서는 맛 볼 수 없는 이 가계 고유의 맛입니다. 다들 비오는 날 혹은 피곤한 날 하루의 마지막을 곱창과 술로 마무리 해보시는간 어떠신가요?
nv_2003259752,다미곱창 강남본점,강남,치킨,,2077,,,곱창 질이 일단 좋고 실해서 맛있어요! 존맛존맛 부추 많아서 계속 안느끼하게 먹을 수 있엇고 야장 하기 좋게 돼있어서 잘먹었습니다!!
nv_2008233171,유쾌한그집 선릉점,강남,한식,,293,,,"육회가 땡겨서 온 건데 진짜 너무 맛있어요ㅠㅠ
소고기뭇국도 최고... 선릉에 이런 집이!!!
또 올게요!!! 진짜루!!"
nv_2008233171,유쾌한그집 선릉점,강남,한식,,293,,,"모든 메뉴가 맛있었어요!! 차돌사시미 인줄 알았는데, 구워먹는 차돌이었어요. 근데 오히려 좋있어요 ㅎㅎ 차돌 육회쌈 맛있었어요! 라면 꼭 추천해요.. ㅎㅎ 지인분들과 왔지만 분위기도 좋아서 다음에 연인과 오고파요!!"
nv_2008233171,유쾌한그집 선릉점,강남,한식,,293,,,맛있고 분위기 좋아요! 사시미 메뉴 전반적으로 퀄리티 좋고 어묵탕 라면 다 맛있었어요!! 그리고 차돌 육회쌈 할 수 있어 좋았어요 ㅎㅎ 넘 맛나요~!! 다음에 또 방문 예정입니다 ㅎㅎ
nv_2008233171,유쾌한그집 선릉점,강남,한식,,293,,,식사하기에도 술한잔 하기에도 좋은 곳이에요. 육회뿐 아니라 고기가 들어간 요리들이 모두 맛있고 라면도 불향이 느껴지면서 고기와 함께 먹기 좋았어요. 육회비빔밥도 맛있었고 식사하기 위해 방문했지만 육회랑 한 잔 하기에도 좋은 메뉴들이어서 다시 또 올 것 같아요.
nv_2008233171,유쾌한그집 선릉점,강남,한식,,293,,,육회도 너무 신선하고 맛있어여 ~~사장님도 친절하시고 다시 꼭 오고싶어여~감태주는 육회집은 여기가 첨인듯해여~~
nv_2008233171,유쾌한그집 선릉점,강남,한식,,293,,,먹어본 육회중에 제일맛있는게 신기하고 탕수육도 처음보지만 진짜 너무 맛있어요 사장님 번창하세요 이런가게는 알려져야합니다!!
nv_2008233171,유쾌한그집 선릉점,강남,한식,,293,,,육회 환자라서 선릉 온 김에 왔능데 아 ㅡ ㅡ 그냥 너무 맛있고 기본 안주로 나오는 소고기무꾹이 완전 우리엄마가 해준줄 아라써여 차돌꾸이도 진짜 마시꼬.. 직원분들이랑 사장님이랑 다 너무 다 친절하세여 뭐 이런 가게가 다 있지;; 🫶🏻 (저 배민 리뷰도 안 쓰는 사람이에요)
nv_2008233171,유쾌한그집 선릉점,강남,한식,,293,,,"저는 1++ 한우육회(2~3인) 주문했는데, 1++ 육회 육사시미 차돌박이 전문점답게 신선함이 확 느껴졌어요. 파와 미나리를 함께 버무린 스타일이라 향도 좋고 식감도 살아있어서 정말 맛있었습니다. 특히 사시미 찍어먹는 소스를 같이 주시는데, 육회에 싸먹으니까 감칠맛이 더 살아나서 인상적이었어요. 역시 ‘1++ 한우로 즐기는 깊은 육회의 맛’이라는 말이 딱 맞는 느낌이었습니다.사이드로 나온 김치, 장아찌, 소고기뭇국도 진짜 맜있는데요!! 김치는 직접 담그신다고 하셨는데 전라도 김치마냥 감칠맛에 계속 손이 가더라고요. 메인뿐만 아니라 곁들임까지 더 맛있어서 너무 좋았어요!"
nv_2008233171,유쾌한그집 선릉점,강남,한식,,293,,,"너무 맛있습니다!!
조용하게 한잔 하기 너무 좋은 술집이예요
음식도 맛있고 분위기도 너무 좋습니다!!☺️"
nv_2008233171,유쾌한그집 선릉점,강남,한식,,293,,,육회가 너무 신선하고 맛있어요!! 🤍 기본으로 나오는 소고기무국도 엄청 맛있어요 밑반찬부터 메인메뉴까지 너무 맛있게 잘 먹었습니다 또 올게요!☺️
nv_1234407239,흑벽돌집 논현본점,강남,한식,"별점
4.9",4,,,"남자친구랑 주기적으로 방문하는 찐 맛집이에요 모든 메뉴가 다 맛있고 고기 질도 너무 좋고 사장님,직원분들도 엄청엄청 친절하셔서 기분 좋게 식사하고 왔어요 :)
처음부터 끝까지 세심하게 챙겨주시고 굽는 타이밍도 딱 좋아서 더 맛있게 먹은 것 같아요.
특히 고기가 진짜 잡내 하나 없이 부드럽고 육즙이 살아있어서 한입 먹자마자 감탄했어요,, 🥹

분위기도 시끄럽지 않고 깔끔해서 가족 외식이나 데이트, 친구들이랑 오기에도 좋을 것 같아요!"
nv_1234407239,흑벽돌집 논현본점,강남,한식,"별점
4.9",4,,,"회사 근처에서 저녁 먹으려고 재방문했어요!! 회사에서 점심 회식으로 왔다가 너무 맛있어서 남자친구 데리고 왔습니당
고기 질도 너무 좋고 치즈 가리비는 처음 먹어보는데 존맛이네요ㅠ 따로 주문하고싶어요 언주역 고기집은 흑벽돌집 고기집 추천합니다
여긴 기본으로 나오는 찬들도 존맛이에용 왕추천!!!!"
nv_1234407239,흑벽돌집 논현본점,강남,한식,"별점
4.9",4,,,"흑벽돌집은 사라져서는 안되는 고기집입니다 ㅠ
넘넘 맛있고 직원분도 왤케 친절하신건가요!!
오후2시안되서 왔는데 여자분 남자분 다 넘 친절하십니다 ㅎㅎㅎ
언주역고기 일인자..!!! 🩷🖤"
nv_1234407239,흑벽돌집 논현본점,강남,한식,"별점
4.9",4,,,"논현동에 있는 고기집인 흑벽돌집 언주역이랑도 가깝고, 고기가 맛있어서 집에서 먼데도 불구하고 찾아와서 먹는집이에요! 너무 맛있게 잘 먹었습니다! 고깃집 찾는 분들 강력 추천합니다!
그러면 다음에 또 방문할게요🤣"
nv_1234407239,흑벽돌집 논현본점,강남,한식,"별점
4.9",4,,,"논현동고기집추천!
몇번째 방문한 목살맛집!
가리비구이 타이거새우 등 메뉴도 다양하고
지금딱좋은 야장테이블도 있어서
너무 만족하고갑니다!!!!!
너무너무맛있는일등목살맛집 해산물도 상태 넘조아용"
nv_1234407239,흑벽돌집 논현본점,강남,한식,"별점
4.9",4,,,조개구이랑 고기를 퀄리트있게 먹을수있는 언주역 맛방문했습니다 쭈꾸미 제철 메뉴를 가성비있게 판다는 정보를 입수 한후 한걸음에 달려왔습니다 주꾸미개싱싱 존맛입니다 담에도 또 고기랑 해산물땡기면 또올예정입니다 굿국
nv_1234407239,흑벽돌집 논현본점,강남,한식,"별점
4.9",4,,,"와우 논현동 고기집 찾다가 방문했는데 고기 질도 너무 좋구 직접 구워주셔서 넘 맛있어엽!!!
서비스로 나오는 조개탕도 넘 시원하고
된장술밥도 요물이예영!!!
언주역 고기집 맛집으로 강추합니다!!!😍👍💕❤️"
nv_1234407239,흑벽돌집 논현본점,강남,한식,"별점
4.9",4,,,"언주역에서 가깝고 야장분위기가 살아있어 너무 좋아요.
유명 연예인들의 싸인도 많았고, 내부는 포차분위기여서 신나요😘😘
직접 구워주셔서 먹기 편하고 삼겹살이 두툼해서 육즙이 흘러서 너무 맛있어요😍😍"
nv_1234407239,흑벽돌집 논현본점,강남,한식,"별점
4.9",4,,,"서비스로 조개탕도 나오고 너무너무 맛있어요!! 고기도 부드럼고 너무 좋은거같아요❤️
논현동고깃집이나 언주역고깃집 오실일있으면 여기 추천.. 전 동네라 자주 올듯용!!"
nv_1234407239,흑벽돌집 논현본점,강남,한식,"별점
4.9",4,,,"찐 단골인데 이번 시즌 메뉴 미쳤습니다!!!!
활쭈꾸미 진짜 부드럽구요 알쭈꾸미 철이라 쭈꾸미 찾아헤맸는데 이 맛있는게 집앞에 있었네요🥹🩵
여기는 사장님이 정말 찐 맛도리셔서 시즌 메뉴는 무조건 다 먹어봐야해요
겨울에 굴로 행복을 주셨는데 봄 쭈꾸미라니🌸 정말 배우신 분ㅠㅠㅠㅠ
쭈꾸미 식감 정말 부드럽구요 전 매운거 좋아해서 진짜 소스 완전 취저입니다 많이 달지도 않고 진~~~~짜 맛있게 매콤해요
고기 퀄리티는 언제나 최상이고 여긴 사장님 뿐 아니라 직원 분들도 고기 천재님들이라 다 맛있게 잘 구워주시고 엄청 친절하셔요♥️
기본 조개탕 소주 두병 가능하고 김치밥은 완전 후식 볶음밥 맛!! 고기집 김볶밥은 정답입니다 무조건 시키세요
사진에 없지만 된장 술밥도 최고!!
다음 계절도 기대할게요"
nv_2067155747,서관면옥 삼성점,강남,한식,,1214,,,"<삼성동 3번째 평양냉면집>
능라도 경평면옥에 이어서 새로 프렌차이즈인 교대의 서관면옥이 들어옴

평랭 애호가들이 흔히 하던 ""선주후면"" 을 저녁메뉴로 만들고 뭔가 항상 새롭게 시도하는 흔적들이 보여서 좋음

같은 블럭에 황태일로에 이어 손님과 함께 갈만한 식당이 새로 생겨서 좋고 대도식당 옆에 발렛까지되서 부담이 없음

음식도 인테리어도 모두 깔끔해서 더욱 좋으나 평랭 매니아들보단 처음 접하거나 가볍게 먹는 사람들은 호평을 할 식당"
nv_2067155747,서관면옥 삼성점,강남,한식,,1214,,,"외국인 친구들한테 평냉 맛 보여주기 위해서 방문했습니다! 능라도랑 고민이 많았으나 서관면옥이 좀 더 입문하기에 좋지 않을까 했는데 돝제육부터 반응 터지고 평냉도 몇입먹고는 금방 적응하네요! 다시마식초도 너무 마음에 들어해서 떠나는 마지막날 좋은 경험을 남긴 것 같아요>,<"
nv_2067155747,서관면옥 삼성점,강남,한식,,1214,,,"평양냉면 좋아해서 여러 군데 다녀봤는데 여기 꽤 기억에 남는 집이었어요. 육수가 맑고 슴슴한 듯하면서도 뒤에 올라오는 깊은 맛이 있어서 계속 들이키게 되더라고요. 메밀면 식감도 거칠지 않고 자연스러워서 육수랑 잘 어울렸고, 먹을수록 편안하게 맛있는 느낌이었습니다. 특히 간이 세지 않아서 다 먹고 나서도 속이 부담스럽지 않았어요. 매장 분위기도 차분하고 깔끔해서 천천히 식사하기 좋았고 직원분 응대도 친절했습니다. 평양냉면 입문용으로도 괜찮고, 원래 평냉 좋아하는 사람들도 만족할 만한 곳 같아요. 근처 오면 재방문 의사 있습니다!"
nv_2067155747,서관면옥 삼성점,강남,한식,,1214,,,"면으로 깔끔하게 아이 식사까지 고기와 밥으로 가능한곳!

일단 기본 세팅부터 너무 정갈하고 고급스러워요. 반찬 하나하나 깔끔하고, 쌈채소랑 장류도 퀄리티 좋습니다.
특히 편육이 진짜 부드럽고, 잡내 없이 깔끔해서 냉면 나오기 전부터 만족감 올라가요.
골동면 시켰는데 메밀면도 100%라 그런지 향이 살아있고 식감이 독특해서 평냉 좋아하는 사람들은 확실히 좋아할 듯.
솥밥 시켜서 나오는 육개장 정말 일품이에요! 직원분들도 친절하고 전체적으로 “대접받는 느낌”이 드는 곳이라
그냥 면 한그릇 먹는거보단 비용이 좀 있지만 만족도 높은 식당이에요"
nv_2067155747,서관면옥 삼성점,강남,한식,,1214,,,"놋그릇에 단정하게 얹어진 고명부터 정갈한 반찬까지, 음식을 마주하는 순간 대접받는다는 기분이 물씬 드는 곳입니다. 맑고 깊은 육수의 평양냉면은 은은한 육향이 면발에 사르르 배어들어 씹을수록 메밀 특유의 구수한 풍미가 입안을 가득 채우고 특히 고기와 야채 고명이 풍성하게 올라간 맛박이냉면은 아삭한 오이와 무의 식감이 더해져 마지막 한 젓가락까지 지루할 틈 없이 다채로운 맛이네요 담음에는 점심상과 수제 막걸리 먹어보고 리뷰 올리겠습니다"
nv_2067155747,서관면옥 삼성점,강남,한식,,1214,,,처음 방문했는데 기대했던 것보다 훨씬 만족스러웠습니다.음식 하나하나 정성이 느껴졌고 전체적으로 맛의 밸런스가 정말 좋았어요.다음에 근처 오게 되면 재방문할 생각 있고 주변 사람들에게도 추천하고 싶습니다.
nv_2067155747,서관면옥 삼성점,강남,한식,,1214,,,"어버이날 기념으로 가족모임하려고 룸 예약 후 방문했어요! 9개월 아기가 있어서 룸도 있으면서 주차 가능한 곳으로 찾아봤는데 마침 어복쟁반도 먹고 싶어서 서관면옥 삼성점으로 정했어요
밑반찬부터 메인요리까지 너무 정갈하게 나오고 룸으로 되어있으니 확실히 가족끼리 대화하기도 편하더라구요
다음에도 기회되면 또 방문하고 싶어요 :)"
nv_2067155747,서관면옥 삼성점,강남,한식,,1214,,,"날씨가 너무 더워서 냉면 먹으러 왔는데, 한 두 번쯤 올 정도로 또간집입니다! 가끔 생각나서 오고싶었는데 가족들이랑 같이 와서 즐거운 식사하고갑니다. 흔히 먹을 수 없는 평양냉면이랑 즐겁게 먹고갑니다. 감사합니다!"
nv_2067155747,서관면옥 삼성점,강남,한식,,1214,,,"어제도 오고 오늘도 왔습니다 여름의 시작
평냉 슴슴한데 끝맛은 깊고, 메밀면 향이 은근하게 올라와서 계속 들어감.
특히 배추 들어간 온반 스타일 냉면은 시원하면서도 속 편한 느낌이라 독특했음.
반찬도 군더더기 없이 깔끔하고 김치가 냉면이랑 진짜 잘 어울림.
평양냉면 입문자도 부담 없이 먹기 좋은 삼성동 냉면집 👀"
nv_2067155747,서관면옥 삼성점,강남,한식,,1214,,,"애정하던 서관면옥이 집근처에 생겨서 너무 좋네요
여름이 다가오니 매일매일 오게됩니당!! 이틀 연속 방문하고 있어서 오늘은 점심반상으로 시켜봤는데 갈비도 맛있고 찬도 훌륭하고 매번 깔끔하고 정갈하게 나와서 좋은 것 같아요! 능라도랑 고민하다가 다시마초때문에 계속 서관면옥을 오네요 ㅋㅋ"
nv_1435091999,대패마켙 강남논현점,강남,한식,,24,,,대패삼겹살 먹고싶어서 찾다가 이런 곳이 있었네요! 고기도 주문 즉시 바로 썰어주셔서 그런지 잡내도 안나고 맛있어요~ 셀프바에서 야채쌈이랑 반찬 맘껏 가져갈수 있어서 오히려 좋더라구요! 또오겠습니다 :)
nv_1435091999,대패마켙 강남논현점,강남,한식,,24,,,맛있어요잉 안그래도 자주 왔던곳인데 지인들이랑 고기 먹을때마다 항상 여기로 옵니다. 고기가 맛있어요 그냥 맛있어요 최고입니다. 지금 먹는중에 리뷰 쓰는건데 다 쓰고 왕창 먹을겁니다. 다들 고기 드실려면 여기로 오세요. 항상 행복하시구요 건강하세요! 화이팅
nv_1435091999,대패마켙 강남논현점,강남,한식,,24,,,"저번에 한번 우연히 찾아서 와보고 인테리어랑 가성비가 너무 좋아서 또왔는데 역시나 좋았어요!
고기 쫄삼겹살 맛있고 맥주 한잔 같이 먹으니 지금날씨에 너무좋았습니다.
저는 저번이랑 지금 둘다 새벽에 와서 웨이팅없이 바로 들어올수있었는데 저녁시간은 어떨지 모르겠어요
셀프바도 따로있어서 먹고싶은대로 맘껏먹을수있는것도 좋고 리뷰이벤트도 있어서 고기다먹고 식사시킬때 같이 시켜서 먹으면 딱이였습니다. 잘먹었습니다 또올게요~"
nv_1435091999,대패마켙 강남논현점,강남,한식,,24,,,"대패삼겹살 얇아서 금방 익고 회전율 빨라서 좋았어요! 직원분들도 친절하고 분위기도 편해서 재방문할것같아요💗 김치랑 같이 구워먹으니까 진짜 미쳤어요ㅠ 가성비까지 좋아서 자주 올 듯!

반찬도 깔끔하고 셀프바 관리 잘 돼 있어서 좋았어요! 친구랑 수다 떨면서 먹기 딱 좋은 곳이에요✨"
nv_1435091999,대패마켙 강남논현점,강남,한식,,24,,,"대패마켙 논현점 다녀왔는데 고기 질도 좋고 가성비가 정말 괜찮았어요! 😊
대패삼겹살이 잡내 없이 고소했고 반찬도 깔끔하게 잘 나와서 만족했습니다. 직원분들도 친절하시고 주문하면 음식도 빨리 나와서 편하게 식사했어요. 매장도 넓고 분위기가 좋아서 회식이나 모임 장소로도 추천합니다. 다음에 또 방문하고 싶어요!"
nv_1435091999,대패마켙 강남논현점,강남,한식,,24,,,주문 즉시 대패를 구워 썰어서 먹을 수 있는 미* 가성비 삼겹살집입니다. 대패 두께도 설정할 수가 있고 진짜 저렴한 가격에 대패를 양껏 먹을 수 있어요. 세푸바는 1인당 2000원씩인데 이거 2000원 전혀 안 아까워요. 온갖 삼채소부터 구워먹을 것들까지 정말로 많아서 알차게 이용하시고 고기 텀 바꿀 때마다 나무 끌개로 슥슥 ㅈ끌어가면서 구워 드시면 진짜 맛있답니다.
nv_1435091999,대패마켙 강남논현점,강남,한식,,24,,,고기 질도 좋고 잡내 없이 고소해서 너무 맛있게 먹었어요! 가성비도 좋고 반찬이랑 찌개까지 다 만족스러웠습니다 😊 매장도 깔끔하고 직원분들도 친절해서 기분 좋게 식사하고 왔어요! 다음에 또 방문할게요🔥
nv_1435091999,대패마켙 강남논현점,강남,한식,,24,,,"매장이 크고 테이블이 넓어서 식사하기 너무 편했어요! :)
셀프바 이용료가 있는데 그만큼 구이용 쌈용 야채 종류도 많고 반찬도 많아서 만족했어요ㅎㅎ
고기 종류도 많은데 다 맛있었습니다! 추천해용
(아 야장은 은근 대기가 있어서 안으로 들어왔는데 어차피 통창 다 열어놔서 안에도 좋아요!)"
nv_1435091999,대패마켙 강남논현점,강남,한식,,24,,,"야장 분위기 너무 좋고 대패삼겹도 맛있어요! 🫶
고기 잡내 없고 얇아서 금방 익어 편하게 먹기 좋았고 김치랑 같이 구워먹으니까 더 맛있었어요ㅎㅎ
직원분들도 친절하시고 전체적으로 깔끔해서 기분 좋게 식사했습니다 :)
요즘 날씨에 야장 즐기기 딱 좋은 곳이라 재방문 의사 있어요!"
nv_1435091999,대패마켙 강남논현점,강남,한식,,24,,,대패삼겹이 땡겨서 찾다가 온곳인데 매장도 넓어서 쾌적하구 무엇보다 셀프바코너가 2000원 내야하지만 그래도 전혀 안깝지않고 다양하고 원하는만큼 먹을 수 있어서 좋네요 그리고 사이드메뉴들도 다양해서 여러가지 먹는거 좋아하시는분들은 딱인곳이네요 고기는 말할필요도 없구요 ㅎㅎ맛집이네요
nv_2074002107,모울,강남,한식,,236,,,"인테리어 세련되고 2층이지만 답답한 느낌 전혀없고 공간넓고 직원분들이 정말 친절해서 기분 좋게 식사했습니다. 생일이라고 말씀드렸더니 세심하게 챙겨주셔서 더 특별한 시간이 됐어요.
지즐 도미 숙성회는 식감도 좋고 신선해서 너무 맛있었고, 소금김밥이랑 같이 먹으니 조합이 정말 좋았습니다. 술이랑 곁들이기에도 좋고, 분위기도 깔끔해서 만족스러웠어요.
생일이나 기념일에 방문하기 좋은 곳이라 다음에도 또 오고 싶습니다!"
nv_2074002107,모울,강남,한식,,236,,,"매장이 아주 깔끔하고 한눈에 들어와요~!! 데이트하기에도 좋고, 룸이 있어서 아이와함께 가족모임에도 좋을것 같아요!!
음식도 너무 깔끔하고 맛있었어요~^^ 다음에는 다른 음식 먹으러 다시 방문할것 같아요~!!!"
nv_2074002107,모울,강남,한식,,236,,,"모든음식이 다 너무 맛있네요 !
분위기도 너무좋고 너무 친절하고
부모님 모시고 갔는데 너무 기분좋게 맛있게먹고갑니다
입맛 까다로운 어머니도 정말 너무잘드셔서 너무 기분좋습니다
양도 너무 푸짐하구 가게 분위기 정말.. 그냥 오마카세입니다.. 너무좋아요"
nv_2074002107,모울,강남,한식,,236,,,"친구생일이라 캐치테이블 예약 후 방문했어요!!
생일이라고 말씀드리니 미역국도 주시고 가랜드도 설치해주셨어요!
분위기도 좋고 음식도 너무 맛있게 잘먹었습니당!!"
nv_2074002107,모울,강남,한식,,236,,,"메뉴가 다양하고
직원분들께서 엄청 친절하십니다.
오픈초기라 잘 모르실수 있는데
아래 동녘보다 괜찮아요

광어회,해물전,박포갈비 추천이요"
nv_2074002107,모울,강남,한식,,236,,,"친구가 열심히 찾은 맛집입니다👍🏻💕
알곤이찜은 매콤하니 맛있었고, 한치 소금김밥도 우니랑 감태랑 싸먹으니까 너무 맛있었어요-!
맥주로 시작해서 능이주로 마무리했는데 능이주 완전 깔끔하고 음식이랑 궁합도 잘 맞았습니다!
서버분들도 친절하시구 공간도 너무 좋아서 약속 잡기에 좋을 것 같아요👍🏻"
nv_2074002107,모울,강남,한식,,236,,,친구들이랑 오랜만에 만나서 밥술 겸 왔는데 메뉴도 다 신선하고 너무 맛있어서 즐거운 시간 보냈어요 !! 직원분들도 다 너무 친절하셔서 다음에 신사오면 또 방문할 거 같습니당🖤 신사 분위기 좋은 곳 찾으시면 완전 추천 !!!! 🫰🏻
nv_2074002107,모울,강남,한식,,236,,,"숙성회는 잡내 없이 담백하면서도 깊은 감칠맛이 느껴져서 한 점씩 먹을수록 술 생각나는 맛이었어요~
일반 술집들보다 한층 더 분위기 있고 완성도 높은 느낌이었구요 매장은 어두운 우드톤 인테리어에 조명이 은은하게 깔려 있어서 차분하고 편안한 분위기였고, 음악 소리도 부담스럽지 않아 대화 나누기 좋았어요. 메뉴들도 술과 어울리는 구성이라 술 좋아하는 분들이 특히 만족할 만한 곳입니당 🫢"
nv_2074002107,모울,강남,한식,,236,,,"오랜만에 신사에 저녁 먹으러 왔는데
올해 먹은 음식 중 가장 만족해서 먹었습니다!!!❤️
심지어 가격도 너무 괜찮아서 더욱 만족스러웠어요 :)
특히 태안 버터 꽃게 구이는 다리까지 살이 실해서 너무 맛있었습니다...☺️
단새우도 비린내 하나도 안 나고 너무 맛있고
전복 파스타에 김부각 완전 킥이에요...🔥🔥
꼭 한 번 더 올 계획입니당💕 광고 아니에요!!ㅎㅎ
번창하세요!!!!!"
nv_2074002107,모울,강남,한식,,236,,,일단 재방문 무조건 할 예정입니다. 일단 직원분들이 너무 친절하시구 음식은 하나 하나 다 너무 만족스럽습니다. 숙성회 너무 쫀득하고 꽃게 구이 완전 미쳤네요 ㅋㅋ 친구들 다들 너무 만족해해서 너무 뿌듯했어요 ㅋㅋㅋ 다음 번 모임도 여기로 와야겠어영 ㅋㅋ
nv_2006551745,순정갈비 선릉직영점,강남,한식,,1453,,,"36시간 숙성한 수제양념을
사용한 돼지갈비 풍미부터 장난 아니구요!
야들야들한게 너무 맛있는거있죠😍

고소포텐 껍데기랑 시원새콤 열무김치까지
입맛에 잘맞아 정말 배부르게 잘먹고 왔답니다💜"
nv_2006551745,순정갈비 선릉직영점,강남,한식,,1453,,,"돼지양념갈비 선릉역고기집으로 순정갈비가
선릉맛집으로 유명하다고 해서 와서 먹는데
직원들 친절하고 젋고 활기 있으면서 돼지고기
부드럽고 맛있고 열무국수도 딱 내가 좋아하는
스타일에 야채와 밑반찬도 신선하고 맛있어서
선릉역 근처 오면 순정갈비 다시 찾아와서
모든 메뉴 다 먹어 보고 싶네요 선릉역맛집 순정갈비
맛도 좋고 분위기도 깔끔하고 친절해서 선릉 내
단골집으로 저장 완료입니다"
nv_2006551745,순정갈비 선릉직영점,강남,한식,,1453,,,"근래에 갔던 갈비집중에서 제일 맛있고, 제일 친절합니다!
매번 웃으면서 응대해주셔서 너무 기분 좋고 행복하게 식사를 할 수있었어요. 직원분들 정말 감사드려요!
고기도 맛있구요 밑반찬들도 정갈하게 잘 나옵니다. 데이트도 괜찮을 것같아요. 또 방문하고싶은 가게입니다."
nv_2006551745,순정갈비 선릉직영점,강남,한식,,1453,,,"뼈 있는 진짜 돼지갈비 넘 맛있어요!
매장도 깨끗하고 좌석도 넓고 편안해요.
직원분들이 넘 친절하시고, 아이들 배려해서 김도 주시고,
된장찌개, 물냉면도 다 너무너무 맛있어요!
심지어 옛날 유리 주스병에 담긴 옥수수차? 도 맛나서 좋아요!"
nv_2006551745,순정갈비 선릉직영점,강남,한식,,1453,,,"강남 선릉역 맛집 찾다가 우연히 들렀는데 인생 생갈비를 만났네요! 잡내 전혀 없고 고기 자체가 너무 고소해서 양념 없이 먹어도 맛있습니다. 밑반찬으로 나오는 무침게장은 정말 밥도둑이라 따로 사고 싶을 정도예요. 백김치랑 찰진 밥의 조화도 훌륭합니다. 레트로 병에 담긴 보리차부터 나갈 때 주시는 야쿠르트까지, 사장님의 세심한 배려에 감동했어요. 선릉역 고기집 중에서 퀄리티와 분위기 모두 최고라 회식이나 모임 장소로 강력 추천합니다."
nv_2006551745,순정갈비 선릉직영점,강남,한식,,1453,,,"36시간 숙성으로 부드럽고 풍미가 기가막힌 생갈비 먹고 왔어요!

🚗
일단 선릉역 가까이 있는 매장이라 접근성도 좋은데, 바로 옆에 1시간 무료 주차 가능한 주차장이 있어서 너무 편했어요!

📺
식당 인테리어는 홍콩 노포 감성 인테리어에 + 한국 레트로 힙이 약간 더해진 느낌이예요 ㅎㅎ
회식으로 동료들 데려가면 쎈쓰있디는 소리 들을 수 있을 것 같아요!

🍻
대부분 주변 직장인 분들이 계셨는데 하이볼이 인기가 많더라구요!

🦀
개인적으로 감동 포인트는 양념개장과 감자샐러드✨였어요~ 넘 맛있던 감자샐러드, 백김치, 겉절이는 셀프바에서 리필도 가능해요

🥩
화력좋은 숯불에 구워주시는 숙성 갈비는 진짜 말뭐..
그리고 꼭 껍데기도 드셔보세요! 도톰하고 쫀득하니 고소한 콩고물이랑 찰떡궁합💖

마무리 요구트르까지👏👏"
nv_2006551745,순정갈비 선릉직영점,강남,한식,,1453,,,"멋진분과 함께 맛집찾아 왔습니다.

고기도 너무 맛있고 직원분들도 친절해서 기분 좋게 식사하고 왔습니다~

고기 질도 좋고 반찬 하나하나 정성 느껴졌어요!
다음에 또 방문하고 싶은 곳이에요💛

감사합니다"
nv_2006551745,순정갈비 선릉직영점,강남,한식,,1453,,,"고기 질도 너무 좋고 두툼해서 식감이 진짜 최고였어요🥩
특히 순정갈비 양념이 너무 달지 않고 딱 맛있게 배어있어서 계속 들어가더라구요!
생갈비도 육즙 가득하고 직원분들도 친절해서 기분 좋게 식사했습니다 😊
반찬 조합도 좋고 전체적으로 깔끔해서 재방문 의사 완전 있어요!
고기 좋아하는 분들이면 꼭 한번 가보셨으면 좋겠습니다 👍"
nv_2006551745,순정갈비 선릉직영점,강남,한식,,1453,,,"여기 고기 질이 진짜 좋아요~~
최근에 먹어본 고기 중 제일 맛있었던거 같아요!
생갈비, 양념갈비 심지어 껍데기도 진짜 맛있어서
껍데기 안먹는 지인도 맛있다며 먹었어요~
기본반찬도 굉장히 다양한데 하나 하나 맛도 있고
심지어 여기 쌀도 수향미 써요~~ 진짜 강추해요!
직원분들도 너무 친절하세요~~~
재방문 의사 300% 입니다~~~"
nv_2006551745,순정갈비 선릉직영점,강남,한식,,1453,,,처음 왔을 때 너무 맘에 들어서 다시 왔어요. 직원분들 친절하시고 고기도 냉면도 넘넘 맛있습니다~! 물도 그냥 생수가 아닌 보리차 주시는 것도 센스 만점!!
nv_2013135197,무쇠김치삼겹 선릉점,강남,한식,,875,,,"솥뚜껑 위에서 노릇하게 구운 삼겹살이 입에 들어가면 녹는 느낌이었어요
직접 담근 김치가 느끼함을 잡아주면서 감칠맛을 더해줘서 계속 손이 갔습니다
친구들 추천받아 갔는데 대성공이었어요 😋"
nv_2013135197,무쇠김치삼겹 선릉점,강남,한식,,875,,,"여자친구랑 갔는데 분위기랑 맛이 둘 다 만족스러웠어요 ㅋㅋㅋㅋ
솥뚜껑에 구운 삼겹살이 겉은 바삭 속은 촉촉해서 진짜 맛있어서 미침 ㅠㅠ
직접 담근 김치가 고기랑 조합이 좋아서 계속 손이 갔고
서비스도 친절해서 기분 좋았어요"
nv_2013135197,무쇠김치삼겹 선릉점,강남,한식,,875,,,"1+등급 삼겹살이 갖는 식감과 풍미가 분명했고
무쇠솥뚜껑으로 구워 겉은 바삭 속은 촉촉한 균형이 훌륭했어요
김치가 직접 담가진 맛이라 고기와 어우러질 때 감칠맛이 한층 올라갔습니다
단체 모임에 최적이고 직원분들도 친절하셨어요"
nv_2013135197,무쇠김치삼겹 선릉점,강남,한식,,875,,,"들어가기 전에 기대가 컸는데 기대 이상이었어요
삼겹살은 육즙과 풍미가 살아있고 김치와 함께 구우니 조합이 예술이에요
단체석이 편해서 회식이나 기념일에 불편함 없이 즐기기 좋습니다
서비스도 깔끔해서 기분 좋게 식사했어요"
nv_2013135197,무쇠김치삼겹 선릉점,강남,한식,,875,,,"블로거 기분으로 써봅니다
1+등급 삼겹살에서 풍기는 고소한 맛과 육즙이 진짜 좋았어요
직접 담근 김치가 고기와 만나면 감칠맛이 폭발해서 계속 손이 갔습니다
데이트나 가족 모임 모두 만족스러울 맛집이에요"
nv_2013135197,무쇠김치삼겹 선릉점,강남,한식,,875,,,"삼겹살은 돌판+미나리+김치 조합이면 끝이에요
편하게 끝까지 다 구워주시고 너무너무 맛있었습니다 !!
미나리도 한가득 나와서 좋았어요 볶음밥 마무리까지 최고 👍🏻"
nv_2013135197,무쇠김치삼겹 선릉점,강남,한식,,875,,,"선릉 무쇠김치삼겹에서 1+등급 삼겹살을 솥뚜껑에 구워 먹었는데 육즙이 살아있어서 진짜 맛있었어요
자체 공장에서 정성껏 담근 김치랑 같이 먹으니 감칠맛이 확 살아나요
친구들이랑 와서 분위기도 좋고 추천드려요"
nv_2013135197,무쇠김치삼겹 선릉점,강남,한식,,875,,,"저희 가족과 무쇠김치삼겹 선릉에 가서 삼겹살을 즐겼어요
김치가 직접 담근 맛이라 한입마다 손맛이 느껴지고 고기와 함께 먹으니 진짜 맛있었어요
아이들까지 좋아해서 집에 가는 길에 기분이 좋았습니다
가족 모임으로 완전 만족해요"
nv_2013135197,무쇠김치삼겹 선릉점,강남,한식,,875,,,"회식 장소로 여기 추천드려요
삼겹살이 1+등급이라 믿음이 가고 굽자마자 퍼지는 고소한 향이 일품입니다
직접 담근 김치와 함께 구우면 맛이 배로 살아나서 모두가 만족했어요
예약하면 편하게 즐기실 수 있습니다"
nv_2013135197,무쇠김치삼겹 선릉점,강남,한식,,875,,,"분위기 깔끔하고 서비스도 친절했어요
삼겹살이 1+등급이라 고소하고 육즙이 풍부했어요
김치를 함께 구우면 묘하게 중독성 있는 맛이 나서 친구들과 계속 손이 갔습니다
회식 장소로도 아주 만족스러웠어요
자리도 넉넉해요"
nv_1535927805,무쇠김치삼겹 신사점,강남,한식,,2875,,,"와... 여기 찐이에요,, 일단 고기 자체가
진짜 맛있는데 김치도 진심 너무 맛있어요ㅠㅠㅠ💗
미나리삼겹이랑 김치랑 같이 구워먹는게 존맛!!!
다 먹고 김치전골 칼국수는 무조건 드세요
소주 안먹을라했는데 이건 무조건 소주땡김ㅋㅋㅋㅋ
볶음밥까지 필수로 드셔야함🥹담에 또 갈거예요!"
nv_1535927805,무쇠김치삼겹 신사점,강남,한식,,2875,,,"점심 직장동료들과 함께 먹습니다!
잡내하나 없고 볶음밥도 정말 맛있으니 오시면 꼭 드셔보세요 맛있게 먹고 갑니다👍👍👍👍

#무쇠김치삼겹신사 #무쇠김치삼겹
#신사맛집 #서울맛집 #삼겹살맛집"
nv_1535927805,무쇠김치삼겹 신사점,강남,한식,,2875,,,"4명이서 8인분 먹고 나왔습니다
직접 구워주셔서 편히 먹고 나왔어요
미나리 삼겹살 주문했는데 미나리 올라가기 전에 사진찍고 미나리 올린 후엔 사진 찍는걸 깜빡^^;;
모든걸 삼겹살 기름으로 구우니 맛이 없을래야 없을수없는 맛이었어요~
잘 먹었습니다~!"
nv_1535927805,무쇠김치삼겹 신사점,강남,한식,,2875,,,직접 구워주셔서 너무 좋아요. 기본3인분부터 주문가능한데 2명와서 3인분은 충분히 먹을 양이에요. 국내산 김치라 너무 좋고요. 맛있어요. 생맥주도 있어서 아주 굿굿!우연히 검색해서 들렸는데 만족해요. 다음엔 가족들이랑 와야겠어요. 직원분들 친절해서 기분좋게 식사했어요.
nv_1535927805,무쇠김치삼겹 신사점,강남,한식,,2875,,,"삼겹살이랑 직접 담근 잘익은 김치랑 구워먹으니 꿀맛이네요. 고기 구워주는 집이라 편해여. 무쇠판에 고기에 김치, 미나리까지 맛있음요

#무쇠김치삼겹신사#무쇠김치삼겹#신사맛집#서울맛짖#삼겹살맛집"
nv_1535927805,무쇠김치삼겹 신사점,강남,한식,,2875,,,"김치 삼겹에 최고봉!
무쇠김치삼겹은 너무 맛있어서 자꾸 들어가요!
직접 구워주니 더욱 맛있게 잘먹었습니다.
친절하게 대해주셔서 고맙습니다.
#무쇠김치삼겹신사#무쇠김치삼겹
#신사맛집#서울맛집#삼겹살맛집"
nv_1535927805,무쇠김치삼겹 신사점,강남,한식,,2875,,,"신사 맛집 무쇠김치 삼겹 친구들 오면 꼭 방문하는 곳!
직원분들이 고기를 직접 다 구워주셔서 편하게 먹었어요 직원분들 너무 친절하시고 바쁜데도 하나하나 챙겨주셔서 감사했습니다 소스 떨어지기 전에 또 챙겨주셔서 감동받았어요ㅠㅠ
고기도 맛있고 삼겹살 기름에 구워진 김치가 진짜 맛도리 입니다
정기적으로 방문하는 곳이에요"
nv_1535927805,무쇠김치삼겹 신사점,강남,한식,,2875,,,"너무 맛있는 무쇠김치삼겹입니다! 신사에서 먹을 곳 찾다가 우연히 들어왔는데 신사맛집이에요ㅠㅠ!
직접 잘 구워주셔서 좋습니다."
nv_1535927805,무쇠김치삼겹 신사점,강남,한식,,2875,,,직원분이 프로페셔널하게 고기 구워주시고 구워주신 김치도 너무 맛있어요. 미나리깍두기볶음밥도 재료가 충실하고 너무 맛있습니다. 꽃게가 들어간 된장찌개도 깔끔하고 맛있어요. 여러번 왔는데 매번 만족하고 가요!! 왕추천합니다.
nv_1535927805,무쇠김치삼겹 신사점,강남,한식,,2875,,,"신사 놀러 왔다 급 고기 땡겨서 왔는데 맛집 빌견 했어요 ㅎㅎ
여기 김치가 진짜 맛있어요 ㅎㅎㅎ
볶음밥도 맛있게 먹고 돼지되서 나가요 ㅎㅎ"
nv_1581701475,쿄코코 신논현점,강남,일식,,1,,,"신논현역 맛집이라는 후기가 많아서 와봤는데
가성비도 좋고 진짜 맛있어요!
먹고싶은게 많아 못 시켰는데
다음에는 스테이크도 먹어보려구요ㅎㅎ
매장도 넓고 직원분도 친절하세요:)

#신논현역맛집"
nv_1581701475,쿄코코 신논현점,강남,일식,,1,,,"음식 하나하나 정성이 느껴지고 맛 조합이 정말 좋았어요! 특히 오야꼬동이 부드럽고 간도 딱 맞았습니다.
매장 분위기도 깔끔하고 직원분들도 친절해서 기분 좋게 식사했습니다.
양도 만족스럽고 가격 대비 퀄리티가 좋아서 재방문 의사 있어요!
덮밥 맛집 찾는다면 추천하고 싶은 곳입니다 😊"
nv_1581701475,쿄코코 신논현점,강남,일식,,1,,,"신논현 사는 친구 얘기를 기억했다가
신논현에서 친구만날일이 있어 오게됐어요!
역시 현지인 추천이라 그런지 맛도 넘나 있고
친절했어요~!
특히 부타동이 넘 맛있네여!!
다음에 또 신논현올 일 있으면 꼭 쿄코코로 오려구요
완전 강추입니다!😄"
nv_1581701475,쿄코코 신논현점,강남,일식,,1,,,유니크하고 짭짤한 일본식 덮밥집입니다. 라멘이 제신논현 일식 덮밥 맛집입니다...! 일 맛있었고 야끼토리덮밥도 자극적인 맛이예요. 기본적으로 짭짤한 일식을 좋아하시면 추천하고 소스로 취향껏 곁들여 먹어도 좋네요. 다음엔 스테이크 먹어봐야겠어요.
nv_1581701475,쿄코코 신논현점,강남,일식,,1,,,"저번에 강남역 지나가다가 사람이 많길래 궁금해서 들어왔어요. 스테이크랑 시오토리 국밥 주문했는데, 스테이크는 달달구리한 소스가 잘 배서 맛있고, 시오토리 국밥은 라멘느낌에 숯불느낌을 가미한 그런 국밥느낌~? 너무 맛있었습니다. 강남맛집 이라고 할 만하네오!!😃👍"
nv_1581701475,쿄코코 신논현점,강남,일식,,1,,,친구랑 둘이서 커플세트 시켰는데 양이 어마어마해요…!!! 일단 음식들이 다 너무 맛있고 매장 내부도 쾌적하고 바테이블이 있어서 혼밥하기도 좋을 거 같아요~! 스테이크 진짜 맛있는 갈비맛 나용ㅋㅋㅋ 신논현맛집 찾으시면 쿄코코로 오시면 됩니다
nv_1581701475,쿄코코 신논현점,강남,일식,,1,,,"너무 맛있어요! 그냥 검색하다가 왔는데 강남 근처 식당들중에서 오픈도 일찍 하고 테이블간에 거리도
좀 넓어서 좋고 음식도 너무 맛있어요! 신경써서
음식 만드시는게 느껴져요! 꼭 오셔서 드셔보세요!
강추🥰🥰"
nv_1581701475,쿄코코 신논현점,강남,일식,,1,,,직원분들 다 친절하시구 가게 내부가 아늑해용! 자리도 넓고 지인이나 연인이나 모두 오기 좋은 곳이에요! 음식은 스테이크랑 푸와푸와 라이스 먹었는데 스테이크는 미디움으로 구워져나와서 식감은 좋았어요!! 돼지갈비맛나고 고기가 부드러워요!! 그냥 딱 가성비정도^^ 계란밥은 가격만한 맛이에요 그닥 맛있진 않았움 고기도 스테이크보다는 부드럽고 두꺼운 돼지갈비정도? 감튀가 젤 맛있었슨
nv_1581701475,쿄코코 신논현점,강남,일식,,1,,,"새로운 음식 먹고싶어서 왔는데 잘 찾아 온거같아요
다양하게 맛볼려고 여러가지 주문했는데 하나하나
다 개성있게 맛있네요-! 큰아이도 맛있다고 해서
만족스럽게 먹었어요 ~
#논현역맛집 #신논현맛집 #강남맛집 #신논현역점심 #신논현데이트 #강남데이트코스"
nv_1581701475,쿄코코 신논현점,강남,일식,,1,,,"지인 추천으로 벼르고 벼르고 있던 신논현역 맛집 쿄코코를 드디어 방문! 6시 반쯤 도착하니 테이블이 한두개밖에 안남아 있었고 들어오자마자 바로 웨이팅 시작하더라고요! 드실분들은 빨리 오시는게 좋을 것 같아요!

일단 오자마자 일본에 온것 같은 인테리어도 인상 깊었고 일단 맛! 부타동 나오자마자 비주얼 좋았는데 바로 먹어버려서 이쁜 사진이 없네유ㅠ 진짜 맛있어요!!
그리고 아부라소바 진짜 매콤하고 짭짤하니 넘나 맛있음 ㅠㅠ 먹다가 식초넣어서먹음 얼마나 맛있게요!? 나중에 또 오려규요!"
nv_1141137916,네기다이닝라운지,강남,일식,"별점
4.62",4,,,"신사동 가로수길에 있는 너~~~무 분위기 좋은 이자카야에요! 검색하다보니 흑백요리사 쉐프가 운영하는 곳이라고 해서 더 기대하고 다녀왔는데요, ㅎㅎ 기대한 만큼 좋았습니다
어둑한 분위기여서 대화하기도 좋구요
친절하신 일하는 분들 덕에 기분이 좋아지구요
시그니처메뉴인 네기로 시작해서 사시미, 새우가츠산도 즐기고 왔습니다💛 모든 메뉴 완벽하게 좋았고 하이볼도 다 달달하게 맛있어요
은은하게 취하고 기분좋게 돌아왔습니다!
분위기 좋은 이자카야 가실분들은 꼭 다녀오세요!!"
nv_1141137916,네기다이닝라운지,강남,일식,"별점
4.62",4,,,신사동 가루수길에 분위기 좋은 네기다이닝 방문했어요.소문대로 예술적인 요리들이 였어요. 음식 하나하나 보는맛.먹는 즐거움 모두 최고였어요. 분위기와 친절한 직원들 그리고 음식까지 완벽해서 좋은 시간 보냈습니다.
nv_1141137916,네기다이닝라운지,강남,일식,"별점
4.62",4,,,"네기 다이닝 라운지 처음 방문했어요✨
듣던대로 분위기 좋구 안주가 너무너무 맛있어서 생맥부터 하이볼, 준마이다이긴조까지 달려버렸어요 ㅋㅋㅋ
늦게까지 사람도 진짜 많은 인기 맛집이더라고요
사시미는 말할것도 없고 뇨끼는 무조건 드세요❤️"
nv_1141137916,네기다이닝라운지,강남,일식,"별점
4.62",4,,,"처음 방문했을때 정말 맛있어서 재방문만을 기약했던곳…역시나 두번째 방문에서도 아 이맛이었지 싶게 만드는 맛이었습니다!
모든 메뉴가 정말 다 맛있어요
최근 1년 내에 방문한 곳 중 제일 맛있는곳 ㅜㅜㅠㅠ
술이 쭉쭉들어가는 맛입니다👍🏻👍🏻👍🏻
신사역 주변 내 최고의 식당이자 이자카야인것 같아요!
올해 내에 세번째 방문하려구요! ㅎㅎ
왕추천입니다😊"
nv_1141137916,네기다이닝라운지,강남,일식,"별점
4.62",4,,,"캐치테이블에서 우연히 발견하고 방문했어요
평소에 잘먹지 못하는 식재료를 사용하는 음식들을 먹어볼 수 있어서 좋았어요. 주류는 한사람 하나 주문인데 논알콜도 있어서 좋았어요

#신사역이자카야"
nv_1141137916,네기다이닝라운지,강남,일식,"별점
4.62",4,,,"여러 번 들어본 곳이고, 지인이 맛이 있다고 해서 예약 후 방문했습니다.
사시미 2인, 쿠로 다마네기, 마구로 타르타르, 캬베츠롤 먹었는데 다 맛있습니다 🫶 !
특히 사시미를 맛나게 먹었습니다
양도 적지 않아서 배도 가득 찼고요,
일행이 비린맛을 못 견디는데 이곳 사시미는 맛있다고 하네요 👍
다음에 다른 메뉴들도 먹어보고 싶습니다"
nv_1141137916,네기다이닝라운지,강남,일식,"별점
4.62",4,,,"네기다이닝 사시미 모리아와세는 정말 최고예요!
회 안 좋아하는 사람데려가면
그날부터 숙성회와 사랑에 빠지게 될 것 같은 🤍

오늘의 발견은
상큼한 돌문어 카르파초와 감자뇨끼!

쫀득쫜득 트러플 풍미 가득한
뇨끼맛집이네요👍

안주들이 맛있어서 눈감고 아무거나 골라도
만족스러울 것 같아요
재방문했는데 도장깨러 또 갈 예정입니다 🤍"
nv_1141137916,네기다이닝라운지,강남,일식,"별점
4.62",4,,,데이트 하려고 다녀왔는데 여긴 호텔급 다이닝 수준의 음식 퀄리티예요!! 가성비가 좋다고 느껴질만큼 음식이 진짜 맛있었습니다! 특히 옥돔구이 무조건 드셔보세요 올해 먹었던 음식 중에 1등입니다👍💕 네기다이닝라운지에서 완전 제대로 힐링하고 온 날!! 근데 미리 예약 미리 하고 가시는 게 좋아요~ 평일 늦은 시간에 갔는데도 만석이었어요
nv_1141137916,네기다이닝라운지,강남,일식,"별점
4.62",4,,,"메뉴 하나하나 너무 맛있어서 놀랐네요 🫨🤩😋
숙성회 사시미 퀄리티 너무 좋았구요 이베리코랑 우동도 맛있었습니다 ㅎㅎ 쿠로네기 먹어보고 싶었는데 품절이라서 네기 주문했는데 소스의 바질향이 은은하게 정말 좋았습니다 😄😋 분위기 너무 좋고 요리도 다 맛있어서 다음에 또 방문해서 다른 메뉴도 먹어보고 싶네요~ 잘 먹었습니다😋😋"
nv_1141137916,네기다이닝라운지,강남,일식,"별점
4.62",4,,,"너무너무 방문해 보고 싶었던 장호준 셰프님의 네기 다이닝 라운지. 기대 이상으로 예술적인 요리들이었습니다! 디쉬 하나하나의 보는 재미, 먹는 재미 모두 좋았구요, 분위기와 서비스도 완벽해서 정말 행복한 시간 보내고 갑니다!"
nv_1450180486,치솟 역삼본점,강남,일식,,3987,,,역삼에서 만난 나고야 정통 히츠마부시 맛집입니다. 국내산 자포니카 민물장어를 타레소스에 세번 구운 장어덮밥이 일품이에요. 연어장덮밥인 쇼유사케동도 너무 맛있구여. 건강하고 맛있는 한끼로 추천드립니다..
nv_1450180486,치솟 역삼본점,강남,일식,,3987,,,"히츠마부시 미니, 치킨난반 우나기벤또, 모듬고로케 주문했어요!
일단 히츠마부시는 미니 사이즈인데도 구성 꽤 알차고, 장어가 비린 맛 없이 깔끔해서 먹기 좋았어요. 타레 소스도 너무 짜지 않고 적당히 달짭해서 밥이랑 잘 어울립니다. 그냥 먹어도 맛있고, 오차즈케처럼 먹으면 또 다른 느낌이라 좋았어요.
치킨난반 우나기벤또는 생각보다 조합이 잘 어울려서 만족했습니다.
치킨난반은 바삭하면서도 소스가 느끼하지 않고 적당히 상큼해서 계속 들어가고, 장어까지 같이 먹으니까 든든한 한 끼 느낌 제대로였어요.
모듬고로케는 종류 다양해서 골라 먹는 재미 있었고, 겉은 바삭하고 속은 부드러운 기본에 충실한 맛! 사이드로 딱 좋았습니다.
전체적으로 음식 깔끔하고, 장어 퀄리티 대비 가격도 괜찮은 편이라 재방문 의사 있어요"
nv_1450180486,치솟 역삼본점,강남,일식,,3987,,,"히츠마부시 먹으러 방문했는데 진짜 기대 이상이에요…✨
매장 분위기부터 너무 고급스럽고 깔끔해서 대접받는 느낌 제대로였어요.
장어가 정말 부드럽고 잡내 하나 없이 고소하고, 양념도 과하지 않아서 계속 들어가는 맛이에요👍
히츠마부시 특유의 다양한 먹는 방법으로 즐길 수 있어서 끝까지 질리지 않았고, 양도 넉넉해서 완전 만족!
역삼역 맛집 찾으시면 여기 추천드리고, 언주역 맛집으로도 충분히 인정이에요😊
GS아트센터맛집 찾으시는 분들께도 딱이고, 모임이나 식사 자리로도 너무 좋을 것 같아요.
전체적으로 퀄리티, 분위기, 맛까지 다 잡은 곳이라 재방문 의사 100%입니다!"
nv_1450180486,치솟 역삼본점,강남,일식,,3987,,,역삼역 맛집 치솟!! 매번 맛있가은 이야기만 들어봤는데 사람이 많아서 못가보다 우연히 딱 입장!! 히츠마부시 장어덮밥 부드럽고 너무 맛있어요 ❤️❤️❤️ 강남 맛집 인정이에요‘ 매장 더 크게 확장해주세요 자주 오고 싶어요
nv_1450180486,치솟 역삼본점,강남,일식,,3987,,,"퇴사 후 휴식 기간을 가진 뒤 다시 일을 하려 여러 곳을 다니고 있는 친구와 강남에서 만나 같이 점심을 먹게 되었습니다. 힘내서 좋은 자리 찾아서 가라고 에너지 회복에 좋은 장어덮밥 맛집 치솟에 함께 했습니다.

장어 요리 둘 다 좋아해서 한여름 되기 전에 장어구이 맛집에 같이 가곤 해왔는데 요새는 바빠서 그런 여유는 없는 터라 장어덮밥이 딱 알맞은 선택. 1등급 자포니카 민물장어를 좋은 숯불로 구워 정말 맛있습니다. 옆 테이블 손님이 너무 맛있다는 반응을 보여서 특제 연어장 덮밥 시켰는데 입에서 살살 녹는 정말 맛있는 쇼유사케동.

다음 달부터 강남으로 다닐 듯하다면서 정해지면 저녁에 다시 방문해서 다른 요리도 맛을 보자는 친구. 재방문을 자연스럽게 이끄는 일식 맛집입니다."
nv_1450180486,치솟 역삼본점,강남,일식,,3987,,,"회사 근처에 있어서 점심때 가보고 너무 맛있어서 남편 불러서 저녁으로 두번째 방문 했어요~~
전엔 히츠마부시 상으로 먹고 이번엔 특상 먹었는데 장어양도 푸짐하고 맛있게 구워져서 너무 잘먹었어요
저는 특히 오차즈케로 먹는게 넘 맛있어요ㅠㅠ강추하는 장어맛집입니다🍱"
nv_1450180486,치솟 역삼본점,강남,일식,,3987,,,정갈하게 먹기 넘 좋았어요!! 장어덮밥 진짜 jmt 넘 부드럽고 쫀득한 장어!! 맥주 한잔이랑 같이 즐겨줬는데 넘 맛있었어요ㅎㅎ 일본 놀러온거같고 매장 분위기도 넘 좋았어요~~~ 직원분도 친절하셔서 기분좋게 식사하고갑니다
nv_1450180486,치솟 역삼본점,강남,일식,,3987,,,"역삼역 근처에서 연어 맛집 찾는다면 치솟 본점 추천!
연어덮밥이 신선하고 숙성 연어 식감이 좋아서 한입 먹자마자 만족스러웠어요.
히츠마부시는 그대로 먹어도 맛있고 육수 부어서 먹으니 또 다른 매력이 있어서 좋았습니다.
GS아트센터 맛집 찾거나 역삼역 맛집, 연어맛집 찾는 분들께 재방문 추천하는 곳이에요."
nv_1450180486,치솟 역삼본점,강남,일식,,3987,,,"히츠마부시가 정말 인상적이었던 치솟 역삼본점.
72시간 숙성 타레소스의 깊은 풍미에 3번 숯불로 구워낸 장어의 은은한 불향까지 더해져 한입 먹자마자 감탄이 나왔어요. 쫀득한 사케동까지 만족스러웠던 곳! 혼밥부터 데이트, 점심 식사까지 모두 추천하고 싶은 역삼 일식 맛집"
nv_1450180486,치솟 역삼본점,강남,일식,,3987,,,맛있어 보여서 저장해뒀었는데 마침 강남 온 김에 먹으러 왔어요!! 역삼역맛집으로 알고 있었는데 역시 너무 맛있네여ㅜㅠ 친절하게 카드 설명도 되어있구 오차즈케 엄청 좋아하는데 편하게 무한으로 먹을 스 있답니다 크크 도시락 구성도 너무 귀엽고 이 가격에 장어를 먹을 수 있다니 아주 감격스러워용 다음에 또 먹으러 올게요☘️
nv_1219317289,스시산원 반주헌,강남,일식,"별점
4.4",4,,,"전체적으로 매장과 음식이 깔끔하고 친절합니다. 토마토 차돌 스키야키 베스트 메뉴여서 시켰는데, 약간 느끼할수 있는 맛을 토마토가 잡아줘서 맛있습니다! 숙성 사시미도 신선해요:)"
nv_1219317289,스시산원 반주헌,강남,일식,"별점
4.4",4,,,"동료분들과 점심 식사하러 방문했어요!
점심특선메뉴가 있어서 부담없이 식사했습니다!
다인원인데도 앉을 자리도 넉넉하고 분위기도 좋아서 동료분들과 맛있는 식사시간이 되었습니다!
다음에 또 방문할게요 :)"
nv_1219317289,스시산원 반주헌,강남,일식,"별점
4.4",4,,,"스시산원 반주헌 카이센동 최고예요! 😍
신선한 회가 푸짐하게 올라가 식감이 살아있고, 재료 퀄리티가 정말 남달라요 🍣✨
강남역 분위기 좋은 룸에서 여유롭게 즐기기 딱! 가성비 오마카세 느낌 물씬 😋
점심 특선으로 완벽한 한 끼, 재방문 각! 👍💯"
nv_1219317289,스시산원 반주헌,강남,일식,"별점
4.4",4,,,"가족 외식으로 왔는데 완전 맛집입니다^^
아이들도 좋아하고~다음에 또 방문 예정입니다~!
숙성회 신선하고~ 음식의 조화가 너무 좋습니다❤️"
nv_1219317289,스시산원 반주헌,강남,일식,"별점
4.4",4,,,"지인 추천으로 첫 방문했습니다!
전체적으로 메뉴 구성들이 너무 실하고, 숙성 사시미도 정말 잘 숙성된 퀄리티 좋은 사시미들이 나와 너무 만족스럽게 좋은 자리 가지고 갑니다.
안주 가격대들은 있는 편이지만 후회나 아쉬움 없이 즐기실 수 있을 것 같습니다.
튀김 퀄리티도 너무 좋네요. 종류도 다양해서 너무 맛있게 먹었습니다~ 오쿠라나 시소가 곁들여 나오는 것도 좋네요.
다음에도 기회가 되면 재방문하고 싶은 맛집입니다!"
nv_1219317289,스시산원 반주헌,강남,일식,"별점
4.4",4,,,"언니랑 같이 저녁시간 같이 너무 좋게 보냈습니다~

바깥 오픈 테이블자리 말고 안쪽 개인 테이블로 안내 받았는데 너무 좋았어요~~

구성도 알차고 맛있게 잘 먹었어요~~😍"
nv_1219317289,스시산원 반주헌,강남,일식,"별점
4.4",4,,,너무 맛있어요~~ 지난번에 옥돔튀김 너무 맛있어서 오늘도 시키려했는데 품절돼서 아쉬워요ㅠ 그래도 대신 시킨 붕장어튀김도 맛있었어요^^ 모든 메뉴가 맛있어요bb
nv_1219317289,스시산원 반주헌,강남,일식,"별점
4.4",4,,,"스시정식은 우선 눈으로 보는 즐거움이 컸다.
생선의 선도가 훌륭해 보였고, 샤리(밥)의 간과 온도감도 적절.
입안에 넣었을 때 밥알이 부드럽게 풀리며 생선의 고소한 기름기와 조화를 이루었다.
비가 오는 날임에도 불구하고 비린 맛 하나 없이 깔끔하게 떨어지는 뒷맛이 이 집의 내공을 증명했다.
아내가 선택한 소고기우동은 탁월한 선택! 오늘처럼 비오는 날엔 뜨끈한 우동 국물은 몸의 긴장을 기분 좋게 풀어주었다. 소고기우동이란 말이 실감난다. 소고기가 엄청 들어있었기 때문."
nv_1219317289,스시산원 반주헌,강남,일식,"별점
4.4",4,,,"부모님과 어버이날 기념으로 찾아왔어요! 스시부터 나베, 파스타, 사시미, 튀김까지 모든 일식을 여기서 다 맛볼 수 있어요! 숙성회가 살살 녹아서 너무 맛있게 잘먹고 갑니다~"
nv_1219317289,스시산원 반주헌,강남,일식,"별점
4.4",4,,,"강남역에서 모임있을때마다 이용하는 반주헌! 믿고 먹고 재료도 항상 신선해서 감탄하면서 먹어용 :) 기린생맥이 제일 맛도리에요,,, ൱"
nv_1763662575,코메 압구정로데오,강남,일식,,3068,,,너무너무 맛있고요 스시도 숙성회도 진짜 맛나요 직원분도 너무 친절하셔서 기분이 좋았어요 또 오고싶어요 그리고 분위기도 너무 좋아서 사진 맛집이에요 예수님 축복많이받으시고 계속 번창하세요♡♡♡
nv_1763662575,코메 압구정로데오,강남,일식,,3068,,,"분위기 좋은 공간에서 제대로 즐긴 한 끼였어요!
플레이팅부터 눈길을 사로잡고, 한 입 먹는 순간 재료의 신선함이 그대로 느껴졌어요.
은은한 조명과 차분한 분위기까지 더해져서
오랜만에 음식 자체를 천천히 즐기고 온 느낌이에요
데이트나 특별한 날 방문하기 좋은 곳! 추천합니다^^"
nv_1763662575,코메 압구정로데오,강남,일식,,3068,,,잿방어가 너무 맛있어서 놀랐습니다 억돔사시미도 처음 먹어봤는데 감칠맛도 좋고 이런 다른곳에서 없는 제철사시미들 때문에 코메를 올이유가 하나더 생겼내요 죽춘철이라고 추천해주신 죽순 튀김도 너무 맛있어서 즐거운 식사하고 갑니다 최고에요
nv_1763662575,코메 압구정로데오,강남,일식,,3068,,,"도산공원 분위기 좋은 일식 다이닝
히야시 토마토는 계속 생각날 정도로 너무 맛있어요. 올때마다 무조건 시킴.
후토마끼 속이 진짜 꽉차서 완전 든든하고 맛있음. 사시미도 싱싱하고 실패없는 압구정 맛집👍
지인들한테 맨날 추천함."
nv_1763662575,코메 압구정로데오,강남,일식,,3068,,,"어버이날 기념 예약해서 방문했어요.
맛도 맛있어요. 직원분도 친절해서 서비스도 많이 주세요.^^
생각보다 양도 많고 매우 맛있어요. 캐치테이블에서 예약하면 와인 750ml 1병 콜키지프리라 마음에 들어요. 부모님도 매우 만족하셨어요. 다음에 재방문할 의사가 있어요."
nv_1763662575,코메 압구정로데오,강남,일식,,3068,,,"눈으로 먹고 입으로 또 먹네요
진짜 너무너무 이쁘고 맛있어요~
그리고 완전 분위기 좋고 친절해서 담에 또 오고 싶어요 🩷🩵"
nv_1763662575,코메 압구정로데오,강남,일식,,3068,,,"메뉴판만 봤을때는 가격 너무 비싸다고 생각했는데 막상 먹고 보니까 모르겠고 너무 맛있어요 ㅠㅠㅠ

분위기도 좋고 조명도 너무 이뻐요 사진도 잘 나오고
직원분도 너무 친절하시고 음식도 타이밍 너무 좋아요 !

처음에 에피타이저로 나오는것들, 토마토도 그렇고 두부도 그렇고 너무 좋아요 ㅠㅡㅠ 🥺 두부는 너무 고소하고 히야시토마토는 살짝 새콤해서 딱 입맛 돋게 하는 에피타이저의 정석입니당..
장국도 컵에 딱 마시기 좋게 주고 제철사시미도 너무 신선하고 하나하나 너무 맛있어요..
네기마루 마끼?도 너무 맛있고 일단 너무 이뻐서 하나하나 먹는 재미가 있아요 ◡̈

다음에 또 오고싶고 여기 콜키지도 프리라고 들어서 다음에는 술 한 병 들고 와도 좋을거 같고 부모님 좋은 곳 모시고 오고 싶을때 데이트할때 너무 좋아요 🩷"
nv_1763662575,코메 압구정로데오,강남,일식,,3068,,,"여기 진짜 맛집입니다 음식 하나하나 설명해주시는 담당 서버님도 친절하시게 말씀해주시고 대우받는 느낌을 받아서 정말 좋았어요
신기해요 이런게 다 기술일것같은데. 히야시토마토 로 처음 산뜻하게 음식들이 나왔고 그다음이 나온 사시미마저 최고였습니다 그리고 마지막 후토마끼는 정말….
크기부터 식감 그리고 마지막에 씹히는 새우튀김의 바삭함까지 정말 최고였습니다!"
nv_1763662575,코메 압구정로데오,강남,일식,,3068,,,"나들이로 지나가다가 분위기가 너무 좋아서 방문해 보았습니다.
압구정에서 이정도 가격대에 이정도 퀄리티의 음식을 먹을 수 있다는 것이 너무나도 좋은것 같았어요.
날씨도 더운날이었지만 매장은 시원하고 예쁜 접시와 음식들로 기분이 너무나 좋았습니다.
코스요리도 있었고 오마카세 메뉴의 경우 계절에 맞는 음식들로 준비된다고 하더라구요! 다음에 방문하면 오마카세도 궁금해서 먹어보려고 합니다.
콜키지 1병 프리인것도 압구정에서는 찾아볼수 없었네요"
nv_1763662575,코메 압구정로데오,강남,일식,,3068,,,"봄나들이로 방문한 코메 도산공원에 산책 나들이 하고 저녁에 맛있는 저녁과 함께 사케한잔하기 좋은곳입니다
간단하게 이른저녁으로 사케와 맛있는 음식먹으러 방문하는 단골이 될수밖에 없는 곳이네요 이번에 나온 죽순 튀김도 너무맛있고 매니저님도 항상 친절하셔서 매번 방문할때마다 기분좋은 곳입니다 또 방문하겠습니다:)"
nv_31068331,우동명가 기리야마본진,강남,일식,,2930,,,와.. 면 쫠깃 진짜 맛있었어요. 그리고 초빕도 나무나무 맛있구 고로케도 맛있고.. 솔직히 이 근처 은근 먹을 곳이 많진 않은데 일식 튀김이나 우동집들이 은근 상향평준화 되어있어서 어딜 가도 와!!!!!!!!!!!! 를 느끼기 힘든데 기리야마는 와 소리가 나오네요! 스시도 우동도 뭐하나 빠지는 것 없이.다 맛있고 기번적으로 엄청 깔끔한 맛이 나서 참 좋았던 것 같습니다. 쫄깃탱글한 면과 깔끔한 소스 클래식하고 귀여운 별모양 오크라 그리고 바삿 고소한 고로케까지 정말 맛있게 잘 먹었습니다~
nv_31068331,우동명가 기리야마본진,강남,일식,,2930,,,"강남역 직장인한테 우동 맛집이라고 추천받고 가게된 곳!
오전 11시반 오픈인데 평일 오전 11시 35분쯤 도착했음에도 불구하고 만석이라 대기를 건.. 40분쯤 대기하고 스시/스키야키나베우동정식 주문 후 음식을 받으니(생각보다 오래걸리는) 12시 30분이었는데 우동이 너무 맛있어서 기다림이 잊혀졌다는.. 다음 번에 다른 우동 먹어봐야겠다는♡ 완전 만족!"
nv_31068331,우동명가 기리야마본진,강남,일식,,2930,,,회사근처라 자주오는데 오늘은 데이트하러 방문했어요. 우동면이 다른곳보다 탱글쫄깃해서 너무 맛있어요! 규동도 좋아하는데 세트로만 판매해서 양이 많더라구요ㅜ단품으로도 팔아줬음 좋겠어요 #강남역맛집 #우동맛집
nv_31068331,우동명가 기리야마본진,강남,일식,,2930,,,"맛있어요!! 예약없이 저녁시간대 바로 들어왔어요!!
비빔우동이 맛있어요!! 후기에 맵다고 해서 살짝 걱정했는데 생각보가 안매웠어요!! 달콤매콤??"
nv_31068331,우동명가 기리야마본진,강남,일식,,2930,,,특급호텔 스시야 급으로 관리되는 산토리 프리미엄 몰츠 생맥주를 맛보자 마자 확신이 들었습니다. 이곳은 진짜구나. 카가와식 사누키우동보다 앏지만 숙성을 통해 부드러운 식감과 쫄깃함이 공존하는 도쿄식 자루 우동은 참마를 섞은 쯔유를 듬뿍 빨아들여 깊은 감칠맛이 어울려 조화로움이 느껴집니다. 뜨거운 팬위에 얹어져 마지막까지 온기를 유지하는 바삭한 돈까스는 미소 소스의 깊은 단맛과 감칠맛이 더해져 어지간한 전문점보다 맛있습니다. 기회가 되면 다시 방문할 생각입니다.
nv_31068331,우동명가 기리야마본진,강남,일식,,2930,,,"사루우동면이 진짜 탱글하고 씹는 맛이 있다고 해야할까요?
처음엔 면부터 한 젓가락하고 소스에 찍어먹으니깐 면을 추가 안할수가 없네요 ㅎㅎㅎ 맛있게 잘먹었습니다"
nv_31068331,우동명가 기리야마본진,강남,일식,,2930,,,"전부터 지나가면서 꼭 한 번 오고 싶었는데 드디어 방문성공!!
직장인들 점심시간이라 엄청 사람 많더라구요~~~
기리야마에서만 먹을수 있는 나고야 비빔우동이랑 자루우동 주문했는데 역시나 대만족🩷
돈까스도 철판에 나와서 끝까지 따뜻하게 먹을 수 있으니 꼭 세트로 드셔보세요!! 강추!!"
nv_31068331,우동명가 기리야마본진,강남,일식,,2930,,,강남역에 찐우동 맛집.. 면발 진짜 탱글탱글하고 맛있어요 ㅠㅠ 학원 근처라서 자주 가는데 갈 때마다👍👍 덴뿌라도 빠삭하고 여튼 최공 ㅠ 메뉴도 다양하고 현지의 맛..👍👍 자루 우동 새로 나와서 먹어봤는데 넘 맛있어요! 또 방문하겠습니당
nv_31068331,우동명가 기리야마본진,강남,일식,,2930,,,어머니 모시고 처음 와봤는데 역시나 인기많은 이유를 알겠네요 면발 엄청 탱탱하고 맛있어요 강남역맛집 우동맛집 인정입니다!!
nv_31068331,우동명가 기리야마본진,강남,일식,,2930,,,"오늘은 아들 생일겸 강남으로 왔어요 강남역 근처 찾다가 이곳을 방문하게 되었어요
지하1층에 있는데 매장이 넓으네요 테이블이 모두 차서 룸으로 들어왔어요
돈가츠 하프자루먹었는데 돈가스는 지글지글 다먹을때까지 따뜻하고 우동면이 쫀득쫀득 ~
갈비구이도 맛나네요
룸은 4인테이블 딱 2개의 룸 조용히 잘 먹고 갑니다
다만 샐러드는 어떤음식에 나온건지 모르겠더라구요 딱 한개만 나와서 ㅎ
밥도있어 든든하게 잘먹었어요
밥은 다진고기가 밥위에 얹어있어요
밥소스는 어떤건지 몰라도 약간 매콤한맛이 나네요"
nv_20451517,청담 마코토,강남,일식,,3663,,,"프라이빗해서 데이트하기 너무 좋았습니다❤️
사시미 너무 신선하고 구성이 다양해서 가성비 좋아요!
스끼야끼도 한우투쁠이라그런지 입에서 살살녹더라구요ㅠㅠ 전좌석 룸이라 조용하고 청담이자카야로 완전 추천입니당🫶"
nv_20451517,청담 마코토,강남,일식,,3663,,,"전반적으로 호불호 없는 맛있는 맛을 너무 잘 내는 곳입니다.
이날 사시미는 광어, 잿방어, 아카미, 고등어, 안키모가 꽤 인상적이었고요.
관서식 스키야끼는 감칠맛 강한 타래소스에 좀 오래 졸인 야채가 완전 밥도둑, 술안주네요. 고기에 고추절임 올려서 먹으면 한국인이 싫어할 수 없는 맛입니다.
우니마끼도 맛있었고, 무엇보다 아나고 덴뿌라가 정말 정말 부드러웠습니다. 한 입 먹고 놀랄 정도였습니다!
(요기 기본 반찬으로 건새우 튀김이 나오는데 요게 진짜 짭짤하고 바삭한게 맥주안주에요 댑악)

전반적으로 너무 맛있게 먹었습니다. 다음엔 다른 단품 메뉴들도 많이 시켜보고 싶습니다."
nv_20451517,청담 마코토,강남,일식,,3663,,,"첫방문 이었어요.
2인룸은 창이 있음에도
개인적으로 살짝 좀 답답했어요.
불요리를 하니 룸 안이 좀 더워졌어요.
대체적으로 맛있었고 술 종류가 다양해서 좋았어요.
화장실이 깨끗하고 전체적으로 왜 인기 있는지 알겠어요."
nv_20451517,청담 마코토,강남,일식,,3663,,,"분위기도 너무 좋고 신선한 사시미가 다양해서 오마카세 먹는듯 하며 퀄리티가 엄청 좋고 플레이팅도 이뻐요! 비린맛 하나 없고 회 한점한점 입에서 녹아요,,!! 모츠나베도 해장 싸악 되면서 국물 깊고 너무 맛있어요! 전복튀김이 너무 맛도리인게 게우소스가 킥이에여,,!! 스키야끼는 마블링 예술이고 신선하고 너무 맛있어요!! 뭐하나 빠짐없이 다 너무 좋았어서 또 올래요! 청첩장모임이나 데이트하기에도 좋고 넓어서 모임하기에도 좋은 것 같네요!!><"
nv_20451517,청담 마코토,강남,일식,,3663,,,부모님하고 청담일식 맛집으로 유명하다고 해서 방문했어요 :) 청담동연예인맛집으로도 많이 알려졌다고 해서 기대가 컸는데 역시 너무 맛있게 먹었어요🥰 전석 룸이라 좌석도 프라이빗하고 분위기도 너무 좋아서 다음에 데이트로도 방문하려구요 ㅎㅎ 믿고 먹는 블루리본 맛집이라 재료도 다 신선하고 풍미가 좋아요!! 코스요리라 취향대로 골라먹을 수도 있고 양도 정말 푸짐해서 가성비도 좋아요오!! 주류도 많이 준비되어 있어서 페어링해서 먹기도 딱 이에요! ☺️❤️ 기념일이나 가족모임 장소로 완전 추천해요!! 👍🏻👍🏻❤️
nv_20451517,청담 마코토,강남,일식,,3663,,,"모든 테이블이 프라이빗하게 즐길 수 있어서 데이트나 모임하기 정말 좋은 곳 같습니다. 분위기 뿐만 아니라 음식도 수준급인데, 일본의 간보다 한국인의 간에 더 맞춰진 느낌이라 술술 들어가게 되네요! 이런곳은 분위기 상 비싼술만 있는 경우가 많은데, 소주 맥주까지 주류 종류가 다양해서 더 괜찮았던 것 같습니당! 회식하러 또 올게요!"
nv_20451517,청담 마코토,강남,일식,,3663,,,"정말 맛있어도 너무맛있네요...배부른데 맛있어서 끝없이 들어가요 근데 이 압로 청담동 쪽 파트에서 이 가성비면 건너편 보다 백만배좋아요. 어떻게 이 분위기 룸, 위치에서 이 맛과 가격을 내실수있는지 이해가안되네요 ㄷ남친이생길리는없지만 생기면 무조건이고 소개팅이면 고민1도 없이 여기올거에요.블루리본 12년차면 말다했죠. 기본안주부터 그냥 진국"
nv_20451517,청담 마코토,강남,일식,,3663,,,"역시 믿고 오는 마코토!
여기는 진짜 몇 번을 와도 항상 만족하고 돌아가는 곳이에요 😊 올 때마다 음식 퀄리티가 일정하게 좋고, 분위기도 편안해서 자연스럽게 재방문하게 되는 집이에요. 한 번 오고 끝나는 곳이 아니라, 생각날 때마다 계속 찾게 되는 그런 곳!

오늘도 역시 기대를 저버리지 않았고, 특히 김준형?이라는 직원분과 본흥?분홍? 두 분 덕분에 더 기분 좋은 식사를 할 수 있었어요. 바쁜 와중에도 계속 신경 써주시고, 필요한 거 바로바로 챙겨주시는 모습이 인상적이었어요 👏 친절함이 딱 형식적인 게 아니라 진짜 진심으로 느껴져서 더 좋았어요.

이렇게 음식도 맛있고 서비스까지 좋은 곳은 계속 올 수밖에 없는 것 같아요. 이미 여러 번 방문했지만 앞으로도 꾸준히 올 예정입니다 👍 다음에도 또 올게요!"
nv_20451517,청담 마코토,강남,일식,,3663,,,"프라이빗한 청담 이자카야 찾아서 청담마코토로 예약했어요
가족 모임이라 조용하면서도 부모님 만족시킬 만큼 맛있는 고퀄리티 식사를 대접해드려야했는데
청담 마코토가 딱이었어요 !!

한우 스키야키랑 모듬사시미는 비주얼만큼 너무 맛있었고 덴푸라랑 소바, 스시도 너무 구성이 좋고 맛있더라구요
퀄리티 좋은 청담일식 맛집 찾으신다면 강추드려요

주차도 발렛으로 편하게 할 수 있었고 2인부터 20인까지 수용 가능한 다양한 룸도 있어서 예약 하고 오면 좋을 것 같아요🙌"
nv_20451517,청담 마코토,강남,일식,,3663,,,"스키야키랑 나베, 사시미, 스시 주문했는데 두명이서 배부르고 만족스러운 식사였어요.
특히 사시미 퀄리티가 기대 이상입니다. 입에서 사르르 녹아버리네요,, 스키야키도 마찬가지에요.

직원분들 응대도 친절하고 전부 룸으로 되어있어서 프라이빗하게 친구랑 기분 좋은 식사했습니다."
nv_2007145517,고봉당 논현역점,강남,중식,,2642,,,"제육쭈구미 양념이 진짜 맛있고 불향도 제대로 나서 밥이 계속 들어가요🔥
쭈꾸미도 탱글탱글하고 제육은 부드러워서 조합 최고였어요!
맵기 딱 적당해서 맛있게 매운 느낌👍
반찬도 깔끔하게 잘 나오고 전체적으로 만족스러운 식사였습니다 :)
다음에 또 방문하고 싶은 고봉당 논현점이에요!"
nv_2007145517,고봉당 논현역점,강남,중식,,2642,,,푸짐하고 맛있는 고봉당.지점마다 차이가 있는데 논현점이 데일 푸짐하고 맛있어요.직원분들 모두 친절하시고 점심특선은 밥이 무제한에 셀프마의 반찬과 여름 오이냉국은 최고입니다.등갈비 잘못하면 냄새나서 못 먹는데 여긴 살이 연해서 술술 벗겨지고 김치등갈비도 최고예요.오늘도 기분좋은 점심 맛있게 잘 먹고 갑니다~ 감사해요.어린 남자직원분 계산 받으실때 친절 귀여웠어요!!^^
nv_2007145517,고봉당 논현역점,강남,중식,,2642,,,고봉당 벌써 세번째 방문이에요 🥺❤️❤️ 둘이서 소주 네병은 까고 가는 논현역 맛집 입니다!! 치즈 등갈비랑 떡구이는 꼭 드세요 진짜 조오온맛이에요💛
nv_2007145517,고봉당 논현역점,강남,중식,,2642,,,"고봉당 등갈비 넘 맛있어요. 우선 등갈비 갈빗대 큼지막한게 제일 마음에 듭니다. 다른 곳보다 살코기가 훨씬 많아서 먹는 맛이 있어요. 매번 신라면 맵기로 먹다가 불닭 맵기로 주문해봤는데, 스트레스 날리기에 최고였어요.👍🏻👍🏻"
nv_2007145517,고봉당 논현역점,강남,중식,,2642,,,"3번째 와 보지만 등갈비 맛집
치즈폭탄 등갈비에 오늘 처음 먹어 본 인절미 떡구이
이건 완전 별미~ 등갈비하고 너무 훌륭한 조합이에요
이벤트 당첨으로 먹었지만 코코넛새우튀김도 맛나요
직원분들도 친절하셔서 찜하고 가끔 가는 맛집이에요
저녁에는 무조건 웨이팅 있으니 참고하세요"
nv_2007145517,고봉당 논현역점,강남,중식,,2642,,,"💜 고봉당 논현역점 : 돌판 양념등갈비 부드럽게 살 발려지고 맛있어요.🧡 키오스크로 편하게 주문하고 음식도 빠르게 나오고 매장도 청결했어요.
🅿️ 매장 앞 주차공간도 몇 대 가능해보여요.
📌 이벤트로 룰렛돌리는게 있었는데 사이드 메뉴 득템하는 재미도 있어요.
✅️ 친구들과 회식장소로 좋았고 재방문의사 있어요."
nv_2007145517,고봉당 논현역점,강남,중식,,2642,,,"평소먹던 등갈비양념과 다르게 너무달지않은 감칠맛나는 약간 김치안들어간 등갈비양념(?)같은 베이스의 양념이라서 물리지않고 너무 맛있게먹엇어요!!!🤤

인절미 떡 구이는 너무 바삭하고 등갈비랑 싸먹으니까 양많은데도 둘이서 뚝딱했네요ㅎㅎ
논현동 맛집 인정🤩"
nv_2007145517,고봉당 논현역점,강남,중식,,2642,,,"좋은 언니들과 함께 논현동에 와서
맛집찾은 이곳 ""고봉당"" 당첨
역시 탁월한 선택이였어요
치즈폭탇양념등갈비가 완전 맛있었어요
생맥이 술술 들어가는 맛
담소나누며 행복한 시간이였어요
다음에도 또 오고싶을만큼 맛집이예요"
nv_2007145517,고봉당 논현역점,강남,중식,,2642,,,"여기는 올때마다 무조건 이 조합!

치즈등갈비 + 떡구이 + 조개탕 세트로 먹어줘야해요
진짜 궁합도 잘맞고 다 너무너무 맛있어요 ㅠㅠ

자꾸자꾸 생각나는 집 ㅎㅎ

또 가야겠어요!!

논현역 맛집으로 강추입니당♥️"
nv_2007145517,고봉당 논현역점,강남,중식,,2642,,,"한동안 못왔다가 오랜만에 방문했어요!
사이드인 코코넛새우도 시켜봤는데 너무나도 맛있네요!
1개 시켰다가 맛있어서 2개 더 시켜서 먹었어요!
김치찌개는 말할것도 없구요 ㅎ
자주올게요!
번창하십시오!"
nv_1583057180,무탄 코엑스점,강남,중식,,2,,,코엑스에서 뭘먹을까 고민하다가 중식 좋아해서 무탄 방문했어요 음식이 정말 맛있어서 모임장소로도 좋을 것 같아요 모든 메뉴가 다 임팩트가 세요! 어르신들은 좀 간이 세다 느낄 수 있지만 중식이 원래 자극적인거 땅길때 찾는음식인만큼 식사 퀄리티는 진짜 만족스러워요!!
nv_1583057180,무탄 코엑스점,강남,중식,,2,,,"2인 코스요리로 먹었는데 음식 하나하나 다 고급스럽고 양도 생각보다 꽤 괜찮았음

특히 멘보샤는 진짜 겉바속촉 제대로였고
트러플 향 나는 짜장도 너무 진하지 않아서 계속 들어감 🍜
전체적으로 중식인데도 엄청 무겁지 않고 코스 흐름이 좋았음

분위기도 좋아서 데이트나 특별한 날 가기 딱인 느낌 🙌
가격대는 있지만 먹고 나오면 납득되는 곳이었다 ㅎㅎ"
nv_1583057180,무탄 코엑스점,강남,중식,,2,,,"대파 유린기, 어니언 꿔바로우, 쟁반짜장(?) 시켰어요. 다섯명이서 갔는데 양이 엄청 많아서 ㅎㅎㅎ 간신히 다 먹었네요. 저희집이 양이 적은 편이기는 해도 기본적으로 메뉴가 양이 다 많아요. 독특한 메뉴도 많고 맛있어요! 원탁테이블이라든지 있어서 여럿이서 가기 좋은 곳입니다."
nv_1583057180,무탄 코엑스점,강남,중식,,2,,,방문할 때마다 항상 든든하게 먹고 가는 집이에요! 오늘 트러플 자장면이 꾸덕하고 너무 맛있었어용ㅎㅎㅎ 감동적인 맛이에요!!! 깐풍기도 닭다리살만 있어서 겉바속촉에 엄청 부드러워요!! 트러플도 풍미가 정말 좋고 정말 맛있어요😆🫶
nv_1583057180,무탄 코엑스점,강남,중식,,2,,,모임장소로 이만한데가 없네요! 좌석 간격도 여유있고 자리도 편해서 식사하기 너무 좋았어요. 중식메뉴를 다들 선호해서 무탄 방문해봤는데 너무 만족스러워요. 요리 메뉴도 많고 다양한 메뉴가 있어 입맛대로 고르기 좋네요. 직원분들도 친절하시구 세심하게 테이블 살펴봐주시고 필요한거 챙겨주셔서 역시 무탄은 다르구나 했어요! 메뉴 하나하나 다 맛있어서 무조건 또 오고 싶은 곳이였습니다. 정말 맛있게 잘 먹었습니다!!!
nv_1583057180,무탄 코엑스점,강남,중식,,2,,,코엑스무탄점만 5번이상온거같아요~상 트러플짜장과 소고기 탕수육 삿뽀로 생맥주 먹었어요~~ 이집은 다른집보다 메뉴가 차별화가 있어요.. 자주는 아니어도 1년에 2번이상 방문하는듯요.. 소고기탕수육 통고기에 부드럽고 소스는 레몬이 많이들어가서. 새콤달콤 중독성있는 맛이에요... 음식도맛있고 친절하고 분위기 좋아요
nv_1583057180,무탄 코엑스점,강남,중식,,2,,,"일단 매장에 들어서자마자 인테리어가 정말 고급스럽고 모던해서 감탄했어요. 세련되고 깔끔하게 톤이 정돈되어 있어서 대접받는 느낌이 확실히 듭니다. 프라이빗한 공간이나 좌석 배치가 잘 되어 있어서 왜 강남, 삼성동 쪽에서 회식장소나 중요한 비즈니스 미팅 장소로 유명한지 바로 납득이 가더라고요. 분위기만으로도 이미 합격점입니다.
이번에 주문한 7주년 코스는 3인이 즐기기에 양도 아주 넉넉하고 구성이 정말 알찼어요. 무탄의 시그니처 메뉴들이 센스 있게 포함되어 있어서 처음부터 끝까지 지루할 틈 없이 맛있게 즐겼습니다. 요리 하나하나 비주얼도 훌륭하고 재료의 신선함이 그대로 느껴졌어요.
여기서 맛있게 먹는 나름의 꿀팁이 있는데요! 코스 중에 나오는 유린기의 고추 고명을 살짝 남겨두었다가, 트러플짜장면과 드세요!"
nv_1583057180,무탄 코엑스점,강남,중식,,2,,,"코엑스 무탄에서 트러플 짜장면과 고추유린기를 맛봤습니다. 트러플 향이 은은하게 퍼지는 짜장 소스가 면과 잘 어우러져 고급스러운 풍미를 느낄 수 있었고, 면발도 쫄깃해 만족스러웠습니다. 고추유린기는 겉은 바삭하고 속은 촉촉하며, 칼칼한 고추와 새콤달콤한 소스가 잘 배어 있어 입맛을 돋웠습니다. 특히 두 메뉴를 함께 먹으면 느끼함 없이 조화로워 좋았습니다. 매장 분위기도 깔끔하고 직원 서비스가 친절해 편하게 식사할 수 있었으며, 점심 또는 저녁 모두 만족할 만한 선택이었습니다."
nv_1583057180,무탄 코엑스점,강남,중식,,2,,,"무탄 드디어 방문해봅니다.
늘 웨이팅이 길었는데
이번에는 운좋게 웨이팅이 짧아서 왔어요.
소문대로 짜장면 아주 특별했어요.
트러플향도 좋았고!

특히 유린기.
고추와 소스가 적절해서 맛을 돋구어주는게
따봉입니다.
재방문 의사있어요."
nv_1583057180,무탄 코엑스점,강남,중식,,2,,,"삼성점 방문했는데 분위기도 깔끔하고 음식이 전체적으로 만족스러웠어요!
트러플 짜장면은 트러플 향이 생각보다 과하지 않아서 부담 없이 먹기 좋았고 풍미가 진해서 맛있었어요. 투움바 짬뽕은 크리미한 느낌이랑 매콤한 맛이 같이 나서 색다른 메뉴였어요. 느끼할까 걱정했는데 은근 계속 손이 가는 맛이었습니다 :)

유린기는 바삭한 식감에 새콤한 소스가 잘 어울렸고, 꿔바로우도 쫀득하면서 바삭해서 같이 먹기 좋았어요. 음식도 비교적 빨리 나왔고 직원분들도 친절해서 기분 좋게 식사했습니다. 재방문 의사 있어요!ㅔ"
nv_13150137,공리,강남,중식,"별점
4.54",4,,,"가끔 생각나는 강남구청역 ""공리""

칠리새우와 짜장면은 정말 최고의 조합이에요~~👍👍
중식이 생각날때 부담없이 즐길 수 있는 맛집.
직원분들도 친절하고 가격도 부담없어 자주 오는 곳.
후식까지 챙겨주시니 뭔가 대접받는 느낌입니다."
nv_13150137,공리,강남,중식,"별점
4.54",4,,,"오늘은 조금 기다렸어요. 이 동네 맛집이니 어쩔수 없는 기다림인거같아요. 중국냉면, 탕수육, 짬뽕은 여기가 최고 인거 같아요. 친절하신 사장님 덕분에 항상 올때마다 기분 좋아요.
잘 먹고 갑니다!!"
nv_13150137,공리,강남,중식,"별점
4.54",4,,,직장근처 강남구청역 공리 3번째 방문! 오늘은 삼선 짬뽕과 볶음밥을 주문했어용 짬뽕도 맛있었고 볶음밥도 맛있구 음식도 빨리 나오고 좋아요~ 역시 직접 와서 먹는게 맛있네요!지점마다 조금씩 차이 있는데 강남구청역 공리 추천해요!
nv_13150137,공리,강남,중식,"별점
4.54",4,,,"강남구청 근처에서 짜장면 땡겨서 방문했습니다!
후기들 보고 기대했는데 왜 사람들이 맛집이라고 하는지 알겠네요ㅎㅎ
짜장면 소스가 진하고 불향이 너무 좋았고 양도 많아요!!
매장도 깔끔하고 직원분들도 친절해서 혼밥도 좋을 것 같아요! 담엔 짬뽕이랑 탕수육 먹으러 오겠습니다~!😋"
nv_13150137,공리,강남,중식,"별점
4.54",4,,,중식이 땡겨서 강남구청역 공리 방문! 볶음밥이 고슬고슬하니 불향 가득해서 정말 맛있네요! 같이 나오는 짜장 소스도 진하고 건더기가 실해서 든든하게 잘 먹었습니다. 양도 푸짐하고 서비스도 친절하셔서 기분 좋게 식사하고 갑니다. 다음에도 또 방문할게요!
nv_13150137,공리,강남,중식,"별점
4.54",4,,,"중국냉면 개시요👍👍👍 해물 얼특면과 짜장면 탕수육 시켜서 어린이날 기념으로 외식했어요 시켜먹고 방문해서 먹고 항상 맛있게 먹는 맛집이네요
강남구청역 중식 중 제일 맛집입니다👍👍👍
요리도 식사도 맛나요❤️
#강남구청역중식 #맛집공리"
nv_13150137,공리,강남,중식,"별점
4.54",4,,,"회사 근처라 자주 오는 공리! 단체모임하기 좋고 삼선간짜장에 후라이까지 올라가서 맛있어요 음식도 빨리 나와 최고에용👍후식까지 챙겨주심

#강남구청역중식 #논현동중식 #학동역중식 #삼성동중식"
nv_13150137,공리,강남,중식,"별점
4.54",4,,,"오늘 강남구청역 중식 땡겨서 근처 공리 다녀왔어요! 솔직히 큰 기대 안 하고 들어갔는데, 짜장면도 안 느끼하고 탕수육이 진짜 바삭바삭해서 너무 맛있게 먹었네요. 양도 꽤 많아서 둘이서 배 터지게 먹고 나왔습니다. 근처에서 편하게 한 끼 먹을 중국집 찾으시면 여기 한번 가보세요~ 추천합니다!"
nv_13150137,공리,강남,중식,"별점
4.54",4,,,"강남구청역 공리 다녀왔어요 🍜🥟

삼선짬뽕밥은 국물이 진하고 칼칼해서 해장 느낌도 살짝 나고, 해산물도 꽤 들어가 있어서 든든하게 먹기 좋았습니다.
짜장은 달달하면서도 너무 무겁지 않은 스타일이라 계속 손이 갔고, 면도 탱탱해서 기본기 괜찮다는 느낌!

군만두는 겉은 바삭하고 속은 촉촉해서 짜장이랑 같이 먹기 좋았고, 짬뽕 국물에 찍어 먹어도 맛있었어요 👍
강남구청역 근처에서 무난하게 맛있는 중식 찾는다면 공리 추천!"
nv_13150137,공리,강남,중식,"별점
4.54",4,,,"얼특면은 물론이고 모든 메뉴가 고루 다 맛있는 중국음식점입니다. 집에서 가까워 주말에 주로 가족들과 오는데 항상 만족하고 가요.
자장면 짬뽕은 딱 클래식하고 정석을 가는 맛이고,
탕수육과 군만두 등 튀김음식도 바삭하고 훌륭해요.
특히 아이가 잘 먹는 자장면을 꼭 시키는데, 간도 짜지않고 매운 맛이 전혀없이 고소해 아이가 잘 먹어요.
특히, 이집 시그니처 얼특면은 불향과 온갓 해물이 깔끔하게 딱 어우러져 강추합니다.
또 홀의 모든 직원분들이 다 친절하시고 민첩하셔서 늘 기분좋은 서비스를 받고 있어요. 감사드립니다!"
nv_1044096368,무탄 압구정 본점,강남,중식,,1,,,"3대가 모이는 자리로 무탄을 픽했어요 !
그 전에도 짜장면은 무조건 먹었는데 .. 오랜만에
와도 변함없이 고급지고 맛있어요💓
냉채랑 쇠고기 안심 탕슉도 아주 맛났습니다 !
탕슉 소스에 바나나 있는거 너무 신기했어요 ㅠ
고추가득 유린기? 도 먹었는데 것도 완전 맛있어욤
무탄 가격 비싸다고 느낄 수 있는데 서비스랑 자리 편한거 다 생각하면 돈이 하나도 안 아까워요😋
담에 또 올게요 !!"
nv_1044096368,무탄 압구정 본점,강남,중식,,1,,,음식이 아주맛있고 생각보다 앙도 많았어요 튀김이 아주 바삭합니다 이집이 튀김류 맛집인것 같아요 하지만 그중에 단연으뜸은 고추유린기였어요 너무맛있어서 공기밥추가해서 양념에 비벼먹었고요 2학년아이도 먹을수 있을만큼 맵지않고 아삭했어요 짬뽕먹으러 재방문예정입니다
nv_1044096368,무탄 압구정 본점,강남,중식,,1,,,무탄은 여럿이 가야 진가를 발휘 합니다. 빠지는 메뉴 없습니다. 다만 메뉴 하나하나가 양이 크고 많은 편이라 여럿이 가서 먹어야 다양하게 제대로 즐깁니다. 유명 블로거/유튜버 분의 추천 메뉴 보다는 기존 메뉴로도 충분히 즐길 수 있다고 봅니다. 마카롱 멘보샤와 고추 유린기는 역시나 입니다. 나머지도 입이 즐거운 메뉴입니다. 잘 먹었습니다. 또 뵐게요.
nv_1044096368,무탄 압구정 본점,강남,중식,,1,,,"트러플 향 올라오는 순간 이미 게임 끝.
진한 짜장 소스에 쫄깃한 면, 큼직한 고기 식감까지 밸런스가 정말 좋았어요.
화이트 트러플이 아낌없이 올라가 풍미가 계속 남고, 느끼할 틈 없이 깔끔하게 마무리됩니다.
오징어짬뽕은 불향과 칼칼함이 제대로 살아있고,
가지튀김은 바삭함 안에 촉촉함이 남아 있어서 왜 시그니처인지 알겠던 메뉴.
분위기, 플레이팅, 맛까지
압구정에서 기분 내기 좋은 중식 다이닝"
nv_1044096368,무탄 압구정 본점,강남,중식,,1,,,"압구정 무탄 방문했는데 대파 차돌짬뽕이 진짜 인상적이었어요! 불향 가득한 국물에 차돌이 푸짐하게 들어가 있고 대파 향이 진하게 올라와서 얼큰하면서도 깊은 맛이 났어요.
고추유린기는 겉은 바삭하고 속은 촉촉한데, 새콤달콤한 소스에 고추 향이 더해져 느끼하지 않고 계속 손 가는 맛이었어요. 분위기도 고급스럽고 직원분들도 친절해서 만족스러운 식사였습니다~~"
nv_1044096368,무탄 압구정 본점,강남,중식,,1,,,"가끔 특별한 중식을 즐기고 싶을 때 찾게 되는 곳입니다. 오랜만에 트러플 짜장면이 생각나 방문해 트러플 6배 스테이크 트러플을 주문했는데, 고기 두께가 확연히 두툼하고 트러플 양도 넉넉해 풍미가 한층 살아납니다. 고추를 듬뿍 넣은 유린기 역시 변함없이 만족스러운 완성도를 보여줍니다. 다만 짜장면이 유산슬을 거의 다 먹은 시점에 나와 동선 관리나 주문 전달 부분은 아쉬움이 남았습니다. 전반적으로 맛의 완성도는 높지만 서비스 타이밍 개선이 필요해 보입니다."
nv_1044096368,무탄 압구정 본점,강남,중식,,1,,,"압구정 무탄은 중식을 고급스럽게 재해석한 분위기 좋은 중식당이었습니다.
탕수육은 바삭한 튀김에 과일과 채소가 어우러져 느끼하지 않고 색다른 매력이 있었습니다.
유린기는 청양고추가 듬뿍 올라가 있지만 새콤한 소스 덕분에 깔끔하면서도 중독적인 맛이었습니다.
한우짜장은 진한 춘장 풍미와 한우의 깊은 맛이 잘 어우러져 묵직하고 고급스러운 느낌이었습니다.
전체적으로 플레이팅이 화려하고 재료 퀄리티가 좋아 특별한 날 방문하기에도 만족스러웠습니다.
압구정에서 분위기와 맛을 함께 즐기고 싶을 때 추천드리고 싶은 중식당입니다."
nv_1044096368,무탄 압구정 본점,강남,중식,,1,,,"두번째 방문인데 직원분들도 친절하시고 음식도 깔끔하고 맛있어요!!
특히 짜장면 트러플 향이 장난 아니에요!! 고기도 맛있고 완전 맛있어요!!
짱뽕도 맛있고 유린기도 진짜 맛있어요!!
양도 많고 완전 좋아요!!
확실히 인기 많은 이유를 알겠어요!!"
nv_1044096368,무탄 압구정 본점,강남,중식,,1,,,흑백요리사2에 나온 셰프님 중식당이라 해서 기대하고 온 곳인데 역시 맛있네요~ 트러플 자장면 오징어탕수육 누룽지탕 고추유린기 투움바짬뽕 먹었는데 투움바짬뽕이 최애였어용! 양도 많고 분위기 좋아서 모임으로 오기 좋은 것 같아요~
nv_1044096368,무탄 압구정 본점,강남,중식,,1,,,"무탄에 방문해서 맛있는 중식을 즐겼어요! 특히 짜장면, 고추유린기 여태 최고로 훌륭해서 맛집으로 인정할 만합니다. 매장 분위기도 깔끔하고 고급스러워서 연인과 함께하는 데이트 코스로도 좋고, 공간이 쾌적해 가족 모임이나 직장 회식 장소로도 딱인 것 같아요. 다음에 또 방문하고 싶습니다!"
nv_35553533,아방궁,강남,중식,"별점
4.28",24,,,"프라이빗룸이 많아 좋은 강남 중식당 아방궁, 전가복 처음 주문해봤는데 풍성해서 놀랐어요. 불맛나는 차돌짬뽕도 너무 맛있더라고요. 재료를 아낌없이 쓰시는 사장님, 앞으로도 자주 갈게요!"
nv_35553533,아방궁,강남,중식,"별점
4.28",24,,,"10년 넘게 이용하는 중식맛집인데
올만에 방문했는데도
짜장면 맛은 변함없이 맛나네요.
새벽에 가도 친절하게 대응해 주심에
기분좋게 먹었습니다~"
nv_35553533,아방궁,강남,중식,"별점
4.28",24,,,너무 맛있고 친절합니다 강남역 중식당 많이 다녀봤는데 가장맛있었어요 특히나 전체가 개별룸으로 되어있어서 프라이빗하게 식사하기 좋았습니다 재방문의사 만점이에요 또올거에요!!!
nv_35553533,아방궁,강남,중식,"별점
4.28",24,,,프라이빗 룸에서 식사할 수 있어서 좋았고 메뉴가 다양해서 여러가지 시켜서 나눠먹기 좋았어요~
nv_35553533,아방궁,강남,중식,"별점
4.28",24,,,지인 추천으로 방문하게 된 #강남역중식당 강남역룸식당 아방궁은 정말 프라이빗하게 식사가 가능하며 룸 구성이 잘 되어있어서 사전 예약을 하면 조용한 식사가 가능하고 탕수육이 너무나 맛이 좋은 강남역중식당입니다!! 매우 강력 추천하는 강남역맛집으로 인정해요^^💖🙏🥳😋💘👌😘💗😀💕☺️👍🤗😃🤩🥰😍🫰🙆‍♂️💝✌️☝️🙆‍♀️💯
nv_35553533,아방궁,강남,중식,"별점
4.28",24,,,주문한 메뉴 전부 다 성공적으로 맛있었어요! 음식이 전체적으로 느끼하지도 않고 자극적이지 않으면서 깊은 맛이 나서 일행이랑 감탄하면서 먹었네요 🥰
nv_35553533,아방궁,강남,중식,"별점
4.28",24,,,"▪️다양한 크기의 프라이빗한 룸이 마련되어 있어 직장 회식이나 가족 모임 등 어떤 모임에도 잘 어울릴 것 같았던 내부👀

- 적당한 두께의 튀김 속에 부드러운 고기가 들어 있어 튀김과 고기의 밸런스가 뛰어났던 탕수육, 소스 양을 조절하며 다양한 맛을 즐길 수 있었던 간짜장, 계란, 파, 당근 등과 함께 볶아 고소한 감칠맛이 일품이었던 부드러운 볶음밥, 맵기보다는 얼큰하고 개운한 맛이라 먹고 나서도 속이 편안했던 짬뽕국밥까지 모두 다 도리도리맛도리였어요!"
nv_35553533,아방궁,강남,중식,"별점
4.28",24,,,"늦은 시간까지 하는 밥집이 의외로 잘 없어서 검색해서 들어갔는데 아니 세상에! 너무너무 맛있었어요!!! 삼선간짜장이랑 차돌짬뽕 시켰는데 가격도 착하고 지금까지 먹어본 짜장, 짬뽕과 차원이 다르더라고요 너무 맛있게 잘 먹어서 다음에 또 오자고 다짐했어요! 친구들 모임이나 가족 모임으로도 좋을 거 같아요"
nv_35553533,아방궁,강남,중식,"별점
4.28",24,,,"간짜장은 소스 색부터 진한 느낌이었는데
먹어보면 확실히 일반 짜장보다
훨씬 깊은 풍미가 느껴졌어요.

양파가 적당히 살아 있어서
단맛이 자연스럽게 올라오고,
춘장 특유의 묵직한 감칠맛이 잘 느껴지는 스타일!
강남역 회식장소 찾는 분들이나
조용한 모임 장소 찾는 분들한테 추청해요

음식도 기본 메뉴들 퀄리티가 안정적이라
호불호 없이 편하게 즐기기 좋았고,
24시간 운영이라 시간 제약 없이
방문 가능한 점도 장점이었어요.

강남역 근처에서
프라이빗한 분위기의 중식당 찾고 계시다면
한 번쯤 방문해보세요"
nv_35553533,아방궁,강남,중식,"별점
4.28",24,,,"강남에서 오랜만에 맛집 찾았습니다!
룸도 많아서 프라이빗하게 먹기 좋아요
불향 가득한 삼선짬뽕 강추드리고 삼선볶음밥, 사천탕수육도 맛있습니다"
nv_18505540,홍명,강남,중식,,3123,,,"간짜장과 탕수육 먹었어요
1시쯤 가면 대기 길지않아요

여기는 간짜장이 진짜 넘 맛있어요 후루룩후루룩 눈깜짝할 사이에 다 먹었어요 달지않아 진짜 맛있어요🩷
탕수육도 고기가 두꺼워서 진짜 먹을만해요
중국집 맛집으로 최고에요!👍"
nv_18505540,홍명,강남,중식,,3123,,,논현동 (학동)에서 요즘 가장 핫한 중식당 ‘홍명’방문했습니다! 성시경의 먹을텐데에서 무려 2번이나 촬영할만큼 이슈가 된 식당입니다! 웬만한 호텔 중식당 에 견주어도 손색없는 재료의 퀄리티와 맛으로 감동을 주는 식당입니다! 주류메뉴 또한 다양해서 각종 고량주 부터 몽지람 수정방 까지 없는게 없습니다! 요리는 난자완스와 해삼주스가 일품이었고 군만두와 찐만두는 꼭 드셔야 합니다! 볶음밥과 간짜장을 못먹고 나온게 한입니다 ㅠㅠ
nv_18505540,홍명,강남,중식,,3123,,,"웨이팅 필수인 논현 노포 중식당 홍명입니다. 항상 앞에 대기가 끊이길 않고 현장대기를 해야해서 일찍 방문하거나 아니면 마감 1:30정도 전에 방문하는게 더 나을 수 있어요. 물만두는 일 10개인가 밖에 판매하지 않는다고 해서 오픈런 아니면 엄두고 못내겠더라구요.
요리류 전부 맛있었지만 간짜장이 특히나 맛있었습니다. 요즘 일반 짜장에 양파좀 넣고 볶아서 간짜장이라고 하는집이 많은데 여기는 찐이었습니다."
nv_18505540,홍명,강남,중식,,3123,,,"친구 생일을 맞아 같이 거하게 홍명 즐기고 왔어요ㅎ 주말 점심 웨이팅없이 바로 입장했고, 우선 유명한 난자완스 부터 시켜봤는데 4개 난자완스가 나오는데 크기가 엄청 크더라고요. 겉이 바삭하고 은은하게 스모키한 맛도 나는게 역시는 역시다..👍
이어서 매콤한 깐풍기 추가해서 먹고 간짜장, 굴짬뽕 시켜서 마무리~ 전반적으로 요리를 정말 잘하는 집이라는게 느껴졌고, 가격은 비싸지만 그만큼 큰 만족감을 얻고 가네요~ 최곱니다!"
nv_18505540,홍명,강남,중식,,3123,,,"항상 식사시간엔 손님이 많은 중국집입니다.

간짜장과 난자완스가 최애 메뉴!

예전에는 군만두는 저녁에만 가능했는데 이번에 가니 낮에 드시는 분들이 있으시더라구요?

이제 낮에도 가능한건가 곧 다시 가면 주문해보겠습니다."
nv_18505540,홍명,강남,중식,,3123,,,"난자완스를 제대로 하는 몇 안남은 중식당입니다. 여러 번 기회를 노리다 이날에야 친구와 갔네요. 최고입니다. 숨은 난자완스 매니아분들께서는 반드시 방문하시길 추천합니다. 완자의 겉은 살짝 튀겨 바삭하고, 속은 간고기가 적당한 부드러움으로 잘 익어있습니다. 큼직한 표고버섯과 굴소스 베이스의 난자완스 소스다 잘 어우러집니다. 평일 11시 15분 정도에 도착하면 점심 시작할때 바로 먹을수 있어요!"
nv_18505540,홍명,강남,중식,,3123,,,"평일 11시 30분쯤 도착해서 잠깐 있다 바로 들어갔어요
예약은 안하고 방문했습니다~ 저흰 바로 들어왔는데.. 그담부턴 대기 좀 하시는거 같았어요~
난자완스, 굴짬뽕, 군만두 주문했어요
양이 많아보여 남길수도 있겠다 했는데 다 먹고 나왔답니다 ㅎㅎ
난자완스가 특히 맛있었어요
야채 익힘정도도 너무 좋았고~
고기 냄새 안나고 겉면은 바삭하고~ 양념도 맛있었어요~
굴짬뽕은 맛있긴 했으나 다른곳과 비교했을때 특별함은 없는 정도~ 군만두는 쏘쏘였어요~
난자완스 먹으러 담에 또 방문하겠습니다^^"
nv_18505540,홍명,강남,중식,,3123,,,두둥 홍명 지나갈때마다 대체 왜저렇게 웨이팅이 심할까~ 했는데 이유가 있었네요 이렇게 맛있으면 기다려서라도 먹어야죠 탕수육(완전 바삭 촉촉 쫄깃) 간짜장(양파가 진짜 아삭아삭 한가득) 짬뽕(시원하게 속풀리는) 조합은 진리입니다 언젠가 다른 요리도 정복해야지 ••
nv_18505540,홍명,강남,중식,,3123,,,논현동 학동역사거리에서 원탑으로 떠올리게 되는 단골 맛집. 이날 공휴일이라 사람들 없을 줄 알고 방문했는데 아주 큰 오산이었다. 하루도 웨이팅 없는 날이 없어 홀 컨트롤 하시는 사장님이 매일 고생하실 거 같다. 수제군만두는 못 먹을 가능성이 높아 깐풍기를 추천. 이 집보다 완성도 높은 간짜장을 내는 집은 아직 많이 찾지 못했다. by 블라초블로그
nv_18505540,홍명,강남,중식,,3123,,,"웨이팅이 필요한 맛집이네요.
내부는 동네 중국집 사이즈 인데
왜 사람이 많은지 알겠더라구요.
난자완스, 간짜장은 꼭 먹어야 하겠고, 탕수육은 잘 안시키는데 탕수육도 맛있습니다.
오후 5시 이후에 시킬수 있는 수제 군만두도 맛있어요.
웨이팅시 메뉴를 적는데, 수제군만두라고 적으셔야되요. 군만두라고 적었다가 못먹을뻔 했습니다.
잘먹고갑니다~"
nv_11621343,천용,강남,중식,,1258,,,메뉴 다 맛잇네요 특히 차돌짬뽕은 건더기가 엄청나요!!!!! 맛있어요ㅠ
nv_11621343,천용,강남,중식,,1258,,,"비오는날 짬뽕이 땡겨 집근처 방문하였는데, 내부 인테리어는 공푸랑 비슷해서 기대감이 컸어요.
유명인 싸인도 많이 걸려 있길래 기대를 갖고 먹었는데..음...
짬뽕계 평양냉면 같은 느낌..?
자극적인 맛 1도 없고, 뭔가 슴슴함.. 면발은 엄청 쫄깃하네요."
nv_11621343,천용,강남,중식,,1258,,,"중식러버라 한달에 세네번은 꼭꼭 먹는데 여기 징짜 찐맛집이에오🥺🤍
짜장, 짬뽕, 탕수육 모두 옛날 그리웠던 그 맛!!
특히 단맛, 짠맛 같이 자극적인 맛은 줄이고 본연의 맛을 내는 음식점이라 찐감동인 거 있죵.. 강남에 20년 이상을 자리 지키고 있다는 거면 말 다했죠🤍
담번엔 어머님 아버님 모시고 또 방문할 예정입니당🥰
간만에 중식 맛집 발견해서 넘넘 기분 좋아요!"
nv_11621343,천용,강남,중식,,1258,,,"직장동료분들이랑 점심회식했습니다~
두번째 방문인데 음식들이 대부분 맛있네요
룸이 있어서 회식하기도 좋고요
괜찮습니다"
nv_11621343,천용,강남,중식,,1258,,,"점심시간이라 분명 정신없이 바쁠 시간이었는데도 음식 하나하나에 정성이 느껴졌던 천용이 아직도 기억에 남습니다. 삼선간짜장은 불향이 은은하게 살아 있으면서도 소스가 과하게 무겁지 않아 끝까지 질리지 않았고, 오징어와 새우 같은 해물도 꽤 넉넉하게 들어가 만족스러웠습니다. 고추잡채덮밥은 매콤한 향이 입맛을 확 끌어올려서 한입 먹자마자 속이 풀리는 느낌이 들더라고요. 특히 아삭한 채소 식감이 살아 있어 더 맛있었습니다. 같이 주문한 탕수육은 튀김옷이 지나치게 두껍지 않아 좋았고, 고기 식감도 부드러워 계속 손이 갔습니다. 오래된 중식당 특유의 안정감 있는 분위기까지 더해져 괜히 단골이 많은 곳이 아니라는 생각이 들었던 점심이었습니다."
nv_11621343,천용,강남,중식,,1258,,,선릉역 중식 맛집으로 잘 알려진 천용에서 맛있는 시간을 보내고 왔습니다 ^^ 음식 하나하나 내공이 느껴졌고 내부도 쾌적해서 괜히 오랫동안 한자리에서 영업하는게 아니구나 싶더라구요~~ 맛있는 음식 잘 먹었습니다!!
nv_11621343,천용,강남,중식,,1258,,,친구들이랑 선릉에서 약속잡았는데 다들 중식을 좋아해서 천용에 왔는데 와 양도많고 깔끔하고 정말 맛있게 잘먹었어요~^^ 느끼한것도 없고 다들 바부르고 맛있는 식사 했어요~^^또올께요
nv_11621343,천용,강남,중식,,1258,,,"평일
저녁에 짬뽕이 생각나서 왔는데 양도 많고 맛도 좋네요 ㅎㅎㅎ 또 방문할거 같아요"
nv_11621343,천용,강남,중식,,1258,,,"선릉역 근처 회식장소로 좋은 중국집 천용
20년 넘은곳이라 내공 있는 맛이었고 찹쌀탕수육, 게살볶음밥이 퀄리티 좋았어요 추천!"
nv_11621343,천용,강남,중식,,1258,,,"차돌짬뽕, 천용탕면 토핑이 푸짐하고 국물이 깊어서 드링킹하게 되네요! 군만두는 추억의 맛인데 재주문 의향 있습니다"
nv_1165131753,벽돌해피푸드 압구정점,강남,중식,,7661,,,"후 벽해푸 쿨타임 차서 다시 왓어요
매운거 못 먹는 친구랑 와서ㅜ샹궈는 못시켯지만 ㅠ
여전히 맛잇고요
벽해푸는 숨겨진 볶음밥 맛집입니다 야러분
밍밍해서 반찬 꼭 먹어야하는 복음밥 아니규
봈음밥 단독으로 먹어두 맛잇는!!
요즘 보기 힘든 그런 볶음밥이에욬ㅋㅋ!! 추천"
nv_1165131753,벽돌해피푸드 압구정점,강남,중식,,7661,,,친구랑 같이 이것저것 맛있어 보이는건 다 시켰는데 하나도 빠짐없이 다 맛있었어요 음식이 빨리 나왔는데도 불맛도 나고 맛있었어요
nv_1165131753,벽돌해피푸드 압구정점,강남,중식,,7661,,,저희는 크림새우와 토마토계란밥을 시켰는데요! 두 메뉴 모두 맛있고 제 취향이었어요!! 재방문 의사 있습니다.
nv_1165131753,벽돌해피푸드 압구정점,강남,중식,,7661,,,여자친구 소개로 와봤는데 돼지고기튀김 맛있습니다!! 볶음밥도 맛있고 가성비 좋아요. 매장 어둡고 분위기 좋아서 자주 올 듯요!! 남자들끼리 술 먹으러 와도 참 좋을 것 같은데 그런 팀은 없네요!
nv_1165131753,벽돌해피푸드 압구정점,강남,중식,,7661,,,압구정 해피벽돌푸드는 처음오는데 인테리어 멋있고 음식도 더 맛있는거 같아요!! 이번에는 너무 자극적인거 없이 주문해봤는데 대만족입니다❤️
nv_1165131753,벽돌해피푸드 압구정점,강남,중식,,7661,,,"저번주에 첫 방문하고 이번주에 또 왔어요
진짜 맛있어요!!!!!! 사천식돼지고기튀김!!!!!
이건 무조건 드세요
마파두부는 좀 비싸긴 한 것 같아요
고기튀김에 비하면 그래도 맛있어요
양도 많고 좋아용"
nv_1165131753,벽돌해피푸드 압구정점,강남,중식,,7661,,,여기 오면 무조건 사천식돼지고기튀김 시키고 들어갑니다..💕💕💕👍👍👍 이거 먹으러 와요!!! 너무너무 맛있어서 재재방문 ㅠㅠ 메뉴도 새로운게 계속 나오네여! 다른것도 도전해보고싶어요! 연태토닉이랑 꼭 같이 시키세용
nv_1165131753,벽돌해피푸드 압구정점,강남,중식,,7661,,,"오랜만에 왔는데 더 맛있어졌어요! 고기튀김 고기도 더 두툼해져서 씹는 맛 좋고, 신메뉴 가지덮밥도 맛있네요!! 맥주 안 마실 수 없는 맛! 진짜 해피해피푸드!!!"
nv_1165131753,벽돌해피푸드 압구정점,강남,중식,,7661,,,"크랩튀김 메뉴에서 빠진건지 내가 간 날만 안 된건지
아숩 ㅠㅠㅠㅠ
아메리칸 차이니즈 레스토랑인데 그냥 나는 대만이나 홍콩 놀러가고 싶었음 ㅠㅠ
현지맛에 가까운데 또 과하지 않아서 넘 맛있었다
마라샹궈는 내 기준 하나도 안 매워서 당황했는데
그건 그거대로 매력있었음"
nv_1165131753,벽돌해피푸드 압구정점,강남,중식,,7661,,,"정말 맛있는 벽돌 해피푸드💕
항상 한남점도 압구정점도 생각나면 오게 되네요
거의 사천튀김을 먹는데 찐 팬들은 크림새우를 먹는다는 사실..!
퓨전 중식같은 느낌에 맛이 보장 되어있어 항상 올때마다 맛있게 먹고 가는 것 같아요✨
다음에 또 올게요🥹"
nv_1975463492,온리고앤코,강남,양식,"별점
4.7",4,,,"전부터 꼭 와보고 싶었던 곳인데 기대 이상이었어요
항정살 파스타는 향이랑 고소한 풍미가 정말 잘 어울렸고, 전라도 묵은지 리조또는 묵은지 특유의 깊은 맛 덕분에 느끼하지 않고 계속 손이 가는 맛이었어요
에그베네딕트도 소스랑 조합이 너무 좋고 전체적으로 음식 하나하나 정성이 느껴졌어요

분위기도 편안하고 플레이팅도 예뻐서 먹는 내내 기분 좋았고 직원분들도 친절해서 더 만족스러운 시간이었어요
다음에는 다른 메뉴들도 꼭 먹어보고 싶을 정도로 만족했습니다 🙂"
nv_1975463492,온리고앤코,강남,양식,"별점
4.7",4,,,"압구정역에서 모임하기도좋고 분위기도좋은곳!!
한식베이스 메뉴들이라 느끼하지도않고 넘 맛있어여
깻잎항정살파스타강추!! 꼭드세염!!!
리조또도마싯음!
포토스팟도많아서 기념일날가기좋아요!"
nv_1975463492,온리고앤코,강남,양식,"별점
4.7",4,,,"분위기부터 음식까지 너무 만족했던 브런치 맛집🥰
묵은지리조또는 느끼하지 않고 묵은지의 감칠맛이 진해서 계속 손이 갔고, 페스토 베이스 항정살파스타는 향이 진짜 매력적이었어요! 씹으면 피스타치오 향이 은은하게 올라오는데 항정살이랑 조합이 생각보다 훨씬 잘 어울려서 기억에 남는 메뉴였어요💚
살몬 에그베네딕트도 연어가 신선하고 소스가 과하지 않아서 브런치 느낌 제대로였어요🍳
플레이팅도 예쁘고 전체적으로 메뉴 조합이 독특해서 데이트나 친구랑 오기 좋은 곳 같아요✨"
nv_1975463492,온리고앤코,강남,양식,"별점
4.7",4,,,친구 결혼기념일이라 분위기도 맛도 좋은곳 찾아서 방문했어요.. 호텔 1층에 있어서 주차도 편하고 퓨전 레스토랑인데 음식이 다 맛있습니다. 봄이라 쭈꾸미 오일파스타 시켰는데 킥이었습니다^^ 소개팅 장소로는 더 없이 좋은거 같아요.. 양쪽이 모두 소개팅~~
nv_1975463492,온리고앤코,강남,양식,"별점
4.7",4,,,"조용하고 분위기가 좋아요! 거기다 음식도 다 맛있어요. 메뉴들이 특이하고 퓨전메뉴들이 많습니다.
양식과 한식메뉴가 다양해서 누구나 호불호 없이 좋아할 맛이예요!!
거기에 직원분들도 모두 너무 친절하셔서 더 기분좋게 식사했습니다!"
nv_1975463492,온리고앤코,강남,양식,"별점
4.7",4,,,"꽃향기 맡으면서 밥 먹는다는 게 이런 느낌이구나 싶었어요

신사동 선샤인호텔 1층에 있는 플라워 다이닝 레스토랑인데, 들어가자마자 생화 향이 솔솔 나서 기분부터 좋아지더라구요

B세트 89,000원으로 세 가지 다 먹었는데요!

부라타 치즈 샐러드는 치즈 가르면 크리미한 속이 쏟아지고 트러플향도 은은하게 나요.

무화과 잼이랑 같이 먹으면 조합이 진짜 좋았어요

생꽃게 내장 파스타는 꽃게 한 마리가 통째로 올라오는데, 비린 맛 없이 내장 소스가 면에 깊게 배어 있어서 계속 포크가 가더라구요

궁중 크림 떡볶이는 처음엔 반신반의했는데 한 입 먹고 바로 인정했어요.

쫀득한 떡에 진한 크림 소스가 고급스럽고, 안 매워서 누구랑 와도 부담 없어요

데이트나 청첩장모임으로 진짜 딱인 곳!"
nv_1975463492,온리고앤코,강남,양식,"별점
4.7",4,,,"매장 인테리어가 너무 이뻐요!~!~ 맛도 맛있고 양도 많아요!~ 리뷰 혜택도 많아서! 추천해요!, 주차도 하기 좋고 옆에 호텔도 다음에 가봐야겠어요! 사진찍기에도 좋아여! 파스타도 맛있네요 다음에 또 올게요!~ 잘먹다 갑니다!~!~"
nv_1975463492,온리고앤코,강남,양식,"별점
4.7",4,,,"한식 브런치 메뉴 3종 모두 먹어봤는데, 다 너무 맛있었어요!! 장어 진짜 부드럽고 간이 잘 배어서 맛있었고, la갈비는 고기 질이 좋고 간이 적절했어요. 간장게장은 알이 꽉차 있고 고급스러운 맛이에요. 디저트랑 커피까지 기분 좋게 브런치 먹고 갑니다ㅎㅎ 전에는 파스타 먹으러 왔었는데, 한식도 맛집이에요"
nv_1975463492,온리고앤코,강남,양식,"별점
4.7",4,,,"인테리어에 반하고 브런치로 양식아닌 한식으로 맛있게 한끼 먹은 인상깊은 곳이에요! 꽃집도 같이 있어 소개팅이나 썸타는 연인들, 프로포즈 공간으로도 손색없고 단체가족모임으로 어르신도 매우 만족하실거라 장담합니다^^ 직원분들 친절함에 더 기분좋은 식사였어요:)) 도산공원 브런치로 추천드려요^^"
nv_1975463492,온리고앤코,강남,양식,"별점
4.7",4,,,"진짜맛있어요 아침 9시30분부터 일찍여는 브런치가게인데,
브런치한상으로 간장게장에 LA갈비라니 감동이예요
분위기도좋고 꽃집도함께있어서 기념일에 방문하기좋고 친구들, 가족들모임하기에도 정말좋은장소예요 🤍"
nv_1325697325,한올,강남,양식,,4554,,,"가로수길맛집 찾다가 방문했는데 음식 맛이 전체적으로 깔끔하고 분위기도 너무 좋았어요 :) 이번엔 낮시간대로 와봤는데도 분위기가 좋아서 가로수길 데이트 코스로 오기 괜찮은 느낌!
직원분들도 친절하시고 식사 속도 맞춰서 응대해주셔서 편하게 먹고 왔어요. 다음에는 다른 메뉴도 먹어보려고요ㅎㅎ"
nv_1325697325,한올,강남,양식,,4554,,,강남에서 먹은 파스타치곤 너무 가성비가 좋은것같아요ㅎㅎ 샐러드도 신선하고 파스타도 전부 모두가 선호하는 맛입니다😃😃
nv_1325697325,한올,강남,양식,,4554,,,"맛집 찾다가 방문했는데 생각보다 음식 밸런스가 괜찮아서 만족했어요!!
과하게 자극적인 맛이 아니라 계속 손 가는 스타일이라 편하게 먹기 좋았네요ㅎㅎ
직원분들도 친절해서 기분 좋게 식사하고 왔습니다 🍽️🍽️"
nv_1325697325,한올,강남,양식,,4554,,,"친구들이랑 가로수길에서 만나서 어디 갈지 고민하다가 들어갔는데 분위기부터 너무 마음에 들었어요ㅎㅎ
음식도 다 깔끔하게 잘 나오고 메뉴 하나씩 나눠먹기 좋아서 수다 떨면서 편하게 식사했네요.ㅎㅎ
사진 찍기 좋은 감성이라 중간중간 사진도 엄청 찍고 왔어요 :)"
nv_1325697325,한올,강남,양식,,4554,,,"매장 분위기가 부담스럽지 않아서 편하게 식사하기 좋았어요 ~~
메뉴 설명도 친절하게 해주셔서 추천받은 걸로 먹었는데 조합이 괜찮더라고요
조용히 식사하면서 시간 보내기 좋은 느낌이었습니다 ㅎㅎㅎ"
nv_1325697325,한올,강남,양식,,4554,,,"데이트 겸 식사할 곳 찾다가 들렀는데 기대 이상이었어요 😊
음식도 맛있고 매장 분위기가 좋아서 천천히 이야기 나누기 좋았습니다
가로수길 맛집 찾는 분들한테 추천할 만한 곳 같아요
다 먹고 산책하기도 좋아서 코스로 딱이네요"
nv_1325697325,한올,강남,양식,,4554,,,"주말에 데이트 하다가 방문했는데 생각보다 음식이 훨씬 맛있었어요 😊
가로수길맛집 검색해서 간 곳인데 왜 인기 있는지 알겠더라고요
매장 분위기도 예뻐서 식사하면서 대화하기 좋았고 재방문 의사 있습니다
친구한테도 추천하고 싶어요"
nv_1325697325,한올,강남,양식,,4554,,,"음식이 정갈하고 분위기가 좋아서 만족했어요
특히 가로수길 데이트 장소로 괜찮은 느낌이라 커플들이 많더라고요 🙂
시끄럽지 않고 편하게 식사할 수 있어서 더 좋았습니다
다음엔 저녁 시간에 또 가보려고요"
nv_1325697325,한올,강남,양식,,4554,,,"친구랑 가로수길 데이트 하다가 들어갔는데 분위기 편하고 음식도 깔끔해서 좋았어요!
메뉴 하나하나 정성 들어간 느낌이라 대화하면서 천천히 먹기 딱 좋더라구요 😊
너무 시끄럽지 않아서 오히려 더 만족했던 곳이에요"
nv_1325697325,한올,강남,양식,,4554,,,"오랜만에 가로수길 데이트 하면서 들렀는데 분위기가 은근 아늑해서 좋았어요!
음식 나오는 속도도 괜찮고 전체적으로 편안하게 머물다 가기 좋은 느낌입니당 ㅎㅎ
와인 한잔 곁들이면서 얘기하기 딱 좋은 곳 같네요~~"
nv_661051254,어거스트힐 강남점,강남,양식,"별점
4.56",4,,,"연인이랑 데이트하러 예약하고와서 바로 입장 후
스테이크와 파스타 그리고 자몽에이드등을 시켰는데 음식도 빨리 나왔고 너무 맛있어서 매우 만족했습니다. 매장 실내도 크고 분위기도 좋아서 데이트나 소개팅 하실때 매우 추천 드려요!!"
nv_661051254,어거스트힐 강남점,강남,양식,"별점
4.56",4,,,"생일 기념해서 찾아온 곳인데 너무 분위기가 좋아요!
복층처럼 되어있는 2층 좌석에 앉았는데 조명 인테리어도 정말 예쁘고 조용해서 편안히 식사했습니다
먹물 리조또 먹었는데 정말 맛있었어요!
메뉴 하나하나 다 특색있고 맛있습니다👍"
nv_661051254,어거스트힐 강남점,강남,양식,"별점
4.56",4,,,"런치 세트로
식전빵
라이스 하나
슈비드 스테이크 하나
퀘사디아 사이드 하나
음료 1개 디저트 1개 이렇게 시켰는데
슈비드 스테이크 진짜 일등이에요 엄청 맛있어요 꼭 시켜드세요!!
그리고 미리 예약해서 서비스로 주신 샐러드도 맛있오요 ㅎㅎㅎ"
nv_661051254,어거스트힐 강남점,강남,양식,"별점
4.56",4,,,"남자친구 생일이라서 방문했는데 직원분들도 친절하시고 음식도 맛있어요!!
분위기도 좋아서 게념일에 오기 좋아요~~
소개팅하기에도 좋을거 같네요!!"
nv_661051254,어거스트힐 강남점,강남,양식,"별점
4.56",4,,,"스테이크랑 파스타 리조또 다맛있습니다🥩
티본,토마호크,안심스테이크 다 맛있어요!
매장도 넓고 분위기도 좋습니다👍
데이트하거나 조용히 얘기나누기 좋은곳이에요
모임장소로 추천합니다 😎"
nv_661051254,어거스트힐 강남점,강남,양식,"별점
4.56",4,,,남자친구랑 데이트 겸 방문했는데 분위기도 너무좋고 음식도 넘 맛있아요!! 스테이크랑 파스타 두개 시켰는데 다 넘 만족하면서 먹었습니당ㅎㅎ 직원분들도 친절하고 데이트코스로 강추합니당💕💕👍🏻🥰
nv_661051254,어거스트힐 강남점,강남,양식,"별점
4.56",4,,,런치세트로 가성비 좋게 맛있는 음식 먹었습니다! 여자 2명이서 충분히 잘 먹을 수 있는 양이였고 식전빵부터 디저트까지 너무 잘 구성이 되있네요. 조용한 분위기에 이야기하며 먹을 수 있고 주차도 2대 가능합니다👍
nv_661051254,어거스트힐 강남점,강남,양식,"별점
4.56",4,,,네이버 예약하거 갔더니 패션후르츠 샐러드도 주셨어요. 전반적으로 음식이 맛있어요. 부모님 모시고 왔고 좋아하시네요. 가게 안에 소개팅하는 사람 많네요 ㅋㅋㅋㅋ
nv_661051254,어거스트힐 강남점,강남,양식,"별점
4.56",4,,,캐치테이블로 예약하고 방문하였는데 기다림 없이 입장하고 너무 맛있게 잘 먹고 갑니다. 어머니와 함께 방문하여 좋은 시간 보낸 것 같아요~ 직원분들도 친절하시고 편안하게 있다가 왔어요! 너무 맛있었습니다. 감사합니다!
nv_661051254,어거스트힐 강남점,강남,양식,"별점
4.56",4,,,"레몬파스타가 너무 맛있었어요😋
청첩장 모임하려고 예약했는데
음식도 맛있고 층고가 높아서 답답하지 않아 좋았어요~
소개팅장소로도 좋아보여요~
저녁엔 와인도 한잔하면 더 좋을거 같아요~"
nv_1007886570,후추포인트,강남,양식,,1,,,"후추포인트 다녀왔는데 메뉴 두 개 다 너무 맛있었어요!

투움바파스타는 소스가 꾸덕하면서도 느끼하지 않고 매콤함이 은은하게 올라와서 계속 먹게 되는 맛이었어요 ㅎㅎ 면도 잘 삶아져서 식감도 딱 좋았어요!

초당옥수수뇨끼는 진짜 별미에요 옥수수 특유의 달달함이 살아있고 뇨끼도 쫀득쫀득해서 식감이 너무 좋더라구요. 생각보다 더 맛있어요"
nv_1007886570,후추포인트,강남,양식,,1,,,"맛집으로 많이 추천되길래 와봤는데 사람도 많고
한번와보기 괜찮네요.고기익힘도 좋아요.
소스는 바질페스토 소스였던거같은데 그냥저냥;;
옥수수뇨끼는 저 감자칩인지 고구마칩인지 거슬려요
없는게 나을더같은데 엄청많음...뇨끼자체는 고ㅐ찮습니다."
nv_1007886570,후추포인트,강남,양식,,1,,,"점심에 방문했습니다 너무 맛있는 시간이었습니다

전 메뉴 모두 너무 맛있었습니다.

감사합니다..!!!"
nv_1007886570,후추포인트,강남,양식,,1,,,"갠적으로 투움바 파스타가 맛있네요, 그다음 콥샐러드, 라자냐가 생각보다 쏘쏘 였어요. 예약후 오픈런 했고 단체 브런치 팀이 있어서 좀 시끄러워서 대화가 어려웠습니다. 음식음 맛있는 편인데 음 재방문은 생각해 볼 듯해요"
nv_1007886570,후추포인트,강남,양식,,1,,,"전부터 오고싶었는데 너무 맛있게 식사하고 가요!
타코샐러드 너무너무 별미에요 짱..🥹
다음에 또 올게요!"
nv_1007886570,후추포인트,강남,양식,,1,,,"저번에 친구랑 오고 넘 맛있었어서 이번에 다른 친구 5명 데리고 온 곳!!! 화이트 라구 파스타는 명불허전으로 맛있고, 다른 메뉴들도 일반적인 양식당 평타 이상이라 다들 좋아했다 ㅎㅎ 루꼴라 파스타, 스테이크, 라자냐 , 뇨끼 등 다ㅏㅏ 만족스러웠음!

그리고 뇨끼 처음 먹어보는 친구도 있었는데, 여기서 먹고 뇨끼 입덕했다고 함"
nv_1007886570,후추포인트,강남,양식,,1,,,"대표메뉴인 투움바가 맛있었습니다 뇨끼는 와이프가 잘 먹더라구요 소스가 괜찮았습니다 양이 적을거 같은데 저희같은 소식좌들은 메뉴 두개도 충분하고 양이 많으신 분들은 메뉴 하나 더 시키면 될것 같아요
매장 위치도 찾기 쉽고 운좋게 웨이팅도 없어서 좋았는데 매장 분위기는 생각보다 시끄럽고 대화가 쉽지 않습니다 후딱 식사하고 대화는 나가서..
그래도 직원분들도 친절하시고 음식도 맛있었어요 감사히 잘먹었습니다!"
nv_1007886570,후추포인트,강남,양식,,1,,,"초당 옥수수뇨끼랑 투움바 파스타 화이트 라구파스타 주문 했는데 세 메뉴 다 맛있었어요 초당 옥수수뇨끼는 색달라서 신선하고 맛있어여ㅠㅠㅠ
투움바파스타랑 라구파스타도 너무 잘먹고 갑니당 또 올거에용"
nv_1007886570,후추포인트,강남,양식,,1,,,"뇨끼 맛집 중 베스트3 안에 드는 후추포인트!
초당옥수수뇨끼는 여기서 처음 먹어봤는데 진짜 최고입니다ㅎㅎ 옥수수랑 감자칩이 들어있는데 뇨끼랑 같이먹으면 고소 짭짤 달콤 다 느껴져요!
분위기도 좋아고 음식도 예뻐서 더 좋구요"
nv_1007886570,후추포인트,강남,양식,,1,,,"메뉴가 넘 많아서 고민하다가 베스트메뉴 옥수수뇨끼, 투움바랑 김치볶음밥 시켰어요 ♡ 뇨끼 넘 고소하고 부드럽고 김치볶음밥은 진짜 기대이상...👍👍 투움바도 소스 꾸덕하니 면발이랑 잘 어울려용 강남 파스타맛집 구웃❤️❤️"
nv_1280724996,치폴라로쏘 삼성본점,강남,양식,,1653,,,"봉은사 쪽에 이런 맛집이 있는지 몰랐어요 ! 인테리어도 넓고 웅장하고 서비스도 좋고
칸막으로도 잘 되어 있어서 중요한 날에 데이트하러 오기 좋아요
음식도 맛있고 직원 분들도 친절해서 즐겁게
데이트 하고 왔습니다 ㅎㅎ"
nv_1280724996,치폴라로쏘 삼성본점,강남,양식,,1653,,,"분위기 맛집 찾아서 예약하고 다녀왔는데 역시나 들어가자마자 음악과 분위기에 빠져드는 곳이네요👍 와인과 스테이크 먹기도 좋은데 파스타, 샐러드, 피자 세트 구성도 잘되어 있어서 데이트 메뉴로 좋았습니다🤍 특히 루꼴라 마르게리따 피자는 샐러드 피자이지 않을까 싶었는데 피자치즈가 잔뜩 있어서 치즈의 고소한 맛으로 먹어서 대만족 합니다. 역시 시그니처 메뉴로 먹으니 너무 만족하네요 🍕"
nv_1280724996,치폴라로쏘 삼성본점,강남,양식,,1653,,,"매장이 넓고 인테리어가 고급스럽네요~
룸부터 홀까지 있어 단체회식이나 모임에도
적합할 듯 합니다.
피자 쫄깃하고 해장파스타도 매콤하고 맛있네요^^
식전빵도 나오고 샐러드도 신선하고 양이 꽤 많아요~
맛있게 잘먹고 갑니다~♡"
nv_1280724996,치폴라로쏘 삼성본점,강남,양식,,1653,,,"삼성역 근처에서 분위기 좋고 구성 알찬 양식집 찾는다면 치폴라로쏘 추천해요🍕
저는 B세트 2인으로 먹었는데 샐러드, 식전빵, 음료까지 같이 나와서 구성 진짜 만족스러웠어요!

루꼴라 마르게리따 피자는 화덕향 가득한 쫀득한 도우에 루꼴라가 듬뿍 올라가서 산뜻하면서도 치즈 풍미가 잘 어울렸고, 잣크림파스타는 고소한 잣향이 진하게 퍼지면서 크림이 꾸덕해서 너무 맛있었어요🥹

전체적으로 음식 퀄리티도 좋고 매장 분위기도 깔끔해서 데이트나 소개팅 장소로도 좋을 것 같아요! 직원분들도 친절하셔서 기분 좋게 식사하고 왔어요🙌"
nv_1280724996,치폴라로쏘 삼성본점,강남,양식,,1653,,,"#삼성동스테이크 #코엑스데이트코스 #코엑스파스타
*️⃣치폴라로쏘

런치 2인세트 (59,800)
식전빵(올리브+발사믹)에 크랜베리샐러드, 피자1개, 파스타 1개 선택, 음료 2잔 나오는 세트메뉴에요~

식전빵은 바삭하고 샐러드는 완전 상큼해요!
피자는 루꼴라모짜렐라 피자를 주문했는데 토마토베이스 위에 모짜렐라를 가득 올려서 아주 고소하고 루꼴라가 정말 향긋해요~
방울토마토랑 치즈를 올려서 비쥬얼도 좋고 맛의 조화가 넘 좋았어요! 치즈도 쭉 늘어나는 비쥬얼 대박이고 넘 쫄깃함!

파스타는 해산물국물파스타를 주문했는데 처음먹어보는 스탈이었어요~ 뽀얀 국물이 감칠맛이 정말 좋았고 바지락찜처럼 맛있었어요
홍합, 오징어, 새우 같은 해산물이 너무 부드러웠고 면발도 넘 잘 삶아져서 안단테의 식감이 넘 만족스러웠어요 👍"
nv_1280724996,치폴라로쏘 삼성본점,강남,양식,,1653,,,"삼성 쪽에서 식사할 곳 찾다가 들렀는데, 분위기부터 깔끔하고 고급스러운 느낌이라 첫인상이 좋았습니다.

주문한 음식들이 전반적으로 간도 적당하고 재료 맛이 잘 살아 있어서 만족스러웠어요. 특히 소스가 과하지 않고 밸런스가 좋아서 끝까지 질리지 않고 먹기 좋았습니다.

직원분들도 응대가 친절한 편이라 식사하는 내내 편안한 느낌이었고, 전체적으로 “무난하게 잘하는 집”이 아니라 “다시 오고 싶은 집”에 가까웠습니다.

음식 사진이 없는 이유는 너무 맛있어서 나오자마자 먹느라 사진 찍는 걸 완전히 까먹었습니다 그 정도로 집중해서 먹게 되는 곳이라고 봐주시면 될 것 같아요.

근처에서 분위기 좋게 식사하고 싶을 때 한 번쯤 가보는 거 추천합니다."
nv_1280724996,치폴라로쏘 삼성본점,강남,양식,,1653,,,직원분들도 엄청 친절하시고 주문한 메뉴 전부 다 맛있었어요! 분위기도 정말 좋아서 오랜만에 남편이랑 데이트하는 느낌 제대로 느끼고 왔어요 😍
nv_1280724996,치폴라로쏘 삼성본점,강남,양식,,1653,,,"회사근처라 몃 번 방문했는데 리뷰는 처음
한화 호텔&리조트에서 운영 하는것 같네요
트러플머쉬룸피자,아마트리치아나 맛있네요
피자도우는 맛있지 않지만 토핑과 함께 괜찮았어요
잣 크림 리조또는 백김치? 들어있는지 생각보다
느끼하지 않았어요 살짝매콤하기도 해서 좋았어요
여자직원들 친절해요"
nv_1280724996,치폴라로쏘 삼성본점,강남,양식,,1653,,,"#협찬
코엑스파스타맛집으오 유명한 치폴라로쏘 친구와 방문했어요!
잣크림 파스타 고소했구요 루꼴라피자에 치즈가 너무 신선하고 맛있었어요!샐러드 드레싱도 너무 상큼하고 맛있었네요
매장 분위기가 너무 고급지고 샹들리에도 멋있어서 데이트하기 좋아보여요
#코엑스파스타#코엑스맛집#삼성역맛집#치폴라로쏘"
nv_1280724996,치폴라로쏘 삼성본점,강남,양식,,1653,,,"숙성의 깊이가 확 느껴졌던 치폴라로쏘 삼성점
분위기도 차분해서 음식이 더 맛있게 느껴졌어요.
메뉴 하나 하나 플레이팅도 예쁘고, 음료이랑 곁들이기 좋았던 곳이에요. 덕분에 오랜만에 여유롭게 식사하고 왔습니다."
nv_1818558157,브리비트 강남역,강남,양식,,3668,,,"맛집이라서 와보고싶었는데 식사자리 있써서 예약후 방문했써여
연어굽기너무 좋고 파스타 넘맛있써여
뇨끼도 소스 넘 맛있고
점심으로 와도 좋고 저녁에 술한잔 하러와도 좋을꺼같아여
맛집 인정"
nv_1818558157,브리비트 강남역,강남,양식,,3668,,,"브라비트 강남역점 너뮤 예쁘네요 🤓🩵 가든 분위기도 예쁘고 자리도 편했습니다! 새우 뇨끼와 연어 파스타 먹었고, 파스타가 특히 연어스테이크도 올라가고 매콤해서 맛있었어요~ 점심에 데이트 하러 오기도 좋을 것 같네요!"
nv_1818558157,브리비트 강남역,강남,양식,,3668,,,강남역에 점심 먹으러 왔는데 넘넘 맛있게 먹고 가요!! 연어스테이크파스타 매콤하니 정말 맛있었어요 그리고 스테이크 무조건 필수!!! 소스에 치즈까지 얹어먹으면 대박입니당 데이트코스로도 추천드랴용
nv_1818558157,브리비트 강남역,강남,양식,,3668,,,"강남역에 데이트하러 왔다가 급 파스타 땡겨서 왔어요! 😊

나름 오픈시간 11시에 맞춰서 11시 7분 들어갔는데 좌석 70% 이상 다 차는거 실화?…!! 맛집느낌!!!
발리 느낌나는 야외테라스라 분위기도 좋고
주문한 파스타랑 스테이크 완전 찐만족!!!
재료도 신선한 느낌이었고 소스 간도 딱 좋았어요.
직원분들도 세상 친절하게 응대해 주셔서 기분 좋게 식사했습니다.
강남 근처에서 점심, 데이트, 파스타 맛집 찾는 분들께 추천합니다!"
nv_1818558157,브리비트 강남역,강남,양식,,3668,,,강남 파스타 맛집이라면 저 이제 요기 올래용!! 너무 음식도 맛있고 매장이 너무너무 이뻐서 데이트하기도 좋을것 같아요 ㅎ ㅎ 친구랑 오기도 좋고 점심먹기도 좋네용!! 안쪽에 테라스자리도 있어서 더운 여름 아니면 요기 자리 추천입니다 😌
nv_1818558157,브리비트 강남역,강남,양식,,3668,,,"강남역 도보권에 위치한 유럽식 컴포트 다이닝, 브리비트 강남점에 다녀왔어요. 핑크 외관부터 시선을 단번에 끌어당기는 공간으로, 내부는 우드 톤 인테리어와 빈티지한 소품들로 꾸며져 있어 유럽 어느 골목의 레스토랑에 온 느낌이었어요. 브리비트스테이크는 화이트 크림소스가 듬뿍 올라가고, 요크셔 푸딩·로스티드 갈릭·구운 채소까지 한 플레이트에 가득 담겨 나와 비주얼부터 달랐어요. 고기 단면은 핑크빛이 돌 만큼 촉촉하게 구워져 있었고, 소스와 함께 먹으면 풍미가 묵직하게 느껴졌어요. 옥수수노끼는 크리미한 소스에 파마산 치즈까지 더해진 독특한 메뉴인데, 고소하고 진한 맛이 스테이크와 잘 어울렸어요. 음료는 서비스로 받은 핑크 에이드인데 색감도 맛도 공간과 딱 맞아 떨어졌고요. 강남역 근처에서 분위기 있는 유럽식 한 끼"
nv_1818558157,브리비트 강남역,강남,양식,,3668,,,강남에서 분위기 좋은 파스타 맛집 찾는다면 추천하고 싶은 곳이에요! 매장 인테리어가 감성적이고 아늑해서 데이트 장소로 정말 잘 어울렸어요. 파스타는 재료가 신선하고 소스가 진해서 마지막 한 입까지 맛있게 먹었습니다. 직원분들도 친절하시고 음식 플레이팅도 예뻐서 사진 찍기 좋았어요. 점심이나 저녁 데이트로도 모두 만족스러운 곳이라 다음에도 재방문하고 싶어요. 😊🍝💕
nv_1818558157,브리비트 강남역,강남,양식,,3668,,,"중1 딸아이랑 데이트하며 점저로 식사하러왔어요~~
열심히 서치해서 독특한 메뉴가 있어서 방문했는데 성공적이네요~
뻔하지 않은 파스타와 뇨끼메뉴가 있어 좋아요.
맛또한 좋구요~~딸이 만족해서 뿌듯하네요^^"
nv_1818558157,브리비트 강남역,강남,양식,,3668,,,"인터넷으로 찾다가 방문 하게 되었습니다

이곳이 사진찍기도 좋고 분위기가 너무 좋았습니다

음식도 사진찍기 위해 귀여운 음식도 있었고 맛도 있었습니다

파스타에 토끼 너무 귀엽지 않나요?? 맛도 좋았습니다

점심먹을때 데이트로 오기 너무 좋은거 같아요

커플분들 한번씩 방문 해보아요"
nv_1818558157,브리비트 강남역,강남,양식,,3668,,,친구랑 맛있는 양식 먹고 싶어서 방문 했는데 바로 입장 할 수 있어서 너무 좋았고 데이트 하기에도 너무 좋은 분위기 있는 장소에요 파스타도 너무 귀여운 토끼 모양 만들어 주셔서 좋았고 다음에는 점심에 다시 방문 하고 싶어요 따뜻한 햇살 아래서 먹으면 더 좋을것 같아요!
nv_1763613206,고급양식 역삼점,강남,양식,,1018,,,맛있게 잘 먹었어요!! 샐러드도 맛있어요. 그리고 매장이 진짜 깨끗해요~~!!
nv_1763613206,고급양식 역삼점,강남,양식,,1018,,,통목살 매콤 크림파스타 강추요!! 올때마다 요거 먹는데 넘 맛있어요ㅠㅠ 혼밥하기 딱 좋아서 점심에 자주 오는데 맛도 좋고 가성비도 좋아요💕
nv_1763613206,고급양식 역삼점,강남,양식,,1018,,,"미안해요 다먹고찍어서 ㅋㅋㅋ
정신없이먹엇는디 여기 여자직원분 겁나 친절한거 사장님 아세요??
아님 여자분이 사장님인가요?💕💕🫡🫡
맛잇지 친절하지 나 여기쥬변살아서 행복하다요
고급양식없엇읍 어쩔뻔...🥲"
nv_1763613206,고급양식 역삼점,강남,양식,,1018,,,토마토해산물파스타는 소스가 진하고 해산물이 신선해서 끝까지 맛있게 먹었어요. 샐러드는 채소가 아삭하고 드레싱도 과하지 않아 파스타와 같이 먹기 딱 좋았습니다. 전체적으로 조합이 정말 만족스러워서 다음에 또 주문하고 싶은 메뉴예요. 동료가 목살매콤크림파스타를 시켜쓴데그것도 맛있다고 해서 다음에 먹어보려요!
nv_1763613206,고급양식 역삼점,강남,양식,,1018,,,회사 근처 파스타집 찾아서 왔는데 양도 많고 빨리 나오고 혼밥하기 딱 좋은 것 같아요 메뉴도 많고 맛도 있습니다아 ㅎㅎㅎ다음엔 포장해야겠어오
nv_1763613206,고급양식 역삼점,강남,양식,,1018,,,맛있어요 ㅋㅋㅋㅋ 양도 넉넉하고 매장도 깔끔해요
nv_1763613206,고급양식 역삼점,강남,양식,,1018,,,"직장 근처라 와봤어요!!
너무 맛있고 샐라드도 나와서 좋아요~~"
nv_1763613206,고급양식 역삼점,강남,양식,,1018,,,"연어 로제파스타랑 김치 필라프 먹었는데 조합이 생각보다 훨씬 좋았다.

연어 로제파스타는 크리미한 로제 소스에 연어가 넉넉하게 들어가서 고소함 + 부드러움 제대로였고, 느끼할 틈 없이 계속 들어가는 맛. 면 익힘도 딱 좋아서 마지막까지 맛있게 먹음.

김치 필라프는 은근 매콤하면서 불향이 살아 있어서 로제파스타랑 번갈아 먹기 최고 조합 👍
자칫 느끼할 수 있는 파스타를 김치 필라프가 딱 잡아줘서 밸런스가 좋았다."
nv_1763613206,고급양식 역삼점,강남,양식,,1018,,,알리오올리오 올리브유 소스 너무 깔끔하고 맛있습니다 샐러드 선드라이드토마토 어떤데요 깔끔하고 맛있게 점심한끼 잘먹었습니닷 🥳🌟
nv_1763613206,고급양식 역삼점,강남,양식,,1018,,,"메뉴 하나하나 정성이 느껴졌고 전체적으로 매우 만족스러운 식사였습니다. 재료를 아낌없이 사용한 느낌이 들었으며, 자극적이지 않은 간 덕분에 끝까지 부담 없이 맛있게 즐길 수 있었습니다. 무료로 제공되는 샐러드와 츄러스까지 퀄리티가 좋아 더욱 인상 깊었고, 다음에도 다시 방문하고 싶은 곳입니다."
nv_1916994932,주신당 강남,강남,술집,,8479,,,"독특한 인테리어의 강남역 술집입니다. 시그니처 십이지신 칵테일이 정말 맛있었어요.
칵테일마다 확실하게 보여주고 싶은 이미지가 달라서 술을 좋아하는 사람도, 아닌 사람도 함께 즐길 수 있다는 게 장점인 것 같아요. 식사 메뉴도 맛있네요."
nv_1916994932,주신당 강남,강남,술집,,8479,,,엄마랑 식사하러 점심에 방문했어요!! 퓨전메뉴들이라 메뉴들이 다 색다르고 맛있어요!! 루꼴라랑 치즈의 조합이 좋은 감자전 강추해요!🤩 직원분들도 엄청 친절하시고 후식 젤라또도 맛있어요!! 나중에 칵테일 먹으러 저녁에 또 방문해볼래요~
nv_1916994932,주신당 강남,강남,술집,,8479,,,"친구 청첩장 모임으로 예약하고 방문했는데 분위기도 너무 좋고 음식도 너무 맛있어요!
칵테일 설명해주시는 것도 너무 좋았고 새로운 술도 많아서 고르는 재미가 있더라구요
예쁘고 달달한 거 좋아하면 너무 만족할 것 같아요! :)"
nv_1916994932,주신당 강남,강남,술집,,8479,,,"1차로 온거라 C코스로 먹었는데, 안주 하나하나 다 맛있어서 깜짝 놀랐습니당 !! 특히 마지막 식사코스의 수제비 지인짜 맛있어요! 여기 수제비맛집 입니당 ㅎㅎ

퍼포먼스도 좋아서 아이스크림, 칵테일 (동물: 소) 모두 보고 듣는 퍼포먼스가 즐거워용 ㅎㅎ

버 자리로 완전 추천드립니당"
nv_1916994932,주신당 강남,강남,술집,,8479,,,"아빠 생신 기념으로 방문했는데,
힙한 분위기가 너무 좋아요ㅎㅎ
이런 분위기를 즐겨보신 적 없으신 부모님께서 너무 좋아하셨어요🥹
술이 다양하고 한식퓨전 음식이라 가족들 입맛에도 딱 맞았어요!

서비스에 이벤트까지 감사합니다❣️"
nv_1916994932,주신당 강남,강남,술집,,8479,,,"메뉴가 너무 특별하고 맛있었습니다. 칵테일은 막걸리 칵테일 시켰는데 좀 셔서 호불호가 갈릴 거 같아요. 전 되게 맛있었습니다! 그리고 용 칵테일은 향도 넣고 퍼포먼스도 있어서 눈도 입도 즐거웠습니다!
특히 매콤로제 수제비는 강추!!!!!"
nv_1916994932,주신당 강남,강남,술집,,8479,,,"칵테일도 다양하고, 띠별로 나뉜 칵테일 컨셉도 좋았어요! 음식 메뉴들도 다양하고 독특해서 골라목는 맛도 있었구용! 메콤로제수제비? 였나요 진짜 너무맛있습니다 또시키고 싶을정도... 금액대는 좀 있지만 인테리어 값이라고 생각하기로 했어요! 직원분들도 곤룡포 한복 입구 있어서 더더 몰입되는 느낌이었습니다!"
nv_1916994932,주신당 강남,강남,술집,,8479,,,"굉장히 맘에 들었던 가게

또 오고 싶다.

승천 퍼포먼스가 있던 용 , 별주부전을 모티브로한 토끼
소박한 스토리텔링도 재밌었다"
nv_1916994932,주신당 강남,강남,술집,,8479,,,오오 인테리어 특이하고 컨셉 너무 좋아요!!! 조명이 어둑어둑해서 데이트 하기도 좋을것 같아요. 예뻐보일 조명? ㅎㅎㅎ 무엇보다 음식들이 진짜 유니크하고 맛있어서 좋아요! 또 올것 같아요!
nv_1916994932,주신당 강남,강남,술집,,8479,,,"강남에서 분위기 좋은 술집 찾다가 방문했는데 왜 핫한지 바로 이해됐어요✨
입구부터 컨셉 확실하고 내부 인테리어가 진짜 몽환적이라 사진 찍기 너무 좋았어요!
특히 십이지신 컨셉 칵테일이 독특해서 고르는 재미도 있고 맛도 생각보다 훨씬 좋았습니다🍸"
nv_1047144456,밤별 포차 라운지 강남역본점,강남,술집,,3114,,,"강남역에서 분위기 좋은 술집 찾다가 방문했는데, 생각보다 공간이 넓고 층별로 분위기가 달라서 좋았어요!
포차 느낌인데도 라운지 감성이라 데이트나 친구 모임 둘 다 잘 어울리는 느낌이에요.
안주 종류도 다양해서 고르는 재미 있었고, 특히 아보카도 명란구이랑 하이볼 조합이 진짜 잘 어울렸어요👍
전체적으로 음식 퀄리티도 괜찮고 술 종류도 다양해서 오래 앉아서 놀기 좋았어요.
루프탑 느낌 자리도 있어서 날씨 좋을 때 가면 분위기 더 좋을 것 같고,
강남에서 가볍게 1차나 2차로 가기 딱 좋은 술집이에요!

#강남역 #강남포차술집"
nv_1047144456,밤별 포차 라운지 강남역본점,강남,술집,,3114,,,강남역 술집 지인 추천 받아서 네이버 검색하고 후기가 좋아서 왔는데 와인을 가볍게 마시고 시작하고 싶어서 콜키지프리 예약헤서 맛난 안주와 곁들여 정말 맛있게 먹네요. 해가 지니 밤별 포차 이름에 맞게 테라스 자리가 너무 근사해요. 다음에 또 올래요.
nv_1047144456,밤별 포차 라운지 강남역본점,강남,술집,,3114,,,"강남 술집 어디가지 하다가 발견한 술집인데 더워서 루프탑을 이용했는데 좌석도 괜찮고, 분위기도 괜찮아서 너무 좋아요! 안주도 다 맛있고 직원분들도 다 친절하셔서 편하게 즐기다가 가는것같아요ㅎㅎ 다음에 또 친구들이랑 와야겠어요!!!"
nv_1047144456,밤별 포차 라운지 강남역본점,강남,술집,,3114,,,친구들과 검색했다가 너무 예뻐서 예약하고 왔는데 루프탑에 왔는데도 해가 지니 시원하고 좋더라고요. 술이 일단 다양해서 좋고 음악 소리가 너무 크지도 않아서 대화하기도 편하고 좋네요^^ 테이블마다 충전기가 비치되어있어서 그 점도 좋네요
nv_1047144456,밤별 포차 라운지 강남역본점,강남,술집,,3114,,,"강남역에서 당일에 술집예약 찾기 쉽지않은데 빠르게 단체 받아주셔서 너무 좋았습니당!!
루프탑에서 분위기 좋게 한잔하기 딱 좋은 곳🍷
가게가 넓어서 답답하지 않고 편하게 즐길 수 있었어요!
메뉴 종류도 다양해서 각자 취향대로 골라 먹기 좋았고, 음식도 전체적으로 다 맛있었습니다 😊"
nv_1047144456,밤별 포차 라운지 강남역본점,강남,술집,,3114,,,"강남역 술집 찾는데 고민이신분들은
여기 무조건입니다 ㅎㅎ 분위기도 좋구 안주도
다양해서 데이트코스나 단체모임으로도 최고👍⭐️

하나하나 넘 맛있습니다!!
오래 머무르기 좋은 강남역 술집 찾으시면 강추-!"
nv_1047144456,밤별 포차 라운지 강남역본점,강남,술집,,3114,,,"강남역 모임을 하기에 참 좋은 곳 같아요 3시 예약하고 좀 이르게 도착해서, 입장 부탁드렸는데 흔쾌히 입장 시켜주셔서 너무 감사했습니다
술집이라고 하기에도
안주도 다 맛있네요 !! 다음에도 꼭 올게요"
nv_1047144456,밤별 포차 라운지 강남역본점,강남,술집,,3114,,,"오랜만에 강남 데이트나와서 2차로 온곳!!
강남역에서 조금멀지만 그래도 분위기하나는 끝내주는곳!!
강남에 이런 분위기 좋은 술집을 알게되어서 세상 행복
날씨가더워도 루프탑은 매우 시원해서 술이 잘들어가고 직원분들도 친절해서 계속 찾게되는곳!!
지인들에게도 적극 강추!!"
nv_1047144456,밤별 포차 라운지 강남역본점,강남,술집,,3114,,,"강남역 술집 찾다가 방문했어요 ㅎㅎ
직원분들도 친절하시고, 창가자리도 있어서 너무 좋았어요 날씨가 좋아서 야장가고싶었는데 창가에서 맛있게 먹었답니당
메뉴도 맛있어서 다음에 또오고싶어요
다음엔 루프탑으로 갈게요!!!"
nv_1047144456,밤별 포차 라운지 강남역본점,강남,술집,,3114,,,"강남역 술집 검색하다가 찾은곳인데
이런곳을 이제 알았다니 너무 좋아요
야장 좋아하는데 루프탑 야장을 즐길수있고
감성있는 분위기에 합리적인 가격 맛있는 안주까지
재방문의사 200%입니다 !
특히 데이트 코스로 추천 ㅎㅎ
단체자리도있어서 단체모임도 좋을거같아요"
nv_2147325250,이자카야 고코 강남신논현점,강남,술집,,3492,,,"진짜 살다 살다 이자카야에서 이렇게 안주를 맛있게 먹은 건 처음이에요!!
모둠회랑 모둠 꼬치 7종, 얼큰 해물나베를 시켜서 먹었는데요. 일단 회는 비린내 하나 없이 너무 신선해서 입에서 살살 녹았고, 꼬치는 진한 숯불 향이 확 퍼져서 진짜 맛있게 먹었어요!
그리고 얼큰 해물나베는 양도 엄청 푸짐한 데다가, 국물이 느끼함 1도 없이 시원하고 칼칼해서 술이 정말 술술 들어가더라고요.
너무 맛있게 잘 먹고 갑니다.
안주 맛있는 술집 찾으시는 분들께 강력 추천해요! 여러분 여기 꼭 가보세요!! 👍"
nv_2147325250,이자카야 고코 강남신논현점,강남,술집,,3492,,,강남역 약속으로 어디갈까 고민하다가 급 나베가 너무 먹고싶어서 방문했어요❤️ 일단 놀란건 하이볼 퀄리티…! 타사 대비 알콜을 아낌없이 넣어주신것같아요! 그리고 나베 양이 진짜 많고 맛있어요 원탑 강력 추천합니다!!!!! 꼬치도 너무너무너무 맛있어요… 일본 여행 다녀온 분위기 뿜뿜이라 썸 / 데이트 코스로도 넘 좋을것같아요! 다들 소소하게 대화하는 분위기라 전혀 시끄럽지 않고 너무 좋습니다..!! 추천추천❤️
nv_2147325250,이자카야 고코 강남신논현점,강남,술집,,3492,,,"강남 이자카야 맛집으로 강추입니다🫶
🪑 이자카야는 분위기로도 많이 오잖아요? 프라이빗하게 좌석이 나눠져있는 곳이 있어요! 창가에 나름 분리된 좌석에 앉았는데, 사람이 꽉 찼는데도 대화하기 불편하지 않았어요.
🐟광어는 숙성회인지 엄청 쫄깃하고 맛있어요!! 묵은지도 같이 나와서 좋구요. 묵은지 리필 되는 거 쏘스윗.. 같이 나온 소금 살짝 찍고, 와사비 올리고, 묵은지 싸먹으면 극락입니다🤍
🐔탕 먹고 싶어서 시킨 미즈타키 닭고기 전골은 닭고기 큼직하고 국물 진한데 시원해요. 마늘 향과 파향이 나서 전혀 느끼하지 않습니다! 사실 기대 안 했는데 국물 깔끔하면서 칼칼해서 소주 안주로 최고네요.
분위기도 좋고 노래도 제 스탈에다가 음식까지 최고 (내돈내산 💸) 강강추!!
🚻화장실 내부에 분리되어있는데 깔끔합니다."
nv_2147325250,이자카야 고코 강남신논현점,강남,술집,,3492,,,강남역 이자카야로 완전 추천해용🤍 분위기도 좋고 사시미 진짜 대존맛탱! 직원분들도 다 친절하셔서 넘 좋았어요🫶🫶
nv_2147325250,이자카야 고코 강남신논현점,강남,술집,,3492,,,"고코 숙성사사미 진짜 추천해요.👍 문어 숙회는 탱글하고 고소했고, 참치는 입에서 사르르 녹았어요. 전복 숙회도 부드럽고 고소했습니다. 얼큰 해물 나베는 꽃게, 새우, 홍합이 신선해서 국물이 정말 시원하고 칼칼했어요. 맛집이에요! 강남 다른 술집보다 덜 시끄러운 것도 좋았어요!!"
nv_2147325250,이자카야 고코 강남신논현점,강남,술집,,3492,,,콜키지도 1병까지는 무료고 회도 신선해서 넘 맛있게 잘 먹었어요!! 가격도 강남인거 고려하면 저렴하게 잘 먹었습니다!!! 안주도 모두 맛있었어요 ㅎㅎ
nv_2147325250,이자카야 고코 강남신논현점,강남,술집,,3492,,,"모듬 숙성회, 굴튀김 먹었는데 둘다 역대급으로 맛있었어요! 회는 하나하나 신선하고 쫄깃했으며 굴튀김은 어찌나 바삭한지.. 소스에 찍어먹으면 존맛탱이랍니다 직원분들도 친절하고 강남 이자카야로 강추!"
nv_2147325250,이자카야 고코 강남신논현점,강남,술집,,3492,,,일본 여행도 자주 다니고 이런 이자카야 스타일 좋아해서 자주 먹으러 다니는데 생각보다 퀄리티가 너무 좋아서 정말 깜짝 놀랐어요. 그래서인지 평일 오픈런했는데도 사람들이 계속 들어오더라구요. 숙성회 종류도 다양하고 맛있지만 치킨난반이랑 츠쿠네는 꼭 드셔보세요. 여기 진짜 튀김 맛집이예요. 엄청 바삭하고 소스가 적은 게 아쉬울 정도 ㅠㅠ 츠쿠네도 닭으로 이런 맛을 낼 수 있나 싶게 맛있어요!! 다음에 다른 메뉴 먹으러 재방문각입니다.
nv_2147325250,이자카야 고코 강남신논현점,강남,술집,,3492,,,위치도 좋고 식당내부도 분위기있고 음식은 증말로 시킨거 다 맛있었어용 직원분들도 친절하시고 일단 청결해요! 화장실에도 손님들 필요한물품들 이거저거 준비되있구 저는 술안먹고 안주만 먹으러갔는데 진짜 너무맛있어서 흡입하고왔어용 다음엔 술이랑 같이 먹으러 또 들릴게용!
nv_2147325250,이자카야 고코 강남신논현점,강남,술집,,3492,,,"저번에 치킨 난반 먹고 반해서
생각나서 다시 왔어요!! 비주얼만 봐도
맛있는거 느껴지시죠!!! 치킨난반만 있어도 좋은데
꽈리고추 튀김까지 같이 주니까 더 좋은거같아요!!
기본 안주로 콘소메? 팝콘도 주는데 달달짭잘하니
술먹기에 제격이에요! 다들 2차로 오시기에 딱입니당!!"
nv_1810165759,수지상회 강남1호점,강남,술집,,5407,,,안주도 다 맛있고 술종류도 다양해요! 친구들이랑 편하게 떠들면서 술마시기 좋은 곳이에요. 창도 활짝 얄어주셔서 시원하고 분위기도 좋아요! 추천추천---
nv_1810165759,수지상회 강남1호점,강남,술집,,5407,,,"꽃도리탕 너무 맛있어요!!!! 국물에서 꽃게의 시원한 맛이 깊게 우러나서 술이 술술 들어가는 계속 당기는 메뉴에요!
닭고기는 부드럽고 양념이 잘 배어 있어서 꽃게랑 같이 먹으면 조합이 정말 좋습니당!
살짝 매콤하면서도 감칠맛이 살아 있어서 안주로 딱이니다!"
nv_1810165759,수지상회 강남1호점,강남,술집,,5407,,,"오모모 이 꽃도리탕 뭐죠???????
비주얼부터 이미 합격인데 맛도리임
술찌이지만 오늘만큼은 좀 더 마셔보도록할게요!!
테라스같은 분위기에 넘넘 좋아요!!!"
nv_1810165759,수지상회 강남1호점,강남,술집,,5407,,,"간만에 친구들과 데이트하러 강남에 나왔는데..늘 먹는 안주는 식상해서 다른 메뉴를 찾다 수지상회로 예약하고 왔는데 분위기가 색다름ㅎㅎ
매운거 좋아하는사람은 여기로 오세요~^^
매콤한게 맛나네요ㅎ"
nv_1810165759,수지상회 강남1호점,강남,술집,,5407,,,칠리크랩도 맛있고 안주들이 다 맛잇어요 예약 후 방문 할 수 있어서 좋았어요 생각보다 조용해서 대화하기에도 좋음 치즈감자전은 진짜 꼭 시켜드세요 감자채전 존맛탱임 강남 맛집으로 추천>.<재방뮨의사 있음다
nv_1810165759,수지상회 강남1호점,강남,술집,,5407,,,메뉴 다 맛있고 가성비 좋은 강남 술집이에요. 직원분들도 친절하셔서 1주일만에 두번째 방문했습니다. 꽃게탕도 비리지 않고 맛있어요. 술집이지만 강남역 맛집으로 강추합니다! (안주도 다양하고 술도 짱 다양함)
nv_1810165759,수지상회 강남1호점,강남,술집,,5407,,,"수지상회
골목이라 찾기 힘드시더라도 꼭와보세요
단 베트남 음식을 좋아하시는분이라면 와보셔도 좋을것같아요
다만 향신료 강한거 안좋아하는분들은 다른메뉴들 많으니 대표 말고 다른메뉴 선택해보시길!☺️"
nv_1810165759,수지상회 강남1호점,강남,술집,,5407,,,"칠리크랩이 너무 맛있어 보여서 친두들과 방문했는데, 모든 메뉴가 다 맛있어 보였어요! 크랩이랑 숲불치킨 시켰는데 너무 맛있었고 새로 오미자도 있어서 잘 먹었습니다:)"
nv_1810165759,수지상회 강남1호점,강남,술집,,5407,,,"칠리크랩 먹어보고싶었는데 너무 맛있어요 ㅠㅠㅠㅠ
강남이사온지얼마안됬는데 분위기도 좋고 젊은분위기 너무 좋아요 애너지 많이받고갑니다 앞으로 자주올거같아요!! 여자친구도 맘에들어하네여!!
#강남역맛집 #강남역 수지상회 강남1호점"
nv_1810165759,수지상회 강남1호점,강남,술집,,5407,,,최근에 이 근처로 이사왔는데 수지상회 원래 시끄럽고 붐비기만해서 별로 안 좋아했어서 잘 안 왔다가 이번 신메뉴가 너무 제 스타일이라 들어왔는데 특정메뉴 주문시 술이 반값이라 혹 했네요! 재방문의사 무조건 있네요!!번창하십셔!
nv_1377026954,아리계곡,강남,술집,,4463,,,"분위기 너무 좋은 곳이었어요! 가게 인테리어도 깔끔하고 감성 있어서 들어가자마자 기분 좋았고 직원분들도 정말정말 친절하셔서!! 식사하는 내내 편하게 먹을 수 있었습니다 😊

닭전골은 국물이 맑고 깊어서 계속 손이 갔고, 재료도 신선해서 만족스러웠어요. 같이 먹은 돼지후라이드도 겉은 바삭하고 속은 촉촉해서 전골이랑 조합이 진짜 좋았습니다!

맛, 분위기, 친절함까지 다 만족한 곳이라 꼭꼭 다시 올 것 같아요!! 👍"
nv_1377026954,아리계곡,강남,술집,,4463,,,줄 서는 이유가 있는 맛집입니다… 사이드 메뉴부터 메인 메뉴까지 다 맛있어요!! 하이볼도 여기서만 맛볼 수 있는 맛이 많아요! 술까지 맛있는 집입니다 ☺️ 여기 알바생 분들도 친절하고 모델 같아요… 사장님도 친절하시구 한명도 빠짐없이 친절하셔서 기분 좋게 잇다 왓네요 ㅎㅎ음식도 빨리 나오고 소수가 와도 다수가 와도 편안한 좌석이라서 모임 추천해요!! 컨셉도 흔하지 않은 보양식 컨셉이라 그런지 음식들 종류도 훌륭하고 맛도 좋고 정말 보양식 먹는 기분으로 술 마셧습니다 .. 또간집 100%구요 강남에 뻔한 술집 말고 한번 가보셔요.. 장담합니다 ㅎㅎ “치즈불닭” < 이넘 미친놈입니다 꼭 드셔보세요
nv_1377026954,아리계곡,강남,술집,,4463,,,"세상에나 오길 정말 잘 했어요🩷
엄마가 요즘 우울해하셔서 남편이랑 기분 전환하려고 와서 정말 하하호호 맛나게 먹었네요 🥰 흥~ 하세요!"
nv_1377026954,아리계곡,강남,술집,,4463,,,"술 종류가 정말 다양해서 고르는 재미가 있는 이자카야🍶
전체적인 분위기는 감성적인데, 안주 라인업에 전병이나 누룽지 같은 한식 메뉴가 있어서 은근히 매력적.
특히 바삭한 누룽지 안주가 술이랑 생각보다 너무 잘 어울림.
분위기 챙기면서도 한국인 입맛 놓치지 않은 느낌이라 2차 장소로 만족!"
nv_1377026954,아리계곡,강남,술집,,4463,,,"분위기부터 장난 아닌데 맛도 너무 맛있어요 ㅠㅠ
가성비도 좋아서 가격대비 양도 왕 많고 진짜 맛있어요 술이 술술 들어감 🤤🤤 전통주 종류도 다양하고 맛 설명도 같이 나와있어서 고르기 좋았어요 안주 맛있고 술도 다양하고 최고임 👍👍"
nv_1377026954,아리계곡,강남,술집,,4463,,,"아리계곡 또 재방문했어요!

이번에도 닭전골이랑 훈제오리 먹었는데 역시 기대 이상이었습니다.
닭전골은 국물이 진하고 깔끔해서 먹을수록 계속 손이 가는 맛이고, 고기도 부드러워서 술이랑 같이 먹기 딱 좋았어요.
훈제오리는 비주얼부터 압도적인데, 겉은 잘 구워져서 풍미가 좋고 같이 나오는 채소랑 곁들여 먹으니까 느끼하지 않아서 좋았습니다.

분위기도 편하고 음식도 푸짐해서 올 때마다 만족하는 곳이에요. 다음에도 또 방문할 것 같습니다!"
nv_1377026954,아리계곡,강남,술집,,4463,,,"와... 강남역에서 먹어본 술집 중에 안주 젤 맛있는 것 같아요!!!
2인세트 구성도 진짜 좋은게 흑임자오임무침 완전 별미라 애피타이저로 좋고 닭전골은 꽤 오래 끓여야하긴 한데 비쥬얼이 미쳤고 육개장 같은 맛?! 오래 끓이면 끓일수록 국물이 진국이에요
닭고기육전도 닭다리살로 만들어서 그런지 전인데 매우 촉촉합니다 떡갈비 같달까여
불닭볶음은 익숙한 자극적인 맛이고 이 모든 안주에 하이볼 한잔 하기 넘 좋은 분위기라 강남역 소개팅 장소 찾으시는 분들 당장 달려오시길"
nv_1377026954,아리계곡,강남,술집,,4463,,,"모든 안주가 너무 맛있었어요~ 특히 저 전골에 마시는 술은 정말 말 안되는 수준입니다..
술도 다양해서 전통주 골라먹는 재미가 쏠쏠합니다! 예약 안하시거나 안주먹는 시간쯤 되면 평일애도 웨이팅이 있을 정도니까 저 말고도 다들 좋아하나봐요..ㅎㅎ"
nv_1377026954,아리계곡,강남,술집,,4463,,,"지나가다가 분위기 좋아보여서 들어왔는데 안주도 맛있고 매장이 넓어서 좋았어요!
술 종류도 약주,과실주,증류식 전통주, 막걸리 등 다양하게 있고 한식 음식에 잘 어울리는 술 종류가 많아요
강추입니닷!"
nv_1377026954,아리계곡,강남,술집,,4463,,,"벌써 몇번째 오는지 모르겠네요! 1차,2차 할거 없이 방문하기 좋고 회식이나 데이트 장소로도 좋은 곳이네요!
안주도 몇개 빼고 거의 다 먹어봤는데 가성비 좋습니다 아주!!"
nv_1328983461,만카이 압구정점,강남,술집,,4423,,,"시그니처 매뉴인 모츠나베랑 야끼니꾸를 먹었는데 야끼니꾸 진짜 너무 맛있어요 .ᐟ 모츠나베 국물 굳굳에 야끼니꾸는 주시는 소스에 찍어먹으면 짱 맛있어요 .ᐟ
다른메뉴도 더 먹고싶어요 야장도 이뻐요!"
nv_1328983461,만카이 압구정점,강남,술집,,4423,,,"여기 한.. countless로 온 것 같아요.. 늘 너무 맛있어서 뭘 시키든 성공입니다.. 특히 광어 묵은지랑 매운 모츠나베 정말정말 추천이구요, 날씨 좋은 날은 꼭 야장 추천합니다. 또또또또또또..간집으로서 장사 오래오래 해주세요,, :)"
nv_1328983461,만카이 압구정점,강남,술집,,4423,,,"압구정 한복판에서 일본 여행 온 느낌 제대로 나는 이자카야였어요. 등불이랑 일본 감성 인테리어가 너무 예뻐서 들어가자마자 분위기에 압도됐고, 사진 찍기에도 정말 좋았습니다.

야끼니꾸랑 가라아게가 특히 맛있었는데 음식 퀄리티가 전체적으로 좋고 맥주 조합도 최고였어요. 직원분들도 친절해서 데이트나 친구들이랑 술자리 하기 딱 좋은 곳 같아요.

압구정로데오역이랑도 가까워서 접근성 좋고, 늦게까지 운영해서 2차 장소로도 추천합니다. 분위기 좋은 압구정 이자카야 찾는다면 한 번쯤 가볼 만한 곳!"
nv_1328983461,만카이 압구정점,강남,술집,,4423,,,인테리어가 굉장히 잘되어 있어서 분위기가 좋습니다. 특히 해피아워때 아끼니꾸 가격이 매우 합리적이고 맛있습니다. 압구정에 데이트 오셔도 매우 만족하실것 같습니다. 메뉴도 전체적으로 매우 맛있습니다
nv_1328983461,만카이 압구정점,강남,술집,,4423,,,"압구정에 야장에 이 안주들이 이가격이 말이안됩니당ㅎㅎㅎ 매번오는데 매번 리뉴얼되서 새로와요 ❤️
단체든 칭구들끼리오든 진쨔 최고!!"
nv_1328983461,만카이 압구정점,강남,술집,,4423,,,분위기도 너무 좋고 자리도 많아서 너무 좋아요!! 야외석도있어서 날씨좋은날은 밖에서 먹어도 너무 좋을것같아여 그리고 해피아워로 야끼니꾸 좋은 가격에 먹을수있어서 좋습니다! 따로 주시는 소스에 찍어먹으니까 더 맛있고 배부르게먹었어요!!
nv_1328983461,만카이 압구정점,강남,술집,,4423,,,"퇴근후 친구랑 만카이 방문했는데
고기도 신선하고
저희가 입장했을때 거의 대부분 예약석이랑
직원분께서 창가쪽으로 안내해주셨는데
오히려 좋았어용
창뷰 보면서 오손도손 하게 대화에 집중할수 있는 시간이라 너무 행복했어용"
nv_1328983461,만카이 압구정점,강남,술집,,4423,,,"일본풍 인테리어로 꾸며져 있어서 마치 일본 현지 술집에 온 듯한 분위기를 느낄 수 있어요! 메뉴 종류도 다양하고 가격도 부담스럽지 않은 편이라 편하게 여러 가지 주문해서 즐기기 좋았습니다😊
매장 공간도 넓어서 여럿이 방문하기 좋고 컨셉에 어울리는 가챠기계도 있어서 구경하는 재미까지 있었습니다👍"
nv_1328983461,만카이 압구정점,강남,술집,,4423,,,일본인 친구가 일하는 가게에 또 다른 일본인 친구와 방문! 리뷰쓰는건 처음인데 여기 고등어봉초밥 진짜 맛있어요 레알루다가... 그리고 이모모찌도 마시씀. 약간 인테리어도 완전 일본!!!! 이런 느낌이라 좋고 오늘 같이 온 일본인 친구가 일본 맛이라고 했어요ㅋㅋ 오 인정받으셨음bb 담에 또올게유
nv_1328983461,만카이 압구정점,강남,술집,,4423,,,"분위기 미쳤다…🥹
조명도 감성 있고 음식도 푸짐해서 술이 술술 들어가는 만카이 이자카야🍶
모츠나베 국물 진하고 재료도 신선해서 안주 만족도 최고였어요.
벚꽃 인테리어 덕분에 일본 여행 온 느낌 제대로✨
조용하게 이야기하기도 좋고 데이트나 모임 장소로 추천!"
nv_1972778938,소보키 강남점,강남,술집,,1,,,"여기 강남 한식주점 맛집 인정...
일단 선택할수있는 술 종류가 많아서 좋고요
안주가 너무 맛있었음...
오늘 비가와서 전골 선택했는데
아주 굿초이스였다...!!"
nv_1972778938,소보키 강남점,강남,술집,,1,,,"소보키 강남점에서 청첩장 모임 했는데 분위기도 깔끔하고 음식 구성도 좋아서 만족스러웠어요. 강남이라 모이기 편했고, 여러 명이 같이 나눠 먹기 좋은 메뉴들이 많아서 청모 장소로 딱 좋았습니다.
특히 따뜻하게 먹을 수 있는 전골 메뉴가 있어서 식사 분위기가 자연스럽게 이어졌고, 바삭한 전 메뉴랑 매콤한 무침 조합도 너무 좋았어요. 면 메뉴까지 같이 먹으니 든든하고, 음식 비주얼도 예뻐서 사진 남기기에도 좋았습니다.
너무 시끄럽거나 부담스러운 분위기보다는 편하게 이야기 나누기 좋은 느낌이라 청첩장 전달하면서 식사하기 좋았어요. 직원분들도 친절했고 음식도 전체적으로 깔끔해서 다음에 또 방문하고 싶은 곳입니다.
청모 장소 고민하시는 분들께 소보키 강남점 추천드려요!
#소보키강남점 #강남맛집 #강남청모 #청첩장모임"
nv_1972778938,소보키 강남점,강남,술집,,1,,,두번째 청모!! 여기 메뉴가 다 매콤해서 진짜 너무너무너무 내스탈!!! 그래서 매운거 못드시는분들은 전으로 시키시면 돼용! 크림 파스타도 매콤한게 맛있어용~
nv_1972778938,소보키 강남점,강남,술집,,1,,,대박입니다 미나리누룽지닭전골 너무 맛있어요 시원한육수에 은은한 미나리향 거기에 미나리육전이 더해져서 환상의 콜라보로 빌드업하시면 됩니다~~~ 직원분도 너무 친절하고 분위기있는 음악은 완전 쏘 러블리~♡
nv_1972778938,소보키 강남점,강남,술집,,1,,,"청모로 왔는데 깔끔하고 예약후이용해서
룸으로들어와서 조용하고 프라이빗하게 이용했어요
메뉴도 다양하고 깔끔하고 맛있어요!!
그리고 직원분들 너무 친절하시고 알잘딱깔센
완전 열일해주십니다!!!
청모장소로 완전 추천이에요🫶🏻"
nv_1972778938,소보키 강남점,강남,술집,,1,,,"✔️강남역 안주 맛있고 분위기 좋은 술집!

금요일 7시쯤 갔는데 7시 20분쯤 들어갔습니다. 테이블이 꽤 많아서 생각보다 오래 기다리진 않았어요!

저는 친구들이랑 갔는데 데이트하러 오신 분들도 많았어요. 분위기 적당히 캐주얼하고 좋은듯

저희는 세트로 된거 먹었는데 낙지 올라간 파스타? 기대 안 했는데 넘 맛있었고 다른 메뉴들도 좋았어요🥰"
nv_1972778938,소보키 강남점,강남,술집,,1,,,청모로 룸 예약해서 왔는데 분위기도 너무 좋구 음식은 여러개 시켜봤는데 다 맛있는 음식만 있어서 기분좋게 얘기하면서 시간 보냈어요~강남 근처에서 안주랑 술 맛있는 곳 찾으면 여기 강츄~특히 청모하러 오셔도 좋을거 같아요ㅎㅎ
nv_1972778938,소보키 강남점,강남,술집,,1,,,"오랜만에 예전 직장동료를 만나러 일요일 주말에
소보키 강남점에 다녀왔어요.

강남역 근처라 접근성도 좋고, 내부가 깔끔하고
차분해서 대화 나누기 좋았습니다.

미나리 누룽지 닭전골은 담백하고 구수했고, 고추장 등갈비구이는 매콤달콤해서 하이볼이랑 잘 어울렸어요.

프라이빗룸도 있어 모임 장소로 추천해요."
nv_1972778938,소보키 강남점,강남,술집,,1,,,"강남역 위쪽으로 올라가면 소보키 강남점 보입니다. 매장은 넓고 깔끔합니다. 좌석은 많아서 단체 모임 하기도 좋구요. 매장이 100평이나 됩니다. 순 우리말로 소복이를 소리내어 쓴 감각적인 매장이에요. 맛과 정성을 가득 담은 퓨전 한식 주점이라고 하네요. 맛있는 차돌 마라 전골과 치즈 베이컨 감자채전, 청어 알젓 두부( 저는 이 메뉴가 신선하고 맛있었어요.), 명란 닭튀김 주문하여 먹었네요. 양이 조금씩 모자란 느낌이지만 다 먹고 나니 배가 엄청 부르네요. 음식들은 깔끔하고 각자 메뉴의 특징을 살린 맛들입니다. 다양한 전통주들을 함께 맛볼 수 있는 장점도 있고요. 간단히 무알콜 하이볼도 올라오면서 분위기를 내보았어요.ㅎ 좋은 사람들과 좋은 시간 보내기에 너무나 만족스러운 곳입니다."
nv_1972778938,소보키 강남점,강남,술집,,1,,,3인 세트 시켰는데 구성이 정말 알차고 푸짐해서 일행 모두 배부르게 잘 먹었어요. 무엇보다 미나리 향이 정말 예술이네요. 입안 가득 퍼지는 향긋함 덕분에 마지막까지 질리지 않고 맛있게 먹었습니다. 인심이 느껴지는 구성이라 아주 만족스럽습니다. 다음에 또 주문할게요!
nv_1518418923,응큼떡볶이 역삼 본점,강남,치킨,,24,,,떡볶이 먹고 왔는데 오랜만에 제대로 맛있는 집 찾은 느낌이에요 😊 양념이 너무 맵지 않고 달달하면서도 감칠맛 있어서 계속 손이 가더라구요 튀김이랑 같이 먹으니까 더 맛있어서 만족스러운 한 끼였어요ㅎㅎ
nv_1518418923,응큼떡볶이 역삼 본점,강남,치킨,,24,,,"완전 제가 딱 좋아하는 떡볶이맛.. 달달하면서 적당히 매콤해서 너무 맛있어용 ㅜㅡㅜ.. 요즘 떡볶이 다 너무 맵게 나와서 맵찔이라 슬펐는데 맵기 조절되 되고 넘모 친절한것,, >.< 무조건 재방문입니닷!!!"
nv_1518418923,응큼떡볶이 역삼 본점,강남,치킨,,24,,,"저희는 떡튀순 베스트 메뉴를 주문해서먹었습니다!
매장 안 홀이 꽤 넓고 술 안주메뉴도 엄청 다양해서 다음엔 친구랑 맥주 한잔하러와야겠어용ㅎㅎㅎ


떡볶이는 매콤한데 계속 땡기는맛이고 순대 너무 쫄깃하고 모듬튀김은 종류가 짱 다양해서 좋았습니당🎀"
nv_1518418923,응큼떡볶이 역삼 본점,강남,치킨,,24,,,"근처 지나가다가 떡볶이가 먹고 싶어서 들린 응큼떡볶이 본점! 떡이 쫀득쫀득하고 양념이 진해서 먹을수록 중독되는 맛이었어요. 기본 떡볶이는 살짝 매콤한 편이라 매운 거 좋아하는 분들이 좋아할 것 같아요. 같이 시킨 찰순대도 잡내 없이 깔끔해서 떡볶이 국물에 찍어 먹기 좋았습니다. 매장은 생각보다 깔끔하고 편하게 먹기 좋았고, 떡볶이 좋아하시는 분들이라면 한 번쯤 들러볼 만한 곳 같아요."
nv_1518418923,응큼떡볶이 역삼 본점,강남,치킨,,24,,,스트레스받을 때 한 번씩 매운 떡볶이 땡기는데 제일 내 입맛에 맞고 늦은 시간에도 먹을 수 있어서 굳굳 떡에도 매운 양념이 베어있어서 튀김이랑 같이 먹어도 잘 어울림👍
nv_1518418923,응큼떡볶이 역삼 본점,강남,치킨,,24,,,"오늘 하루, 매콤한 거 땡긴다면 여기❤️‍🔥⤵️

언주역 8번 출구 바로 앞,
7080 감성 주점 무드 제대로인 떡볶이 맛집
👉 #응큼떡볶이역삼본점

전형적인 분식집 느낌보단
골목 포장마차 + 레트로 주점 사이 어딘가의 분위기라
떡볶이 먹으면서 수다 떨기 딱 좋은 곳✨

변우석 최애 떡볶이 맛집으로도 알려져 있어서
선재 앓이 중이라면 괜히 더 설레는 포인트💖

떡볶이는 오리지널부터 로제·짜장·크림까지 종류 다양하고
순대, 튀김, 김밥은 물론
술이랑 잘 어울리는 안주 메뉴도 선택지 다양함🍺

맵기는 전체적으로 순한 편이라
매운 거 잘 먹는다면 단계 업 추천!
그래야 이집 매력이 제대로 느껴질듯🔥

분식 + 술 + 레트로 감성 조합 찾는다면

여긴 무조건 저장각📍"
nv_1518418923,응큼떡볶이 역삼 본점,강남,치킨,,24,,,"레트로 감성 언주역 떡볶이 맛집 '응큼떡볶이 역삼본점'에서 떡튀순 음료 세트를 주문해 보았어요! 24시간 운영하는 떡볶이 맛집인데, 저녁에는 주점으로 변신한다고 하네요. 떡볶이, 순대, 튀김 모두 맛있고, 레트로 감성 분위기가 멋져서 다음엔 친구랑 저녁에 와보려구요!"
nv_1518418923,응큼떡볶이 역삼 본점,강남,치킨,,24,,,주말에 근처 지나가다 떡볶이가 급땡겨서 드린 곳. 기본적으로 매운 떡볶이라 맵찔이한테는 비추이나 매운거 좋아하시는 분들에겐 추천. 하지만 방문보다는 배달로 시켜드시길 권함. 아무도 없는 매장에서 별로 반기지도 않는 응대 속에서 그냥 떡볶이만 빨리 먹고 나옴. 오프라인으로 가지마시고 배달시켜 드시길. 맛은 매운거 빼곤 무난해요.
nv_1518418923,응큼떡볶이 역삼 본점,강남,치킨,,24,,,떡볶이 급 땡겨서 맛집 찾아서 갔는데 엄청 맛있게 잘 먹었어요~ 가성비도 좋고 양도 많아요~ 굳~
nv_1518418923,응큼떡볶이 역삼 본점,강남,치킨,,24,,,오랜만에 떡볶이 먹으러 갔는데 양념이 너무 맛있어서 제대로 만족하고 왔어요 !! 떡도 쫄깃하고 어묵이랑 같이 먹으니까 조합이 진짜 좋더라고요 튀김까지 같이 먹었는데 바삭해서 떡볶이 국물이랑 너무 잘 어울렸습니다 ㅎㅎㅎ
nv_35734815,꼭그닭 강남점,강남,치킨,"별점
4.45",4,,,"빠네치킨 맛집으로 유명해서 기대하고 방문했는데 확실히 왜 인기 있는지 알겠더라고요.

치킨은 바삭하고 속은 촉촉한 순살이라 기본도 잘 잡혀있고 크림 소스랑 빵을 같이 먹는 조합이 생각보다 훨씬 잘 어울렸어요.

특히 치즈랑 크림이 듬뿍 들어가 있는데 짭쪼롬한게 맥주랑 딱이에요 계속 손이 가는 맛!

매장 분위기도 펍 느낌이라 친구들이랑 가볍게 한잔하기 좋고 데이트 장소로도 괜찮은 편이에요."
nv_35734815,꼭그닭 강남점,강남,치킨,"별점
4.45",4,,,"강남술집 찾다가 분위기 좋아서 들어갔는데
안주 퀄리티가 생각보다 훨씬 좋았어요!!
이번에 먹은 미트치즈칠리나초는
수제로 만든 미트소스를 따로 줘서 더 좋았어요 ㅎㅎ
나초에 바로 부어서 먹어도 맛있고
찍먹처럼 하나씩 찍어 먹어도 맛이 또 달라서
먹는 재미가 있네요~~
치즈도 엄청 진하고
미트소스가 그냥 자극적인 맛이 아니라
고급스럽고 깊은 맛이라 맥주랑 진짜 잘 어울려요!
직접 따라 마시는 맥주 종류도 다양해서
맥주 좋아하는 사람들도 너무 만족할 거 같아요!
강남맛집이나 신논현술집 찾는다면
가볍게 한잔하기 좋은 분위기라 추천!"
nv_35734815,꼭그닭 강남점,강남,치킨,"별점
4.45",4,,,"꼭그닭은 맥주 종류도 많고 직접 따라먹는 시스템이라 은근 편하고 재밌어서

남친이 더 좋아했던 곳!
유린치킨은 양도 푸짐했고 야채도 신선해서 좋았는데 비주얼이나 맛이 웬만한 중식집보다 더 수준급이라
입맛 까다로운 나도 맛있게 먹었음^^
(소스가 수제라서 확실히 맛있음~)"
nv_35734815,꼭그닭 강남점,강남,치킨,"별점
4.45",4,,,"저 여기 처음와봤는데 어마어마 하네요!
골뱅이소면 안주로 시켰는데
너무 맛있는거 아니냐고 ㅠㅠ
골뱅이 양도 푸짐한데
매콤달콤한 양념이 진짜 킥이에요!!
흑맥주랑 먹으니까 또 묵직한 풍미랑 조합 좋아서
맥주 종류 바꿔가며 먹는 재미도 있었어요 ㅎㅎ
강남에서 맥주먹기 가장 좋은 맛집입니다~~"
nv_35734815,꼭그닭 강남점,강남,치킨,"별점
4.45",4,,,"여기 단체모임 하기 진짜 좋은 강남술집 찾았네요
테이블 가득 음식 깔리는데 비주얼부터 장난아님ㅋㅋ
빠네치킨, 허니갈릭치즈후라이, 피자까지
메뉴 종류 다양해서 각자 먹고 싶은 거 시켜놓고 같이 나눠먹기 딱 좋았네요

특히 빠네치킨은 꾸덕한 소스에 빵 찍어 먹는 재미 있고
허니갈릭치즈후라이는 달달짭짤해서 계속 손 가는 스타일
피자까지 같이 먹으니까 진짜 술이 너무 잘들어가..
그리고 여기 핵심은
19가지 수제맥주 직접 따라 마실 수 있다는 거!
모임으로 오기 진짜 좋네요👍
강남단체술집 찾는 사람들 추천 🔥"
nv_35734815,꼭그닭 강남점,강남,치킨,"별점
4.45",4,,,"맥주 한잔 시원하게 땡기는 날엔
이런 골뱅이소면 안주가 진짜 최고네요!
특히 여기 좋은 게
맥주 종류가 엄청 다양해서
라거, 에일, 흑맥주까지 취향대로 따라 마실 수 있어요!
안주 하나 시켜놓고
맥주 종류 바꿔가면서 마시는 재미가 있는 강남술집~~"
nv_35734815,꼭그닭 강남점,강남,치킨,"별점
4.45",4,,,"와 여기 사람 진짜 많네요..
강남 간만에 와서 찾아보다가 치킨땡겨서 왔는데
사람 진짜 진짜 많아요
맥주 셀프 시스템 떄문에 그런지
여기 맥주 먹기 너무 좋네요 ㅎㅎ
빠네치킨시켰는데 평소 먹는 치킨이랑 아예달라요!
너무 맛있다 ㅠㅠ"
nv_35734815,꼭그닭 강남점,강남,치킨,"별점
4.45",4,,,"여기 재밌는 게
그날 기분 따라 맥주 골라 마시는 재미가 있음ㅋㅋㅋ
가볍게 넘어가는 라거도 있고
묵직하고 진한 흑맥주도 있어서
한 잔씩 맛 바꿔가면서 먹기 딱 좋음!
특히 흑맥주 특유의 고소하고 쌉싸름한 맛이
빠네치킨 크림소스랑 생각보다 엄청 잘 어울림!
빠네 안에 녹아있는 치즈랑
부드러운 크림소스에 치킨 찍어먹고
흑맥주 한입 마시면 그냥 조합 끝임~.~
강남술집 중에서
맥주 종류 다양하게 즐기고 싶은 사람들은
여기 한번 가보는 거 추천!!"
nv_35734815,꼭그닭 강남점,강남,치킨,"별점
4.45",4,,,"불고기샐러드피자 비주얼 너무 좋네요~~
치즈 가득한 피자 위에
불고기 푸짐하게 올라가 있는데
짭짤한 불고기 맛에 너무 감동 ㅠㅠ
맥주 계속 들어가는 스타일 🤤
신논현술집 찾는 사람이나
강남맛집 분위기 좋은 곳 찾는 사람들 가보기 좋을 듯!"
nv_35734815,꼭그닭 강남점,강남,치킨,"별점
4.45",4,,,"치맥하기 딱 좋은 강남 치킨 맛집 꼭그닭강남점에 다녀왔습니다! 양도 많고 맛있는데다가 맥주가 종류별로 정말 다양하게 있는데 먹고싶은 만큼 직접 골라서 먹을 수 있어서 데이트하기에도, 친구들하고 가기에도 딱 좋았어요!! 👍"
nv_1829829092,도른계 강남역점,강남,치킨,,5737,,,전부터가 보려고 하였었는데 드디어 방문하였습니다. 독특한 컨셉으로 한국계 미국계 일본계 태국계 등 다양한 방식으로 맛을 볼 수 있습니다. 기름기 없는 닭이라서 느끼하지도 않고 먹으면서도 약간 건강한 느낌이 듭니다. 이번에는 미국계를 먹었는데 같이 나온 치즈도 맛있고 소스도 맛있고 시금시름 잘 어울리네요. 그리고 생맥주가 엄청 시원해서 맛있습니다.
nv_1829829092,도른계 강남역점,강남,치킨,,5737,,,"친구랑 방문했는데 왜 도른계가 인기 많은지 바로 이해됐어요!
미국계 메뉴가 너무 색다르고 궁금해서 주문했는데 닭이랑 소스가 진짜 부드러워서 술술 들어갔어요ㅜㅜ
같이 나온 사이드랑 조합도 좋아서 술이랑 먹기 딱 좋았고 직원분들도 친절해서 기분 좋게 식사했습니다~
빨리 다른메뉴 먹으러 또 올게요 😋"
nv_1829829092,도른계 강남역점,강남,치킨,,5737,,,처음 와봤는데 튀김없는 치킨인데 너무 맛있네요 한국계 적당히 매워서 딱 제스타일이에요 다음에오면 태국계 먹어볼거에요!!!!
nv_1829829092,도른계 강남역점,강남,치킨,,5737,,,미국계 적당히 매콤해서 맛있고 양도 많고 다음에 또 오려구요!!! 필라델피아도 쫀맛입니다 ㅎㅎ 강남역 맛집 또 발견했네요 ㅎㅎ 오래 영업해주세요
nv_1829829092,도른계 강남역점,강남,치킨,,5737,,,"태국계 먹어봤는데 그리 많이 맵지 않으면서 느끼하지 않은 메뉴예요! 커리가 잘 어울리고 베이비크랩이 꼬독꼬독 씹히는게 아주 매력적입니다ㅜㅜb
청양크림파스타도 끝에 살짝 매운 여운이 남는게 마음에 드는 메뉴입니다! 다음에는 다른 메뉴들도 조금씩 도전해보고 싶네요!"
nv_1829829092,도른계 강남역점,강남,치킨,,5737,,,"특이한 닭요리
낮에 열어서 친구랑 같이 들어와서
낮 술.
음악도 좋고
서비스도 좋고
한 잔 하기에 딱이네

일단 전기 닭이라 편하게 먹을 수 있다."
nv_1829829092,도른계 강남역점,강남,치킨,,5737,,,"퇴근하고 남자친구랑 왔는데 메뉴가 넘 신기하고, 야장 느낌나서 좋았어요!! 미국계랑 닭무침 시켰는데, 평소에 크림베이스 좋아해서 그런지 부드럽고 맛있었어요!! 닭무침도 처음먹어보는데 새콤해서 리프레쉬하기 좋았습니다!! 다음엔 한국계 먹어보고싶어요!ㅎㅎㅎ"
nv_1829829092,도른계 강남역점,강남,치킨,,5737,,,"회사 동료들이랑 간단하게 저녁식사 하려고 서치하다가 데려갔는데 다들 너무 만족했어요 ㅎㅎ 이 날 이후 도른계 모임도 만들어졌답니다,, 메뉴 다 하나같이 맛있고 튀긴치킨이 아니라서 부담도 덜해여! 튜닝의 끝은 순정이라고 오리지널은 꼭 한번 드셔보세요"
nv_1829829092,도른계 강남역점,강남,치킨,,5737,,,"세번째 방문입니둥 !!
메인메뉴부터 사이드~술까지 다양하게 있어서 좋아요
매운거 좋아하시면 한국계 추천드리고 처음 방문하시면 미국계&파스타 추천드려요 !! 또 방문하겠습니당"
nv_1829829092,도른계 강남역점,강남,치킨,,5737,,,분위기도 너무 좋고 치킨도 닭가슴살까지 부드럽게 너무 맛있어요 얼음 생맥에 찰떡..👍🤤 미국계 먹었는데 다음엔 매콤한 한국닭먹어보고싶어요!!
nv_13586416,빨대포차 언주역본점,강남,치킨,"별점
4.75",4,,,"왜 인기잇눈데인지 알겟어요
진쩌 맛잇다 ㅜㅜ
자주갈게요"
nv_13586416,빨대포차 언주역본점,강남,치킨,"별점
4.75",4,,,"제철 나물튀김 나이스!!!
치킨 평균에서 살짝 더 맛있음!
치킨에 있는 꽈리고추가 킥!"
nv_13586416,빨대포차 언주역본점,강남,치킨,"별점
4.75",4,,,빨대포차를 이제야 알게 된 내가 너무 미운 날~ 이지만 너무 기쁜 날이기도 해요 앞으로 먹어볼 수 있는 새로운 메뉴가 한가득 생겼으니 말이죠 자자 이렇게 맛있는 고추간장치킨에 칼국수사리를 꼭 추가해 드십시오 소스랑 조합이 아주 찰떡궁합입니다 다음엔 꼭 배고프게 가서 떡볶이랑도 함께 먹어볼랍니다
nv_13586416,빨대포차 언주역본점,강남,치킨,"별점
4.75",4,,,제 최애 치킨집입니다!! 쌀떡볶이와 고추치킨은 그냥 세트메뉴라고 생각하고 시키세용..환상적 조합입니다 치킨이 진짜 갓 튀겨져서 뜨끈뜨끈하고 맛있어요 쌀떡볶이가 쫀뜩하구 옛날 떡볶이 느낌!! 별 오점 만점!!
nv_13586416,빨대포차 언주역본점,강남,치킨,"별점
4.75",4,,,서울 3대치킨이라고 했는데 진짜 너무 맛있어요…! 식었는데도 진짜 바삭하고 여기 튀김 맛집이에요.. 두릅튀김은 무조건 시켜야해요!
nv_13586416,빨대포차 언주역본점,강남,치킨,"별점
4.75",4,,,"고추 치킨 맛집이라고 해서 퇴근 후에 들렸는데,
사람이 진짜 많아서 깜짝놀랐어요.

먹는데도 계속해서 웨이팅이 생기니
동네 포차 그 이상의 수준 같아요.

양도 많거 가성비가 좋은데, 맛도 있어서
또 오고 싶네요 ㅎㅎ"
nv_13586416,빨대포차 언주역본점,강남,치킨,"별점
4.75",4,,,치킨 매번 시켜먹다 오랜만에 언주역 근처 치킨집 찾다가 가게된곳. 갓 튀겨져 나온 치킨을 먹으니 정말 너무 너무 맛있었어요. 튀김옷에 고추가 박혀있어 더 맛나요.
nv_13586416,빨대포차 언주역본점,강남,치킨,"별점
4.75",4,,,빨대포차 20번은 온 것 같은데 치킨에 칼국수사리는 처음 먹어봤어요! 달달하고 잘 어울리더라구요ㅎㅎ 메뉴 다 ~~ 먹어보고 싶은데 치킨은 필수라 아무래도 단체로 와야겠어용ㅎ 사장님도 항상 짱 친절
nv_13586416,빨대포차 언주역본점,강남,치킨,"별점
4.75",4,,,"집 근처인데 매번 손님이 많아서 생각만 하다가
처음 방문했어요 고추치킨이 베스트인데 꽈리고추가 신의 한수이네요 일단 치킨은 너무 맛있구요!!!
왜 맨날 만석인지 알겠어요ㅠㅠ 추워서 번데기탕 시켯는데 번데기도 많이주시고 얼큰해서 아주 좋습니다 사이드로 강냉이랑 야채사라다 나오는데 짱맛ㅎㅎ근처라 종종 오겠습니다 강추드려요🥹"
nv_13586416,빨대포차 언주역본점,강남,치킨,"별점
4.75",4,,,"✔️둘이가서 고추간장치킨, 두릅튀김, 생맥3 시키니 배불러요 (치킨남겼음ㅎ)
✔️4시 오픈인데 4시에도 손님들 있고 5시 넘어가니 만석이였어요
✔️고추후라이드할까 고추간장치킨할까 고민(양념치킨 안 좋아하는데 더 많이 주문한대서ㅎ)하다가 도전한건데 치킨자체가 튀김옷이 얇고 빠삭빠삭한데 양념도 과하지않아 느끼하거나 짜다는 느낌이 전혀없어서 너무 맛있게 먹었어요"
nv_13358436,한추,강남,치킨,,4313,,,"같은 날 방문한 다른 음식점과 비교해서 서비스와 응대가 비교할 수 없이 최고. 이게 바로 한자리에서 오래가는 맛집의 이유구나라는 다시한번 느낌. 고추튀김 오랜만에 먹으니까 너무 맛있음.
아뮤튼 최고"
nv_13358436,한추,강남,치킨,,4313,,,고추튀김24000원. 한달전보다 2000원 올랐네요.
nv_13358436,한추,강남,치킨,,4313,,,한추 삼합은 진리입니다.
nv_13358436,한추,강남,치킨,,4313,,,"압구정 골목 속 10년 된 양꼬치 맛집이라
소문이 자자하길래 방문했어요!

프리미엄 왕꼬치 6개 구성이라 한 꼬치가 두툼하고
불에 굽자마자 육즙이 살아 있어
잡내1도 없이 정말 부드러웠어요.

양꼬치 입문자도 부담 없이 즐기기 좋았고,
같이 먹은 가지요리도 겉바속촉이라 궁합 최고🩵

지금 10주년 기념 시그니엘 숙박권 이벤트도
진행 중이던데 당첨되고싶네요☺️

압구정 근처에서 양꼬치 땡길 때 추천드려요!"
nv_13358436,한추,강남,치킨,,4313,,,오랜만에 추억의 맛집~ 한추는 항상 사람 많고 북적이는 맛이 또 있죵ㅎㅎ
nv_13358436,한추,강남,치킨,,4313,,,고추튀김이랑 떡볶이 먹으러 왔어요 워낙 고추튀김이 유명해서 7-8년에 와서도 맛있게 먹은거 같은데 여전히 맛있네요 하지만 가격은 많이 올랐네요~~ 비싸지만 추억을 챙기면서 즐기기엔 딱입니다! 2시 오픈 맞춰 들어갔는데도 몇팀 있었어요!
nv_13358436,한추,강남,치킨,,4313,,,"강남에서 이런데 흔하지않아요!!!!
떡볶이 고추튀김 진짜 갓성비로 맛나게 한잔할수있는곳"
nv_13358436,한추,강남,치킨,,4313,,,"언제가도 맛있는 한추!!!! 쌀떡볶이 생각나서 늦은 야식먹었는데 오랜만에 먹어도 여전한맛, 맛나요 😆👍🏻✨ 셋이서 떡볶이 고추튀김 남기지않고 싹 먹고 왔습니다!! 양이 엄청난데… 넘 맛있어서 계속들어가요 🥰"
nv_13358436,한추,강남,치킨,,4313,,,"떡볶이랑 고추튀김 지금도 잊지 못해요 👍👍👍
맛도 좋고 양도 정말 푸짐해요!
또 가고싶어요~
선배와 소중한 한잔의 추억 만들고 갑니댜 🥰"
nv_13358436,한추,강남,치킨,,4313,,,떡볶이는 엄마가 만들어주는 달달 노매콥 떡볶이에요!! 그리고 여기에 최고 매뉴는 고추튀김!!! 최고에요!! 고기가 가득가득 차서 진짜 맛나요!! 고튀 꼭 드세요!
nv_1486617466,멕시타이거,강남,치킨,,2338,,,저번에 방문하려다 웨이팅이 조금 길어서못먹었는데(웨이팅을 잘안하는편이라ㅎㅎ)이번에생각나 들려보니 바로 입장가는해서 기분좋았네요!음식은 새로운 음식을 먹어보고싶단 생각이들어서 방문한건데 기대이상으로 맛있게먹었습니다!!데낄라도 라임이랑처음먹어보는데 넘맛나서 또시켜먹었네용..!ㅎㅎ잘먹었습니다!!!
nv_1486617466,멕시타이거,강남,치킨,,2338,,,"직원 뚝배기마려움🥲
15분기다리다 칵테일 주문한거 왜 안나오냐니까
여직원이 안시키신거 아니냐고 함(손님탓?)
확인결과 주문해놓은거 확인하고 직원 다시 불러서 달라고 하니
아무말없이 제조하러가버림(사과는 학교에서 못배우나봄) 15분 뒤에서야 나오고 나서 사과한마디도 없음ㅋㅋㅋ
거의 뭐 던지듯이 놓고 감 알바니까 상관없다 마인드인가봄
데낄라 라임 칵테일 7900원
라임맛이 조금 들어간 칵테일로 탄산이 약간 부족하여 그럭저럭 먹을만했다
제로콜라 3천원
빠빠스 1.49만원✅️
시콤새콤한 특이한 소스에 감자가 잘 익혀지고 튀겨져서 바삭해서 너무 맛있었다 시켜라
치폴레몰레 치킨따꼬 1.59만원✅️
두개의 타코가 나오니 2인분이라고 생각하시길 위생장갑끼고 먹기 추천 하나는 상콤매콤소스 하나는 기억은 안나나 둘다 맛있음"
nv_1486617466,멕시타이거,강남,치킨,,2338,,,"회사에서 맛있다고 소문이 자자해서 퇴근하자마자 왔어요.
분위기도 좋고 공간도 넓어서 편하게 대화하며 시간 보낼 수 있어서 좋아요.
특히 음식이 미 친 맛! 너무 맛있고 계속 먹고 싶은 맛이에요 다음 약속도 여기에서"
nv_1486617466,멕시타이거,강남,치킨,,2338,,,"강남역 핫플 멕시타이거
웨이팅 어마어마하지만 8시 이후엔 그나마 워크인 할만해요~
피쉬타코랑 데낄라세트 주문했는데
직접 만들어먹는 데낄라 재밌구요~
안주들 하나같이 다 맛있어서 기절
다음엔 메인요리 먹으러 와야겠어요~😋
다양한 멕시칸 요리를 맛볼 수 있는 곳"
nv_1486617466,멕시타이거,강남,치킨,,2338,,,"평점 5.0 이에요 잘못들어갔네요. 맥시타이거 여기 최애집중 하나. 깐풍가지, 피쉬타코, 과카몰리, 치즈 퀘사디아 다 맛있어요. 치즈 퀘사디아를 추가 치즈 했어야 됬는데 아쉬워요 다음번에! 데킬라를 알코올중 젤 좋아하는 저에겐 파라다이스 같은 곳. 혼자서도 바에서 먹을 수 있어서 좋네요!! 너무너무 맛있었어요 ㅠㅠ 멕시칸 집 가시려면 여기 강추합니다. 여기 꼭 오세요. 저 해외에서도 자주 먹는데 여긴 .. 정말 너무 너무 맛있어요 ㅠㅠ 다이어트만 안하면 일주일에 세번가고 싶다.."
nv_1486617466,멕시타이거,강남,치킨,,2338,,,"피쉬타코 맛있다고 소문이 자자해서 왔능데
저 생선 안좋아하는편인데 전혀 생선맛 안나고
맛있어여!! 그리고 지미추리 화덕치킨 이랑 치폴레몰레 플레이트 완전 현지맛 그득 하니 넘나 맛시어여
멕시칸요리 좋아해서 많이 먹어봤는데
이런맛은 세상 처음 맛봄 🫶🏻🫶🏻🫶🏻🫶🏻"
nv_1486617466,멕시타이거,강남,치킨,,2338,,,"트러플향이 확나고 이차로 오기 너무 좋은 곳이에용💛💛💛 데낄라는 달달한데 쎄구
가뱝게 먹기에 좋네요
알바분들도 너무 친절하구 분위기도
좋아서 자주오는 곳이에용😃😃
다음에 또올게여🩷😎"
nv_1486617466,멕시타이거,강남,치킨,,2338,,,"전에 한벙 와보고 넘 맛나서 재방문!!
피쉬따꼬 존맛입니다..
피쉬앤칩스 좋아하는 사람으로서 최애 타코에요!
조각 추가 메뉴도 있으면 좋겠어요~!
빠빠스는 처음 시켜보는데 감자 바삭바삭하고 라구 소스도 진짜 맛나네요:) 맥주 순삭!"
nv_1486617466,멕시타이거,강남,치킨,,2338,,,"강남역에서 최고로 유명한 멕시칸펍 맥시타이거 예전부터 와보고 싶었는데 일단 비주얼부터 달라요^ 탄두리 느낌의 치미추리 치킨은 한국사람이라면 무조건 좋아할 양념이라 무조건 추천이고, 치폴레 몰레는 커리랑 새우 조합을 좋아한다면 강추입니다. 또띠아도 굉장히 부드럽고 화이타, 타코 느낌으로 싸드시면 극락갑니다. 건강이슈로 데낄라 한잔 못한게 너무 아쉽네요. 꼭 방문하시길^^"
nv_1486617466,멕시타이거,강남,치킨,,2338,,,와 추천받고 방문했는데 너무 맛있어요!!! 메뉴하나하나 푸짐해서 너무 좋네요!! 가게도 커서 여러명이와도 좋을 거 같아요! 재방문의사있습니다!
nv_2019690589,닭장맥주 신논현역점,강남,치킨,,616,,,"KBO중계해준다고해서 들어왔는데 덕분에 잘봤습니다.
치킨도 맛있고 나쵸가 기본안주인데 맛있어요..
열받을때마다 씹어먹는데 속이 풀리네요
얼음생맥주라 열불날때 속을 식혀줘요😂😂😂
결국 야구는 졌지만..
맛있는집 야구 볼수있는 좋은 곳 찾아서 좋습니다"
nv_2019690589,닭장맥주 신논현역점,강남,치킨,,616,,,요즘같은 날씨에 창가자리에 앉으니까 바람도 솔솔불고 좋아요 ㅎㅎ 무뼈닭발도 맛있고 소맥 메뉴도 있는게 좋았어요 ㅋㅋㅋ
nv_2019690589,닭장맥주 신논현역점,강남,치킨,,616,,,가족들이랑 간단히 치킨 먹으러 왔는데 맛있고 너무 맛있어요~~!! 메뉴가 많아서 여러개 시켜먹기에 딱 좋아옇ㅎㅎㅎ 담에 또 올게요☆
nv_2019690589,닭장맥주 신논현역점,강남,치킨,,616,,,사장님 여기 새로생긴거같아서 와봤는데 분위기도 너무 좋고 깔끔하고 안주도 맛있어요 오늘은 저녁먹고와서 오뎅탕만 시켰는데 다음에는 많이 시킬게욬ㅋㅋㅋㅋㅋㅋ 오뎅탕 존맛 진심 🙏🏻🩵🩵🩵
nv_2019690589,닭장맥주 신논현역점,강남,치킨,,616,,,"허니치킨 존맛이고 떡도리탕 매콤하고 맛있어요
술집인데 깔끔하고 대화하기도 좋아서 담에 또 올거에요"
nv_2019690589,닭장맥주 신논현역점,강남,치킨,,616,,,"4층 테라스룸 7명 예약해서 이용했어요!
메뉴 하나 하나 다 마싯어요 •• 🐔 메뉴가 완전 다양하고 술도 마싯고 ..!
강남에서 이렇게 쾌적하게 술 마실 수 있는 곳이 드문데 최고에요 !!
노래도 직접 틀 수 있고 프라이빗 하게 이용할 수 있는 점이 좋았습니댜"
nv_2019690589,닭장맥주 신논현역점,강남,치킨,,616,,,먹태 겉바속촉 하고 너무 맛있구 짜파게티도 파김치랑 같이 나와서 그냥 존맛탱.. 매장 분위기도 직원분들도 친절하시고 쾌적하고 얘기하기 좋아요 :)
nv_2019690589,닭장맥주 신논현역점,강남,치킨,,616,,,"치맥 하고싶어서 찾아왔는데 맥주도 맛있고 분위기도 너무 좋아요 !!
창가에서 먹었는데 자리도 좋고 분위기도 좋아서 더 맛있었습니다!!
떡볶이 메뉴도 있었는데 다음엔 떡볶이 먹어보려구요~"
nv_2019690589,닭장맥주 신논현역점,강남,치킨,,616,,,"날씨 좋아서 그냥 가볍게 맥주 한잔 하려고 들렀는데 창문 여니까 야장 분위기 낭낭합니다. 바깥에 앉아 있으니까 답답하지도 않고, 바람도 살살 불어서 너무좋았습니다~!! 친구들이랑 수다 떨기 딱 좋은 분위기에요!!"
nv_2019690589,닭장맥주 신논현역점,강남,치킨,,616,,,분위기 너무 좋네요. 너무 조용하지도않고 시끄럽지도않아서 좋았어오. 치킨은 순살파닭 꼭 시키세요 + 짜파게티도 존맛임요. 문 열어서 바람 솔솔 들어오고 야장 분위기 나서 잘 왔다싶습니다.
nv_35743972,더제이제이,강남,치킨,"별점
4.55",4,,,중학교 동창들과 첫 동창 첫모임 첫술을 제이제이에서 보냈습니다! 생각보다 맛있고 다양한 음식 덕분에 더 즐거운 시간 보냅니다 다음에 또 올게요@@!!
nv_35743972,더제이제이,강남,치킨,"별점
4.55",4,,,"삼성-선릉역 생맥 맛집! 제이제이 방문
맛있는 생맥주와 골뱅이, 치킨은 기본.
너무너무 많은 메뉴가 준비돼있어요 ㅎㅎ
뭐먹을지 넘나고민ㅜㅜ
시원한 생맥주와 다양한 요리로 맛있는
저녁시간을 보내보십숑. 완전 강추합니다.

#생맥맛집 #제이제이 #맛있는골뱅이 #후추치킨"
nv_35743972,더제이제이,강남,치킨,"별점
4.55",4,,,삼성역 근처 술집중에 가장 아늑하고 감성있고 분위기 좋아요!! 맥주도 안주도 너무 맛있어요 최고최고!!
nv_35743972,더제이제이,강남,치킨,"별점
4.55",4,,,바로 입장했습니다!! 음식도 빨리 나오고 완전 맛있어요~~~ 직원분들도 친절하십니다 재방문 할 것 같아요🤍🤍
nv_35743972,더제이제이,강남,치킨,"별점
4.55",4,,,"생맥주 3+1이라 좋아요.
맥주 종류도 많고 안주도 많고 맛있습니다.
삼성역 근처에서 괜찮은 술집"
nv_35743972,더제이제이,강남,치킨,"별점
4.55",4,,,"분위기 좋고 안주 퀄리티도 기대 이상이라 맥주가
술술 들어갔어요🍻직원들도 친절하고
음악 볼륨도 적당해서 오래 머물기 좋았습니다.
2차로 가볍게 들렀는데 다음엔 친구들이랑
다시 방문하고 싶은 곳이에요💓"
nv_35743972,더제이제이,강남,치킨,"별점
4.55",4,,,사장님도 친절하시고 분위기도 너무 좋거 안주가 젤 마싯습니다!!!
nv_35743972,더제이제이,강남,치킨,"별점
4.55",4,,,퇴근하고 생맥한잔때리기 딱좋네요 안에 분위기도 굿굿이고 노래도 감성 오져여💚💛💚💛
nv_35743972,더제이제이,강남,치킨,"별점
4.55",4,,,"음식
맛있어요 맥주종류 완전다양하고 친절한 매장직분들덕에 기분좋게 먹고가요~ 음악은 쪼꼼 더 신걍써주시묜 좋을것같아요 ^^^^^"
nv_35743972,더제이제이,강남,치킨,"별점
4.55",4,,,말해 뭐해!! 여기 2차하기는 최고! 안주도 너무 맛있어요! 팝콘 무제한은 못참죠!! 하이볼도 징짜 너무 달지도 않고 쵝오! 회식장소로도 추천!
nv_17742284,가마솥맛갈비,강남,분식,,85,,,"지인한테 추천받아서 등산모임 후에 들렀습니다. 가게는 전체적으로 넓고 깔끔했습니다. 음식도 기대 이상으로 맛있더라구요. 인심 좋아보이시는 사장님도 계시고 갈비탕 육회 먹었는데 전체적으로 맛있고 만족스럽습니다. 무엇보다 단체예약이 좋은게 주차장이 엄청 넓어서 가족모임, 동창회 등을 근처에서 하게된다면 한번쯤은 들러볼 만 합니다. 다음에 근처 지나게되면 가족끼리 한번 들러볼 생각입니다."
nv_17742284,가마솥맛갈비,강남,분식,,85,,,친구랑 점심먹으러 들렀는데 여기 양도 많고 메뉴가 엄청 다양하더라고요..진짜 대박 근데 반찬도 종류 엄청 많고 맛있어서 너무 잘 먹었습니다 송아지갈비찜 가격대비 진짜 가성비 미쳣어요 여기 방문하시는분들 꼭 드셔보세요 양도 많고 저렴해서 혼밥할 때도 좋을것같앗어여 완전 굿👍🏻
nv_17742284,가마솥맛갈비,강남,분식,,85,,,"뚝배기에서 피어오르는 김,
한 숟갈 뜨는 순간 느껴지는 깊은 국물.
부드럽게 풀리는 갈비 한 점이면
하루의 피로가 조용히 내려앉아요."
nv_17742284,가마솥맛갈비,강남,분식,,85,,,"영동병원 들렀다가 간호사분이 적극 추천해주신 육회비빔밥을 드디어 먹을 기회~
이집만의 특변한소스가 입짧은 내입맛에도 딱!!! 양도푸짐하고요 ~ 소문대로 정말맛있네요 한우육회비빔밥 강추!!!강추!!! 합니당"
nv_17742284,가마솥맛갈비,강남,분식,,85,,,여러번 왔는데도 올 때마다 맛있네요ㅠㅠ 영동 들릴때마다 찾는 맛집인것 같아요 사장님들 너무 친절하시고 반찬 너무 맛있습니다! 그리고 반찬은 항상 다양하게 많아서 제일 좋은 것 같아요 또 방문하겠습니다 항상 감사해용
nv_17742284,가마솥맛갈비,강남,분식,,85,,,송아지갈비찜과 갈비탕 먹었는데 갈비탕 국물도 진하고너무 맛있네요~~사장님 인상도 좋으시고 친절하시고 반찬도 너무 다 맛있어요! 영동까지 놀러와서 너무 맛있게 잘먹고갑니다~영동오면 꼭 또 올께요~~^^
nv_17742284,가마솥맛갈비,강남,분식,,85,,,육회 비빔밥에 물냉면 된장찌개 다양하게 많이 시켜먹었는데ㅋㅎㅋㅎㅋㅋㅎ진짜 다 너무 맛있고 삼겹살이 연해서 같이 방문한 할아버지께서 너무 맛잇게 잘 드셔주셔서 더 만족스러운 식사 자리였습니다! 다음에 또 가족모임하게되면 꼭 여기로 올게요 감사합니다!🥹🥹
nv_17742284,가마솥맛갈비,강남,분식,,85,,,영동 놀러와서 맛집을 검색하다가 영양 갈비탕이 궁금해서 방문했습니다 외관만 보고 맛이 있을까 했는데 오길 잘했다 싶을 정도로 정신없이 먹었습니다ㅎㅎㅎ지금 왕갈비탕 할인중이라는데 국물이 진짜 맛있어서 영동 방문할 일 있을때 식사 추천합니다~!~! 그리고 사장님이 진짜 친절하세요 잘 먹었습니다!
nv_1766352956,꿈담 1945,강남,분식,,201,,,"생일파티 겸 데이트.
로봇이 서빙해줘요^^
모든 음식이 다 맛있었어요~
특별한 거 먹고싶을 때 찾는 곳이예요👍
다만 떡볶이에 떡이 딱딱한게 종종 있어서...다음엔 더 익혀달라고 말해야겠다 싶었어요.떡복이는 너무 맛있어요👍
분위기도 너무 예쁘고,멋찐 작품들도 전시되어 있어요
맛있게 먹고, 좋은 시간 보내고 왔어요"
nv_1766352956,꿈담 1945,강남,분식,,201,,,"스파이시 치킨 필라프, 소고기필라프 먹었습니다. 많이들 주문하시는 이유가 있네요. 동네분들이 많이 오시는것 같아요. 도자기, 소품 등 구경거리도 많습니다."
nv_1766352956,꿈담 1945,강남,분식,,201,,,"청주에서 친구랑 블로그 보고 봄나들이겸 찾아간 꿈담1945!!!
체험도 할 수 있고 판매장에서 예쁜 굿즈도 살 수 있는데 맛있는 음식까지 먹을 수 있어 너무 좋은 곳 꿈담1945
즐길거리 볼거리 놀거리 거기에 먹을거리까지 한방에 해결 할 수 있는 곳이였어요.
영동에서 유명한 곳인가봐요.
저녁 시간이 되니 손님들이 계속 들어오셨어요.
식재료도 풍성하고 맛있는데 가성비까지 굿!!! 굿!!!
처음보는 사과식초 음료는 상큼,청량의 대표주자로 음식의 맛을 올려주는 기가막힌 음료였어요.
강추!!! 강추!!!!
청주에 있었다면 자주 찾을 멋진곳이였어요.
친구는 늦둥이 데리고 다시 온데요~^^

체험은 예약하고 오셔야 하나봐요.
전화하시고 오시는걸 추천드려요.
내 아이의 모습을 넣은 다양한 굿즈 상품도 주문제작 가능해요"
nv_1766352956,꿈담 1945,강남,분식,,201,,,"충북 영동에 있는 꿈담 1945 다녀왔어요.

매콤떡갈비스테이크랑 더블함박스테이크 주문했는데 무쇠판에 나와서 끝까지 따뜻하게 먹을 수 있었어요. 떡갈비스테이크는 살짝 매콤해서 밥이랑 잘 어울리고, 함박은 소스가 진해서 든든하게 먹기 좋았습니다. 감자튀김이랑 야채도 같이 나와서 한 끼로 꽤 알차더라구요.

식사 후에 따뜻한 레몬차까지 마시면서 천천히 쉬다 왔어요. 식사도 되고 카페처럼 편하게 머물 수 있어서 좋았습니다. 🍋"
nv_1766352956,꿈담 1945,강남,분식,,201,,,"서빙을 로봇이 해줘요
공방하고 붙어있어서 공방용품 보는 재미도 있어요

맛있어요 튀김을 진짜 잘해요 겉이 바삭해요

재방문 의사 있어요

스파이시 치킨은 진짜로 매워요 맵찔이는 못먹어요"
nv_1766352956,꿈담 1945,강남,분식,,201,,,"인근에서 복무하는 군인입니다!
우연히 들른 후로 맛있어서 계속 방문중이에요. 분위기도 좋고 음식도 맛있습니다.

저는 혼자왔는데 단체손님도 충분히 먹을 수 있어요."
nv_1766352956,꿈담 1945,강남,분식,,201,,,"기회가 되어 오게 되었는데 스파이시 치킨 스테이크 주문했어요. 치킨도 매콤하고 식감이 부드러웠어요! 달걀프라이도 맛있고 채소구이와 감자튀김 밥과 파인애플까지 다양한 식감을 즐길 수 있어서 좋았어요.
김치도 맛있구요~ 그리고 딸기요거트스무디도 딸기의 달고 상큼한 맛과 향이 좋고 속도 편했어요! 다음엔 다른 거 먹으러 오고싶네요~^^"
nv_1766352956,꿈담 1945,강남,분식,,201,,,"공방 구경도 하고, 밥도 먹고 좋네요^^"
nv_1766352956,꿈담 1945,강남,분식,,201,,,"가성비 좋은 맛집이네요!
음식도 맛있고 사장님들 서비스도 친절해서
기분 좋게 식사하고 왔습니다.
재방문 의사 있습니다.♡"
nv_1766352956,꿈담 1945,강남,분식,,201,,,"영동 여행 중 우연히 들른 꿈담1954, 정말 ‘잘 왔다’는 생각이 들었습니다.
음식이 정갈하고 깔끔해서 집밥 같은 편안함이 느껴졌고, 재료가 신선하다는 게 한 입 먹는 순간 느껴졌습니다. 자극적이지 않아 부모님 모시고 오기에도 좋을 것 같아요.
매장도 아늑하고 각종 공예작품들이 눈을 즐겁게 해주었고
직원분들 응대도 친절해서 식사 내내 기분이 좋았습니다.
영동에서 한 끼 고민하신다면 꿈담 추천드립니다 😊"
nv_1123489755,도산분식 도산공원점,강남,분식,,8251,,,"메뉴가 전체적으로 특색있고 맛있어요!
육회깁밥은 고추장 베이스고, 튀김류는 칠리 소스를 킥으로, 돈까스샌드는 부드럽고 바삭한데 큼직해서 먹을 때 좋아요. 다 맛있는데 육개장라면 미쳤네요. 느끼할만 할 때 매콤 개운하게 싹! 잘먹었습니다.
이곳에서만 판매하는 스위트모닝도 아침햇살맛이지만 그보다 곡물맛이 고소하고 달고 맛있어요👍🏻"
nv_1123489755,도산분식 도산공원점,강남,분식,,8251,,,"오늘의 픽!!!(도산분식 도착)
전현무 무계획 방송을 통해 알았고 육회김밥과 분위기에 저장
쉬는 날 점심시간 지나 방문
바로 입장했고 육회안좋아하는데 날계란에 찍어 먹는 맛이 고기에 신선함과 고소함이 별미다! 강추!!!

떡볶이눈 어묵튀김이 나오는데 쥐포맛(내 취향이네!)
바삭하게 먹고싶으면 그냥먹고 적혀 먹으면 어묵보다는 단단한 식감
떡은 입안에서 부드러움에 미끌미끌

리뷰 서비스로 나온 순대튀김도 별미네

집앞이 아니라 아쉽지만 다른 메뉴도 먹어보러 와야겠다

홍콩에 감성도 있고 옛거스러움도 있어 취저네"
nv_1123489755,도산분식 도산공원점,강남,분식,,8251,,,"지난번에 먹은 육회김밥이랑 무침만두
맛을 잊지 못해서 또 먹었어요!ㅎㅎ

둘 다 개성 있는 맛이라 만족스러웠어요.👍🏻

육회김밥은 노른자에 같이 찍어 먹으니까 고소함이 더 살아나고,
살짝 매콤한 맛이 더해져서 계속 손이 가는 메뉴였어요.
일반 김밥이랑은 다른 매력이 있어서 별미 느낌으로 맛있게 먹었어요!

무침만두는 바삭하게 튀겨진 만두에
단짠단짠한 양념이 잘 어우러져서 정말 맛있었어요!

양념이 강한데도 과하지 않고
식감까지 좋아서 같이 먹기 딱 좋은 조합이었어요✨

전체적으로 메뉴가 독특하면서도
맛있어서 분식 좋아하시는 분들이라면
완전 추천해요🥰"
nv_1123489755,도산분식 도산공원점,강남,분식,,8251,,,"음식이 너무 깔끔하게 나오고
직원분께서 안내도 친절하게 해주셨어요☺️
육회김밥이랑 떡볶이 순대튀김 시켰는데
바삭하고 양념도 잘 들어서
어느것 하나 맛없는게 없네요❣️ 접근성도 좋아서
근처오면 들리기 좋을것같아요☺️☺️"
nv_1123489755,도산분식 도산공원점,강남,분식,,8251,,,가족들과 옛날 학교 앞 분식 맛이 그리워 먹으로 왓어요. 메뉴 하나하나 특색있고 맛있어요. 특히 육회김밥 계란 풀어서 찍어먹으니 더 맛나네요 👍 👍
nv_1123489755,도산분식 도산공원점,강남,분식,,8251,,,분식이 다 특색이 있고 하나의 요리 같습니다. 너무 맛있습니다. 재방문 의사 있습니다.
nv_1123489755,도산분식 도산공원점,강남,분식,,8251,,,"돈까스샌드 겉바속촉 인데 끝쪽이랑 다르게 가운데 덜익어서 생고기 뜯는 질긴 느낌 들어서 물어봤더니 익었다고 하니 뭐 익은거였겠죠?ㅎㅎ... 글고 제 입맛에 명란에그라이스는 좀 짜고 비려서 몇입 먹고 버림 돈아까웡 ㅠㅠ 차라리 김볶 먹을껄...ㅎㅎㅎ....
무침만두는 떡꼬치 양념이 발린 야끼만두라 바삭바삭 그나마 맛있음!ㅎㅎ... 스위트 모닝은 아침햇살 달달x3 버전이라 단거 좋아하는 사람 먹으면 될 듯..
리뷰이벤트로 순대튀김 받았는데 이게 젤 맛있었어요ㅎ
재방문은 안할거지만 번창하세요ㅎㅎㅎ"
nv_1123489755,도산분식 도산공원점,강남,분식,,8251,,,"여기만의 특별한 메뉴가 있어서 (마라김말이, 육회김밥, 순대튀김 등) 너무 맛있게 먹었어요! 재방문 의사 무조건 있어요"
nv_1123489755,도산분식 도산공원점,강남,분식,,8251,,,음식 가성비 너무 좋아요! 서울에서 이 금액은 어디서도 찾기 힘들잖아요~~ 매장도 청결하고 친절하세요! 물론 맛도 좋아서 외국에서 지인들 놀러오면 소개해주고싶은 곳 입니다~~
nv_1123489755,도산분식 도산공원점,강남,분식,,8251,,,전현무계획 나올만 하네요! 진짜 맛있어요 특히 육회김밥이랑 산도 진짜 최고에용ㅎㅎ 스위트모닝은 뭐지 싶어서 시켜봤는데 넘 달달하니 맛있어요❤️ 꼭 시켜드세요!! 떡볶이도 진짜 양많구 맛있었어요ㅎㅎ 커플세트 강추!
nv_1293718759,보슬보슬 역삼본점,강남,분식,"별점
4.38",4,,,3-4년 전부터 계속 왔었던 보슬보슬!! 예전에 정말 많이 왔었는데 요새는 이 근처에 안와서 못왔었다가 오랜만에 생각나서 왔어요!! 정말 정말 맛있어요ㅎㅎ 묵은지 제육말이 존맛탱!! 신메뉴 꼬막라면도 최고! 트러플키토김밥은 진짜 못해도 10줄넘게 먹었네요 ㅎㅎ
nv_1293718759,보슬보슬 역삼본점,강남,분식,"별점
4.38",4,,,"치즈 듬뿍 올라간 파스타부터 비주얼 대박 김밥, 매콤한 쌈요리까지 하나같이 맛있었어요 😋
특히 소스가 진하고 재료 아끼지 않은 느낌이라 만족도 최고!
음식이 전체적으로 따뜻하게 나와서 더 맛있게 먹었어요.
매장 분위기도 깔끔하고 편해서 친구랑 수다 떨기 좋았어요 :)
다음엔 다른 메뉴도 도전하러 재방문할 예정입니다 💛"
nv_1293718759,보슬보슬 역삼본점,강남,분식,"별점
4.38",4,,,키토김밥 진짜 맛있어요!! 안에 재료도 엄청 실하게 들어있고 재료가 다 조화롭게 잘 어울립니다 n번째 재방문하고 있는데 올때마다 만족하면서 먹어요 지점 제발 더 늘려주세요!! 보슬보슬 진짜 맛있어요 강추합니다!
nv_1293718759,보슬보슬 역삼본점,강남,분식,"별점
4.38",4,,,"음식도 맛있고 다이어트할 때 오기 좋은 곳 같아요!
수저도 개별 포장되어 있고 식당도 위생적으로 깔끔해서 더 맛있게 느껴졌어요
이달의 메뉴로 할인해주는 메뉴도 있고 좋아요
덕분에 맛있게 잘 먹고 왔습니다!"
nv_1293718759,보슬보슬 역삼본점,강남,분식,"별점
4.38",4,,,"김밥집임에도 음식이 나오기까지 시간이 꽤 소요되는 편입니다. 점심 시간대에 이용해서 그런지 배달 주문과 포장 주문도 많아 더 밀렸을 것 같습니다.

매장은 넓고 청결하게 유지되어 있습니다. 셀프바도 엄청 청결해서 놀랐습니다...! 리뷰 이벤트도 주문할 때 같이 요청하면 미리 영수증 가져다 주시는 시스템이라 마음에 들었습니다.

메뉴도 한 달 간 50% 할인하는 품목이 있어 가성비 좋게 먹을 수 있습니다. 5월은 제육쌈밥이네요.

너무 맛있습니다.."
nv_1293718759,보슬보슬 역삼본점,강남,분식,"별점
4.38",4,,,일단 어떤 각도로 찍어도 표현할수없는 이 키토김밥의 풍부함.살짝 간이 필요하다 싶으면 당장 떡볶이의 양배추를 얹어먹으면 해결된다. 거기다 평범하게 생긴 군만두를 한입 베어물면 그제서야 다시보게되는 이름. 명란군만두. 다음엔 짜파게티를 같이 시켜먹어야지
nv_1293718759,보슬보슬 역삼본점,강남,분식,"별점
4.38",4,,,"주말마다 50%메뉴가있어서 부담없이 골고루 맛볼수있어서 좋습니다 이번주는 돈까스인데 돈까스도맛있어요. 역시 보슬보슬은 맛없는게없습니다
김밥집치고 메뉴가 늦게나오는게 유일한 흠이지만(최소15분이상) 역시 맛있어요"
nv_1293718759,보슬보슬 역삼본점,강남,분식,"별점
4.38",4,,,"말이 필요 없습니다. 김밥 수준을 넘어선 그냥 요리예요.
- 매운파김치삼겹키토:포슬포슬한 계란 지단에 고소한 삼겹살, 매콤한 파김치 조합이 미쳤습니다. 제 원픽.
- 묵은지참치말이: 아삭한 묵은지와 담백한 참치가 입안에서 잔치를 벌이네요.
매장은 정말 청결하고 직원분들 모두 위생모 쓰고 계셔서 믿음이 확 갑니다. 쯔양님이 왜 그렇게 맛있게 드셨는지 단번에 이해되는 맛! 조만간 무조건 또 옵니다."
nv_1293718759,보슬보슬 역삼본점,강남,분식,"별점
4.38",4,,,"셀프바에 김치콩나물국, 김치, 단무지가 있어서 정말 좋아요!
매장도 쾌적하며 혼밥하기 좋습니다 ㅎㅎ
명란 군만두는 궁금하시다면 추천드리지만 김밥이 더 맛납니다 ㅎㅎ
크기 대비 가격 좋은 것 같습니다 :)"
nv_1293718759,보슬보슬 역삼본점,강남,분식,"별점
4.38",4,,,"파김치삼겹김밥을 먹으려했으나
말이에 눈이뿅
김치국도셀프로 이용할수있어요
매콤하니 맛있어요
메뉴를 하나씩 다먹어보고싶네요
먹고싶은 메뉴가 많은데
혼밥하러가서 입이하나니
단체로가야겠어요
혼밥 하기도좋아요"
nv_1570607237,보슬보슬 압구정본점,강남,분식,,6272,,,"김밥이란 김밥은 다 좋아하는데 그중에서도 여긴 최고에요. 보슬김밥도 키토도 미니김밥도 다 맛있고 마늘떡볶이나 볶음밥같은 서브메뉴들도 맛있어요!!
매장에서 먹구 내일먹으려고 포장주문 따로 해가는 내가 레전드.."
nv_1570607237,보슬보슬 압구정본점,강남,분식,,6272,,,키토김밥을 처음 알게 된 곳이 보슬보슬인데 여전히 맛있습니다 맨날 미니키토먹다가 삼겹살키토로 시켜봤는데 맛있습니다 양이 진짜 많아요. 소식러로써 반줄이나 미니키토 세트말고 단품도 팔면 좋을 것 같아요!!
nv_1570607237,보슬보슬 압구정본점,강남,분식,,6272,,,"보슬보슬 김밥 맛집 다녀왔어요 😊
요즘 돈까스 행사 중이라 반값에 먹을 수 있어서 가성비 최고였어요!

사람도 많지 않아서 한적하게 식사하기 좋았고, 매장도 깔끔하게 관리되어 있어서 더 만족스러웠습니다.
김밥도 이름처럼 정말 보슬보슬하고 맛있어서 다음에 또 방문하려고요 👍"
nv_1570607237,보슬보슬 압구정본점,강남,분식,,6272,,,"키토김밥 비주얼부터 압구정역 찐맛집입니다
매장 테이블이 다양하고 혼밥도 편하게 먹는 바 테이블도 있어요. 셀프바에 국, 건강차, 셀프포장, 추가 반찬 등 있어 편리하구요

키토김밥 맛은 찐 맛있어요. 계란의 식감도 좋고 재료도 풍성해서 배불러요. 여기 유튜버 쯔양도 방문한 맛집인데 몇 줄이나 먹었는 지 궁금하네요 ㅎㅎ

키토김밥과 쌈밥 주문하면 다양한 맛을 즐길 수 있고 2명에서 먹기 충분합니다. 남으면 셀프포장도 가능하구요.

트러플키토마요,묵참키토마요,매운파김치삼겹키토 다
맛있지만 매운파김치가 계속 먹으니 제일 맛있어요. 트러플키토마요 부드러운 식감이라 편하게 먹을 수 있구요. 찐맛집이라 나중에 압구정역 근처 방문하면 포장이나 매장식사하려고 합니다."
nv_1570607237,보슬보슬 압구정본점,강남,분식,,6272,,,"배달만 시켜먹다가 오랜만에 방문 !!
음식은 뭐 말해뭐해요 맛도리 !!

매장 남자 직원분 엄청 바쁘신데 너무 친절하셔서 매우 감동 !!
주말 마감시간대 직원분 좀 추가해주세요 ㅠㅠ
엄청 바빠보이시는 !!!

매장에서 먹는게 훨 맛있는 보슬보슬 ♡"
nv_1570607237,보슬보슬 압구정본점,강남,분식,,6272,,,"압구정 갔다가 궁금해서 들린 보슬보슬🍜🤍
매장 이름처럼 음식도 분위기도 뭔가 포근하고 아늑한 느낌이라 좋았어요🥹

사천트리플짜파게티 먹었는데 진짜 완전 취향저격🔥
짜파게티 특유의 진한 맛에 매콤함이 더해져서 계속 손 가는 맛!!
살짝 중독성 있어서 정신 차려보니 거의 흡입하고 있었어요ㅋㅋㅋ

트리플키토마요도 같이 먹었는데 고소하고 부드러운 맛이라
매콤한 짜파게티랑 조합이 진짜 최고였습니당💛
둘이 같이 먹으니까 물릴 틈 없이 계속 들어가요😋

리뷰이벤트로 받은 명란군만두까지 야무지게 냠냠🥟✨
겉바속촉이라 사이드로 딱 좋았어요!

매장도 깔끔하고 직원분들도 친절해서 기분 좋게 식사하고 왔습니당🫶
압구정에서 색다른 메뉴 먹고 싶을 때 또 방문할 것 같아요💫"
nv_1570607237,보슬보슬 압구정본점,강남,분식,,6272,,,"진짜 김밥양 대박이에요 하나로 두끼까지 쌉가능!!
맛은 말해뭐해!!!!! 그리고 늘 청결하게 유지되어 있어서 올때마다 좋아요 ㅎㅎ 혼밥러들을 위한 좌석도 마련되어 있고, 키오스크라 혼밥러들에게 최고의 장소!!"
nv_1570607237,보슬보슬 압구정본점,강남,분식,,6272,,,"제육쌈밥, 묵참키토마요, 아삭쫄면 후기입니다.

제육쌈밥은 이달의 메뉴 이벤트로 합리적인 가격에 맛볼 수 있습니다. 고기 양도 많고 건강한 쌈밥 느낌이라 깔끔하게 먹기 좋습니다.
묵참키토마요는 키토의 원조 보슬보슬답게 크기도 크고 내용물도 꽉꽉 차있습니다. 묵은지와 참치 비율이 딱 좋아서 지단과의 밸런스가 좋습니다. 건강한 고소함과 속세의 고소함이 고루 느껴지는 맛.
아삭쫄면은 일단 재료가 신선합니다. 재료가 신선해서 아삭할 수 밖에 없고 면이 통통쫄깃합니다. 매콤함이 덜한 것은 아쉽습니다.

압구정에서 키토김밥이 생각날 때 다시 올만한 곳."
nv_1570607237,보슬보슬 압구정본점,강남,분식,,6272,,,"매번 포장만해가다가 홀에서 처음 먹어봄!!
쫄면도 안먹어봐서 먹어보고싶었음ㅋㅋ 맛있네!!! 딱적당한 새콤함!! 오늘도 입터지게 와구와구 벌려서 먹음ㅋㅋㅋ
중간에 셀프바가있음! 콩나물국 칼칼허니 맛있어용"
nv_1570607237,보슬보슬 압구정본점,강남,분식,,6272,,,안녕하세요 오늘 미팅이 있어서 두번째 방문하게된 고객입니다😽💞 제가 건의드린 내용 흔쾌히 수용해주시고 바로 개선 해주시는 경영마인드 존경합니다 한국의 분식계를 선도하는 브랜드가 되길 또 맛있게 먹구가요😝😝💛💛 또 올께요
nv_43229792,다모아분식,강남,분식,,1021,,,"다모아분식 한가인떡볶이로 유튜브 방송에서 보고 유명하길래 다녀왔어요.😄
🧡떡볶이 1인분(밀떡) + 모듬 튀김 5개(잘라서 나옴) + 새우볶음밥 1인분 + 사이다캔 = ₩22,000원🧡
떡볶이는 밀떡인데 떡이 부드럽고 말랑하지는 않았지만 달짝 지근한 소스와 잘 어울리고 오뎅이랑 파도 많이 들어가있었어요.😋👏🏻👏🏻✨
모듬 튀김도 김말이, 만두, 새우, 오징어, 고구마 5가지 골고루 먹을 수 있고 담백하고 깔끔하게 잘 튀겨져나왔어요.🥰👍🏻👍🏻
새우볶음밥도 새우도 탱글탱글하고 볶은 계란과 잘 섞여져서 중식 느낌 볶음밥으로 잘 나와요.😍🩷💓
아침 겸 점심으로 먹었는데 배도 부르고 맛있게 잘 먹었어요.😄💕
편리한 점은 테이블마다 QR로 쿠팡 어플로 자동 주문, 결제라서 선결제예요.😉👏🏻👏🏻
배부르고 맛있게 잘 먹었습니다.😊💕"
nv_43229792,다모아분식,강남,분식,,1021,,,"달인 떡볶이로 유명한 곳이라 궁금해서 방문해봤어요. 떡볶이는 자극적으로 맵지 않아 부담 없이 먹기 좋고, 쫄깃한 떡 식감이 매력적이네요. 튀김은 원하는 종류로 골라 담을 수 있어서 취향대로 즐기기 좋았습니다. 순대, 김밥 등 사이드 메뉴도 다양해서 여러 가지 함께 먹기 좋아요. 전체적으로 가성비도 괜찮고 간단하게 분식 생각날 때 추천하고 싶은 곳입니다.☺️"
nv_43229792,다모아분식,강남,분식,,1021,,,야채도 많이 들어가서 좋은데.. 다만 좀 달아서 아쉽.
nv_43229792,다모아분식,강남,분식,,1021,,,참치김밥 맛있음~
nv_43229792,다모아분식,강남,분식,,1021,,,"여기 낮술의 성지에요~ ^^
좋아하는 사람들과 낮술 하러 왔다가...
한참 동안 잊고 살았던 그 맛을 생각나게 해주는.
맛난 떡볶이랑 튀김이랑 순대랑 오뎅이랑~ 캬~
낮술까지 캬~ 캬~ 캬캬캬~~~
여긴 꼭!!! 방문 해 보시길."
nv_43229792,다모아분식,강남,분식,,1021,,,다른 메뉴에 비해 라면은 정말.. 아니라는 결론!! 딱 봉지라면 그대로만 끓여줌. (옆가게는 같은 5000원에 계란 넣어주고 파도 송송 넣어주는데..)
nv_43229792,다모아분식,강남,분식,,1021,,,"평일 점심때 가면 웨이팅은 아니지만 사람들이 많이 가서
조금 일찍 가시는게 좋을 거 같아요
떡볶이는 어머니가 맛보기에는 홍시맛이 느껴진다는데 저는 모르겠더라고요🤔 그래도 자극적이지않고 맛있고
튀김옷도 얇고 바삭해요 ~ 양은 많지는 않지만 가격이 착하다고 생각합니다!"
nv_43229792,다모아분식,강남,분식,,1021,,,"오랜 시간 동안 한결같은 맛을 지켜온 [다모아분식]! 🌟 역시 이곳의 떡볶이와 순대는 최고입니다. 떡볶이는 양념이 깊게 배어들어 매콤달콤하고, 순대는 잡내 없이 쫄깃쫄깃 고소했어요. 두 메뉴의 조합은 언제나 환상적입니다. 👍
이곳은 강남 논현동 한자리에서 오랫동안 꾸준히 인기가 많은 이유가 있어요. 추억의 맛과 따뜻한 정이 느껴지는 정겨운 분위기까지! 재방문의사 100%에요."
nv_43229792,다모아분식,강남,분식,,1021,,,"호불호없이 먹기 좋은 떡볶이.
연예인 유튜브에 나온것 보고 방문했어요.
꼬마김밥과 함께 먹으니 식사로 좋네요."
nv_19935560,루비떡볶이,강남,분식,"별점
4.33",4,,,"제주짱아찌 김밥, 불고기 김밥 맛있어요~
점심 시간에 붐비는데 1시 이후는 좌석에 여유가 생겨요~"
nv_19935560,루비떡볶이,강남,분식,"별점
4.33",4,,,"소시지 김밥이 진짜 진짜 너무 맛있었어요!!
와사비 마요인지 뭔지 살짝 알싸한 맛도 있으면서 소시지도 실하고 계란도 보들보들하니 넘 맛있더라구요!
새우깡 떡볶이도 맛있었는데 제 입맛엔 좀 매웠어요!
떡볶이도 좋았지만 김밥 맛에 놀라고 갑니다!
자주 방문해서 먹을 것 같아요!"
nv_19935560,루비떡볶이,강남,분식,"별점
4.33",4,,,"안녕하세요!🫶
바로 본론부터 빠르게 갈게요!🏃🏻‍➡️
소세지 김밥: 메뉴판에 써있는대로 풍미 100퍼센트! 👍🏻
(제 기준에는 소스가 매워요!🔥)
제주 고추장흑돼지 김밥은 저희 아버지가 드셨어요!👨🏻

(전 매주 토요일에 옵니다:)
❤️💖❤️💖❤️💖❤️💖❤️💖❤️💖❤️💖❤️💖

리뷰쓰는 초2 yJ"
nv_19935560,루비떡볶이,강남,분식,"별점
4.33",4,,,"오랜 단골인 친구는 맛이 예전같지 않다 했어도
새우깡떡볶이의 짭쫄와자작함과
소세지김밥의 상큼꼬독꼬독함이 제 취향에 딱 맞았어요😋
이 조합으로는 처음 먹었고 다음엔 튀김도 같이 먹으려구요
친절하신데다 빨리 나와서 더 좋아요"
nv_19935560,루비떡볶이,강남,분식,"별점
4.33",4,,,"오랜만에 생각나서 방문한 압구정로데오 골목 안에 있는 루비떡볶이 본점. 기본 떡볶이 1인분과 순대 1인분 주문하고 12,000원 결제 완료. 네이버에 블라초블로그 검색"
nv_19935560,루비떡볶이,강남,분식,"별점
4.33",4,,,들어만 보던 루비떡볶이 드디어 와봤네요! 새우깡 떡볶이가 신박합니다. 맛있어요🙌
nv_19935560,루비떡볶이,강남,분식,"별점
4.33",4,,,"⭐떡볶이계의 에르메스라고 불리는 루비떡볶이⭐

▶️새우깡떡볶이(₩7,500원), 소세지김밥(₩6,000원), 왕새우튀김(₩6,500원), 쿨피스 캔(₩2,000원) 이렇게 총 ₩22,000원해서 모두 먹고 왔습니다.😋👍🏻💕
새우깡떡볶이는 작은 민물새우튀김이 들어가 바삭하고 떡볶이랑 같이 심심하지않게 먹을 수 있어요.😄
소세지김밥도 정말 맛있었는데 통소세지가 식감이 좋고 약간 와사비마요 소스가 들어간 맛이랄까...? 젊은 분들 입맛에 잘 맞을거 같아요.🤗✨
왕새우튀김 2개도 🍤🍤 새우의 크기가 매우 크고 불편하지 않게 잘 먹었네요~~😋😘🤩👍🏻
새우 튀김에 진심인 루비떡볶이👏🏻👏🏻
오뎅국물도 종이컵에 나오고 쿨피스캔도 떡볶이랑 튀김, 소세지김밥과 같이 시원하게 잘 마셨습니다.😊✨
여기까지 루비떡볶이 첫 후기였어요.😘⭐"
nv_19935560,루비떡볶이,강남,분식,"별점
4.33",4,,,압구정 떡볶이 중에 저는 루비떡볶이가 제일 맛있는것 같아요! 특히 새우깡 떡볶이 꼭 드셔보세요~ 떡도 국내산이고 오픈 키친으로 주방도 깨끗하고 떡볶이도 적당히 달고 맵고 정말 맛있습니다. 자극적이지 않는데 정말 맛있어요. 사장님도 매우 매우 친절하십니다. 오랜만에 떡볶이가 먹고 싶었는데 정말 맛있게 잘 먹었습니다! 여기 김밥도 맛있으니까 꼭 드셔보세요~
nv_19935560,루비떡볶이,강남,분식,"별점
4.33",4,,,"새우깡 떡볶이!
재밌는 떡볶이를 먹어볼수있는
루비떡볶이

주문은 자리잡고 테이블번호 확인후에
자리에있는 주문지에 체크해서
카운터에 가져다주면돼요
계산은 다 먹고 그릇 반납할때!

시그니쳐 새우깡 떡볶이 맛있어요
쫄깃한 쌀떡에 민물새우 튀김이
그득 올라갑니다
새우 아끼지말고 국물이랑 같이
푹푹 떠먹으면 바삭짭쪼름하니 맛있어요

테이블 엄청 깨끗하게 치우셔서
깨끗
끈적거리는거 전혀 없어서 좋아요"
nv_19935560,루비떡볶이,강남,분식,"별점
4.33",4,,,"새우깡떡볶이(7,5)와 소세지김밥(6,0) 주문했습니다. 평일 오후에 방문하니 한산했어요. 김밥에 들어간 소세지는 저렴한 맛이 아니라 뽀득뽀득한 맛있는 소세지입니다. 구성물이 단촐하지만 맛있었어요.
새우깡떡볶이는 위에 올려진 건새우튀김(?) 같은 게 바삭하고 고소해서 맛있습니다. 떡볶이가 예상 외로 꽤 매웠어요. 매콤해서 김밥과 같이 먹기에 좋습니다.
가게 내부에 식자재 상자가 놓여져 있는데, 전부 국산이고 좋은 재료를 쓰시는 것 같아 보였습니다. 음식은 원래 직접 가져와야 하지만 임산부인걸 보시고 직접 갖다주셨어요.. 친절하게 대해주셔서 정말 감사했습니다."
nv_1609748638,타이거 꼬마김밥 언주역 본점,강남,분식,,1052,,,요기 김밥은 처음 먹어봤는데 맛있네요 소스 특히 저는 겨자소스가 맛있었어요ㅎㅎ 그리구 갈비로 만든 치킨같은건데 전 이거 너무 맛있어요!
nv_1609748638,타이거 꼬마김밥 언주역 본점,강남,분식,,1052,,,옆에 차병원 갈때마다 자주 들르는 곳이예요~ 김밥 깔끔하고 맛있어요^^ 떡볶이 로제 라볶이도 추천!!
nv_1609748638,타이거 꼬마김밥 언주역 본점,강남,분식,,1052,,,"모듬김밥에 겨자소스, 떡볶이 까지 완그릇 했습니다!
마약김밥 진짜 좋아하는데 항상 김밥 내용물이 아쉬웠었거는요. 타이거 꼬마김밥은 그냥 김밥만 먹어도 맛있는데 겨자소스에 찍어먹으니까 더더더더더 맛있어요!!!
떡볶이는 밀떡에 오뎅튀김 얹어주는데 짱 맛입니다~👍🏻👍🏻👍🏻👍🏻
항상 그냥 지나가다가 오늘 들어와봤는데 재재방문 예약입니다❤️"
nv_1609748638,타이거 꼬마김밥 언주역 본점,강남,분식,,1052,,,차병원 오시는 남편들 여기서 식사하시면 됩니다 개운해요 힘이나요 ㅎㅎ 라면 맛잇고 김밥 맛잇고 강정 별미에요
nv_1609748638,타이거 꼬마김밥 언주역 본점,강남,분식,,1052,,,"너~~~~~무 맛있어요!!
큰 기대안하고 갔던 곳인데, 이렇게 맛있을줄이야!!!
담에 재방문 10000% 합니다.
갈비프라이는 매콤한맛 하면 좋을듯하고
연탄불고기 김밥 대박!"
nv_1609748638,타이거 꼬마김밥 언주역 본점,강남,분식,,1052,,,"💕
각 메뉴마다 킥이 있네요
김밥은 겨자 소스, 라볶이는 어묵 튀김, 라면은 김가루
잘 먹었습니다"
nv_1609748638,타이거 꼬마김밥 언주역 본점,강남,분식,,1052,,,"꼬마김밥과 떡볶이를 같이 먹어보고 싶어서 찾아서 갔아요 ^^
꼬마김밥 종류도 다양하고~ 떡볶이는 제가 좋아하는 밀떡이라 넘 만족!
매장이 넓진 않지만 깔끔해요~"
nv_1609748638,타이거 꼬마김밥 언주역 본점,강남,분식,,1052,,,통새우튀김우동 + 타이거김밥세트랑 스팸꼬마김밥으로 둘이서 먹고왔어요. 개인적으로는 쌈장소스보다는 겨자소스가 코끝이 찡하고 맛있어서 엄청 잘먹네요ㅎㅎ 꼬마김밥이라서~ 배부르게드시려면 1인 1세트로 시켜드시길 추천드립니다~
nv_1609748638,타이거 꼬마김밥 언주역 본점,강남,분식,,1052,,,"언주역 근처 자주 오지만 가까이 먹을만한데가 별로 없었는데 우연히 본 타이거 꼬마김밥에 왔습니다.
점심시간이 많이 지나서 그런지 여유로웠고 음식도 빨리 나왔네요. 김밥러버인지라 겨자소스에 한입 먹는데 속이 가득차고 맛있어요. 간도 딱.
맵부심 있어서 매운맛 우동 시켰는데 적당히 칼칼하고 좋았어요. 담에 또 와야겠어요!"
nv_1609748638,타이거 꼬마김밥 언주역 본점,강남,분식,,1052,,,꼬마김밥이 엄청 맛있네요. 어묵탕과 라볶이는 무난무난했습니다. 병원 근처라서 와봤는데 다음에도 또 오려구요 ㅋㅋㅋ
nv_38337730,튀김아저씨,강남,분식,"별점
4.55",4,,,오늘 국물 간이 좀 약하네요.
nv_38337730,튀김아저씨,강남,분식,"별점
4.55",4,,,니 곳은 워낙 오래되고 유명한 은마상가 지하의 떡볶이집인데 맛있어요. 가격은 좀 있지만 그래도 가끔씩 방문해여. 특히 튀김이 정말 맛나요.
nv_38337730,튀김아저씨,강남,분식,"별점
4.55",4,,,"평일인데도 사람많아서 웨이팅 했어요.
떡볶이양이 5천원치고 많아서 2인분 안시키길잘한듯ㅋㅋ 모듬튀김을 시켰는데 나중엔 오징어 김말이로 시키려구요 . 떡볶이가 달지도않아서 제입맛에 아주 딱이였구요 의외로 오뎅도 아주맛있었어요ㅋㅋ 순대에선 살짝 냄새가 나기도.."
nv_38337730,튀김아저씨,강남,분식,"별점
4.55",4,,,"매장에는 늘 대기가 넘쳐나요!
사장님이 바쁘게 리듬타면서 튀김만들어주시는거 보는것도 재밌어요!
전 비조리떡볶이랑 오징어튀김2인분 주문해서 배터지게 먹었어요!
수원에서 가까운 거리는 아니지만
대치동 갈때마다 비조리 떡볶이 사와서 진짜 매장만큼 맛있는거 같아요.
포장줄이랑 매장식사줄이 다르니까 꼭 물어보고 줄 서세요!
항상 맛있는 음식 감사합니다.🙇‍♀️"
nv_38337730,튀김아저씨,강남,분식,"별점
4.55",4,,,"튀김아저씨 기름이 엄청 깨끗해요..
튀김도 맛나요
비조리 떡볶이도 사왔어요~~^^"
nv_38337730,튀김아저씨,강남,분식,"별점
4.55",4,,,"매장에서 먹어도 맛있고
대기하기 힘드시면 떡볶이 비조리 포장해서 집에서 먹어도 맛있어요!
이 집 오징어튀김은 진짜 진짜 꼭 드세요😋
전 비조리 포장할때 꼭 오튀도 2인분 포장해서 에어프라이기에 돌려같이먹습니다.👍
가게 사장님 사모님 이모님들 바쁜 와중에도 진짜 친절하십니다.😍"
nv_38337730,튀김아저씨,강남,분식,"별점
4.55",4,,,떡볶이 양 많아요 ㄷㄷ 감칠맛 느껴지는 양념맛 튀김 바삭바삭 쫀맛이예요🍤💛💛
nv_38337730,튀김아저씨,강남,분식,"별점
4.55",4,,,"근처에 갔다가 튀김아저씨 생각 나서 오후 4시쯤이라 주말이지만 대기가 없을 듯 해서 갔는데 예상적중!!!
대기없이 바로 앉아 잘 먹고 왔어요!!!"
nv_38337730,튀김아저씨,강남,분식,"별점
4.55",4,,,"초심을 잃었네요. 나이든 여자 어르신.. (사장님 엄마 혹은 장모님으로 추정됨) 불친절함에 먹지 말까 하다가.. 그래도 먹고 갑니다.
손님에게 그런 취급하시는건 심하셨어요

남자 튀김 사장님은 좋으신데.. 안타깝네요

이렇게 나의 오랜 맛집은 추억으로......."
nv_38337730,튀김아저씨,강남,분식,"별점
4.55",4,,,"튀김아저씨의 즉석튀김이 맛없을수가 없지요! 신선하다는 단어가 어울리는 튀김이라니👍🏻🤤😭
국물자작한 밀떡이랑 최고의 조합이구요 오징어튀김1셋트 추가하면서 떡볶이 국물에 넣어먹으려고 튀김가루 혹시 가능하시면 조금 주십사 부탁드렸는데 ㅋㅋㅋ 두번째사진처럼 꺄-악ㅋㅋㅋ
엄청 바쁘신데 친절하셔서 먹으면서 기분도 좋아지더라구요~"
nv_2004984088,타이거 꼬마김밥 대치점,강남,분식,,170,,,"원래 김밥을 좋아하는 편이 아니었는데
여기 김밥은 좋아하게 됐어요..
정말 김밥의 퀄리티가 남다르고 소스가 정말 맛있어요!!
소스는 두가지 종류가 있는데 둘 다 다른 느낌으로 맛있네요
여기 떡볶이랑 새우튀김도 진짜 진짜 진짜 강추합니다
모든 메뉴가 다 하이 퀄리티,,
요즘 일주일에 두번 이상은 꼭 오게 되네요 ㅎㅎ
제 최애 김밥집👍🏻
만수무강하셔서 오래 오래 운영해주세요❤️"
nv_2004984088,타이거 꼬마김밥 대치점,강남,분식,,170,,,"타이거 꼬마김밥 처음 먹어보는데 너무 맛있어요.
오징어도 쫀득하고 부들거리고 맛있어요.
김밥도 고소하고 소스도 너무 맛있어요.~"
nv_2004984088,타이거 꼬마김밥 대치점,강남,분식,,170,,,"근처 갈일이 있어서 소문듣고 갔는데
메뉴구성이 푸짐 하고 골고루 먹을수 있게
너무 좋고 맛도있고

사장님 비롯 직원분들 다 너무 친절하시고
음료도 진하게 재료도 아낌없이 넣어주셔서
아주 맛있게 잘 먹고
양도 많아서 남긴것 까지 포장 해주셔서
기분좋게 잘 먹고 왔어요"
nv_2004984088,타이거 꼬마김밥 대치점,강남,분식,,170,,,메뉴가 다양하고 다 유니크해서 고르는게 넘 힘들었어요! 이 주변에서 이정도 양 라볶이에 가격이면 완전 가성비!!! 양도 많고 떡도 진짜 많아용 첫 방문인데 재방문 의사 완전 있습니당 직원분들도 넘 친절하세요!
nv_2004984088,타이거 꼬마김밥 대치점,강남,분식,,170,,,아이 학원 레테하러 왔다가 간식먹이려 방문했는데 브레이크 타임도 없어서 좋네요^^ 매장 깨끗하고 친절하세요. 아이가 좋아하는 다양햐 메뉴가 많아서 좋아요
nv_2004984088,타이거 꼬마김밥 대치점,강남,분식,,170,,,"참기름고소하게발라져서 꼬마김밥 귀엽고맛있네요
라면도 꼬들하게 맛있어서
또올꺼같아요!!!"
nv_2004984088,타이거 꼬마김밥 대치점,강남,분식,,170,,,"우연히 맛있다고 소문난 타이거 꼬마김밥 대치점에 방문했는데, 메뉴 구성이 알차고 전체적으로 정말 만족스러웠어요!
꼬마김밥 먹다가 떡볶이 한입 먹으면 딱 적당히 매콤하고 많이 달지 않아서 좋았고, 튀김도 하나씩 먹다 보니 배부를 때쯤 어묵튀김까지 완벽하게 마무리👍
같이 나온 소스들도 하나같이 맛있어서 조합이 정말 좋았습니다.
음료도 기대 이상!
타이거 보틀 아이스 매실이랑 패션후르츠는 상큼하고, 아이스 아메리카노는 산미 없고 고소해서 추천이에요.
분식집인데 음료까지 맛있어서 놀랐어요 😆
다음에는 오징어통라면, 연탄불고기 꼬마김밥, 스팸 꼬마김밥 먹으러 또 갈 예정!
여럿이 가서 다양하게 시켜 먹어도 좋을 것 같아요.
포장도 깔끔하고, 오징어튀김이랑 갈비 후라이드는 꼭꼭꼭 드셔보세요! ❤️"
nv_2004984088,타이거 꼬마김밥 대치점,강남,분식,,170,,,"2번째 방문 💛

지난번에 먹어보고 너무 맛있어서 또 다녀왔어요!
이번엔 타이거 꼬마김밥, 모듬 꼬마김밥, 양념갈비 후라이드, 타이거 떡볶이까지 포장 👍

그리고 이번에 처음 먹어본 메뉴,
통오징어 라면 🍜 + 모듬 꼬마김밥

진짜… 너무 맛있어요 😭
싱싱한 통오징어에 깔끔한 국물,
탱글하면서 꼬들한 면발까지 완전 제 스타일!

음료도 가격은 착한데 맛은 카페급 이상✨

무엇보다
사장님의 친절한 미소와 좋은 목소리,
자상한 응대까지 더해져서 요즘 같은 바쁜 일상에
힐링 제대로 하고 왔어요

재방문 의사 100% ✔️
사장님이
오션 이라는 아이돌출신 이래요"
nv_2004984088,타이거 꼬마김밥 대치점,강남,분식,,170,,,"얼큰하고 진한 국물의 떡볶이는 쫄깃한 떡과 바삭한 튀김이 환상적으로 어우러졌고, 통오징어가 통째로 올라간 라면은 해산물의 깊은 풍미가 나서 너무 맛있었어요~~김밥은 겨자소스를 찍어먹으니 한입 한입 먹을수록 다양한 식감이 나서 멈추지 못할맛이네요
자주 배달하고 방문할듯해요~~ 꼭 드셔보세요^^"
nv_2004984088,타이거 꼬마김밥 대치점,강남,분식,,170,,,대치동 학원 오가며 중간에 식사 및 간식으로 먹기 아주 좋습니다. 아이가 맛있다고 좋아하여 벌써 3번째 방문입니다. 김밥도 아주 맛있고 라면도 아이 먹기 좋게 순한맛 선택가능하고 면발 고슬고슬하니 맛나요. 사장님도 직원분들도 모두 친절하시네요.
nv_1488199141,오레노카츠 대치점,강남,이자카야,,4535,,,"고기잡냄새 하나도 없이 깔끔하고 정갈하게 나와서 먹는내내 기분좋게 먹었어요!
혼밥하기도 너무 좋고 가족 친규들이랑 와도 맛잇게 얘기나누며 먹을수 잇어요
공간도 넓직하고 쾌적하더라규요! 아기 데려와도 안심이라 너무 만족했습니다 또올게요!"
nv_1488199141,오레노카츠 대치점,강남,이자카야,,4535,,,감사합니다. 카라아케도 맛있고. 카레에 들어 있는 소세지도 맛있어요. 우동도 잘 먹어요
nv_1488199141,오레노카츠 대치점,강남,이자카야,,4535,,,"맛있어요!!
돈까스 느끼한 곳도 많고,, 안심 아니면 퍽퍽할수도 있는데
여기는 엄청 부드럽고 튀김이 담백해서 좋아요!
왕돈까스 좋아하는데 왕돈까스 먹으러 와야겠어요!
비빔양념은 좀 매콤하지만(맵찔이) 전체적인 조화가 👍🏽👍🏽
체다치즈소스는 소스 자체는 맛있능데
안뿌리고 따로 먹는게 좋을 것 같아요!"
nv_1488199141,오레노카츠 대치점,강남,이자카야,,4535,,,"등심카츠 정말 바삭하고 육즙도 살아있어서 맛있게 먹었습니다.
고기 잡내 없이 부드럽고 소스 조합도 잘 어울렸어요.
매장 분위기 깔끔하고 직원분들도 친절해서 기분 좋았습니다.
웨이팅이 있는 이유를 알겠는 맛집이네요.
다음에는 치즈카츠도 꼭 먹어보려고 합니다."
nv_1488199141,오레노카츠 대치점,강남,이자카야,,4535,,,"대치동 상담왔다가 네이버에서 검색해서 왔어요
돈카츠가 맛있어요
학원갔다가 혼밥 하기에도 좋고 가족과 같이 오기 좋은거같아요.
자리가 넓고 깨끗해서 좋아요
만족합니다!"
nv_1488199141,오레노카츠 대치점,강남,이자카야,,4535,,,모짜렐라치즈카츠 바삭하고 맛있어요. 카레도 크리미하고 깊은 맛이 나서 맛있습니다. 아이가 치즈돈까스를 좋아해서 자주 올 것 같아요.
nv_1488199141,오레노카츠 대치점,강남,이자카야,,4535,,,"나의 최애돈카츠단골 오레노카츠 대치점 👍

일단 돈카츠가 두툼하고 육즙이 살아있어서 한입 먹자마자 만족스러웠어요. 겉은 바삭하고 속은 촉촉한 ‘겉바속촉’ 스타일이라 식감이 좋습니다. 특히 생등심이라 그런지 고기가 부드럽고 퀄리티가 느껴져요.

정식으로 주문하면 우동이나 소바가 같이 나와서 한 끼 든든하게 먹기 좋고, 구성 대비 가격도 무난한 편입니다.

매장 분위기도 깔끔하고 직원분들도 친절해서 편하게 식사할 수 있었어요. 한티역 근처에서 돈까스 먹고 싶을 때 재방문 의사 있습니다!"
nv_1488199141,오레노카츠 대치점,강남,이자카야,,4535,,,"우리가족 단골집이에요^^
돈까스 체다치즈소스 같이시켜서 먹으면
진짜 맛나요^^
지금 5천원할인 이벤트도 하네요!
지주올께요♡"
nv_1488199141,오레노카츠 대치점,강남,이자카야,,4535,,,친절하시고 음식도 맛있었습니다. 5월 이벤트 5천원 할인까지 맛있게 잘 먹도록 할게요. ^^
nv_1488199141,오레노카츠 대치점,강남,이자카야,,4535,,,"생돈까스가 바삭하면서 속이 촉촉해요~ 마제소바도 양념이 잘 어우러지고 면도 쫄깃하고 맛있네요👍
다음에는 체다치즈돈까스랑 왕돈까스 먹어보고싶어요 다 맛있어 보여서 메뉴 고르는데 힘들었어요 ㅎㅎ 🥰 아이랑 같이오고싶어요!!"
nv_281317542,공감블랙 신사,강남,이자카야,,2644,,,"매장 인테리어가 블랙 톤으로 아주 깔끔하고 고급스러워요. 프라이빗한 룸과 테이블 공간이 잘 나누어져 있어서 일행과 조용히 대화 나누며 술 한잔하기 최고입니다. 안주도 깔끔하고 맛있고, 플레이팅 하나하나 신경 쓰신 게 티가 나네요. 직원분들도 친절하셔서 기분 좋게 머물다 갑니다. 신사역 근처에서 모임이나 데이트 장소 찾으시는 분들께 적극 추천해 드려요! 재방문 의사 100%입니다. 👍"
nv_281317542,공감블랙 신사,강남,이자카야,,2644,,,"너무너무맛있어요^^친절하시고 안주도 다양합니다, 술이아주술술들어가요 번창하세요 사장님
다음에또올께요^^"
nv_281317542,공감블랙 신사,강남,이자카야,,2644,,,우선 분위기가 80프로 이상 먹고 들어가는데 음식이 별미에다가 맛있습니다 주류도 다양하고 직원분들이 적극적이고 친절하셔서 기분이 좋아지는 무드였습니다 테이블 간격이 넓어서 왁자지껄해도 대화하기 좋았습니다
nv_281317542,공감블랙 신사,강남,이자카야,,2644,,,생일파티 겸 모임장소로 방문했어요. 인테리어가 깔끔하고 생일서비스로 미역국도 제공되는데 미역국 맛있습니다 ㅎㅎ 다른 메뉴들도 좋았고 분위기까지 더해서 만족스러운 생파였습니다☺️
nv_281317542,공감블랙 신사,강남,이자카야,,2644,,,"오늘 전임수의사 자격교육이 가톨릭대학교에서 했기에
급 서울에 왔네요...6시까지 빡시게 강의듣고
사랑스런 딸과 미팅. 신사역이 근처라 왔는데
오...7시가 되기전인데도 손님이 많더라구요.
그래서 찐 맛집이라 생각해서 들어왔네요.
근데 들어와서 앉으니 분위기도 굿이고
음식이 하나같이 맛있었어요.
우동사리까지 넣어 먹으니 배불배불.
분위기 좋은 곳에서 딸과 하이볼.
토마토 하이볼 강추예요. 생각을 벗어난 이 맛.
딸도 만족.
곧 기차타고 대구가지만
담번에 서울오믄 또 들러야겠어요.
딸과 데이트를 빛내준 공감에 감사하네요."
nv_281317542,공감블랙 신사,강남,이자카야,,2644,,,"전복 내장 파스타 무조건 꼭 꼭 시키세요
꼭 안 시키면 다시 가야해용
양도 진짜 많고 조욜항 곳 활기찬 곳 둘 더 있음
분위기 죠어요.. 💖"
nv_281317542,공감블랙 신사,강남,이자카야,,2644,,,너무 맛집이에요 나베꼭 시켜드시고 전복파스타두 너무 소중해요 위스키도 종류별로 있어서 다 먹어보고싶어요♥️ 다음에 와서 전메뉴 다 먹어볼려구요 추천합니다🎀😁💗🍷
nv_281317542,공감블랙 신사,강남,이자카야,,2644,,,"친구생일이라 신사동맛집 방문했어요. 공감블랙 사시미 진짜 맛있고. 우니 버터 갈릭 파스타 진짜 맛있어요.
맥주에 진심인 친구가 이집 생맥주 진짜 맛있다고 극찬을하네요. 아사히 슈퍼드라이 꼭 드셔보세요.
다른메뉴 먹으러 또 방문예정이에요"
nv_281317542,공감블랙 신사,강남,이자카야,,2644,,,"너무 맛있고 다양한 메뉴
다음엔 더 다양한 메뉴 먹고 싶어서 큰모임으로 올거에요! 회도 싱싱 메뉴마다 특섹있고 분위기도 좋았어요"
nv_281317542,공감블랙 신사,강남,이자카야,,2644,,,"분위기 너무 좋아요 여기!
친구들이랑 2차로 왔는데 고급지고 좋아요"
nv_1460164532,갓포우오 신사점,강남,이자카야,,2803,,,"벌써 몇 번 째 방문 중이에요ㅜㅠ
갓포우오 만큼 맛있고 대화하기 좋은 곳 찾기 힘들어요 항상 직원분들도 친절하시고 룸 형식이라 프라이빗하고 좋아여 ㅎㅎ 다른 지점들도 가봤는데 다 맛있더라구여!! 신사 이자카야 신사역 술집은 역쉬 갓포우오!!!!"
nv_1460164532,갓포우오 신사점,강남,이자카야,,2803,,,"동료들과 신사역 이자카여나 가자하고 찾은 곳중에 하나로 방문했는데
룸도 너무 잘 되어있고 음식 종류도 많아서 골라먹기 너무 좋아요
음식들도 다 맛있어서 실패를 안해서 너무 좋아요
신사역 술집은 꼭 갓포우오~~"
nv_1460164532,갓포우오 신사점,강남,이자카야,,2803,,,친구들이랑 오랜만에 신사역 이자카야를 가보려고 찾다가 방문하게 되었어요! 저희가 날짜를 실수로 잘못 예약했는데도 친절하게 안내해주신 덕분에 잘 이용할 수 있었습니당 감사합니당☺️ 룸도 있어서 친구들과 편하게 대화할 수 있었고 음식들도 다 너무너무 맛있었습니다ㅎㅎㅎ 신사역 술집으로 추천드립니당 다음에 또 방문하겠습니다!
nv_1460164532,갓포우오 신사점,강남,이자카야,,2803,,,"신사역 이자카야 찾다가 분위기 좋아 보여서 방문했는데, 결과적으로 완전 만족했어요 😊 룸에서 조도가 인생샷 건지기도 너무 좋습니다 ㅋㅋㅋㅋㅋ 첫 안주 사시미는 신선도가 진짜 남달라서 입에 넣자마자 부드럽게 녹는 느낌이었고, 다양한 구성이라 골라 먹는 재미도 있었어요. 특히 연어랑 참치가 고소하면서도 깔끔해서 계속 손이 가더라구요. 메인으로 주문한 나베는 깊고 진한 국물 맛이 인상적이었고, 부추와 고기가 듬뿍 들어가 있어서 술안주로 딱이었어요. 구이 메뉴도 불향이 은은하게 배어 있어서 감칠맛이 살아 있었고요. 전체적으로 음식 퀄리티가 좋아서 신사역 술집 중에서도 재방문 의사 확실한 곳이에요 🍶✨
#신사역이자카야 #신사역술집"
nv_1460164532,갓포우오 신사점,강남,이자카야,,2803,,,음식이 다 맛있어서 받자마자 먹어버려서 사진이 별로 없네요ㅠ 룸 형태라 조용하고 쾌적한 환경에서 지인들끼리 좋은 시간 보낼 수 있어요. 음식도 빨리 나오고 깔끔하고요 개인적으로 숙성회랑 타다키가 제일 맛있었어요.
nv_1460164532,갓포우오 신사점,강남,이자카야,,2803,,,"제가 가장 좋아하는 신사역 이자카야중에 한곳이에요
분위기도 좋고 모든 음식이 맛있어요
신사역 술집 찾으시면 꼭 한번 들려보세요"
nv_1460164532,갓포우오 신사점,강남,이자카야,,2803,,,"언니 추천으로 왔는데 진짜 너무 맛있어요
예약없이와서 살짝 대기를 하기는 했는데
대기가 있어도 너무 만족할 정도로 너무 좋았어요
신사역 이자카야 언니 추천으로 왔는데
진짜 너무 만족하고 신사역 주변에 술집이 진짜 많은데 앞으로 신사역 술집은 갓포우오로 오려구요!!
직원분들도 다들 친절하시고 맛도 너무 좋아서 만족해요! 데이트하기도 좋아용"
nv_1460164532,갓포우오 신사점,강남,이자카야,,2803,,,"작은 룸들로 되어있어서 매번 올 때마다 선호하는 곳입니다. 시끄럽지않게 대화하기 너무 좋아요
무엇보다 안주와 술이 다양하고 맛이 너무 좋습니다
이곳 멘치카츠 너무 좋아해요 나가사키 해물 나베 우동사리 추가해서 먹어야해요 강추!"
nv_1460164532,갓포우오 신사점,강남,이자카야,,2803,,,신사역 이자카야! 신사역 술집! 존맛탱! 갓포우오 신사점! 입장할 때부터 직원분들이 너무 친잘하시고 설명도 잘해주세요. 회도 신선하고 나베도 국물이 진해서 제 취향이에요. 삼치 구이도 짱!
nv_1460164532,갓포우오 신사점,강남,이자카야,,2803,,,"신사역 이자카야 찾으시는 분들이 여기 왜 오는지 알겠더라구요 그리고!! 전부 룸이라 편하게 얘기하면서 마시기 좋았고 안주도 맛있어서 술 계속 들어가요
직원분들 응대도 빨라서 흐름 끊기지 않는 점 좋았어요 신사역 술집으로 2차나 중요한 자리로 가기 괜찮은 곳이에요 다음에 또 올 것 같아요 완전 야르합니다~"
nv_31549263,기세끼 논현점,강남,이자카야,,1529,,,오랜만에 만난 친구랑 안주 맛집 찾다가 들어옴~ 치킨가라아게 시켰는데 겉은 엄청 바삭하고 속은 육즙 팡팡 터져서 입천장 데일 뻔했음. 매콤한 소스 콕 찍어 먹으니까 짭짤하니 맥주 안주로 제격임. 사이드로 시킨 모찌리도후도 탱글탱글하고 달달해서 매운맛 중화시켜주는 조합 미쳤음ㅋㅋ
nv_31549263,기세끼 논현점,강남,이자카야,,1529,,,회사 팀 회식으로 오랫만에 여기 다시 왔어요. 언제 와도 다다미방 분위기가 아늑해서 술맛이 살아납니다. 이번엔 나가사키 짬뽕탕 시켰는데 국물이 진하고 깔끔해서 자꾸 손이 가요. 해산물도 듬뿍 들어있고 면발이 쫄깃쫄깃해서 식사 대용으로도 든든하네용~ 앞으로도 회식은 무조건 여기로 정착하려고여ㅎㅎ
nv_31549263,기세끼 논현점,강남,이자카야,,1529,,,"친구가 모임하기 좋은 룸술집이 있다고 해서 다 같이 방문했어요. 2인부터 단체까지 들어갈 수 있는 개별 룸이 있어서 눈치 안 보고 수다 떨기 좋더라고요~
안주는 마요크림새우랑 바지락술찜 시켜봤는데 둘 다 너무 마싯어요ㅠㅠ 새우 튀김옷은 바삭바삭하고 크림소스는 꾸덕하고 고소해서 완전 취향 저격입니다. 바지락술찜도 해감이 잘 돼 있어서 모래 씹히는 거 없이 깔끔한 맛이에요. 메뉴 종류가 많아서 다음 모임 때도 여기 와서 이것저것 시켜봐야겠어여ㅎㅎ"
nv_31549263,기세끼 논현점,강남,이자카야,,1529,,,"숙성회 횟감도 두툼하고 너무 맛있어요!! 가격대비 회 퀄리티가 좋고 올 룸이라 조용하고 대화 나누기 좋아여 ㅎㅎ
다음 소규모 모임 있을 때 재방문하고 싶은 곳입니다~~"
nv_31549263,기세끼 논현점,강남,이자카야,,1529,,,신논현역 술집 찾다가 안주가 다양하길래 친구들이랑 방문해 봤어요😊 매운해물오뎅탕은 칼칼하면서도 해물의 시원한 감칠맛이 우러나와서 소주 안주로 찰떡입니다. 같이 시킨 치킨가라아게는 겉바속촉하게 잘 튀겨져서 닭고기 육즙이 터지는 게 꿀맛이더라고요. 개별 룸이라서 다른 테이블 소음 안 들리고 쾌적하게 마실 수 있는 게 가장 큰 장점 같아요👍 요리들이 하나같이 다 맛있어서 어떤 걸 시켜도 실패가 없을 듯합니다. 직원분들도 세심하게 챙겨주셔서 끝까지 기분 좋게 머물다 갑니다.
nv_31549263,기세끼 논현점,강남,이자카야,,1529,,,"룸으로 이용해야하시는 분들이라면 강추!
강남에서 룸으로 이용할 곳 많이 없는데 좋아요!
대화 잘들리고 프라이빗한 곳 찾으신다면 기세끼 또 올것같아요!👍"
nv_31549263,기세끼 논현점,강남,이자카야,,1529,,,남자친구랑 데이트하러 조용한 이자카야 찾다가 발견했어요✨ 메인으로 시킨 크림짬뽕탕은 국물이 진하고 감칠맛이 폭발해서 소주가 계속 들어가더라고요. 전 좌석이 룸이라 저희끼리 오붓하게 얘기 나누기 너무 편하고 좋았네용. 직원분들도 친절하셔서 기분 좋게 먹고 왔어요💕
nv_31549263,기세끼 논현점,강남,이자카야,,1529,,,"친구랑 영동시장 쪽 술집 찾다가 알아보고 왔는데 분위기 넘 조아여🥰
광어 연어 시켰는데 제대로임ㅋㅋ 연어는 다 먹어서 광어사진 뿐이네요ㅠㅠ. 다 룸으로 되어있어서 우리끼리 수다 떨기 너무 좋았어여. 다음엔 탕 종류 먹어보러 또 올게용~"
nv_31549263,기세끼 논현점,강남,이자카야,,1529,,,지인 소개로 왔는데 왜 이제야 알았나 싶네요~ 아마요 크림 새우 시켰는데 JMT. 다다미 형태 룸이라서 일본 현지 선술집에 온 것 같은 기분도 듭니다. 안주가 너무 맛있어서 다른 메뉴 도장 깨기 하러 자주 오게 될 것 같아요~
nv_31549263,기세끼 논현점,강남,이자카야,,1529,,,"해물누룽지탕, 황비홍 깐풍기 주문했습니다.

누룽지탕은 해물이 제법 들어있고 국물이 좋네요.
이름이 재밌는 깐풍기는 깐풍소스와 땅콩, 고추의 조합이 맛있었습니다.
룸으로 되어있어서 프라이빗하게 즐기기 좋았습니다."
nv_1316501400,우오하나 신사점,강남,이자카야,,1460,,,친구 추천으로 방문했는데 사시미 구성이랑 퀄리티도 좋고 요리 종류도 다양해서 너무 좋아요!! 직원분들도 세심하시고 정말 친절하세요. 신사역 이자카야나 신사역 술집 찾으시면 꼭 방문해보세요 완전 추천입니다~~!
nv_1316501400,우오하나 신사점,강남,이자카야,,1460,,,"오랜만에 사랑하는 분들과 찾은 유노하나인데 역시 믿음을 져버리지 않는 맛과 분위기 입니다!!! 데이트 하기에도 좋을것 같지만 남자들 끼리도 훌륭하네요!!!!!

신사역 이자카야 신사역 술집 찾으시면 적극 추천합니다!!"
nv_1316501400,우오하나 신사점,강남,이자카야,,1460,,,"거의 매주 오는 맛집입니다!!-!
메뉴 첫 페이지부터 끝 페이지까지 맛 없는 메뉴없음(보장) 있을 시 이비인후과 방문 추천⭐️⭐️
회도 신선하고 튀김도 바삭바삭하고요.
마무리로 아이스크림은 꼭 드시구요. 하x다즈 저리가라가 아니고 저리 갔음;;"
nv_1316501400,우오하나 신사점,강남,이자카야,,1460,,,"신사역 술집 찾다가 생일기념으로 왔는데 직원분들 너무 유쾌하시구 친절하시구 최고에요
안주도 다양한데 시킨거마다 다 맛있고 퀄리티가 높아요
신사역 이자카야 많은데 그중에 원탑인거같아요❤️"
nv_1316501400,우오하나 신사점,강남,이자카야,,1460,,,"신사역 이자카야 우오하나!!!!
2차로 왔는데도 쑥쑥 들어갈 정도로 맛있어요!!!
신사역 술집을 찾으신다면 우오하나 추천!
너무 친절하시고 맛있고 분위기도 좋아요~~~"
nv_1316501400,우오하나 신사점,강남,이자카야,,1460,,,배우자와 함께 좋은 시간 가지기 위해 방문했습니다. 너무나 친절하시고 2인도 예약을 하면 룸을 이용할 수 있다는게 제일 큰 장점 중 하나가 어닐까 싶네요! 무엇보다 메뉴들도 흔히 볼 수 없는 메뉴들도 있다 보니 미뉴 고르는데 행복했숩니다. 특히 메로간장조림 꼭 시키세요!!
nv_1316501400,우오하나 신사점,강남,이자카야,,1460,,,"집 근처라 평소 가보고싶다고 생각했어요!!
직원분들이 룸위치나 메뉴 등등 친절하게 물어봐주시고 신경써주시고 음식도 깔끔하고 깨끗해서 너무 좋아요😀 신사역 이자카야 신사역 술집 우오하나 강추합니다!!🫡🫡"
nv_1316501400,우오하나 신사점,강남,이자카야,,1460,,,"작년 생일때 부터 왔던 가장 맛있는 신사역 이자카야/술집 입니다 🤍

남자친구가 너무 맛있는 집이라고 해서 따라 들어갔더니 음식 하나하나 정성이 가득 느껴지고 이런게 맛집이구나 싶더라구요 기념일 마다 들릴것 같아요

항상 서비스 주시고 감사합니다!!다음 기념일때도 또 와야겠네요 :)"
nv_1316501400,우오하나 신사점,강남,이자카야,,1460,,,"생일이라 괜찮은 이자카야 찾아서 왔는데
가성비좋고 넘나 만족입니당~~
사시미 신사역 술집이 이정도 퀄 이가격이라니요~~~
다른 메인 메뉴들도 넘나 맛있고 담에 또올거예여 ㅠㅠ
신사 이자카야 찾으시면 무조건 강추임다!"
nv_1316501400,우오하나 신사점,강남,이자카야,,1460,,,"메뉴들이 너무 신선하고 맛있어요!
자극적이지도 않아서 부담없어서 모임하기에 넘 좋네요!
적극 추천해서 왔는데 모두 마음에 들어해서 좋았어요!"
nv_37282214,수다 삼성1호점,강남,이자카야,,1866,,,"인테리어도 너무 고급지고 이뻐요. 분위기 좋아서 2차로 와서 대화나누기 좋아용
음식들도 하나하나 고급스럽고 다 맛있어요 특히 곱창전골.. 꼭 드세요 국물이 엄청 진하고 곱창 안에 곱도 꽉 차있어서 강추합니다! 모둠초밥이랑 관자꼬치도 맛도리..
삼성역 올때마다 방문할것같아요☺️"
nv_37282214,수다 삼성1호점,강남,이자카야,,1866,,,숙성회와 명란튀김 시켰는데 왤케 맛있나여!!! 숙성회도 신선하고 명란튀김 진짜진짜 맛나요 ㅎㅎ 분위기도 좋고 프라이빗해사 대화나누기 좋아요~
nv_37282214,수다 삼성1호점,강남,이자카야,,1866,,,첫방문인데 생각보다 큽니다. 각각의 독립공간 느낌의 이자카야. 이부분이 좋고요. 가격대는 있지만 음식이 맛있어요. 4명정도 모임 딱 좋은듯. 지하와 2층까지의 규모. 발렛됩니다. 발렛음 5천원
nv_37282214,수다 삼성1호점,강남,이자카야,,1866,,,"룸으로 안내해주셔서 조용하게 있을수 있어 좋았어요
모듬숙성회 우니한판 크림우동파스타 통골뱅이탕
모두 맛있었어요"
nv_37282214,수다 삼성1호점,강남,이자카야,,1866,,,너무 맛있고 분위기 좋은 데이트 하게 돼서 너무 기뻐요. 다음에 또 오고 싶어요. 이자카야 수다 짱 사장님이 정말 친절하세요. 데이트 장소로 강력추천 분위기랑 조명도 완전 대박이에요!!!
nv_37282214,수다 삼성1호점,강남,이자카야,,1866,,,외관만 멋진게 아니고 안으로 들어가면 분위기 장난아니게 좋아요 ㅎ 안주도 가성비도 좋은데 맛도 장난아니게 취향저격...세트메뉴는 가성비까지...꼬치구이는 양념이 잘베어서 너무맛있고요..ㅋ 구운명란도 마요네즈 찍어먹으니 맥주랑찰떡... 명란크림우동도 우와~~넘맛있네요..버터에 관자랑새우이건 안시키면 안될껄요..ㅎ 가성비 대박 .요기는 내장소 저장♡맥주.하이볼도 느므 맛있어요~~
nv_37282214,수다 삼성1호점,강남,이자카야,,1866,,,"무슨 말을 어떻게 할지 잠깐 고민을 해야할것 같아요 ^_^
분위기부터 맛까지 만족스러웠던 수다삼1호점.
공간이 정말 깔끔하고 조용해서 데이트 장소로 딱 좋아요.
모둠 사사미는 부드럽고 담백해서 계속 손이 갔고,
모둠 5종 꼬치는 꼬치 안 좋아하는 저도 감탄하면서 먹었습니다
소스랑 구이 상태가 특히 인상적이었기에 삼성동에서 제대로 대접받는 느낌의 술집 찾는다면 추천해요!"
nv_37282214,수다 삼성1호점,강남,이자카야,,1866,,,"수다를 알게된지도 어연 8년이 넘어가네요
못해도 1년에 한번은 꼭 갔던 것 같습니다. 제 기준 강남권에서 단체모임 가지기 제일 좋은 곳 입니다!
음식은 언제가나 맛있구요 자석 배치도 넓직넓직해서 이야기하기도 참 좋습니다. 오래 버티는 곳은 늘 이유가 있다...!
올해 연말 모임도 맛있게 하고 갑니다~! 사장님 번창하셔요"
nv_37282214,수다 삼성1호점,강남,이자카야,,1866,,,"공간분위기부터 음식까지 하나하나 부족한게 없는 이 곳..❤️🙆🏻‍♀️
안주가 하나하나 너무 맛있고, 특히 사시미 맛이 너무 좋아요.
회식하기도 좋고 데이트하기에도 강추합니다!!!"
nv_37282214,수다 삼성1호점,강남,이자카야,,1866,,,삼성역 맛집 이자카야입니다 숙성회랑 탕 모두 맛있고 술집안주라는 생각도 안둘고 깊은맛이 나요 넘 맛있습니다🤍🤍🤍
nv_107633518,심연한우,강남,고깃집,,813,,,생일기념 갔는데 잘 챙겨주셔서 기분좋았어요 다만 술을 안먹어서 그런지 조금 느끼햇구 식사는 생각보다 빠르게 나와서 한시간반 정도먹었어요~ 가격대비 조금 아쉬운 느낌이었어요 ㅎㅎ 직원분도 두번씩 얘기해야 갖다주시고 이래저래 좋은 경험이엇지만 가격 생각하면 다른곳 갈거같아용 :-)
nv_107633518,심연한우,강남,고깃집,,813,,,"음식이 맛있고 분위기가 너무좋았습니다.
음식.청결.분위기 에 대한불편사항은 없습니다.

아쉬었던점
네이버리뷰를통해 못먹는걸 제외 해달라고
부탁드렸는데. 그대로 나와 조금 아쉬었습니다.
(Ex) 오이제외 부탁드려요)
그 점 제외하면 어떠한 단점이 없고 장점만있읍니다."
nv_107633518,심연한우,강남,고깃집,,813,,,"지인분들과 방문했습니다.
모든 자리는 룸으로 분리 되어 있어서 개인 공간을 가질 구 있는 점 좋았습니다.
기본 세팅도 잘 되어있고요.
육회 육전 다 맛있고 고기도 맛있습니다.
고기 보여주신 후 주방에 구워주시고 다시 가져다 주신 시스템이에요 ~^^ 맛있고 편하게 드실 수 있을거에요"
nv_107633518,심연한우,강남,고깃집,,813,,,한우 오마카세는 처음이었는데 고기가 정말 맛있었습니다ㅎㅎ 프라이빗한 룸 형식이 맘에 쏙 들었어요
nv_107633518,심연한우,강남,고깃집,,813,,,이 돈으로 맛있는 고깃집을 찾아가면 훨씬 저렴한 가격에 음식과 서비스 둘 다 만족할 수 있다. 고기는 그냥저냥 맛있는 수준이고 서비스는 존재하지 않으니 오마카세가 아닌 곳을 가더라도 여기보다 맛있게 먹으며 대접받을 수 있다.
nv_107633518,심연한우,강남,고깃집,,813,,,너무 맛있고 좋은 서비스해주셔서 즐거운 추억 만들었습니다😃
nv_107633518,심연한우,강남,고깃집,,813,,,"프러포즈 위해서 들렀습니다. 차분한 선곡과 조용한 분위기가 너무 맘에 들었고, 프라이빗하게 모두 룸으로 되어 있어서 중요한 자리나 특별한날 함께하기 너무 좋았습니다. 또 직원 분들이 센스있게 프러포즈에 맞게 배려해주셔서 접시도 따로 데코까지 이쁘게 해주시고 너무 감사했습니다!! 와인도 콜키지가 무료라 너무 만족하며 먹었습니다. 배려와 친절이 너무 감사했습니다 ㅎㅎ"
nv_107633518,심연한우,강남,고깃집,,813,,,"가격대비 좀 별로였습니다. 내놓은 그릇들에 음식물 닦은 자국과 그릇 플레이팅이 막 담은것같은 느낌도들고,서버분들 음식 설명이나 고기 부위도 설명 안해주고 반찬도 몇번이나 불러야 채워주시고 아쉬웠습니다. 작은 금액은 아닌데 서비스면이나 인테리어 부분도 의자 가죽이 너덜너덜한게 보여서.. 당황했네요~ 중간에 곰탕 내주셨는데 냄새가 너무 심해서 이야기 한번 드렸구요.두번째도 별로 맛있지는 않았던것같아요! 메인 요리도 설명없이 먹어야했네요~ 고기만 맛있는거 같아요"
nv_107633518,심연한우,강남,고깃집,,813,,,"남자친구랑 데이트하러 방문!!!! 분위기도 너무 좋고 직원분들도 친절하고 파트1,2 나뉘어서 음식이 나와서 프라이빗하게 즐기기 좋았어요!!! 맛은 진짜 최고..😍"
nv_107633518,심연한우,강남,고깃집,,813,,,코스요리로 고기굽는 수고가 없고 가격가성비 좋고 콜키지프리 이야기하면서 식사하기 분위기 좋은 한우고기집
nv_1028354634,다몽집 신논현본점,강남,고깃집,,1,,,강남에서 모임이 잡혀서 장소를 고민하다가 실패없는 맛집 다몽집으로왔어요! 다몽집 깍뚝항정살을 좋아해서 왔는데 함께한 친구들 모두 맛있다고 난리였어요! 직접구워주셔서 친구들이랑 대화에 집중할 수 있어서 좋아요! 그리고 청모 할인 이벤트를 하고 있어서 맛있는걸 조금은 부담덜고 먹을 수 있어서 좋았어요! 식사 중간에 약간의 해프닝이 있긴했는데 직원분들이 친절하게 해결해주셔서 좋았어요! 감사합니다! 다음에 또 올게요!!☺️
nv_1028354634,다몽집 신논현본점,강남,고깃집,,1,,,"예약없이 방문했어요!
평일 낮시간 이기는 해서 한산하고 바로 들어갈 수 있고 좋더라구용
평소에 엄청 바쁘고 인기 많은 강남역맛집으로 유명해서 와보고 싶었는데 좋은 날짜와 시간대를 찾아서 대기 없이 바로바로 너무 좋았습니당 ㅎㅎㅎ
고기는 말할 거 없이 맛있구요 무엇보다 직원분들이 너무 친절해서 좋았어요🫶🏻🫶🏻
매장도 깨끗하고 반찬들도 깔끔하고 육식공룡 한식파인 저로써 배빵빵 맛있게 먹고 갑니다🩷
데이트코스나 모임으로도 오기 정말 좋을 것 같아요
친절하게 안내해주시고 설명해주신 직원분들 정말 감사합니당🩷
덕분에 더더 맛있는 식사가 되었습니당!
지금도 번창하고 있지만 더더 번창하세용!🩷🩷"
nv_1028354634,다몽집 신논현본점,강남,고깃집,,1,,,"더운데 불로 직접 안구워도되고 바로 구워져 나와서 좋았어요! 음식이 전체적으로 약간 쏠티한 편이라 술이랑 같이 먹으면 좋을 것 같아용
감자볶음밥은 그냥그랬는데 계란찜은 맛있었어요! 여름에 방문하기 좋을것 같습니다"
nv_1028354634,다몽집 신논현본점,강남,고깃집,,1,,,단체모임에 강남역 맛집은 여기 다몽집이 무조건 최고에요. 3년전 청첩장 모임 이후로 모임장소는 무조건 이용하고있는 n번째 방문 입니다.. 다몽집 무조건 추천할게요! 예약도 손 쉬워서 예약 후 방문 하시면 더 좋을것 같아요!
nv_1028354634,다몽집 신논현본점,강남,고깃집,,1,,,"청첩장 받으러 온 장소인데 여기 너무 좋은곳이네요
고기도 맛있게 잘 구워주시고 음식맛도 좋고 술종류도 정말 다양해서 방문할 이유가 많네요.
다른 매장에는 없는 특유의 메뉴들도 있어서 새로운 맛을 즐길수도 있어서 좋아요!!"
nv_1028354634,다몽집 신논현본점,강남,고깃집,,1,,,"고기 상태가 신선한 게 바로 느껴졌고, 구웠을 때 육즙이 잘 살아있어서 식감이 정말 좋더라고요. 너무 질기지도 않고 잡내도 거의 없어서 끝까지 맛있게 먹을 수 있었어요. 특히 기본 반찬이나 곁들임 구성도 고기랑 잘 어울려서 조합이 좋았고, 하나하나 정갈하게 나오는 느낌이라 더 만족스러웠습니다.

직원분들도 바쁜 시간대였는데 응대가 빠르고 친절한 편이어서 편하게 식사할 수 있었어요. 불판 관리도 잘 해주셔서 고기 먹는 내내 쾌적했고, 매장 내부도 깔끔해서 데이트나 친구 모임으로 오기 괜찮겠다는 생각이 들었습니다.

웨이팅 없이 바로 입장한 것도 좋았고 전체적으로 음식 퀄리티 대비 만족도가 높았던 곳이에요. 근처 오면 다시 방문하고 싶은 고깃집입니다 👍"
nv_1028354634,다몽집 신논현본점,강남,고깃집,,1,,,강남역에 이렇게 맛있고 편리한 고깃집이 있는줄 몰랐네요 ㅎㅎㅎ 다 구워져서 나와서 냄새도 안나고 편하게 먹을 수 있어요!! 맛은 전문가분들이 구워주셔서 말할 것도 없구요! 평소에 못 먹어보던 부위들도 많고 사이드 메뉴들도 하나같이 다 너무 맛있어서 오실일 있으면 강추입니다!!
nv_1028354634,다몽집 신논현본점,강남,고깃집,,1,,,"원래도 강남오면 무조건 들리는 곳인데 첫번째 두번째 청첩장 모임으로 다몽집에서!! 고기 다 구워 주고 고기 맛은 말 할 필요없고 사이드 디시도 특색있고 맛있어요 !!
마지막에 먹는 딸기 아이스크림 까지 완벽해요 !!
강남역에서 모임계획, 회식 여기 추천

#강남역맛집 #청모# 모임 #돈비너스살"
nv_1028354634,다몽집 신논현본점,강남,고깃집,,1,,,"친구들이랑 오랜만에 만나서 저녁 먹으려고 찾아보는데ㅔㅔ 다몽집이 강남역 맛집으로 유명한 것 같더라구요😍 후기도 다 너무 좋아서 믿고 방문했어요ㅎㅎ 예약했더니 바로 입장할 수 있었고, 직접 구워주셔서 넘 좋았습니다!! 다들 저녁 고민되실 땐 강남역 맛집 방문하시길..🙌🏻🩷"
nv_1005495070,영동그집,강남,고깃집,"별점
4.73",4,,,"논현동 맛집으로 이미 유명한 집이지만, 드디어 와보게 되었는데 역시나 맛집이네요!!! 매장도 깔끔하고 밑반찬구성도 좋고 정갈하게 좋았어요!
특히나 고기질이 기가막히고 맛또한 죽여줬습니다👍🏻
돼지가리비!!! 강추!!!!"
nv_1005495070,영동그집,강남,고깃집,"별점
4.73",4,,,분위기도 좋고 서비스도 훌륭해요~! 삼겹살 꼬들꼬들 맛있고 다 구워주셔서 완전 편합니다. 김치찌개 먹었는데 찐맛있어서 밥 두공기 먹었네요ㅋㅋ 추천👍
nv_1005495070,영동그집,강남,고깃집,"별점
4.73",4,,,"오랜만에 신논현에서 약속이 있어서 친구추천받고 간 신논현룸식딩 영동그집, 숙성잘된 고기가 너무 고소하고 맛있었어요 직원분들께서 하나하나 맛있게 구워주시니 저는 먹기만 하면 되더라고요 고급스러운 인테리어에 친절한 서비스, 아기의자나 식기도 다 준비가 되어 있는 강남가족모임하기 좋은 신논현역 고깃집이라서 5월가족모임할때 좋을거 같더라고요 2층에도 좌석이 있어서 강남회식할때도 너무 좋을 신논현역 고기집 영동그집에서 좋은시간 보내고 왔습니다"
nv_1005495070,영동그집,강남,고깃집,"별점
4.73",4,,,"고급스러운 분위기의 고깃집에
처음부터 끝까지 완벽한 테이블링 서비스 덕분에 일행과 밀린 이야기를 편하게 하면서
양질의 고기를 먹을 수 있었어요!!

차를 가지고 와서 콜키지를 못 해서 아쉽지만!
다음에는 좋아하는 술과 같이 즐기고 싶어요!!!"
nv_1005495070,영동그집,강남,고깃집,"별점
4.73",4,,,"데이트중 남편이 먹어보고 맛있다고 추천해줌
특이한 “돼지가리비살” 항정살안에 등심덧살이 있는 구조로 엄청 꼬숩고 맛있었다
고기도 싸악다 구워주시고 반찬도 정갈하고 맛있음
된찌의맛이 나의 고기집을 좌지우지 하는데 된찌도 구수하고 맛있음 특히나 건더기 듬뿍 애호박 쓰는게 좋있음 담에 또 방문 예정"
nv_1005495070,영동그집,강남,고깃집,"별점
4.73",4,,,"두번째 방문인데 역시 맛있네요!
돼지가리비 항정살이랑 가리비살 고기 쫄깃쫄깃하고 육즙 최고예요 돼지감자살도 부드럽고 담백하니 넘 맛있어서 추천! 아 그리고 리조또 무조건 드세요,, 너무 맛있어서 고기먹기전 후 두번 주문해서 먹었어요 ㅎㅎ건물도 세련되고 좌석도 넉넉해서 가족모임이나 회식장소로 강추!"
nv_1005495070,영동그집,강남,고깃집,"별점
4.73",4,,,"숙성 돼지고기 찐맛집이네요. 삼겹살, 목살 둘 다 고기 질이 남달라서 씹을 때마다 육즙이 팡팡 터집니다. 고기 자체도 맛있지만 사이드 메뉴 완성도가 대박이에요. 차돌 듬뿍 들어간 구수한 된장술밥은 든든한 술안주로도 최고고, 살얼음 동동 띄워진 냉면에 고기 싸 먹으면 극락입니다. 깔끔하고 쾌적한 분위기에서 기분 좋게 식사하고 왔습니다."
nv_1005495070,영동그집,강남,고깃집,"별점
4.73",4,,,"지인들 모임으로 찾은 영동그집 입니다.
대표 메뉴인 돼지가리비 구이 너무 맛있었고~~(가브리살 같은데 잘 숙성되서 너무 부드럽고 고소한 맛이였습니다.)
구워 주시는 분 너무 친절하게 잘 구워 주셔서 너무 편했습니다^^

기본 찬들도 깔끔하고 맛있고 특히 부추무침이 제 입맛에는 너무 좋았네요^^ 잘 먹었습니다♡"
nv_1005495070,영동그집,강남,고깃집,"별점
4.73",4,,,항정살안에 등심덧살을 넣어서 구워주는데 왜 이렇게 하는지는 잘 모르겠지만 정성을 다해 구워주시고 고기도 부드럽고 맛있음 반찬들도 정갈하게 나오고 매우 친절하셔서 기분좋게 먹었음 리조또도 시켰는데 이게 정말 킥이었음 살짝 맵쌀한 맛이 있어서 끝까지 맛있게 먹을수 있음
nv_1005495070,영동그집,강남,고깃집,"별점
4.73",4,,,"어버이날 기념으로 왔어요!
회식 때 맛있게 먹은 기억이 있어서 여기로 예약했어요^^
부모님도 만족하시고, 다른 가족분들도 너무 맘에 들어하셨어요~!
영수증 이벤트가 다양해서 너무 재밌었어요!!ㅋㅋ
다음에 또 방문할게요!!"
nv_37837518,고기꾼김춘배 강남점,강남,고깃집,,7305,,,강남역에서 고기먹으려고 찾아서 왔는데 와 고기가 퀄리티가 미쳤어요 소고기 돼지고기 같이 먹을 수 엤는 커플세트가 있어서 주문했는데 종류도 다양하고 고기가 입에서 살살 녹아요ㅠㅠ 강남역에서 데이트할 때 무조건 여기와서 고기드세요!
nv_37837518,고기꾼김춘배 강남점,강남,고깃집,,7305,,,"분위기도 좋고 개별 룸도 있어서 프라이빗 하기 좋아요
소고기랑 돼지고기 둘다 즐길 수 있는 커플세트 시켰는데 둘이서 맛잇게 먹엇어요 ㅎㅎㅎ
토시살 엄청 부드러워요~~!! 다음에는 부모님 모시고 오거나 모임으로 단체 오기 딱 좋을 것 같아요!!"
nv_37837518,고기꾼김춘배 강남점,강남,고깃집,,7305,,,"예약하고들어왔는데 사람이많아서 예약하고오셔야해요! 고기질이좋고 같이먹는 반찬들도맛있네요

개인적으로 괜찮은곳들 사이트만들어서 소개하고있어요! 시간되시면와서 구경하세요!!
제 소개란에 링크있으니 같이 맛잇는거 먹으러다녀요~"
nv_37837518,고기꾼김춘배 강남점,강남,고깃집,,7305,,,"친구들과 고기가 먹고 싶어서
고기꾼김춘배 강남본점 찾아왔어요

미리 예약해서 깔끔한 룸에서 맛있게 먹었습니다

고기도 아주 맛있어요 직원들도 친절하셔서
다음에 또 오고 싶네요"
nv_37837518,고기꾼김춘배 강남점,강남,고깃집,,7305,,,"친구랑 강남에서 놀다가 방문한 고기꾼김춘배 강남점! 강남역 먹자골목 쪽이라 접근성 좋고 매장도 넓어서 편하게 식사하기 좋았어요ㅎㅎ 저희는 춘배 커플세트 주문했는데 오겹살, 토시살, 돈갈빗살, 껍데기까지 다양하게 먹을 수 있어서 만족! 특히 직화 화로구이라 불향이 제대로 살아있더라구요. 토시살은 육향 진하고 촉촉했고 오겹살은 쫀득한 식감이 좋았어요ㅋㅋ!! 든든하게 먹고 왔습니당! 강남역 삼겹살집 찾는다면 추천 드려용😆"
nv_37837518,고기꾼김춘배 강남점,강남,고깃집,,7305,,,"청첩장 모임때문에 룸 예약 후 이용했는데요!
우선 사람이 너무 많아 예약 안 했으면 큰일날 뻔 했습니다!! 예약 꼭 하시구요~~~
9명 모임이다보니 매우 시끄러웠을텐데 룸 예약을 아주 잘한 것 같아요~~ 고기도 너무 맛있구요!!
사이드메뉴가 너무 맛있었습니다!! 냉면 강추에요!!!"
nv_37837518,고기꾼김춘배 강남점,강남,고깃집,,7305,,,"소고기랑 돼지고기 둘 다 당기는 날!
그럴 때 가기 딱 좋은 김춘배 고기구이 🥩🔥

토시살이랑 본갈비도로 소고기 기름질하고, 오겹살까지 제대로 즐기고 왔어요~ 커플세트 알차네용 고기 퀄리티도 괜찮고 종류가 다양해서 이것저것 골라 먹는 재미ㅎㅎㅎ 같이 먹는 밑반찬이나 찬 구성도 알차고 맛있어서 더 만족! 매장도 넓어서 편하게 식사하기 좋았고, 강남에서 회식이나 모임 장소 찾는 분들 추천합니당😊 소·돼지 둘 다 먹고 싶은 날엔 춘배용~"
nv_37837518,고기꾼김춘배 강남점,강남,고깃집,,7305,,,"남편이랑 커플세트 주문했는데
소고기랑 돼지고기를 같이 먹을 수 있어서
다채로운 맛을 느끼고 가요.

숯불 화로라서 고기 향이 좋고
무엇보다 고기가 너무 부드러워요.

직원분들도 진짜 친절하시고
매장이 넓으면서도 프라이빗해서
데이트, 모임, 회식 다 추천합니다."
nv_37837518,고기꾼김춘배 강남점,강남,고깃집,,7305,,,"강남역 고기맛집 찾다가 방문했는데 정말 대만족이었습니다~!~!
2인 세트 구성이 안창살, 토시살에 오겹살까지 있어서 소고기와 돼지고기를 한꺼번에 즐길 수 있다는 게 큰 장점이네요. 고기 질이 워낙 좋아서 입안에서 육즙이 팡팡..ㅠㅠ
무엇보다 전 좌석이 프라이빗 룸으로 되어 있어 일행이랑 조용히 대화하며 식사하기 너무 좋았고, 콜키지 프리 서비스 덕분에 가져간 술과 함께 완벽한 식사를 즐겼답니다아
분위기, 맛, 서비스까지 다 잡은 곳이라 조만간 또 방문할 예정입니다 호호🥺🤍"
nv_37837518,고기꾼김춘배 강남점,강남,고깃집,,7305,,,"소고기와 돼지고기를 같이 먹을 수 있는 메뉴가 있어서 좋았어요!👍🏻
소고기는 토시살, 본갈비살과 돼지고기는 오겹살이 나오는 커플세트를 먹었는데, 소고기가 너무 부드럽고 돼지고기도 고기의 맛이 고소하니 너무 맛있었습니다~😋
게다가 직원분이 전부 잘 구워주셔서 더 맛있고 편하게 먹을 수 있었어요~
매장은 홀과 룸으로 되어있는데, 룸은 단체석도 가능해서 모임하기에도 좋을 것 같았습니다!"
nv_37486499,반갑다 하대포,강남,고깃집,"별점
4.51",4,,,좋은 육질의 고기를 완벽하게 구워주는 하대포입니다. 강남역 일대에서 고기 품질 및 구워주는 서비스 고려했을때 가장 가성비가 좋은 곳입니다. 서비스 된장찌개가 칼칼하니 식욕을 돋워 줍니다 ㅎㅎ 고사리랑 같이 먹는게 또 아주 별미입니다. 부위는 삼겹살 목살 기본을 추천해요!
nv_37486499,반갑다 하대포,강남,고깃집,"별점
4.51",4,,,"강남역고기집

목살,삼겹살 먹고 추가 목살까지 알차게 먹은 강남역 고기집! 고기는 기본 간이 되어 있어서 소스 없이 고기만 먹어도 충분히 간이 좋아요~ 고기는 다 구워주시기 때문에 단체모이 장소로도 굿! 된장은 기본 서비스로 나오는디 요게 국물이 예술이에요~"
nv_37486499,반갑다 하대포,강남,고깃집,"별점
4.51",4,,,룸 공간이 따로 있어서 조용하게 식사하기 좋았고 분위기도 편안했어요~ 고기 퀄리티도 만족스러웠는데 특히 한입 먹을 때마다 맛이 좋아서 젓가락이 바빴네요ㅎㅎ직원분들도 세심하게 챙겨주셔서 기분 좋게 시간 보내고 왔어요 😊
nv_37486499,반갑다 하대포,강남,고깃집,"별점
4.51",4,,,"오랜만에 갔었는데 고기를 너무 잘 구워주시고
찌개가 너무 맛있어서 계속 찌개와 고기를
먹었어요!! 너무 맛있게 먹었고여
다음에 또 올 거 같아요 🐷👍👍"
nv_37486499,반갑다 하대포,강남,고깃집,"별점
4.51",4,,,"사장님 친절하시고 고기 양과 질이 너무 좋아요!
중간에 고기도 계속 구워주시고 너무 만족했습니다❤️
베스트 메뉴인 스지된장전골도 너무 잘먹었습니다❤️"
nv_37486499,반갑다 하대포,강남,고깃집,"별점
4.51",4,,,지인 맛집으로 고기가 정말 맛있어서 자주오게 되는 #강남역회식 역삼동고기집 반갑다 하대포는 고기가 정말 숙성이 좋아 맛이 좋고 그릴링 서비스로 고기를 제대로 구워주시니 먹기만 하면 되는 회식장소로 인기가 좋은 강남역맛집입니다!! 매우 강력 추천드려요^^💖💯🙆‍♀️☝️✌️💝🙆‍♂️🫰😍🥰😃🤗👍☺️💕😀💗😘👌💘🙏😋🤩🥳
nv_37486499,반갑다 하대포,강남,고깃집,"별점
4.51",4,,,"지인들 4명이서 방문했는데 매장이 넓고 룸도 있어서 회식이나 모임하기에 정말 좋은 분위기였어요! 특수모듬이랑 황제살을 시켰는데 고기 퀄리티가 대박이네요😍 가로막살, 천겹살, 꼬들살 등 부위별로 식감이 다 다르고 너무 맛있었어요.
무엇보다 직원분께서 직접 타지 않게 다 구워주셔서 저희는 편하게 대화하면서 먹기만 했답니다ㅎㅎ 서비스로 주신 된장찌개도 꿀맛!
강남역 고기집 찾으시면 여기 강력 추천합니다👍
맛있게잘먹었습니다"
nv_37486499,반갑다 하대포,강남,고깃집,"별점
4.51",4,,,아빠 생신이라 어디 갈지 고민하다가 반갑다 하대포 처음 가봤는데 가족들 반응이 너무 좋았어요. 특히 아빠가 고기 굉장히 까다롭게 드시는 편인데 여기 숙성고기는 식감 좋다고 계속 드시더라구요 고기도 직원분이 구워주셔서 굿굿 .
nv_37486499,반갑다 하대포,강남,고깃집,"별점
4.51",4,,,"목살 퍽퍽한 거 싫어하는데
여긴 소고기처럼 부드러워요.
육즙 팡팡 터지고
완전 인생 목살 🥹
역삼동고기집 중 목살 맛집 찾으면 여기 추천.
강남역 모임이나 회식하기 좋은 고깃집 반갑다 하대포에 가 보세요.
이미 유명한 맛집이라서
예약하고 방문하는 것을 추천드립니다."
nv_37486499,반갑다 하대포,강남,고깃집,"별점
4.51",4,,,"직원분이 직접 고기를 구워주셔서 편하게 먹을 수 있었고, 전반적으로 응대도 정말 친절해서 기분 좋게 식사했어요. 삼겹살은 겉은 바삭하고 속은 촉촉해서 육즙이 살아있었고, 목살도 부드럽고 담백해서 계속 손이 가는 맛이었어요. 꼬들살은 쫀득한 식감이 매력적이라 특히 인상적이었고요. 후식으로 먹은 김치전골은 칼칼하면서 깊은 맛이 나서 고기 먹고 마무리하기 딱 좋았어요. 전체적으로 맛과 서비스 모두 만족스러운 곳이었어요 😊 그리고 룸석이 따로 있어서 모임이나 데이트, 회식으로 편하게 이용하기 좋았던 점도 있네요 반갑다 하대포 화이팅♡"
nv_1045639997,신사화로 신사본점,강남,고깃집,,5684,,,프라임 눈꽃 갈비 먹었는데 고기 때깔부터 영롱한게 구워먹으니 진짜 부드럽고 육즙도 가득하고 너무 맛있어요! 매장도 넓고 쾌적해서 데이트하기도 좋고 가족외식이나 단체회식장소로 딱일 것 같아요. 특히 콘치즈폭탄계란찜 무조건 강추! 단짠단짠하니 너무 맛있어요ㅎㅎ 7천원 사이드메뉴인데 리뷰이벤트 서비스로 먹을 수 있는게 완전 좋은 거 같아요 ㅎㅎ
nv_1045639997,신사화로 신사본점,강남,고깃집,,5684,,,"신사역 고기 맛집을 검색해보고 방문했어요!

돼지 모둠 세트로 주문했는데, 육질이 살아있는데다가 육즙이 가득해서 식감과 맛 모두 너무너무 만족스러웠어요!
매장도 청결하고 깔끔한 분위기라, 가족, 연인, 친구 어느 분과도 방문해도 만족스러울 것 같아요! 직원분들께서도 넘넘 친정하셨어요ㅎㅎ!

저는 여기를 위해 신사에 찾아오고 싶을 정도로 맛있었어요!!🤤
신사역에서 고기 맛집 찾으신다면 강력추천 드려요!!😋"
nv_1045639997,신사화로 신사본점,강남,고깃집,,5684,,,고기 질도 괜찮고 맛있습니다 직원분들도 엄청 친절하시구! 덕분에 저녁식사 맛있게 하고 왔습니다 가로수길 맛집으로 추천 추천
nv_1045639997,신사화로 신사본점,강남,고깃집,,5684,,,"오늘 다녀온 고기집 정말 만족스러워서 후기 남겨요 😊

고기가 정말 신선하고 육즙이 살아 있어서 너무 맛있었어요. 부드럽고 질기지 않아서 계속 손이 가더라고요. 그리고 반찬들도 하나하나 다 맛있어서 고기랑 같이 먹으니 더 좋았습니다.

전체적으로 퀄리티도 좋고 맛도 훌륭해서 다음에 또 방문하고 싶은 곳이에요!"
nv_1045639997,신사화로 신사본점,강남,고깃집,,5684,,,"신사화로는 매장에 들어서자마자 보이는 워터에이징 수조 덕분에 고기 맛에 대한 신뢰가 확 갔는데요. 내부도 모던하고 세련된 분위기에 환기 시설까지 훌륭해서 아이와 쾌적하게 식사하기 참 좋았습니다.
돼지 반 모듬을 주문했는데 숙성육이라 그런지 육즙이 꽉 차 있고 식감이 정말 부드러웠어요. 특히 특제소스에 찍어먹으면 정말 꿀맛! 입맛 까다로운 아이도 연신 감탄하며 먹었습니다. 마무리로 즐긴 한우 된장찌개와 비빔냉면도 최고였어요!"
nv_1045639997,신사화로 신사본점,강남,고깃집,,5684,,,"매주 신사에서 약속 있어서 신사역 고기집 진짜 많이 갔는데, 그중에서도 고기맛으로 바로 꼽을 정도로 눈꽃갈비가 진짜 맛있는 가로수길 맛집이에용! 평일 저녁에도 만석이라서 퇴근하고 후다닥 달려왔슴당 ☺️ 고기 가격 생각하면 양도 많은데, 입 안에서 살살 녹고 풍미 가득 부드러워서 소고기 생각나면 무조건 재방문하려구요! 밑차림도 푸짐하고 딱 고기랑 먹기 좋은 구성이라 손이 잘 가요~ 화로에 직화로 구워먹는 스타일이라 육즙 팡팡 풍미 가득하고, 고기 질 자체가 넘넘 좋아서 야들야들 부드러워서 물리지 않는 맛이에용! 밑차림이랑 곁들여 먹기두 좋고~ 후식 비냉시켜서 같이 먹으면 배도 든든하고 입가심 싹 되는 맛이에욥! 사이드로는 무조건 콘치즈폭탄계란찜 강추! 부드럽고 고소하고 담백해서 술 생각나는 술안주네요👍"
nv_1045639997,신사화로 신사본점,강남,고깃집,,5684,,,"신사쪽에 볼일있어서 왓다가
검색해서 찾아낸 맛집!!! 🥹👍💕

소고기, 삼겹살 다 맛이가 잇고
기본으로 나오는 김치나 반찬들도 다 맛나서
고기랑 곁들여져서 찰떡이에요!!! 귿귿 😆😘

된찌에 밥까지 뚝딱 클리어!! 🥹🥹🤭"
nv_1045639997,신사화로 신사본점,강남,고깃집,,5684,,,안성재 셰프님이 왔다해서 와봤는데요.. 아주 맛납니다👍 특히 리뷰서비스로 주는 계란찜 미쳤습미다
nv_1045639997,신사화로 신사본점,강남,고깃집,,5684,,,"신사에 놀러왔다가, 안성재 쉐프가 방문했던 곳이라고도 하고
주변에 냉삼집이 많은데 질 좋은 돼지고기 먹고 싶어서 방문했어요!

고기가 엄청 신선하고 너무 맛있어요!!!
기본 찬들도 다 맛있습니다!!!"
nv_1045639997,신사화로 신사본점,강남,고깃집,,5684,,,"프라임 눈꽃갈비 먹었는데
진짜 가성비 너무 좋고 개맛있어요!!🥹💕💕💕
캬 간만에 맛있게 먹네요

폭탄 치즈 계란찜도 맛있고
돼지고기도 조하용 🥹🥹💕💕💕

종종 올거같아요! 주차도 편해서!💕
직원분도 너무 친절하세요!!"
nv_37704319,화기애애,강남,고깃집,"별점
4.64",4,,,통갈비살 맛있네요! 단체 모임 하기에도 좋아요
nv_37704319,화기애애,강남,고깃집,"별점
4.64",4,,,"저녁 시간도 안되었는데 1층이 만석이라;;
뷰 좋은 2층에서 자리잡았어요.
외관은 비싸보여서 소고기에 와인 먹어야할 분위기 같지만~ 가성비 좋은 돼지고기 모듬도 아주 훌륭하더라구요.👍🏻
다음엔 소고기 세트로 먹어보려구요.
화기애애 신논현점은 반찬 구성도 좋은데 계란찜, 김치찌개가 무료에 심지어 리필도 가능해요.😁
숯도 좋고.. 밥도 찰지고 맛있고 분위기까지 좋아서
신논현에서 대화하며 맛있는 고깃집 찾으신다면🥓
화기애애 추천입니당!!😍😍"
nv_37704319,화기애애,강남,고깃집,"별점
4.64",4,,,"시끌벅적한 일반 고깃집과 달리
살짝 어둑한 조명과 고급스러운 목조 인테리어들이
좋은 분위기를 자아냈고

참숯 화로 화력 좋고 고기에 숯 향 제대로 입혀져서
더 맛있게 즐길 수 있었어요

고기 가격도 합리적이어서 좋았습니다
맛있게 잘 먹고 갑니다😊"
nv_37704319,화기애애,강남,고깃집,"별점
4.64",4,,,"여기 찐찐찐 맛있어요! 요근래에 고기집에서 약속이 많았는데, 그 중에서 여기가 1등이에요 >< 고기들이 전반적으로 질도 좋고 육즙도 팡팡해서 넘 맛있는데, 특히 꽃살이 입에서 진짜 살살녹더라구요ღ 다음에 꽃살뿌시러 무조건 또 갈거에요!! 기본으로 나온 계란찜이랑 김치찌개도 맛있었어요! 가게 분위기도 넘 예쁘고 사장님도 친절하셔서 기분좋게 식사하고 나왔습니다 ღღ"
nv_37704319,화기애애,강남,고깃집,"별점
4.64",4,,,와규꽃살2인세트 깔끔하게 나오네요.. 마시멜로도 숯불에 구워먹으니 맛있엏어요 ㅎ 테라스쪽으로 폴딩도어 다 열어 개방감 좋은 강남역고기집
nv_37704319,화기애애,강남,고깃집,"별점
4.64",4,,,"회기애에 세 번째 방문했는데, 올 때마다 만족스러워요.
처음 방문했을 때도 괜찮아서 다시 왔고, 이번에도 역시 음식이 깔끔하게 잘 나왔습니다. 메뉴 하나하나 맛이 무난한 게 아니라 전체적으로 조합이 좋아서 계속 생각나는 곳이에요.

고기 맛도 좋고 같이 나오는 메뉴들도 잘 어울려서 식사하는 내내 만족스러웠습니다. 분위기도 편하게 먹기 좋고, 직원 응대도 불편함 없이 괜찮았어요.

강남에서 맛있게 식사하고 싶을 때 생각나는 곳이라 세 번째 방문까지 하게 됐습니다. 개인적으로 너무 마음에 들어서 앞으로도 또 방문할 것 같아요."
nv_37704319,화기애애,강남,고깃집,"별점
4.64",4,,,"肉的的品质好高啊，直接性价比拉满，可以无限续蒸蛋和泡菜汤，而且现在套餐有优惠，很平价就能吃的高品质的牛肉

环境也很棒，晚上很适合坐在靠街道的位置，非常出片，穿越到韩剧里，跟欧巴在首尔的夜色中吃着烤肉畅聊人生的感觉~

位置很好找，服务也很棒，不用担心不会韩语，有电子的中文菜单"
nv_37704319,화기애애,강남,고깃집,"별점
4.64",4,,,"자리가 쾌적하고, 고기가 맛있어요. 청모하기에 너무 좋은 장소인 것 같아요. 다음 청모도 여기서 하려구요. 갈비 먹으러 오겠습니다."
nv_37704319,화기애애,강남,고깃집,"별점
4.64",4,,,"고기가 엄청 두꺼운데,
신논현 맛집인 이유가 있네요!
고기 자체도 씹히는 맛이 적당히 있고
부드러워서 먹기 좋았습니다!
그리고 화로구이가 기름을 어느정도 빼줘서인지
너무 기름진 느낌이 덜해서 좋았어요!"
nv_37704319,화기애애,강남,고깃집,"별점
4.64",4,,,"예약 안 했으면 큰일날뻔 했어요
19시에 가자마자 웨이팅이.....ㅎㅎ
분위기도 아늑하고 무엇보다 고기가 너무 맛있어요~불도 약해지면 바로바로 조치해주시고, 직원분들도 다들 친절하세요 ㅎㅎ
재방문 의사 100퍼입니다!!
신논현에 고깃집 찾고 있으면 여기로 오세요~"
nv_1979564218,압구정고깃집 본점,강남,고깃집,,1324,,,"전체적으로 고기 퀄리티가 안정적으로 좋았고, 굽는 과정에서 육즙 유지가 잘 되는 편. 특히 비계와 살코기 밸런스가 좋아서 느끼함 없이 끝까지 먹기 수월했음.
기본 반찬 구성도 깔끔하고, 계란찜은 부드럽고 간도 적당해서 고기랑 같이 먹기 좋았음!"
nv_1979564218,압구정고깃집 본점,강남,고깃집,,1324,,,"정국이가 온 고깃집이라고해서 왔습니다.
고기 맛있게 잘 구워주시고
다른 메뉴도 다 맛있어요~~
역시 실패없는 정국이 고기로드"
nv_1979564218,압구정고깃집 본점,강남,고깃집,,1324,,,근처 그냥 본점이라길래 들어왔는데 이렇게 맛있을줄은 ㅎㅎㅎ 너무 잘 찾아왔네요! 고기 잘 구워주시고 진짜 육븝가득 넘 맛났어요 특히 고추장찌개 진짜 굿 .. 고기는 말할것도 없어요!!!! 넘맛있습니다 꼭 오세용❤️❤️❤️
nv_1979564218,압구정고깃집 본점,강남,고깃집,,1324,,,테이블 배치가 정말 넓직해서 여러 명이 와도 편하게 앉을 수 있어요. 회식할 때 자리 걱정 없이 올 수 있는 곳이에요. 고기도 맛있고 분위기도 좋아서 모임 장소로 딱이네요. 직원분들도 친절하게 챙겨주셔서 감사해요.
nv_1979564218,압구정고깃집 본점,강남,고깃집,,1324,,,맛도리 들기름막국수 맛있어서 두그릇 먹었어요ㅠ
nv_1979564218,압구정고깃집 본점,강남,고깃집,,1324,,,숙성고기가 맛있구요 직원분들이 빠릿빠릿 고기를 잘구워줘서 맛있게 먹었어요
nv_1979564218,압구정고깃집 본점,강남,고깃집,,1324,,,직장 회식 때 몇 번 오다가 맛있어서 여자친구도 데려왔어요! 여자친구가 너무 맛있게 잘먹어서 기분이 좋네요 ! 바질에 싸먹는 고기맛이 아주 좋습니다
nv_1979564218,압구정고깃집 본점,강남,고깃집,,1324,,,갈 때마다 맛있게 잘 먹었어요~
nv_1979564218,압구정고깃집 본점,강남,고깃집,,1324,,,뼈등심이나 뼈갈비까지 준비되어 있어서 메뉴 선택의 폭이 정말 넓네요. 삼겹살과 목살은 기본이고 다른 부위들도 맛볼 수 있어서 좋았습니다. 고기 질도 신선하고 구워먹기에 딱 좋은 상태였어요. 친구들과 함께 와서 여러 메뉴를 시켜먹었는데 모두 만족스러웠습니다. 다시 올게요.
nv_1979564218,압구정고깃집 본점,강남,고깃집,,1324,,,"정말 맛있고 친절해요

강추합니다 ^^

꼭 들려 보세요"
nv_1179114008,엉클조소시지 신사점,강남,호프/통닭,,2357,,,"예전에 본점 갔다가 재료소진으로 못 먹은 적 있었는데
공사하는거보고 그때부터 엄청 기다렸어요!!
남편이 진짜 와보고 싶어했어요ㅎㅎ 맥주도 다양하고 소세지도 당연히 맛있어요!
인테리어도 멋있네요~"
nv_1179114008,엉클조소시지 신사점,강남,호프/통닭,,2357,,,"야장도 있고 처음 보는 맥주랑 너무 잘 어울리는 안주들도 많아서 맛있게 먹었습니다
다음에 또 올 거 같아요!
1차로 먹었는데 2차로도 추천!"
nv_1179114008,엉클조소시지 신사점,강남,호프/통닭,,2357,,,"너무너무너뮤 맛있어요 칠리치즈 감튀 무조건 드셔보세요
유튜브에서 육식맨 보고 먹고싶다생각햇는데 신사에 생겨서 왔어요 맥주도 다양해서 있는거 다 먹었어요
더운소세지 이거는 그냥 미쳤어요 누가 소세지랑 매쉬포테이토 콜라보 할 생각한거에요? 그냥 노벨상 주세요
소스 리필 되니까 먹다가 소스 더 달라고하세요
양배추도 추가 3천원인데 그냥 추가해서
소스 어니언이랑 와사비마요로 둘다 먹으쇼 감사합니다"
nv_1179114008,엉클조소시지 신사점,강남,호프/통닭,,2357,,,"엉클조 본점갔었는데, 신사에도 생겼다해서 다녀와봤어요!! 본점은 이정도로 메뉴 구성이 다양하지 않았던 거 같은데(착각일 수도?!) ㅎㅎ
안주류가 알차더라구요! 반달치즈감자채전 진짜 찐맛.. 너무 빠삭해서 감동스러워요😋🔥 완전 깔꼼한 호프집 감성이라 친구들이랑 와도 데이트로 가도 좋을 곳이었어요 ㅎㅎ"
nv_1179114008,엉클조소시지 신사점,강남,호프/통닭,,2357,,,다양한 소시지를 맛볼 수 있는 곳이에요! 찬모둠소시지는 처음 먹어봤는데 맥주랑 잘 어울리고 2차로 너무 부담스럽지 않게 먹을 수 있어 좋아요! 맥주도 종류도 많고 맛있어요! 야장에서 먹으면 최고입니다~ 직원분들도 친절하시고 신사역 근처여서 간단하게 먹고 가기도 좋아요!
nv_1179114008,엉클조소시지 신사점,강남,호프/통닭,,2357,,,"진짜 완전 소시지 짱 맛있어요!
분위기 딱 호프집 술한잔 하기 좋구요.
맥주에 소시지외 안주가 기가막히네요!
반했습니다. 어쩜 양도 많아요!"
nv_1179114008,엉클조소시지 신사점,강남,호프/통닭,,2357,,,처음으로 왔는데 넘 맛있었어요! 소세지가 유명하다는데 왜 유명한지 알겠어요😊😊 소스를 위에 뿌려주는데 감자샐러드랑 같이 먹으니까 아주 찰떡궁합이에요!! 그리고 여긴 신사역 바로 앞에 있어서 위치도 너무 좋아요ㅎㅎ
nv_1179114008,엉클조소시지 신사점,강남,호프/통닭,,2357,,,"용산에서부터 너무 가고 싶었던 엉클조소시지🍳+🌭🍺

신사에도 생겼길래 업무보러 온 김에 들렸어요😆 사실 이게 더 메인..ㅋ

생각했던 것 이상으로 통통소세지랑 10종류의 생맥까지 있어서 골라먹는 재미가 있었어요.

특히 소세지가 주물팬에 나와 바닥에 눌러붙은 맛까지 있어 매쉬포테이토랑 그레이비와 함께 더 다채롭게 느낄 수 있었어요. 여긴 와야해.💛"
nv_1179114008,엉클조소시지 신사점,강남,호프/통닭,,2357,,,신사에도 엉크조가 생겼다고 해서 왔는데 야장자리도 좋고 정말 맛있어요!! 평소에 먹던 소세지랑 정말 다르고 술안주로 최고에요 그리고 맥주가 어마어마하게 맛있네요 ㅋㅋ 러닝이벤트도 있어서 참여해보러 오시면 좋을거같아요!
nv_1179114008,엉클조소시지 신사점,강남,호프/통닭,,2357,,,지인 추천으로 함께 방문하게 된 #신사역맛집 신사역 술집 엉클조소시지 신사점의 소세지는 가성비가 완전 짱 좋은 맥주 안주로서 다양한 안주들과 디저트가 있어서 한잔 하기 너무나 좋은 곳입니다!! 신사역 8번 출구 가로수길 초입에 있어서 접근성도 좋고 바로 대로변이라 너무나 편리하네요!! 완전 맛있어요^^💖🙏🥳😋💘👌😘💗😀💕☺️👍🤗😃🤩🥰😍🫰🙆‍♂️💝✌️☝️🙆‍♀️💯
nv_505375149,구스아일랜드 브루하우스,강남,호프/통닭,,3347,,,회식으로 왔었는데 음식이 너무 맛있고 인테리어가 너무 멋져서 이번엔 부모님 모시고 왔어요! 피자는 무조건 시켜야하고 친구들하고 온다면 맥주는 필수죠!! 강남 한복판에 이렇게 멋진 곳이 있어서 너무 좋아요~!!
nv_505375149,구스아일랜드 브루하우스,강남,호프/통닭,,3347,,,"저녁에만 몇번 갔었는데 점심도 괜찮네요.
깔끔하고 분위기가 좋고 음식도 맛있어요
무알콜 음료가 포함된 점심세트가 있으면 좋겠어요
음식이 천천히 나오는건 아쉽지만
종종 이용할것같습니다 :)"
nv_505375149,구스아일랜드 브루하우스,강남,호프/통닭,,3347,,,"# 다양한 안주
# 미친 맥주
# 단체모임 최적의 장소
# 맛과 분위기 다 챙길 수 있는
강남역 맛집으로 강추합니당!!!!💛💛
친구들 가족과 자주 오는 맛집입니당 >.<"
nv_505375149,구스아일랜드 브루하우스,강남,호프/통닭,,3347,,,다양한 수제맥주가 많아서 오히려 고민돼요!! 이번엔 보일링 시푸드 시켰지만 시카고피자 시켜서 피맥하기도 좋을듯 해요~ 다음에는 루프탑에서 직원들이랑 회식오거나 친구들 모임할거에요!! 강남역 맥주맛집 인정입니다~
nv_505375149,구스아일랜드 브루하우스,강남,호프/통닭,,3347,,,회식으로 방문한 구스아일랜드!! 맥주 종류 너무 많아서 고민할 정도였고 맛도 좋아서 고민 시간이 아깝지 않았어요!! 립은 소스랑 디쉬랑 너무 많아서 남길뻔!!! 재방문 의사 1000%
nv_505375149,구스아일랜드 브루하우스,강남,호프/통닭,,3347,,,"매장이 넓고 술 종류가 많아서 좋아요~~
안주도 맛있어서 좋은 것 같아용
맥주가 너무 맛있고 매장이 넓어서 회식하기도 너무 좋아요!! 진짜 맛집입니다👍🏻👍🏻👍🏻👍🏻"
nv_505375149,구스아일랜드 브루하우스,강남,호프/통닭,,3347,,,퇴근하고 칭구들이랑 모였어요!! 루프탑도 있어서 날 좋을 때 오면 더 좋을 거 같아요…/// 맥주 종류가 엄청 많아서 뭐 먹을지 고민하느라 힘들었어요 ㅎㅎㅎ 친구거도 얻어먹어봤는데 진짜진따 맛있어요! 맥주맛집 ㅎㅎ 매장이 넓어서 회식이나 모임 있을 때 와도 좋을 거 같습니다 ㅎㅎㅎ 다음에 남자친구랑도 또 올 거 같아요!
nv_505375149,구스아일랜드 브루하우스,강남,호프/통닭,,3347,,,"라거 시작으로..
오리지날버팔로잉, 케이준먹태..

블랙홀, 다크라거-밀코 역시 맛나구낭ㅎ

#맥주 #급모 #강남 #구스아일랜드

소소한 만남은 이 곳에서..
6시 전에 왔는데도 루프탑은 예약이 아니면 앉을 수도 없구나..

맥주가 역시 맛있어요. 라거는 필히 첫 잔!!"
nv_505375149,구스아일랜드 브루하우스,강남,호프/통닭,,3347,,,강남역 맥주맛집 드디어 찾았습니다!! 친한친구랑 둘이 왔는데 테이블이 참 맘에 들었어요!!! 외국 펍에 온 느낌이에요! 노래소리도 적당하고 내부가 넓어서 쾌적했어요. 음식도 맛있고 맥주도 라거부터 에일까지 다양해서 종류별로 맛볼수있었습니다 !
nv_505375149,구스아일랜드 브루하우스,강남,호프/통닭,,3347,,,"회사 회식으로 피자 주문했는데 기대 이상 👍

일단 배달 시간 딱 맞춰 와서 흐름 안 끊긴 게 좋았고,피자 도우가 쫀득해서 식어도 맛 유지되는 게 인상적이었어요.토핑도 아끼지 않고 올라가 있어서 직원들 반응도 전체적으로 좋았고요.

특히 여러 종류 섞어서 주문하니까 취향 안 맞는 사람 없이 다 잘 먹었습니다.회식 메뉴로 고민할 때 무난해여"
nv_1013284413,러너펍 선릉점,강남,호프/통닭,,24,,,"선릉에 위치도 좋고 시설도 세련됐어요 !
지나가다 들러서 재밌게 놀수있고 다양한 주류도 많아서 더위피해서 놀기 딱 좋은 곳이네여 ㅎㅎ
유투버 초청할때 또 와야겠어요~~!"
nv_1013284413,러너펍 선릉점,강남,호프/통닭,,24,,,"이벤트가 다양하고 혜택이 좋아요!!
선릉에 있는 펍 중에 제일 넓고 쾌적한것 같아요~
딜러님들도 모두 친절하세요~~
오늘 바운티게임 잼께 하다 갈게요!"
nv_1013284413,러너펍 선릉점,강남,호프/통닭,,24,,,혼자와도 다들 잘 대해주셔서 좋아요ㅎㅎ
nv_1013284413,러너펍 선릉점,강남,호프/통닭,,24,,,날씨도 더운데 매장 내 쾌적하고 너무 좋아요!
nv_1013284413,러너펍 선릉점,강남,호프/통닭,,24,,,분위기 좋고 너무 좋은 홀덤펍입니다~
nv_1013284413,러너펍 선릉점,강남,호프/통닭,,24,,,매장 깔끔하고 직원분이 친절하세요
nv_1013284413,러너펍 선릉점,강남,호프/통닭,,24,,,여기 다른 펍보다 재밌어요!!
nv_1013284413,러너펍 선릉점,강남,호프/통닭,,24,,,게임하기 좋아요
nv_1013284413,러너펍 선릉점,강남,호프/통닭,,24,,,매장 넓고 쾌적해서 좋아요🥳
nv_1013284413,러너펍 선릉점,강남,호프/통닭,,24,,,"매장이 넓고 시원해서 좋아요
게임도 다양하고 여성 이벤트도 있다보니까 안질리고 할 수 있습니다.
오늘 바운티게임 재밌게 하다 갈게요~~"
nv_1013284413,러너펍 선릉점,강남,호프/통닭,,24,,,너무 친절하시고 재미있게 홀덤 치고 갑니다!! 다음에 또 방문하겠습니다
nv_1013284413,러너펍 선릉점,강남,호프/통닭,,24,,,"홀덤펍은 단순히 카드를 즐기는 공간을 넘어, 사람들과의 교류와 분위기를 함께 즐길 수 있는 최고의 플레이스입니다. 편안하면서도 세련된 인테리어, 적당한 긴장감이 흐르는 테이블, 그리고 수준 높은 플레이어들과의 게임은 일상의 스트레스를 잊게 만들어 줍니다. 초보자부터 경험자까지 모두가 부담 없이 어울릴 수 있는 분위기 덕분에 누구나 자연스럽게 몰입할 수 있고, 게임을 통해 집중력과 판단력까지 키울 수 있습니다. 무엇보다도 좋은 음악과 함께하는 여유로운 시간, 그리고 새로운 인연까지 만들어지는 이 공간은 단순한 취미를 넘어 하나의 문화로 자리 잡고 있습니다. 한 번 방문하면 계속 찾게 되는 매력이 있는 곳, 홀덤펍은 정말 최고라고 자신 있게 말할 수 있습니다. 특히 러너펍은 최고의 홀덤펍입니다."
nv_1013284413,러너펍 선릉점,강남,호프/통닭,,24,,,누구든 재밌게 이용할 수 있어서 좋았어요
nv_1013284413,러너펍 선릉점,강남,호프/통닭,,24,,,"오늘 올데이롱 게임하러 왔습니다~
일요일에 닫는 펍도 많은데 러너펍 선릉점은 연중무휴라좋은것 같아요.
재밌게 하다 갈게요~~"
nv_1013284413,러너펍 선릉점,강남,호프/통닭,,24,,,카드치기 분ㄴ위기구 좋아요
nv_1013284413,러너펍 선릉점,강남,호프/통닭,,24,,,매장이 깔끔해요 친절하고 좋아요
nv_1013284413,러너펍 선릉점,강남,호프/통닭,,24,,,처음 왔는데 친절하고 분위기가 너무 좋아요
nv_1013284413,러너펍 선릉점,강남,호프/통닭,,24,,,재밌어요 ~
nv_1013284413,러너펍 선릉점,강남,호프/통닭,,24,,,깔끔하고 너무 좋습니다~~
nv_1013284413,러너펍 선릉점,강남,호프/통닭,,24,,,"오늘 올데이롱 게임 하려고 왔어요
3시 시작이라 블라인드가 김에도 12시 전에 끝나서 좋아요
여성은 첫바인 무료인것도 큰 혜택인것 같습니다~"
nv_1013284413,러너펍 선릉점,강남,호프/통닭,,24,,,놀다갈게용 너무 재밌어요
nv_1013284413,러너펍 선릉점,강남,호프/통닭,,24,,,"몇일 연속 다니는중인데 너무 재밌어요
분위기도 좋고 집이랑 가까워서 아쥬 좋아용
쾌적하고 사람들도 좋고 재밌습니당"
nv_1013284413,러너펍 선릉점,강남,호프/통닭,,24,,,직원분이너무친절해서 마음편하게즐깁니다
nv_1013284413,러너펍 선릉점,강남,호프/통닭,,24,,,"시설이 엄청 깔끔하고 세련됐어요

홀덤 입문한지 얼마 안 됐는데 딜러님들도 친절하세요 ㅎㅎ"
nv_1013284413,러너펍 선릉점,강남,호프/통닭,,24,,,듀레이션 길고 딴딴해서 좋아요~
nv_1013284413,러너펍 선릉점,강남,호프/통닭,,24,,,깔끔하고 분위기 좋아요!
nv_1013284413,러너펍 선릉점,강남,호프/통닭,,24,,,오랜만에 데이트하러 왔는데 너무 좋아여 ❤️❤️
nv_1013284413,러너펍 선릉점,강남,호프/통닭,,24,,,"항상 에어컨을 잘 틀어 주시고, 매장이 넓고 쾌적해서 좋습니다. 정돈이 잘 된 토너먼트 펍이에요."
nv_1013284413,러너펍 선릉점,강남,호프/통닭,,24,,,인테리어도 깔끔하고 편안하게 칠 수 있는 분위기라 좋았어요 자주올게요!
nv_1013284413,러너펍 선릉점,강남,호프/통닭,,24,,,너무 재밌었습니다!
nv_1013284413,러너펍 선릉점,강남,호프/통닭,,24,,,에어라인 폴드
nv_1013284413,러너펍 선릉점,강남,호프/통닭,,24,,,즐기기 좋은 곳 같습니다
nv_1013284413,러너펍 선릉점,강남,호프/통닭,,24,,,러너펍 첫방문 예약 없이 방문했는데 입장부터 너무 친절하게 안내해주셔서 잘즐기고 왔어요 근처 사시는분들 홀덤 치고싶으시면 러너펍 선릉점 추천해요~~
nv_1013284413,러너펍 선릉점,강남,호프/통닭,,24,,,첨와봤는데 좋아용
nv_1013284413,러너펍 선릉점,강남,호프/통닭,,24,,,올데이라 딴딴하구 재밌어용
nv_1013284413,러너펍 선릉점,강남,호프/통닭,,24,,,"친절하게 안내 해주시고 재밌게 게임 즐겼습니다.
위치도 선릉역에 인접 해 있고 홀덤 좋아하시는 분들 편하게 즐기시기 좋은 펍이네요!"
nv_1013284413,러너펍 선릉점,강남,호프/통닭,,24,,,재미있어용
nv_1013284413,러너펍 선릉점,강남,호프/통닭,,24,,,"래빗페스티벌에서 멘탈 털리고 옵니다~
페스티벌보다 선릉점 사람들이 훨씨잘하는것 같아요.
앞으로 페스티벌 안갑니다ㅠ"
nv_1013284413,러너펍 선릉점,강남,호프/통닭,,24,,,"매장이 넓고 쾌적해요
게임도 블라인드 길고 촘촘한것부터 한시간정도면 끝나는것까지 다양해서 즐기기 좋은것 같습니다~"
nv_1013284413,러너펍 선릉점,강남,호프/통닭,,24,,,"이벤트 많아서 가성비 좋고, 스트럭쳐 좋아요"
nv_1025456593,미믹 강남점,강남,호프/통닭,,383,,,"블리츠,라이트 등 초보자들도 편하게이용가능합니다
적극 추천드립니다"
nv_1025456593,미믹 강남점,강남,호프/통닭,,383,,,"강남역 데이트 장소로 추천드립니당 !!!!
분위기고 좋고!! 홀덤도 잼나요 !
직원분들고 친절하셔서 초보분들 방문하시기에도 넘 좋아요 :)"
nv_1025456593,미믹 강남점,강남,호프/통닭,,383,,,정말 친절하게 설명해주셔서 초보가 와서 배우기 좋아요. 술도 다양해요.
nv_1025456593,미믹 강남점,강남,호프/통닭,,383,,,"직원분들 너무 친절하시고
플레이어분들도 진심으로 치셔서 항상 애용하고 있습니다!!
강남에서는 여기가 최고입니다."
nv_1025456593,미믹 강남점,강남,호프/통닭,,383,,,강남에서 미믹 다녀왔는데 분위기 진짜 좋아요👍🏻 매장도 깔끔하고 직원분들도 너무 친절하셔서 좋았어요. 분위기 있게 홀덤 치고 싶을때 미믹 추천 드려요!!
nv_1025456593,미믹 강남점,강남,호프/통닭,,383,,,"일단 위치는 강남역이랑 신논현 사이 골목이라 접근성 괜찮고, 건물 4층이라 살짝 숨은 느낌 있음.

داخل 들어가면 조명이 좀 어두운 편인데 레드+블루 느낌이라 분위기 꽤 힙함. 그냥 술집이 아니라 뭔가 “게임 공간 + 바” 느낌이라 신기했음.

칵테일 하나 시켜서 마셨는데 맛은 무난하게 괜찮은 편. 너무 달지도 않고 밸런스 나쁘지 않았음. (다이닝코드)

여기 장점은 확실히 홀덤 처음 해도 부담 없다는 거직원분이 룰 설명도 해주고 연습게임부터 시작해서 적응하기 쉬움. 실제로 초보자 교육도 진행하는 곳이라 입문용으로 좋음. (다이닝코드)

분위기는 시끄러운 클럽 느낌은 아니고, 대화하면서 술 마시기 좋은 편이라데이트나 2차로 가기 괜찮음. (다이닝코드)"
nv_1025456593,미믹 강남점,강남,호프/통닭,,383,,,"올때마다 너무 행복하게 플레이하게 해주셔서
편하게 방문하게되는거같습니다
자주자주올게요"
nv_1025456593,미믹 강남점,강남,호프/통닭,,383,,,직원분들이 너무 친절하시고 게임 분위기도 너무 좋았어요
nv_1025456593,미믹 강남점,강남,호프/통닭,,383,,,"혼자서 왔는데 친절히 응대해주시고 재미있게 홀덤 게임 즐길 수 있었습니다!
다른 분들도 와서 재미있게 게임하시면 좋을 것 같습니다!"
nv_1025456593,미믹 강남점,강남,호프/통닭,,383,,,"분위기 맛집, 담배냄새없이 쾌적하게 플레이하기 좋은곳같습니다 꼭 재방문하고싶습니다"
nv_21094048,아이러브펍 강남본점,강남,호프/통닭,,1979,,,지나가다 들른 아이러브펍!! 분위기 좋고 안주 다양하고 술도 다양하고 만족스럽네요. 즐거운 시간 보내고 갑니다.
nv_21094048,아이러브펍 강남본점,강남,호프/통닭,,1979,,,"강남에서 분위기 좋고 맥주 제대로 즐기고 싶으면 여기 추천 👍
아이러브펍 강남본점
음식점
맥주 종류가 진짜 다양해서 고르는 재미가 있고,
특히 IPA 라인업이 살아있어서 맥주 좋아하는 사람은 무조건 만족할 듯 🍺
(관리도 잘 돼서 목넘김이 깔끔한 편)
가볍게 먹기 좋은 메뉴라 2차로도 딱 좋았어
매장은
은근 감성 있고 편하게 앉아서 대화하기 좋은 분위기라
데이트, 친구 모임, 가벼운 술자리 다 가능 ✔️ �
메뉴판
강남역에서 도보 3분이라 접근성도 좋아서
부담 없이 또 가게 될 것 같음"
nv_21094048,아이러브펍 강남본점,강남,호프/통닭,,1979,,,"회사 근처라 근래 많이 오고있는데 안주도 맛있고 사장님이 정말 친절하세용 ㅜ
그리고 중간에 맥주 테이블이 있어서 혼술하기에도 브담없어서 이제 더워지는데 퇴근길에 맥주 혼술하러 올 예정! 아이럽펍 최고😘"
nv_21094048,아이러브펍 강남본점,강남,호프/통닭,,1979,,,"업무차 2차 온곳이 분위기도 좋고, 맥주도 너무나 다양하게 준비되어 있어 맥주사랑이들의 성지인듯합니다. 반건조 오징어 요즘 물가로 많이 비싸기는 하지만, 오동통한게 정말 맛나고 맥주도 시워하게 잘 마시고 즐기다 갑니다~^^"
nv_21094048,아이러브펍 강남본점,강남,호프/통닭,,1979,,,"근처에서 식사하고 2차로 들른 펍인데, 주류부터 안주 메뉴 구성도 다양하고 일단 분위기가 너무 좋아요,, 🫧💗 외국에 온 것만 같아요ㅎㅎ
매장이 쾌적하고 넓어서 데이트, 친목, 단체모임으로 방문하기에도 좋을 것 같아요!
가볍게 메론안주와 치즈곶감 주문했는데 맥주랑 넘 잘어울리고 맛나네요,, 강남 분위기 술집으로 강추합니다👍💓"
nv_21094048,아이러브펍 강남본점,강남,호프/통닭,,1979,,,"지나가다가 가게가 예뻐서 들렸는데 분위기가 너무 좋고 맥주가 아주 맛있어요!!!
안주랑 생맥주 종류도 다양해서 골라먹기도 너무 좋아요~!"
nv_21094048,아이러브펍 강남본점,강남,호프/통닭,,1979,,,노래 너무 좋고 야장 느낌이에요😍 안쥬도 너무 맛있고 다들 친절하세요!! 다음에 또올게요!!!
nv_21094048,아이러브펍 강남본점,강남,호프/통닭,,1979,,,"분위기 좋고, 매장도 넓은 아이러브팝, 데이트하기 좋은 매장입니다.
날씨가 좋을 때는 창문이 활짝 열려 더욱 분위가 더 좋은 장소입니다. 미세먼지때문에 그 분위기를 느끼지는 못했지만, 조명과 가운데 설치 되어 있는 바가 독특한 분위기가 연출되는 장소입니다.
안주 없이도 맥주 가볍게 마실 수 있고, 특별한 메뉴도 있어 매력적인 데이트 장소라 생각합니다.
다양한 맥주 바로 바로 꺼내 마실 수 있는 곳 아이러브팝"
nv_21094048,아이러브펍 강남본점,강남,호프/통닭,,1979,,,"오늘 엄청 더워서 시원한 맥주한잔이 먹고싶었는데 역시 아이러브팝에 맥주는 더운날 갈증해소에 딱이네요!
인테리어도 고풍스럽고 친한 지인들과 담소나누며 한잔하기 좋은곳입니다.
강력추천이요^^♡♡♡"
nv_21094048,아이러브펍 강남본점,강남,호프/통닭,,1979,,,"⭐️⭐️⭐️⭐️⭐️
강남에서 분위기 좋은 펍 찾다가 방문했는데 만족했어요 :) 맥주 종류가 정말 다양해서 고르는 재미가 있었고, 여러 가지 수입맥주 즐기기 좋았습니다. 브리치즈구이 술이랑 잘 어울렸어요. 인테리어도 분위기 있고 데이트하기 좋은 공간이라 편하게 시간 보내기 좋았습니다. 다음에 또 방문할게요🍻
조금 더 감성 버전이면:
“분위기 좋은 공간에서 맛있는 맥주 한잔🍺 다양한 맥주와 안주까지 만족! 강남 데이트 장소로 추천해요?"
nv_1954129840,쏘주맥쭈 신논현점,강남,호프/통닭,,1050,,,"여자친구랑 강남에서 데이트하다가 방문했는데 분위기가 좋아서 만족했어요. 조명이 예쁘고 매장 분위기도 힙해서 사진 찍기에도 괜찮았습니다.

안주도 다양하고 술이랑 잘 어울려서 편하게 먹기 좋았어요. 직원분들도 친절하시고 음식도 빨리 나와서 기분 좋게 이용했습니다. 강남이나 신논현 근처에서 여자친구랑 가볍게 한잔하기 좋은 곳이에요. 다음에 또 방문하고 싶습니다!"
nv_1954129840,쏘주맥쭈 신논현점,강남,호프/통닭,,1050,,,"신논현 쪽에서 가볍게 한잔할 곳 찾다가 쏘주맥쭈 신논현점에 다녀왔어요. 신논현역 3번 출구에서 도보 1분 거리라 접근성이 정말 좋았고 약속 장소로도 편했습니다. 홀 테이블 간격이 넓어 답답하지 않았고, 프라이빗한 룸도 있어 단체 모임이나 회식 장소로도 괜찮아 보였어요. 야외 테라스가 넓고 흡연실도 따로 마련돼 있어 이용하기 편했고, 음악도 과하지 않아 대화 나누기 좋았습니다. 오돌뼈 볶음은 불향이 살아 있고 매콤해서 술안주로 잘 어울렸고, 짜파게티도 부담 없이 먹기 좋았어요. 이벤트도 있어 가성비 좋은 신논현 술집으로 만족스러웠습니다."
nv_1954129840,쏘주맥쭈 신논현점,강남,호프/통닭,,1050,,,술과 피자가 겁나게 맛있는집 #신논현역분위기술집 강남헌팅포차 쏘주맥쭈 신논현점은 가격 착하고 안주도 다 맛이 너무나 좋아서 정말 매일 오고 싶은 신논현역술집입니다!! 아이스 테라 생맥주 미쳤습니다!! 완전 강력 추천드려요^^!🙆‍♀️💯🙆‍♂️💝🫰😍😃💖💘😘👍✌️💕☺️👌💗😀😋🤗🥰🙏☝️🤩🥳
nv_1954129840,쏘주맥쭈 신논현점,강남,호프/통닭,,1050,,,화채 맛잇어요!!! 생맥도 시원하니 기본 안주도 닭다리 짱!!😌 늠좋!!! 위치도 너무 좋고 공간도 넓고 자리가 다양해서 여러사람이 와도 너무 좋습니다 :) 신논현오면 여기가 딱인거 같습니다 :)
nv_1954129840,쏘주맥쭈 신논현점,강남,호프/통닭,,1050,,,"메뉴가 다양하고 맛있어보여서 다 먹고싶어요!
매장 커서 단체모임하기 좋을 것 같아요
생일 케이크 들고왔는데 취식 가능하게 해주셔서 좋아요!"
nv_1954129840,쏘주맥쭈 신논현점,강남,호프/통닭,,1050,,,"기본 안주 맛집인 집..
여러번 왔는데 리뷰는 처음 남겨봐요!!
자주 오고 항상 조용한 자리로 안내 해주셔서 감사합니다 :->"
nv_1954129840,쏘주맥쭈 신논현점,강남,호프/통닭,,1050,,,동생이랑 오랜만에 만나서 투움바 파스타랑 청양마요 치킨 시켰어여. 둘다 크리미해서 느끼할것같았지만 청양마요 진짜 너무너무 맛있습니다 !! 생맥주 진짜 차가워요 ㅠㅠ 맛있게 잘 먹고 가요 ~~ 다음에 또 오고싶어여
nv_1954129840,쏘주맥쭈 신논현점,강남,호프/통닭,,1050,,,"안주가 너무 맛있어요.. 그리고 약간 테라스 좌석이 있는데, 야장하는 분위기가 나서 넘 좋습니당.. ㅎㅎ
번창하세요❤️"
nv_1954129840,쏘주맥쭈 신논현점,강남,호프/통닭,,1050,,,"분위기부터 음식까지 완벽했던 곳 안주 하나하나 퀄리티 좋고 술이 계속 들어가는 맛,, 시끄럽기만 한 술집 아니고 대화하기도 좋아서 더 만족!"
nv_1954129840,쏘주맥쭈 신논현점,강남,호프/통닭,,1050,,,친구들이랑 술마시러 나왔다가 너무 재밌게 놀다 갑니당~~ 안주들도 맛있고 직원분들 너무 친절하셔용 매장도 넓어서 편하게 놀다 가기 좋습니당~!
nv_1720089249,도시맥주 신사가로수길본점,강남,호프/통닭,,1213,,,안주도 넘 맛있고 노래가 힙해서 좋아요 😌 신사에서 술 마시러는 여기로 올거 같아요 !!! 곧 또 올게요 🥰
nv_1720089249,도시맥주 신사가로수길본점,강남,호프/통닭,,1213,,,리얼 흑맥주. 진짜 맛있어요~~^^
nv_1720089249,도시맥주 신사가로수길본점,강남,호프/통닭,,1213,,,안주도 너무 맛있고 부대찌개 시켰는데 술먹으려다가 식사를 했어요 앞으러 자주 올게용
nv_1720089249,도시맥주 신사가로수길본점,강남,호프/통닭,,1213,,,"신사역 핫플 술집이에요!
안주 맛있고, 손님도 많고 직원분들도 친절하네요!
무엇보다도 안주가 맛있어요^^"
nv_1720089249,도시맥주 신사가로수길본점,강남,호프/통닭,,1213,,,분위기 좋고 직원분들도 너무 친절해요. 김치우동 걸죽해서 맛있고 하이볼도 너무 맛있어요!
nv_1720089249,도시맥주 신사가로수길본점,강남,호프/통닭,,1213,,,오랜만에 가로수길 와서 메뉴가 다양해서 왔는데 음식도 빠르게 나오고 직원분들 너무 친절 합니다!!
nv_1720089249,도시맥주 신사가로수길본점,강남,호프/통닭,,1213,,,분위기와 노래 너무 좋고 안주가 맛있어요! 신사 올때 마다 무조건 오는 곳 노래도 맛있어서 엉덩이 흔들다가 배고파져서 또 배고프면 그때 먹는 안주는 왜 꿀맛인지 아무튼 일단 와바비 진짜로
nv_1720089249,도시맥주 신사가로수길본점,강남,호프/통닭,,1213,,,"여기 자주 오는 단골입니다!
직원분도 너무 친절하시고 무엇보다 분위기가 진짜 좋아요
나오는 음악도 느낌 있고 음식도 맛있어용
제 최애 술집....🥴😍😍"
nv_1720089249,도시맥주 신사가로수길본점,강남,호프/통닭,,1213,,,처음왔는데 분위기좋고 음식이맛있어요
nv_1720089249,도시맥주 신사가로수길본점,강남,호프/통닭,,1213,,,"오랜만에 지인들이랑 신사동 방문인데요 식사로 고기를 먹고 2차를 어디갈까 고민하다가 지나가는길에 특이하고 이쁜 간판 먼저 보게되서 방문 하게됐어요~ 생각보다 시끄럽거나 사람에 치이지 않아서 좋았구요
안주가 고급진 맛있는 맛이어서 좋았습니다 인테리어도 너무 힙하고 자리도 넑고 편했어요 ~ 재방문 100% 입니다 다음엔 회식으로 와도 너무 좋을거 같아요 ~ ♡♡♡"
nv_1720089249,도시맥주 신사가로수길본점,강남,호프/통닭,,1213,,,친구들이랑 가볍게 술 한 잔 하면서 대화하기 좋은 술집이에용...@.@ 안주도 맛있구 노래도 맛집🫰🏻
nv_1720089249,도시맥주 신사가로수길본점,강남,호프/통닭,,1213,,,너무 맛있고 양도 너무 많고 가격도 저렴하고 여기 저번주에도 왔는데 또 찾게 되는 술집이에요 ㅎㅎ
nv_1720089249,도시맥주 신사가로수길본점,강남,호프/통닭,,1213,,,"2차로 방문한 도시맥주🍻
반건조오징어 촉촉허니 맛있어요"
nv_1720089249,도시맥주 신사가로수길본점,강남,호프/통닭,,1213,,,오뎅탕 국물도 너무 맛있고 가성비 좋아요~ 기본 안주로 나오는 과자도 맛있고 다음에 또 오겠습니다!
nv_1720089249,도시맥주 신사가로수길본점,강남,호프/통닭,,1213,,,"엥 치킨 너무 맛있어서 놀랐어요
호프나 치킨집보다 더 맛있음
떡볶이도 맛있음
김볶밥도;;;;
다음에 신사오면 또올듯요"
nv_1720089249,도시맥주 신사가로수길본점,강남,호프/통닭,,1213,,,가끔 퇴근하고 오는데 맛있어요! 좌석도 편해요~
nv_1720089249,도시맥주 신사가로수길본점,강남,호프/통닭,,1213,,,맛있어서 다 긁어먹었어요! 2차로 오기 딱 좋아용
nv_1720089249,도시맥주 신사가로수길본점,강남,호프/통닭,,1213,,,2차맥주 고민할땐 도시맥주로 어세요 너무 좋아여!!!!
nv_1720089249,도시맥주 신사가로수길본점,강남,호프/통닭,,1213,,,음식이 너무 맛있어요 추천추천
nv_1720089249,도시맥주 신사가로수길본점,강남,호프/통닭,,1213,,,"친구랑 근처 지나가다 들른 곳인데 메뉴 가성비도 좋고 수다 떨기도 좋아요! 음식도 맛있습니당👍
가게도 되게 힙해요 😎"
nv_1720089249,도시맥주 신사가로수길본점,강남,호프/통닭,,1213,,,신사 근처에 회식하기 좋은곳이 거의 없는데 15명 단체도 다 들어갈만큼 엄청 넓고 분위기도 짱 좋아요!! 음식도 맛있고 빨리 나오고 직원분들도 친절하셔서 다음에도 또 올게용!! 너무 맛있어용 ><
nv_1720089249,도시맥주 신사가로수길본점,강남,호프/통닭,,1213,,,케이준치킨샐러드 진짜 존맛탱 두번째왔는데 역시 분위기 노래 맛 다 좋아용 흑맥주도 보리맛 많이나구 맛이쩌용
nv_1720089249,도시맥주 신사가로수길본점,강남,호프/통닭,,1213,,,"분위기가 편안해서 친구들이랑 가볍게 한잔하기 좋은 맥주집이다.
맥주 종류가 다양해서 취향에 맞게 골라 마시는 재미가 있다.
안주도 무난하게 맛있어서 술이랑 잘 어울린다.
직원들도 친절해서 전반적으로 기분 좋게 이용할 수 있다.
재방문 의사 충분히 있을 만큼 만족스러운 곳이다."
nv_1720089249,도시맥주 신사가로수길본점,강남,호프/통닭,,1213,,,매장 크고 깔끔해서 좋았어요!! 안주도 다양하고 가성비도 좋아서 자주 올 것 같아용
nv_1720089249,도시맥주 신사가로수길본점,강남,호프/통닭,,1213,,,"신사오면 항상 찾게되는 도시맥주 ㅎㅎ 오늘도 잘 먹구갑니당
안주도 맛나고 가성비좋아여"
nv_1720089249,도시맥주 신사가로수길본점,강남,호프/통닭,,1213,,,처음 방문했는데 치킨 튀김옷이 바삭하고 좋은기름 사용하시는 것같아요~ 사이드 안주 메뉴도 많아서 좋습니당 분위기도 힙해여 잘 먹고 갑니당 👍🏻👍🏻
nv_1720089249,도시맥주 신사가로수길본점,강남,호프/통닭,,1213,,,오랜만에 퇴근하고 회사사람들이랑 치킨 먹을만한곳 찾다가 저번에 왔던 기억이 있어서 다시 방문했는데 역시나 맛있네요~~ 늦게까지 하는곳이 없어서 앞으로도 자주 방문 할거같네요 만족하고 갑니다 😆😆😆😆
nv_1720089249,도시맥주 신사가로수길본점,강남,호프/통닭,,1213,,,클럽 컨셉의 도시 맥주 추천합니다
nv_1720089249,도시맥주 신사가로수길본점,강남,호프/통닭,,1213,,,야장 느낌 느끼고 싶으실 때 추천합니다!!! 매장 넓고 직워분들도 친절하고 분위도 넘 좋아요오 👍❤️
nv_1720089249,도시맥주 신사가로수길본점,강남,호프/통닭,,1213,,,"파닭 강추합니다. 가격대비 양이 어마어마해요.
메론샤베트는 엄청 고급진 메로나맛이나요."
nv_1348679964,역전할머니맥주 서울신사가로수길점,강남,호프/통닭,,1082,,,"토요일 오후 혼맥 한잔하고 가기 좋아요^^ 간단 맥주!
홀엔 손님7테이블 거의 절반 찼는데 외국인 알바생 1명이예요. 친절은한데 혼자 홀이랑 주방 다오가네요 . 주문하고나면 함흥차사... 사장님 알바생좀 늘리세요 너무 안쓰러워요 옆테이블에서도 답답하다며 부르고 난리. 직접가서 해결하셨어요"
nv_1348679964,역전할머니맥주 서울신사가로수길점,강남,호프/통닭,,1082,,,"할맥 가면 항상 기본 안주만 먹다가 이번에 콘치즈랑 치즈떡볶이를 처음 주문햇는데 만족스러웠습니다.
달콤한 콘치즈와 매콤한 떡볶이가 은근히 잘 어울립니다.

떡볶이는 맵지 않고 달달한 분식 스타일이라 부담 없이 먹기 좋았고, 위에 올라간 콘치즈가 고소함을 더해줘서 맥주 안주로 딱입니다.
중간중간 콘을 떠먹는 재미도 있어서 안주로 괜찮았던 메뉴였습니다."
nv_1348679964,역전할머니맥주 서울신사가로수길점,강남,호프/통닭,,1082,,,너무 맛있고 직원 분들이 진짜 친절해요.. 센스 만점 강추❤️❤️
nv_1348679964,역전할머니맥주 서울신사가로수길점,강남,호프/통닭,,1082,,,"집앞에 제대로 생맥 시~ 원하게 주는곳은
이곳밖에 없어요. ~ 안주도 저렴하고^^
안주도 다양해져서 너무 좋아요
늦게까지 하기도 하구 오래오래 장사해주세요 !"
nv_1348679964,역전할머니맥주 서울신사가로수길점,강남,호프/통닭,,1082,,,"퇴근하고서 남자친구랑 2차로 뭐먹을지 고민하다가 신사역에서 술집으로 유명한 역전할머니맥주에 방문했어요!
짜파구리랑 맥주로 오다해서 먹었는데 양도 낭낭하고하고 살얼음맥주도 시원해서 넘나 맛도리ㅠㅠ
직원분들도 넘 친절하셔서 기분좋고 맛있게 먹었습니다-
재방문 의사 완전 있고 나중에는 다른 메뉴도 시켜서 같이 먹어보려고요ㅎㅎ
사장님 적게 일하시고 많이 버세요🤑💖"
nv_1348679964,역전할머니맥주 서울신사가로수길점,강남,호프/통닭,,1082,,,모임으로 방문했는데 단체도 오기 좋아요 가성대비 메뉴도 너무 좋아요 역시 맥쥬는 할맥이죠!
nv_1348679964,역전할머니맥주 서울신사가로수길점,강남,호프/통닭,,1082,,,"가성비 좋고 안주 맛잇서용 ~~
술먹기넘좋아요 ~~ !!!!"
nv_1348679964,역전할머니맥주 서울신사가로수길점,강남,호프/통닭,,1082,,,"역할맥 진짜 좋아해서 자주 오는데
신사점이 튀김도 맛있고, 늘 올때마다 만족하는거 같아용♥︎"
nv_1348679964,역전할머니맥주 서울신사가로수길점,강남,호프/통닭,,1082,,,"착한가격의 최고의 안주에요
많이먹고 술잘드시는분들의 위한 밥집
역전할머니 추천드립니다!"
nv_1348679964,역전할머니맥주 서울신사가로수길점,강남,호프/통닭,,1082,,,"맥주랑 안주 조합이 완전 잘 맞아서 분위기 좋게 즐기기 딱 좋아요🙂
라면이랑 튀김도 기대 이상이라 가볍게 한잔하기에 만족스러운 곳입니당🙂"
nv_1748360379,얼맥당 선릉점,강남,호프/통닭,,2090,,,"멜빵바지 입은 사장님께서 너무 친절해요!!
다가오는 여름에 1차 2차 3차로 다 추천입니다!!
얼음 생맥 진짜 시원하고 추천드려요!
진짜 치피탕 소주 안주로 딱이였어요!!"
nv_1748360379,얼맥당 선릉점,강남,호프/통닭,,2090,,,"어제도 오구 오늘도 왔따…☺️✨😆✌🏻
여기 쥐포튀김 진짜 젼말루 맛있어요…
단짠단짠 맥주안주 끝판왕 !! 🥰
나가사끼 짬뽕도 칼칼 얼큰해서 베스트 메뉴 인정이에요🥹
그리고 무엇보다 맥주가 진짜 맛있어요
얼맥은 맥주 빙수 마냥 올라가있구
크림 맥주는 크림대로 부드럽고 맛있습니다🙊💖
일 끝나고 또 올게여 ㅋㅋㅋ!!"
nv_1748360379,얼맥당 선릉점,강남,호프/통닭,,2090,,,"안주 맛있어요!!!
창가쪽 야장느낌도 나고 좋습니당
또올게요❤️‍🔥❤️‍🔥❤️‍🔥"
nv_1748360379,얼맥당 선릉점,강남,호프/통닭,,2090,,,2차는 항상 얼맥당이죠! 맥주 칩은 무조건 하루의 마무리로 해야 합니다! 여기는 꼭 선릉에서 와야 하는 곳 ㅋㅋ 오늘도 신나게 마시네요
nv_1748360379,얼맥당 선릉점,강남,호프/통닭,,2090,,,"더운날 얼맥당 시원한 맥주 너무 좋아요
저렴하게 술한잔하고 너무 괜찮아요"
nv_1748360379,얼맥당 선릉점,강남,호프/통닭,,2090,,,"살얼음 생맥주와 찰떡궁합! 얼맥당 메뉴 추천 (육회물회 & 치즈계란말이)
퇴근 후나 가벼운 술자리로 딱인 얼맥당에 다녀왔습니다.
이곳의 시그니처인 얼음 가득 생맥주부터 비주얼 폭발하는 안주들까지, 정말 만족스러웠던 조합을 공유해 드릴게요!
🍺 1. 얼음 가득 생맥주 (맥주칩 이벤트!)
얼맥당 하면 역시 '맥주칩'이죠. 잔 위에 소복이 쌓인 살얼음 덕분에 마지막 한 모금까지 머리가 띵할 정도로 시원합니다.
2. 육회물회와 치즈계란말이
더위를 한 번에 날려줄 만큼 신선하고 시원한 육회물회와 여기 계란말이는 평범하지 않아요! 계란말이 위에 치즈 가루가 눈처럼 소복하게 뿌려져 있어 풍미가 깊습니다. 😊
얼맥당~~~ 금요일 내 스트레쑤 다 얼려부렸당🤣"
nv_1748360379,얼맥당 선릉점,강남,호프/통닭,,2090,,,"여긴 얼음도 백퍼 맥주예요!
사장님도 친절하시고 먹태 특히 맛있습니다
야장분위기 나서 즐겁게 즐기다 갑니다"
nv_1748360379,얼맥당 선릉점,강남,호프/통닭,,2090,,,사장님이 넘 친절하시구 직장인들 가벼운 회식장소로 넘 추천드려요! 항상 넘 사람많아서 못갔는데 마침방문했는데 안주도 넘 맛있구 분위기도 넘 좋아서 단체 회식에도 딱 좋을 것 같아요!! 고민하시던 분들 넘 추천드립니다💕💕
nv_1748360379,얼맥당 선릉점,강남,호프/통닭,,2090,,,"반건조 오징어 시켰는데 딱 적당히 쫀득하고 너무 질기지 않아서 먹기 편해요👍 살짝 불향도 올라오고 고소한 맛이 있어서, 마요+고추 찍어 먹으면 계속 손이 가요ㅎㅎ

생맥은 엄청 시원하게 나와서
첫 모금부터 만족스러웠어요!
거품도 부드럽고 깔끔해서 안주랑 잘 어울려요🍻

전체적으로 가볍게 한잔하기 좋은 분위기라
2차로 오기 딱인 곳이에요. 다음에 또 올 것 같아요👌"
nv_1748360379,얼맥당 선릉점,강남,호프/통닭,,2090,,,"리뷰가 좋아서 들른 얼맥당 선릉점.

얼맥당에서 유명한 맥주 2단계로 마시고 거기에 소주는 처음처럼으로... 치맥후라이드치킨에 오징어튀김&감자샐러드 시켜서 맛나게 먹으며 토요일 밤을 보내고 있네요.

좋은 사람들과 좋은 곳에서 좋은 음식을 먹었습니다. 맛나요."
nv_2093423408,CAFE 00:00,강남,카페 디저트,,96,,,분위기가 좋고 디저트가 예뻐요!✨
nv_2093423408,CAFE 00:00,강남,카페 디저트,,96,,,"공간도 예쁘고 파르페가 찐 맛있었어요
카시오 시계 구입차 들려서 카페 구경도 하고 디저트 선물포장하기 좋은 곳이더라고요
시계레일 포토존에서 사진도 예쁘게 나와서 만족이었어요"
nv_2093423408,CAFE 00:00,강남,카페 디저트,,96,,,"커피는 기본에 충실하면서 원두 풍미가 잘 느껴져서 좋았고, 초코라떼는 아이들도 좋아할 만큼 진하고 맛있어요. 사장님도 친절하시고 공간이 편안해서 기분 좋게 머물다 갑니다. 근처 오시면 커피랑 초코라떼 조합 꼭 드셔보세요!"
nv_2093423408,CAFE 00:00,강남,카페 디저트,,96,,,카시오 카페가 있다고 해서 와봤는데 커피도 맛있고 분위기도 좋아여
nv_2093423408,CAFE 00:00,강남,카페 디저트,,96,,,차분한 분위기에 디저트 맛있어요! 특히 파르페는 비주얼도 예뿜..☺️🌷🍒🥰 두쫀쿠까지 잘 먹고 갑니당
nv_2093423408,CAFE 00:00,강남,카페 디저트,,96,,,"맛있는 디저트랑 카시오 시계까지 구경할 수 있어서 좋아요! 신메뉴 망고파르페랑 구움과자 추천드려요👍🏻
장소도 힙하고 디저트도 예뻐서 사진도 잘 나와요 데이트 코스로 추천드립니다!"
nv_2093423408,CAFE 00:00,강남,카페 디저트,,96,,,"멋진공간이예요
시계구경도 할수있고 딸기파르페 너무 맛있어요
비쥬얼대장 디저트 맛도 좋았고
재료가 다양하면서 조화가 좋아 고급진맛
이야기하기도 좋고 쾌적해서 압구정카페 중 추천하는곳
구움과자도 맛있어서 신메뉴 디저트선물 포장했어요
연말 크리스마스 데이트 하기 좋은 복합 문화공간"
nv_2093423408,CAFE 00:00,강남,카페 디저트,,96,,,"트렌드한 시계브랜드 카시오와 함께 즐길 수 있는
카페 00:00의 달달한 디저트들.
퀄리티도 좋고 곧 다가올 기념일, 발렌타인 등으로 구움과자 선물하기에도 탁월!
딸기파르페와 음료의 조합은 당충전하는데 만족스러웠어요! 🥰"
nv_2093423408,CAFE 00:00,강남,카페 디저트,,96,,,"연말이라 커플시계 맞추러온 분들이 많았네요. 시계종류가 생각보다 훨씬 많고 인기모델 실물 구경할 수 있어 좋았습니다.
카페 디저트류도 맛있어서 시계구경 검 카페 나들이 겸 데이트코스로 방문해도 좋을 것 같습니다. 시즌메뉴 딸기파르페 진짜 맛있어요 추천! 디저트는 휘낭시에 종류 중 서세미 특히 맛있었어요"
nv_2093423408,CAFE 00:00,강남,카페 디저트,,96,,,미용실 왔다가 미용실샘들 드릴겸 사러왔는데 예쁜 디저트도 많구 너무 맛있어보여서 기분이 좋았어요 ｡*✧∘*☆(๑ò.ó๑)｡*✧∘*☆ 사람이 많아서 다음에 조금 더 한가할 때 와서 파르페도 먹구 시계도 보고싶습니당 ㅎㅎ
nv_1740023953,크렘드르네 강남본점,강남,카페 디저트,"별점
4.68",4,,,생일 케이크로 특별한 케이크를 찾다가 친구가 추천해줘서 알게된 곳이에요❤️ 의뢰차 연락드렸는데 너무 친절하시고 세심하게 제 의견도 하나하나 물어봐주시는 거에 감동 받았습니다🥹🥹 완성된 케이크 픽업하러 갔는데 보자마자 먹기 아까울 정도로 너무 예뻐서 그대로 보관하고 싶어지더라구요.. 특별한 날 특별한 케이크로 기분전환 하고 싶을 때 최곱니다 살면서 본 케이크 중 가장 예뻤어요~!
nv_1740023953,크렘드르네 강남본점,강남,카페 디저트,"별점
4.68",4,,,이렇게 예쁜 케이크는 첨봐요.. 퀄리티가 진짜 사진이랑 그대로여서 너무 놀랐어요! 기념파티하려고 산 케이크인데 괜히 제가 선물 받는 느낌..ㅎㅎ 친절하고 섬세한 서비스까지 어느것 하나 빠지지 않고 만족스러운 선택이었습니다👏👏
nv_1740023953,크렘드르네 강남본점,강남,카페 디저트,"별점
4.68",4,,,고급스럽고 예쁜 디자인 케이크 찾으시는 분들은 딱 좋을거 같아요! 일단 비주얼이 너무너무 예쁘고 맛까지 좋아서 정말 만족스러웠어요 가격이 좀 나가긴 하지만 특별한 날 기념하거나 선물하기엔 이만한 케이크 없다고 생각해서 예약했습니다 ㅎㅎ 주문할 때 상담도 꽤나 오래했는데 넘 친절하셨고 피드백도 빠르셔서 놀랐습니다 최고!!
nv_1740023953,크렘드르네 강남본점,강남,카페 디저트,"별점
4.68",4,,,최고의 케이크 디자인 맛집👏👏👏 진짜 미친거 아닌가요 너어무 예뻐요ㅠㅠㅠㅠㅠㅠㅠㅠㅠㅠㅠㅠㅠ 색감도 장난 아니고 디자인 하나하나 전부 감각적이라 뭘 골라야할지 선택할 때 머리 엄청 싸맸습니다. 사실 비주얼만 이쁜 케이크는 맛은 그닥일거란 편견이 있었는데 여긴 정말 맛까지 훌륭해서 칭찬을 안할수가 없어요. 다음에도 케이크는 여기서 주문제작 할 것 같아요 대 만 족입니다.
nv_1740023953,크렘드르네 강남본점,강남,카페 디저트,"별점
4.68",4,,,사진과 똑같이 너무 고급스럽고 예뻐서 여자친구가 너무 좋아했어요!! 상담도 너무 친절하시고 서비스도 너무 좋네요 덕분에 소중한 추억을 만들 수 있었습니다. 진심으로 감사드립니다!
nv_1740023953,크렘드르네 강남본점,강남,카페 디저트,"별점
4.68",4,,,정말 예쁘네요. 먹기 아까울 정도로 예뻐서 커팅할 때 아까웠어요 사실 이렇게 디자인에 치중된 케이크들은 가격은 비싸긴 해도 맛은 떨어져서 보기에만 좋은 떡인데 여기는 시트도 부드럽고 맛까지 훌륭해서 좋았습니다.
nv_1740023953,크렘드르네 강남본점,강남,카페 디저트,"별점
4.68",4,,,받자마자 너무 예뻐서 놀랐어요 축하할 일이 있어서 부모님께 예쁜 케이크 선물해드리고 싶은 마음에 여러군데 찾아보다가 맘에 쏙드는 디자인을 발견해서 이 곳으로 골랐는데 선택하길 잘한것 같아요 게다가 정말 친절하시더라구요 디자인도 예술품이 따로 없을 정도로 이렇게 고급스럽고 예쁜 케이크는 처음 보는거 같아요 부모님도 너무 좋아하셔서 뿌듯합니다☺️
nv_1740023953,크렘드르네 강남본점,강남,카페 디저트,"별점
4.68",4,,,요즘 케이크 주문제작 많이 하는데 캐릭터 주문제작이 저렴한 편도 아닌데 비싸면서 식소크림맛이 맛없더라구요.. 그래서 맛있으면서 예쁜 케이크 어디없나? 하고 알아보다가 여기에 주문해봤어요! 비주얼은 말할 것도 없이 너무너무 예쁘고 완전 맛있어요! 특별한 기념일에 예쁜 케이크로 사진도 찍고 분위기 좋게 맛있게 먹기 좋아요☺️ 다음에 또 주문할게요🫶
nv_1843917796,카페 그라시아스 아라비다 수서역점,강남,카페 디저트,,677,,,바닐라카페오레 넘 맛있어요
nv_1843917796,카페 그라시아스 아라비다 수서역점,강남,카페 디저트,,677,,,오랜만에 들렸어요~~^^
nv_1843917796,카페 그라시아스 아라비다 수서역점,강남,카페 디저트,,677,,,"쿠팡이츠와 워크인으로 항상 잘 이용하고있어요 !!
화사한 원두가 제 최애랍니다💝
수서에서 가성비 + 산미커피 최고라고 생각해요😆"
nv_1843917796,카페 그라시아스 아라비다 수서역점,강남,카페 디저트,,677,,,"srt자주 이용해서 수서역 오면 꼭 들려 픽업하는데
오늘은 ㅜㅜ
다크도 아니고 화사한 원두도 아닌 애중간한?? 맛이 이상합니다.
근무자가 바뀌셔서 손맛이 다르신건지
다음엔 기존 화사한 원두맛이길..."
nv_1843917796,카페 그라시아스 아라비다 수서역점,강남,카페 디저트,,677,,,친절하고 맛있어서 자주 갑니다:)
nv_1843917796,카페 그라시아스 아라비다 수서역점,강남,카페 디저트,,677,,,커피 만드는 언니가 예뻐요~ 맛있는 커피는 덤입니다!
nv_1843917796,카페 그라시아스 아라비다 수서역점,강남,카페 디저트,,677,,,커피 맛집!!
nv_1843917796,카페 그라시아스 아라비다 수서역점,강남,카페 디저트,,677,,,원두가 좋아요
nv_1843917796,카페 그라시아스 아라비다 수서역점,강남,카페 디저트,,677,,,"빅사이즈 아아메 2,500원입니다.
srt 기다리면서 있기에 좋아요!
공간 아담한 편이지만, 시끄럽지 않습니다.
근무하시는 분도 상당히 친절합니다. 저렴해서 기대하지 않았는데 커피도 맛있는 편입니다."
nv_1843917796,카페 그라시아스 아라비다 수서역점,강남,카페 디저트,,677,,,신제품 말차딸기라떼 맛있어요♡♡
nv_1698724177,뚜레쥬르 강남직영점,강남,카페 디저트,,722,,,"지나가다가 보이길래 뚜초케 생각나서 들어갔는데 마침 딱 하나 있어서 구매했어용 ㅎㅎ
제가 구매하고 나니 솔닷,, 원래 한개씩만 들어오는건 아니겠져???
라스트팡이라니 기분 째지구여
인스타보고 궁금했었눈데 초코시트 넘 촉촉하고 부들하니 맛있어용 ㅠㅠ
다이어트 중이였는데 입터져벌임,,
두바이 포에버하실게요💗"
nv_1698724177,뚜레쥬르 강남직영점,강남,카페 디저트,,722,,,"여기 지점은 다른 곳에 없는 빵들이 상당히 많더라구요.
전 미니 케이크인 아그작 망고, 들기름 누룽지 소금 버터롤, 앙버터 토스트, 얼티말빵, 쫀득 쑥단팥을 선택했어요.
아그작 망고는 의외로 퀄러티가 있고 안이 크림 무스와 망고 필링이 들어 있어서 맛도 좋더라구요.
들기름 누룽지 소금빵은 구수함 그 자체구요.
앙버터 토스트는 맛을 아는 앙버터에 토스트 맛까지 더해서 맛있음 폭발이에요.
얼티말빵은 모양 덕분이 인스타그램에서 본적이 있던 빵인데 기본적으로 홍차향 크림 빵이라 먹으면서 홍차향이 너무 좋더라구요.
쫀득 쑥단팥은 쫀득한 식감이 좋구요.
여긴 다 좋은데 아그작 망고 주문 때문에 케이크대에서 물어보려고 했는데 눈마주치신 직원 한 분이 일부러 못본척하신거 땜에 별점 반 깎았어요. 다른분들은 모두 친절하셔요"
nv_1698724177,뚜레쥬르 강남직영점,강남,카페 디저트,,722,,,"직영점이어서 그런지,
다른 일반 매장과 다른 빵종류가 많아여..
맛잇어여..
커피도 맛잇고 ,
가격도 다른매장과 비슷하고..

대신 어제 낮시간에 계산하던 여직원님 2인
에휴 불친절은 덤이엇네여 ㅜ"
nv_1698724177,뚜레쥬르 강남직영점,강남,카페 디저트,,722,,,"여기 뚜쥬 공간 참 좋아요
높은층고와 넓은통창
가격도 좋고 샌드위치도 유독 맛있어요"
nv_1698724177,뚜레쥬르 강남직영점,강남,카페 디저트,,722,,,그 유명한 아그작 시리즈를 강남에서 만났습니다🍑🥭 비쥬얼 뿐만 아니라 맛도👍🏻
nv_1698724177,뚜레쥬르 강남직영점,강남,카페 디저트,,722,,,"맛나보이는 빵과 케이크가 너무 많고요. 조각케이크도 두쫀쿠 스타일의 케이크, 이름도 잊어버린 치즈케이크 등등 동네 뚜레쥬르에서 못본 케이크도 많아요. 선물해서 맛은 못봤네요 ㅜㅜ"
nv_1698724177,뚜레쥬르 강남직영점,강남,카페 디저트,,722,,,"아그작이 강남직영점에 나온다해서 바로 달려왔습니다!!! 예쁘게 포장도 해주시고 , 넘 감사합니다 🖤🖤"
nv_1698724177,뚜레쥬르 강남직영점,강남,카페 디저트,,722,,,이달의 신제품이 있길래 구매해봤어요. 이건 집에 가서 먹으려고 아직 먹기전이지만 워낙 시나몬을 좋아해서 맛있을것 같아요. 비주얼조차 맘에 드네요^^ 오늘 낮 32도라서 그런지 더워서 열을 식히기 위해 아이스 페퍼민트 마셨는데 갑자기 배고파서 쵸코소라빵을 뜯어버렸어오. 역시 초코소라는 뚜레주르~~ 이틀전엔 필링이 별로 없어서 35% 는 빵만 먹었었는데 오늘 다시 필링이 꽉 차있어서 기분 좋게 먹었어여. 좀 다크초코에 가까워서 제 취향이예요~ 글구 직원분들이 모두 친절하세요~ 또 방문할께요
nv_1698724177,뚜레쥬르 강남직영점,강남,카페 디저트,,722,,,"아시아나 마일리지로 내려받은 모바일 쿠폰을 사용하려고 뚜레쥬르에 들렸더니, 지정 품목이 Sold Out 되어 다른 빵으로 교환 해 왔습니다.

• 지정 품목 : 72겹 데니쉬 식빵, 땅콩 크림 소보로
• 교환 품목 : 블루베리 베이글, 연유 퐁당 밀크브레드

의도치 못한 품목으로 교환해 왔지만, 새로운 맛을 발견했습니다.
묵직하고 쫄깃한 식감의 베이글, 빵 사이로 스며든 연유의 부드러움이 새로운 밀크브레드.
계획대로 되지 않아도 충분히 괜찮은 대안이 대기하는 뚜레쥬르.
😀 👍 😀 👍"
nv_1698724177,뚜레쥬르 강남직영점,강남,카페 디저트,,722,,,뚜레주르 타 매장과 달리 메뉴가 훨씬 다양한 느낌이 있어요. (메뉴 갯수가 아닌 종류) 매장 크기에 비해 좌석수가 많진 않은게 혼밥하시 좋은 테이블 배치가 맘에 들고요. 대체로 빵이 다 맛있는데 제가 짠 걸 안 좋아해서 소금빵은 먹어보진 못했어요. 그리고 매 방문시 직원분둘 친절하다는 느낌을 받아서 기분 좋아요~
nv_1732573285,낫배드커피 도산,강남,카페 디저트,"별점
4.62",4,,,도산공원에 산책나왔다가 근처 혼자서 보낼 카페를 찾아 와봤어요! 빙수 먹고 싶었는데 혼자라 포기하고 있었는데 마침 컵빙수가 나왔다고 해서 바로 주문했어요! 말차 쌉싸름한 맛이 살아있고 혼자먹기 딱좋아요! 맛있어요♡
nv_1732573285,낫배드커피 도산,강남,카페 디저트,"별점
4.62",4,,,"아침 8시부터 핫한 치아바타 샌드위치랑 낫배드 음료페어링 포장 가능!🎉🎉🎉 9시부터는 카페 매장 안에서 여유롭게 이른 브런치 힐링 가능한 도산공원 대형카페!

살구잼이랑 짭쪼름잠봉~~ 단짠조합 밸런스 굿!!
🥪 살구 잠봉 샌드위치 7.9

직접만드셨다는 트러플 허니버터 듬뿍✨️✨️✨️
🥪 트러플 허니버터 잠봉 샌드위치 7.9

수제 풀드포크 & 매콤치폴레 마요~~ 크런키 나초식감까지~~~ 든든 브런치 샌드위치~~~
🥪 BBQ 풀드포크 샌드위치 8.9

따뜻한 낫배드라떼/ 말차라떼 아이스/ 상큼비타 레몬에이드까지 페어링하며, 이색 야외 테라스 자리와 2층까지 이어지는~~,
압구정 대형베이커리 카페 여유롭게 브런치 데이트하고 왔으요~~~😘"
nv_1732573285,낫배드커피 도산,강남,카페 디저트,"별점
4.62",4,,,"도산에 있는 낫배드커피 도산 다녀왔는데, 전반적으로 이 름처럼 ""낫배드"" 이상은 충분히 하는 곳이었어요.
포카치아 메뉴가 특히 기억에 남았는데, 트러플허니버터 잠봉 포카치아는 트러플 향이 은은하게 올라오면서 허니버 터의 달콤함이 잘 어울렸고, 잠봉이 짭짤하게 균형을 잡아줘서 가장 완성도가 높았어요. BBQ 풀드포크 포카치아는 고기가 부드럽고 소스가 진해서 묵직한 느낌이라 든든하게 먹기 좋았고, 살구잠봉 포카치아 샌드위치는 살구의 상큼함이 더해져서 상대적으로 가볍고 산뜻하게 즐길 수 있 었어요.
음료도 전체적으로 맛이 잔잔하니 맛났고 낫배드 라떼는 약간 진하고 고소한게 시그니처다웠어요 가볍게 브런치나 커피 마시러가기 좋은것같아요."
nv_1732573285,낫배드커피 도산,강남,카페 디저트,"별점
4.62",4,,,"매장도 감성 넘치고 샌드위치도 생각보다 크고 맛있었던 샌디치 맛집 .. 💛💛 매콤한 스리라차 참치샌디치 너무 맛있어요 .. 🤤
매장이 2층이라 자리도 엄청 널널하고 깔끔하니 좋았어용 음료세트시 할인도 되니 다음에 또 브런치 먹으러 오께요 ~!!!"
nv_1732573285,낫배드커피 도산,강남,카페 디저트,"별점
4.62",4,,,"샌드위치가 진짜 기대 이상으로 맛있었어요🥪🤍
빵은 폭신하면서도 쫀득하고 안에 재료가 엄청 알차게 들어가 있어서 한입 먹자마자 만족감 최고였어요! 특히 소스 조합이 너무 잘 어울려서 끝까지 안 질리고 먹게 되더라구요ㅎㅎ

커피랑 같이 먹으니까 브런치 느낌 제대로 나고 든든해서 한 끼로도 딱 좋았어요☕️
매장 분위기도 깔끔하고 편해서 다음에는 다른 샌드위치 메뉴도 꼭 먹어보고 싶어요!"
nv_1732573285,낫배드커피 도산,강남,카페 디저트,"별점
4.62",4,,,"강아지랑 산책 겸 나왔는데 카페가 분위기도 좋고
특히 사장님이 너무 친절하셔서 다음에 또 오고 싶은 곳이에요!
커피도 맛있고 샌드위치도 맛있어서 단골이 될 갓 같아용
직원분들도 친절하세용!!"
nv_1732573285,낫배드커피 도산,강남,카페 디저트,"별점
4.62",4,,,점심은 먹어야하는데 땡기는건 없고 직장동료 추천으로 그냥 가볍게 먹으려 방문했어요. 요즘 물가가 전체적으로 올라서 그런가 합리적인 가격이라고 느껴졌고 세트로 주문하면 1천원 할인도 돼서 좋아요! 샌드위치도 내용물 알차고 너무 맛있고 바닐라라떼도 정석으로 맛있는 맛이에요. 앞으로도 종종 와야겠어요 직장 근처 보물 카페 발견한 느낌입니다 ㅎㅎ
nv_1732573285,낫배드커피 도산,강남,카페 디저트,"별점
4.62",4,,,원두 자체가 좋은지 커피 풍미가 정말 깊고 깔끔하네요. 디저트랑 조합도 최고였습니다. 공간 곳곳에 신경 쓰신 티가 나서 구경하는 재미도 쏠쏠했어요. 도산공원 근처에서 분위기 좋고 커피 제대로 하는 집 찾으시면 무조건 추천합니다. 기분 좋게 머물다 갑니다! 🥰
nv_1732573285,낫배드커피 도산,강남,카페 디저트,"별점
4.62",4,,,"버터떡 받고 싶어서 쓰는거 아님, 진짜 맛있었어요😳
진짜 진짜 간만에 찾은 샌드위치 맛집..🥹
포카치아 빵이 깔끔!뽀송!꼬소! 맛이라 베스트메뉴인 살구잠봉으로 시켰는데 조합이 찰떡이예요 👍
든든하면서 속도 편한 샌드위치에 아이스라떼의 우유는 엄청 꼬수워서 커피 맛까지 분명 압로가 맞는데…
10,900원으로 이정도 구성이면 압로에서 보기 힘들지 않나요?? 박수치고 갑니다 👏"
nv_1732573285,낫배드커피 도산,강남,카페 디저트,"별점
4.62",4,,,"로데오에 새로 생긴 샌드위치 맛집으로 소문 자자해서 방문했습니다. 베스트 메뉴 두 개랑 말차 컵빙수까지 주문했는데 샌드위티부터 디저트까지 다 정말 맛있었습니다. 나쵸칩이 풀드포크랑 의외로 잘 어울렸고, 살구잼과 잠봉의 단짠 조합이 좋았습니다. 말차컵빙수는 달달하고 시원해서 입가심하기 딱이었습니다. 가성비 좋아 한끼 식사로도 좋은 거 같습니다. :)"
nv_1182897501,파티세리 후르츠,강남,카페 디저트,,1258,,,"재방문 의사 0

유명한 과일 실물케이크

보기에도 너무 예쁘고..

맛이랑 식감도 너무 훌륭해요…

모든 과일 다 먹어볼겁니다

그리고 커피 맛집이네요.. 적당한 산미와 묵직함 굿굿

친절하고 아늑하고 화장실 내부여서 좋아요"
nv_1182897501,파티세리 후르츠,강남,카페 디저트,,1258,,,"압구정 디저트 카페 파티세리후르츠에 방문해 납작복숭아 디저트와 피치멜바, 쁘띠프뤼를 맛봤습니다. 비주얼이 너무 정교해서 처음엔 먹기 아까울 정도였고 한입 먹는 순간 부드러운 무스와 상큼한 과일 풍미가 자연스럽게 어우러져 만족도가 높았습니다. 특히 잔에 담겨 나오는 피치멜바는 달콤하면서도 산뜻해 마무리로 좋았고 쁘띠프뤼는 다양한 맛을 한 번에 즐길 수 있어 선택 고민이 없어 좋았습니다. 매장 분위기도 깔끔하고 감각적이라 재방문 의사 있습니다. 포장해오면서 기분이 너무좋았어요 선물하기도 좋을듯해요 꼭 다시 방문하겠습니다"
nv_1182897501,파티세리 후르츠,강남,카페 디저트,,1258,,,"세명이서 납작복숭아, 바스크쇼콜라, 말차라떼, 산딸기 이스파한 피즈 이렇게 네개 시켰어용🤍

음료맛은 쏘쏘인데 다른것보다 디저트들이 너어무 이쁘고 귀여워서 보는것만으로도 넘 행복해지는 곳이에요 물론 맛도 좋아요!!
다른것도 먹으려구 집가는길에 포장해갔어요

직원분도 매우 친절하셨습니당ㅎㅎ"
nv_1182897501,파티세리 후르츠,강남,카페 디저트,,1258,,,여기 케잌 먹고싶다고해서 대신 사주러 픽업간건데 생각보다 카페 분위기도 좋구 화장실도 인에 있어서 좋았어요! 커피도 맛있어요☕️👍👍
nv_1182897501,파티세리 후르츠,강남,카페 디저트,,1258,,,납작복숭아 비싼데 맛있어요. 과일들이 굉장히 디테일이 좋더라구요. 매장은 안커서 자리선점이 좀 어려운것이 단점이고 디저트는 진짜 아이디어 넘 좋은것같아요
nv_1182897501,파티세리 후르츠,강남,카페 디저트,,1258,,,"납작복숭아는 솔드아웃되었지만
선물하기도좋고 너무 이쁘고 맛있어용"
nv_1182897501,파티세리 후르츠,강남,카페 디저트,,1258,,,아그작 케이크 궁금해서 먹어봤어요. 저는 맛있게 잘 먹었어요! 진짜 정성스럽게 잘 만들어진 디저트인 것 같아요.
nv_1182897501,파티세리 후르츠,강남,카페 디저트,,1258,,,"디저트 맛집으로 서칭하다가 오게 된 곳이에요
사람 바글바글해서 좁게 앉아 있었는데
디저트가 특이하니 맛은 아주 좋구만요
납작복숭아를 흉내낸 디저트 굿"
nv_1182897501,파티세리 후르츠,강남,카페 디저트,,1258,,,"금요일 11:40 분 도착하니 앞에 3팀 대기했고 12시 되니 10팀 정도 있네요 ㅎㅎ
5분만에 주문하고 미니 먹었는데 개인적으로 설도(snow peach) 가 제일 맛있네요 ㅎㅎ 아몬드 맛이 진하게 나는데 정말 맛있어요. 레몬은 정말 아그작하고 나머지는 녹녹했습니다.
맛있어요!"
nv_1182897501,파티세리 후르츠,강남,카페 디저트,,1258,,,너무 맛있어용 말로 설명 못할 맛있음 초코코팅이 얇고 맛이 은은해서 복숭아 맛을 해치지 않고 너무 달지듀 않네요 고급진 맛이에요 100개 먹고 싶움
nv_1414148461,브레드앤워크,강남,카페 디저트,,2288,,,"시그니처 워킹라떼 마시며 1층 테라스(?)에서 동생들 기다리다 뜻밖의 선물 받은 빵보따리~~😍

집에서 빵 보따리를 풀어보니 이름 아는건 애플파이뿐 ㅋㅋㅋㅋ 배부른데 다 펼쳐놓고 남편이랑 다 먹었….;;;
저 샌드위치 이름 몬지 모르겠는데 엄지척이었어요!
담에 가서 사먹어야 겠어요!!! 😃

양재천 산책하다 들르기 좋은곳!
근데 오늘은 좀 추웠다는….ㅠ"
nv_1414148461,브레드앤워크,강남,카페 디저트,,2288,,,"양재천 카페에 왔어요
주말이라 분빌 줄 알았지만 2층에는 자리가 있어서 좋았고
빵 종류도 많아서 좋아요!
간편하게 식사 대용 빵이 있어서 좋았고, 음료 메뉴도 괜찮았어요
다만 주문이 밀려서 좀 기다렸어요"
nv_1414148461,브레드앤워크,강남,카페 디저트,,2288,,,"빵도 맛있고 특히 식사빵 종류 샌드위치가 넘넘 좋아요!
음료도 맛있고 친구들과 통창으로 예쁜 풍경 보면서 얘기하기 좋아요~~"
nv_1414148461,브레드앤워크,강남,카페 디저트,,2288,,,"휴일 아침에 양재천에서 운동하다 들른 베이커리 카페.
빵 종류가 알차고 다 엄청 맛있어 보여서 한참을 고민했습니다.
커피도 맛있고 위치를 감안할 때 가격도 합리적인 아주 만족스러운 곳!
앞으로 양재천에서 운동할 때마다 들를 것 같습니다."
nv_1414148461,브레드앤워크,강남,카페 디저트,,2288,,,"* 양재천변길 아침부터 자리가 꽉 차는 카페&베이커리 '브레그앤워크'

양재천변길 베이커리 맛집. 오전8시부터 문을 열어서 산책,러닝하고 온 동네주민들로 사람이 가득한곳. 현미밥빵이 시그니처이고 빵종류가 다양해서 아침대신 간단히 먹기에 좋은곳. 양재천변길에 유행인 1층 주차장을 테라스처럼쓰고, 2층에도 우거진 녹음을 보면서 경치를 즐길 수 있는 뷰로 공간을 만들어두어서 지금이 가장 분위기즐기기 좋은 곳"
nv_1414148461,브레드앤워크,강남,카페 디저트,,2288,,,"양재천 산책하다 야외에서 빵먹기 젤 좋치 않나
싶어요~~~
브런치는 다른곳 좋은곳 많은데
빵과커피는 이곳입니다

주차는 안되니 참고바래요
야외테라스는 강아지들이 많치만
야외테라스 강추입니다"
nv_1414148461,브레드앤워크,강남,카페 디저트,,2288,,,"양재천변 베이커리 카페 중 빵이 제일 맛있는 브레드앤워크입니다. 여기 크랜베리 사워도우 너무 맛있어서 늘 쟁여서 냉동에 두어야 맘이 편해요!!🤣 물론 다른 빵들도 다 넘 맛있습니다. 오늘 먹은 시나몬롤도 맛있어요!
필로티 노천 카페랑 2층 공간도 좋아서 양재천 산책시 들러서 커피랑 빵 먹으며 힐링하기 좋아요!! 이미 인기가 너무 많아서 주말엔 자리잡기가 쉽지 않지만 강추입니다!!!"
nv_1414148461,브레드앤워크,강남,카페 디저트,,2288,,,"커피는 깔끔하게, 빵은 제대로!!
아이스 아메리카노 2잔에 뜨아 1잔으로 시작해서
올리브 치아바타, 애플쇼송, 콜리플라워 쉬림프 파니니까지 완벽한 조합이네요.

특히 파니니는 담백하면서도 은근 중독성 있고,
애플쇼송은 바삭+달콤 밸런스가 딱 좋았다
브런치 겸 커피타임으로 재방문 각!!"
nv_1414148461,브레드앤워크,강남,카페 디저트,,2288,,,백프로 호밀빵이 있다고 해서 방문했어요 식사 빵 외에도 페스츄리 등 다양한 디저트 빵도 많네요. 양재천 바로 앞이라 뷰도 좋고 사람도 진짜 많지만 테라스 좌석 외에도 2층도 확장오픈해서 좌석은 넉넉합니다.
nv_1414148461,브레드앤워크,강남,카페 디저트,,2288,,,이틀째 방문....ㅋ 오늘은 금방 일어나야하는데 아침일찍 열어주시고 초록초록도 너무 좋고 빵도 커피도 너무 맛있어서 일부러 왔지 머에요.. 보늬밤팥 치아바타 현미밥빵 어제 구매하고 반햐서 오늘운 쵸코빵 호밀빵 등을 사보았어요 . 날씨 좋으면 당분간 계속 올것 같아요. 하루의 시작이 너무 기분이 좋습니다 ♡
nv_1207231213,스탠다드브레드 도산,강남,카페 디저트,,4877,,,"스탠다드브레드 도산점 방문 :)
입장하자마자 맛있는 빵 향기가 솔솔 나서 기분 좋았어요! 직원분들도 정말 친절하셔서, 어떻게 주문할지 몰라 어리버리하고 있으니까 알려주시더라고요. 덕분에 편하게 주문할 수 있었어요. 👍
트러플 양송이 스프가 맛있어 보여서 생식빵이랑 같이 먹으려고 주문했는데 너무 잘 어울리는 조합이었어요!!
솔티드버터 생식빵은 짭조름한 버터 풍미가 살아있고, 스프에 찍어 먹으니 속이 따뜻해지는 느낌~~~😋
달콤 쌉싸름한 말차 티그레와 쫀득한 플레인 치즈찰빵도 디저트로 훌륭했고, 스탠다드 슈페너 한 모금 마시면 당 충전이 제대로 되는 기분이었어요.
예쁜 공간에서 맛있는 빵과 커피 즐기며 잘 쉬다 갑니다❤️"
nv_1207231213,스탠다드브레드 도산,강남,카페 디저트,,4877,,,"도산 쪽 지나가다가 들렀는데 분위기가 너무 좋아서 오래 머물다 왔어요 ☕🥐
우드톤 인테리어에 조명도 따뜻해서 대화하기 편했고 디저트들이 전체적으로 깔끔하고 맛있었어요

특히 버터 소금빵이랑 버터떡 조합이 진짜 좋았고
아몬드라떼도 너무 달지 않아서 디저트랑 잘 어울렸어요
음료랑 베이커리 종류가 다양해서 여러 명이 같이 가도 취향 맞춰 먹기 좋을 것 같아요

직원분들도 친절하시고 전체적으로 매장이 감성적이라 사진 찍기에도 예쁜 공간이었어요
다음에 근처 오면 또 방문하고 싶은 카페입니다 ✨"
nv_1207231213,스탠다드브레드 도산,강남,카페 디저트,,4877,,,"스탠다드브레드,
빵보다 공간이 먼저 기억나는 곳
1층에 들어서면
노란 수선화가 먼저 맞이한다
봄이 시작되는 입구
꽃길을 지나
빵 향으로 이어지는 동선이
이미 기분을 좋게 만든다
이곳의 대표는 단연 ‘식빵’
겉은 담백하고
속은 촉촉하게 살아있어
버터 없이도 충분하고
무엇을 곁들여도 어울리는
기본에 충실한 맛
그래서 더 오래 기억에 남는다
4층 테라스로 올라가면
전혀 다른 분위기
잘 정리된 화단과
여유로운 좌석
도심 속인데도
잠시 멈춰 쉬어가는 느낌
빵을 먹는 공간이 아니라
시간을 보내는 공간
그래서 이곳은
단순한 베이커리가 아니라
‘머무는 장소’다

모닝커피 굿"
nv_1207231213,스탠다드브레드 도산,강남,카페 디저트,,4877,,,"진짜 너무 좋아하는 곳이예요!! 빵 좋아해서 진짜 많이 사먹는데 여기만큼 식빵이 맛있는 곳 없어요~
따뜻할때 먹으면 진짜 얼마나 맛있는지 ㅠㅠ
오랜만에 왔는데 평일이라 확실히 한산해서 여유롭게 먹고 갈 수 있어서 좋았어요😊
남편도 디저트 잘 안먹는데 압구정오면 무조건 여기 오자고 해요 ㅎㅎ 식빵중독이예요😆
커피도 맛있고 분위기도 좋고!! 또 올께요❤️"
nv_1207231213,스탠다드브레드 도산,강남,카페 디저트,,4877,,,"압구정 온 김에 마감 전에 맞춰서 남편이 제일 좋아하는 솔티드버터 생식빵 사러왔습니다. 매번 주말에 와서 웨이팅 후에 홀 매장에서 빵 먹고 가는데, 평일 마감 다 되서 방문하니 바로 빵 포장도 가능하고 너무 좋네요!! 생 식빵은 역시 스탠다드 브레드!!
🍞"
nv_1207231213,스탠다드브레드 도산,강남,카페 디저트,,4877,,,"카페가 4층까지 있는데 분위기가 너무너무너무 좋아요 !!!
평일에 와서 웨이팅 없이 바로 들어왔어요 ㅎㅎ
음료랑 디저트도 먹고 싶은게 넘 많아서 고민하느라 힘들었어요 ㅠ
얼그레이 잼밀크는 도산점에만 있다고 하니 꼭 드셔보세용💗"
nv_1207231213,스탠다드브레드 도산,강남,카페 디저트,,4877,,,"빵이 식지 않는 베이커리 전문점, 스탠다드브레드 도산점에 다녀왔습니다. 매 순간 오븐에서 갓 구운 따뜻한 빵이 나와 압구정 도산대로를 맛있는 향기로 가득 채워주는 베이커리 카페입니다. 대표 메뉴는 매시간마다 따끈따끈하게 구워 나오는 다양한 종류의 식빵들과 프렌치토스트를 맛볼 수 있고 요즘 유행 중인 상하이 버터 떡도 식빵 모양으로 귀욤귀욤합니다. 1층에서 베이커리 메뉴와 음료를 먼저 주문하고 2~4층 맘에 드는 층에 자리를 잡으면 픽업은 2층에서 하시면 됩니다. 모든 층을 다 둘러봤는데 개인적으로 3층이 제일 예뻤고 4층 루프탑은 좀 더 날씨가 따뜻해지면 스탠다드브레드의 명당자리가 될 것 같았습니다. 포장해온 식빵은 화이트리에 이후 정말 맛있는 식빵이었고 포토존이 가득해 압구정 데이트 장소로 추천드립니다."
nv_1207231213,스탠다드브레드 도산,강남,카페 디저트,,4877,,,"베이글이랑 빵 종류 다양하게 먹어봤는데 다 맛있었어요!
특히 베이컨할라피뇨 치즈찰빵이 쫀득하고 살짝 매콤해서 제일 기억에 남네요.
블랙올리브 생식빵도 담백해서 커피랑 잘 어울렸어요.
매장 분위기도 깔끔하고 직원분들도 친절한 편이었습니다.
가볍게 브런치나 빵 먹으러 재방문하기 좋은 곳 같아요 😊"
nv_1207231213,스탠다드브레드 도산,강남,카페 디저트,,4877,,,여기 카페다 야외에 꽃도 예쁘고 4층까지 자리가 넉넉해요! 화장실도 깔끔하고 내부도 인테리어예쁘고 좋습니다! 티그레랑 밀크티더 맛있게 먹었어요! 넘 맛있어서 포장으로 쟁여왔습니다!! 진짜 편안하고 좋고 1인1음료도 없어요!
nv_1207231213,스탠다드브레드 도산,강남,카페 디저트,,4877,,,"라떼 : 기대하나도 안했는데 라떼맛집입니다 완전 고소한 라떼에용!!!
피치쉐이크 : 진짜 입가심으로 미쳤습니당 상큼시원해서 스프랑 드시는 분들은 꼭 주문하시고 동치미국물처럼 드십쇼 👍

빵 : 스탠다드 브레드 빵 말모

에그인헬 : 존맛!

트러플 스프: 한국인 입맛에 금방 물리지만 한두입까지는 존맛!"
nv_1885113125,twnty 압구정점,강남,카페 디저트,,1141,,,"매장이 너무 예쁘고!! 요거트가 넘 맛있어용 ㅎㅎ
초콜릿 요거트 비주얼이 미쳤어용…🤤💦"
nv_1885113125,twnty 압구정점,강남,카페 디저트,,1141,,,"레몬맛 그릭요거트가 이렇게 맛있는지 몰랐어요!!
위에 레몬커드가 진짜 너무 맛있습니다🫰🫰"
nv_1885113125,twnty 압구정점,강남,카페 디저트,,1141,,,"nn번째 재방문 .. 💙🩵 날이 좋아서 테라스에 앉았더니 분위기 짱이에용 맛은 말해모해~~~ 새로 나온 우베 요거트 강추드립니다 !!! 트웬티덕분에 다이어트 성공해서 이번 여름 비키니 입을수있을거가타여
담주에또올게용 >.<"
nv_1885113125,twnty 압구정점,강남,카페 디저트,,1141,,,매장도 너무 청결하고 예뻐요😍☺️ 그릭요거트 너무 맛있어요!!! 맛이 다양해서 선택하기 좋아요🫰
nv_1885113125,twnty 압구정점,강남,카페 디저트,,1141,,,"그릭요거트 맛집 찾다가 방문했는데 기대 이상으로 만족스러웠어요🥹💞

요거트가 부드럽고 크리미한 식감이라 부담 없이 먹기 좋았고
고소한 풍미도 좋아서 끝까지 맛있게 즐길 수 있었어요🤍

토핑도 취향에 맞게 선택할 수 있어서 좋았어요
스몰 사이즈로 주문했는데도 요거트 양이 넉넉해서 한 끼로 충분하더라고요🥣✨

건강하면서도 든든하게 먹을 수 있는 메뉴라 재방문하고 싶은 곳이에요🩵"
nv_1885113125,twnty 압구정점,강남,카페 디저트,,1141,,,야외 좌석이 정말 멋져요!! 바깥 구경하는게 즐겁습니다ㅎㅎㅎ
nv_1885113125,twnty 압구정점,강남,카페 디저트,,1141,,,트리플베리 넘 맛있어여!!! 상큼달콤 제 최애맛..💕💗
nv_1885113125,twnty 압구정점,강남,카페 디저트,,1141,,,애플시나몬+스트로베리 반반으로 시켰는데 너무 ㅠㅠ 맛있어요!!!!! 완전 신선한 요거트 그 자체😍 로투스랑 이렇게 잘 어울릴 줄이야!!! 최고에요
nv_1885113125,twnty 압구정점,강남,카페 디저트,,1141,,,신메뉴인 우베 그릭요거트 넘 맛있어요!!! 코코넛 추가해서 먹으면 완전 체고조합..🫶🥺
nv_1885113125,twnty 압구정점,강남,카페 디저트,,1141,,,패션후르츠 넘 상콤달콤 조아용ㅎㅎㅎ 코코넛 추가하니까 완전 체고의 여름 메뉴..💓
nv_1643374390,레자미오네뜨,강남,카페 디저트,,8906,,,저번에 친구가 사다준 레몬 크림 붕어빵이 너무 맛있어서 물어보고 사러왔는데 맛있는게 더 많네요!! 베이글이랑 버터떡도 종류별로 많아서 고르기가 힘들었어요ㅠㅜ 혼자 먹는데 2만원 넘게 나왔습니다! 빵이 다 맛있고 선물하기도 좋아서 주변오시면 꼭 들러보세요💕 대만족 붕어빵은 맛별로 꼭 드셔보시길~~~
nv_1643374390,레자미오네뜨,강남,카페 디저트,,8906,,,딸기슈크림붕어빵 먹으러 왔다가 다른 붕어빵도 업어갑니다~~ 붕어빵 반죽이 너무 특별해서 매번 먹을 때마다 맛있음에 감동해요 ㅠㅠ 다양한 종류의 빵이 많아서 눈도 즐겁고 좋았습니다! 샌드베이글도 짱이에요~~ 번창하세요 ㅎㅎ
nv_1643374390,레자미오네뜨,강남,카페 디저트,,8906,,,"딸슈븅 먹으러 반차내고 옴♡

유미의 세포들 보고 딸기슈크림 붕어빵만 찾아다녔는데
데 회사 근처에 있다니!! 근데 사실 딸기 요거트 붕어빵이었다는ㅋㅋㅋㅋㅋㅋ

앉을 자리 없지만 가게 자체가 이쁘고 감성 느낌 낭낭
더워지니까 아이스크림 븅어빵도 있어서 취향에 따라 고를수 있어욥"
nv_1643374390,레자미오네뜨,강남,카페 디저트,,8906,,,"(( 2026.05.04 / 17:21 방문 ))

이 날 빵 포장 해주시던 분은
빵에 대해서 물어봤을때 엄~청 친절하셨는데

계산대에서 계산하시면서 포스보시던 분은
시크한게 컨셉이신지~일하시는 게 싫으신건지
물어보는 것에도 무표정으로 대충 대답하셔서,,

솔직히 제가 제 돈 지불하면서 구매하는건데
불편하고 눈치가 좀 보이긴 했습니다🫣

————————————————————————-

크붕이 사러 부산에서 논현까지 오게 만드는 마법‼️
넘 늦게 오면 크붕이는 종류가 많이 빠져있으니
원하는 맛이 있다면 얼른 달려오셔야함미다,,
크붕이는 모든 사람들이 맛있다고 좋아해요오~☺"
nv_1643374390,레자미오네뜨,강남,카페 디저트,,8906,,,"독특한 붕어빵이 있는 맛집.

논현역에서 인기 많은 빵집 찾다가 들어갔어요 !
들어가자마자 나는 빵향기가 ~~😍😍
그중 여기서 인기 많다던 붕어빵 도전 ~ 😝😝
그중 기본은 크로플 + 촉촉함이 너무 좋았고, 다른 것들은 크림이 진짜 ~~~ 🤩🤩
전 바나나푸딩 추천이요 !
잘 먹었습니다 🙂‍↕️🙂‍↕️"
nv_1643374390,레자미오네뜨,강남,카페 디저트,,8906,,,"전부터 좋아했던 베이커리 집인데, 요즘 인기있는 딸기 붕어빵을 팔길래 재방문했어요! 😚여긴 정말 다양한 붕어빵을 파는데 크림 붕어빵이 제일 인기있는 것 같더라구요~👏🏻
저는 한번쯤 먹고싶었던 초코바게트도 같이 구매했습니다~😊"
nv_1643374390,레자미오네뜨,강남,카페 디저트,,8906,,,"“요즘 핫한 딸요붕 먹으러 방문했는데 왜 유명한지 알겠어요 🍓
붕어빵은 겉바속촉 느낌이고, 딸기랑 요거트 크림 조합이 상큼해서 생각보다 안 물렸어요!
무엇보다 매장 분위기가 너무 예쁘고 감성적이라 사진 찍기에도 좋았습니다 📸
유행하는 빵 종류도 다양해서 구경하는 재미도 있었고, 다음엔 다른 메뉴도 먹어보고 싶어요 :)"
nv_1643374390,레자미오네뜨,강남,카페 디저트,,8906,,,"우와 ... 거의 오픈런처럼왔는데 빵이 이렇게 맛있어보이긴 또 오랜만이에요🥹 종류도 다양하고 정말정말 먹음직스러워 보여서 고르는데 힘들었습니다 !

테이크아웃 위주 매장이라고 하니 참고해주시면 좋을 것 같아요. 사장님도 정말 친절하시고 다음에 서울 방문 시 또 들리고 싶습니다 💟

아이스크림붕어빵이 있어서 정말 신기해서 사먹어봤는데 적당히 달고 시원하게 먹기 좋았어요!!!"
nv_1643374390,레자미오네뜨,강남,카페 디저트,,8906,,,레자미오네뜨 근처 올일있어서 와봤는데 두바이초코붕어빵 부터 에그타르트 명란바게트 등등 빵종류가 너무 다양해서 좋았어요! 여러개 담아 갑니다!! 담에는 과일샌드 베이글 화이트롤 먹어보려구요!
nv_1643374390,레자미오네뜨,강남,카페 디저트,,8906,,,논현역 근처에 있는 레자미오네뜨 다녀왔어요 🐟✨ 크림 붕어빵으로 유명한 곳이라 기대하고 갔는데 한입 먹자마자 왜 인기 많은지 알겠더라고요 😍 겉은 바삭하고 속은 크림이 꽉 차 있어서 완전 디저트 느낌이에요 💛 바닐라 크림은 부드럽고 달달해서 누구나 좋아할 맛이고 말차 크림은 살짝 쌉싸름해서 더 매력 있었어요 💚 테이크아웃이라 포장해서 먹었는데도 맛이 잘 유지돼서 좋았어요 🛍️ 종류도 다양해서 골라먹는 재미까지 있어서 재방문 의사 있어요 👍
nv_1883905907,지금이밤 성수본점,건대,일식,"별점
4.79",4,,,"성수동의 힙한 감성이 가득한 지금이밤 성수본점에서 정말 만족스러운 시간을 보내고 왔습니다. 메인으로 즐긴 연어 사시미는 두툼하고 신선해 입안에서 살살 녹는 식감이 일품이었고, 달콤하고 시원한 파인애플과 상큼한 파인애플 샤베트는 입가심하기에 더할 나위 없이 훌륭한 선택이었습니다. 특히 마지막을 장식한 쿠크다스 아이스크림은 바삭한 과자와 부드러운 엑설런트 아이스크림 조화가 독보적이라 이곳의 매력을 한층 더 높여주었는데, 전체적으로 안주의 퀄리티가 높고 분위기도 좋아 성수동에서 특별한 안주와 함께 즐거운 모임을 계획하시는 분들께 적극 추천하고 싶습니다."
nv_1883905907,지금이밤 성수본점,건대,일식,"별점
4.79",4,,,"여기 안주 맛집입니다 진짜루!!
크림우동 완전 꾸덕쓰에 양도 많고, 사시미도 종류가 다양한데, 고를 수 있어서 취저 가능!!
봄동비빔밥은 그냥 말모! 고기까지 낭낭하게 있어서 진짜 다 맛있어요~~~
술 마시기도 좋고 밥 먹기도 좋아요~~"
nv_1883905907,지금이밤 성수본점,건대,일식,"별점
4.79",4,,,"와이프 야근 하고 급하게 야식 검색해서 줄서먹는 곳이라고 해서 기대하고 왔는데 역시나 대만족!!
특히 계절숙성사시미는 개인적으로 활어회를 선호하는 저도 또먹고 싶을 정도로 구성이 알찹니다!! 식사 매뉴도 다양 해서 1차로 와도 좋을듯해요"
nv_1883905907,지금이밤 성수본점,건대,일식,"별점
4.79",4,,,"지난 번에 리뷰를 안써서 기록에 남지 않았지만 두번째 방문입니다,, 그 사이에 2,3번 정도 더 갔었는데 웨이팅이 넘 길어서 발걸음을 돌렸었습니다ㅠㅠ
진짜 성수역 부근에 음식 퀄리티 진짜진짜 좋고 금액대도 괜찮고 자리도 넓고 넘 좋아요!
날 더워질 때 가니까 폴딩도어 열어서 야장느낌도 나고 정말 좋았어요👍🏻💖"
nv_1883905907,지금이밤 성수본점,건대,일식,"별점
4.79",4,,,"기대하고 방문했어용~~다양한 숙성회 신선하고 구성도 좋구요,닭고기 꼬치구이도 실하고 맛있어용😍생맥으로 시작해서 하이볼로~~~알림서비스 감자고로케도 귯~^^담에 또 올께요^^"
nv_1883905907,지금이밤 성수본점,건대,일식,"별점
4.79",4,,,"메뉴 종류도 정말 많고 2층에 시야도 트여있어서 너무 좋아요. 운전해야하는데 무알콜 맥주까지 여러종류 있어요.
시킨 메뉴 다 양도 많고 맛도 너무 좋아서 다른메뉴도 먹어보고 싶네요. 또 방문의사 있습니다!!"
nv_1883905907,지금이밤 성수본점,건대,일식,"별점
4.79",4,,,"연어회 진짜 대박이에요😭😭 오늘 연어 먹으러 여기 왔는데 진짜 후회 없어요!
신선도가 정말 끝내줘요. 살이 오렌지빛으로 선명하고 기름줄이 마블링처럼 예쁘게 박혀있어서 보기만 해도 침이 고이더라구요. 코에 대보면 비린내 전혀 없고 은은한 바다 향만 나서 진짜 신선하다는 게 느껴졌어요.
한 입 물면 진짜 입에서 살살 녹아요🥹 살이 촉촉하고 쫄깃하면서도 부드러워서, 풍부한 기름맛이 고소하게 퍼지는데 전혀 느끼하지 않아요. 간장에 와사비 살짝 찍어먹으면 단맛이 더 살아나서 진짜 멈출 수가 없었어요!
저는 같이 나온 채소랑 특제 소스에 싸먹었는데, 채소의 아삭한 식감이 연어의 부드러움이랑 딱 어울려서 더 맛있었어요🤤 가성비도 좋고 양도 푸짐해서 다음에 또 꼭 올 거예요! 연어 좋아하는 분들은 무조건 가보세요🍣"
nv_1883905907,지금이밤 성수본점,건대,일식,"별점
4.79",4,,,모둠사시미 구성도 너무 알차고 하나하나 다 너무 맛있어요!! 라면도 양이 진짜 너무너무 푸짐해요!! 음료도 술도 종류가 무지 다양해요! 배불러서 많이 못먹는게 아쉬울정도에요! 다음에 성수오면 또 오고싶어요!!
nv_1883905907,지금이밤 성수본점,건대,일식,"별점
4.79",4,,,"회사 사람들이랑 먹을 곳 찾다가 방문했는데 양도 많고 맛있어서 다음에 또 올 거 같아요
연어도 맛있고 탕도 맛있어요 다음에 또 올게요!!"
nv_1883905907,지금이밤 성수본점,건대,일식,"별점
4.79",4,,,"꼬치가 넘넘 맛잇고
와 우니가 진짜 짱짱 꼬숩고 맛잇어용 ㅎㅎㅎ
아보카도 세트를 진짜 추천요!!!
아 구리고 생맥주는 진짜 맛잇어여 ㅋㅋ"
nv_1154437933,오밀 성수,건대,일식,,7069,,,음 너무 맛있어요!! 생일데이트 저녁으로 와서 저는 연어스테이크 뇨끼 남자친구는 베이컨 크림파스타 시켰는데 둘 다 넘넘 맛있게 잘 먹었어요! 직원분도 친절하시고 점심때 와도 젛을 것 같아요! 성수 데이트 코스로 추천드립니당~
nv_1154437933,오밀 성수,건대,일식,,7069,,,"아이들과 성수나들이 왔다 들렸어요
아기자기한 것 좋아해서 귀여운 식당 검색해서 왔는데
대 만족입니다~ 오므라이스의 너무 귀여운 비쥬얼에 아이들이 진짜 좋아했어요~~매콤 파스타는 제 입에는 간이 조금 쎘는데 그것 빼고 다 괜찮았어요
바질 토마토 에이드도 너무 맛났어요~~추천!!"
nv_1154437933,오밀 성수,건대,일식,,7069,,,"아이와 늦은 점심 먹으러 방문했는데 분위기도 좋고 음식도 정말 만족스러웟습니다
러버덕 오무라이스를 보고 방문하고자 햇는데, 아이가 너무 귀엽다고 좋아하네요
음식 전체적으로 맛도 깔끔하고 부담 없이 먹기 좋았습니다.
특히 직원분들도 친절하고, 메뉴 주문할때 아이가 먹기 편하게끔 먼저 물어봐주시는 부분이 정말 감사히 느껴졋습니다.
아이와 식사하기에도 편하고 좋은 장소인듯합니다"
nv_1154437933,오밀 성수,건대,일식,,7069,,,"여자친구랑 오랜만에 성수 데이트와서 점심맛집 검색하고 찾은 맛있고 귀여운 음식점이였어요 ㅎㅎ

치즈를 직접 부어주셔서 보는 재미도 있고 맛도 있어서 다음에는 파스타같은 다른 음식도 먹어보고싶어요! 데이트하시는 분들에게 추천할만한 집임미당ㅎㅎㅎ 잘먹고갑키다!"
nv_1154437933,오밀 성수,건대,일식,,7069,,,"메뉴들이 다 맛있었어요!
4명이서 2인세트 2개 시켰는데 양은 좀 많아서 남았어요. 제일 맛있고 특별한 메뉴는 소바마끼였구요, 치즈 부어서 나오는 함박스테이크도 맛있었고 다 괜찮았어요. 다른 메뉴들이 상대적으로 훌륭하다보니 크림스파게티가 너무 평범했네요.

화장실이 깨끗하고 핸드워시, 핸드크림, 세면대 옆에 뽑아쓰는 핸드타올까지 구비되어 있어서 너무 좋았어요.

솔직히 성수 근처는 화장실이 없거나 있어도 휴지도 없고 핸드워시도 없는 더러운 곳들이 엄청 많거든요. 화장실에 감탄하고 갑니다."
nv_1154437933,오밀 성수,건대,일식,,7069,,,"+추가
가쟈가라고 주신 러버덕은 저희 강아지 최애가 되어써요 감사합니당 ㅋㅋㅋ
주말 점심엔 웨이팅 길정도로 인기많다는데 왜인지 알겟어용 넘기여움 ㅠㅠ 저는 화요일 저녁 6시쯤 오니 자리 2-3테이블 남아있었어요 오늘 데이트 겸 파스타땡겨서 알아보다 온건데, 러버덕이 넘 압도적으로 기여워서 심쿵함 심지어 오리인형은 가져가두 된대요 ㅋㅋㅋㅋ 💓💓 양은 적당한 편 성인 남성한텢 살짝 부족할수도 있어 세트로 시키시능거 추천 ! 오므라이스는 가격대비 적당해요^^"
nv_1154437933,오밀 성수,건대,일식,,7069,,,"메뉴 조합이 흔하지 않아서 더 좋았어요🤍 음식 하나하나 정성 느껴졌고 분위기도 좋아서 데이트 장소로 추천하고 싶은 곳! 플레이팅도 예뻐서 사진 찍기 좋았고, 맛도 깔끔해서 더 만족스러웠어요 :) 성수에서 분위기 좋은 곳 찾는다면 한 번 방문해보기 좋은 공간✨"
nv_1154437933,오밀 성수,건대,일식,,7069,,,"분위기부터 플레이팅까지 감성 가득했던 성수 맛집 🫶
메밀김밥은 비주얼도 귀엽고 담백한데 중독성 있었고, 들기름파스타는 고소함 폭발,,🤍 스테이크도 굽기 딱 좋아서 같이 나온 감튀까지 순삭했어요 🍝🥩
접시 문구까지 센스 있어서 사진 찍는 재미도 있었던 곳📸 성수 데이트나 분위기 좋은 식당 찾는다면 추천✨"
nv_1154437933,오밀 성수,건대,일식,,7069,,,"성수 맛집 오밀 성수은 소바마키 같은 독특한 메뉴부터 안정적인 명란 파스타와 부드러운 스테이크까지 전체 메뉴 만족도가 높은 성수 파스타 맛집입니다. 특히 소바마키의 독창적인 조합과 명란 파스타의 완성도가 인상적이며, 데이트나 친구 모임 장소로도 잘 어울리는 분위기를 갖춘 곳입니다."
nv_1154437933,오밀 성수,건대,일식,,7069,,,"성수 맛집 찾던중 너무 귀여운 오므라이스가 있다고 해서 바로 달려왔어요! 너무 귀여워서 먹기 아까울 정도에요🤭
같이 시킨 명란파스타랑 소바마끼도 너무 마싯었어요!
커플분들 점심 데이트코스로 완전 강추합니당!!☺️"
nv_1679815251,호츠,건대,일식,,1017,,,"쿠시가츠 맛집이에요
꼬치종류가 다양하고 맛도 좋아요
굴 돼지고기 갑오징어 관자 참마 새우 보리멸
메로튀김 다 너무 맛있어요
골라먹는 재미가 좋아요
수이진 하이볼도 맛있고(진져하이볼 시러함)
싱하탄산수로 해서 깔끔해요
고구마소츄 3종도 얼음에 언더락으로 마시면
깔끔합니다
일본 이자카야 느낌 그대로에요
우리동네면 매일 가고 싶을정도에요
다음엔 다른 안주도 먹어봐야겠어요
메뉴가 다양한데 2차라 더 못 먹어본게 아쉽네요😊"
nv_1679815251,호츠,건대,일식,,1017,,,골목 걷다가 발견해서 들어왔는데 매콤한 라멘이랑 쿠시카츠 조화가 좋아요! 소규모로 도란도란 이야기 나누면서 먹기 딱 좋고 와인도 팔아서 재방문 할것같습니다😚
nv_1679815251,호츠,건대,일식,,1017,,,기본 안주 양배추에 보리멸 옥수수 송화버섯 스트링치즈 이렇게 시켜서 먹었는데 2차로 딱이네여~ 사와도 너무 달지 않아서 좋네요! 그리고 밖에서 보기에 자리가 꽉 찬 것처럼 보이는데 안쪽에 룸 자리가 더 있으니 꼭 물어보세요!!
nv_1679815251,호츠,건대,일식,,1017,,,"논알콜토마토 사와 너무너무너무 맛있어요.
분위기 너무 좋고 데이트 하기 너무 좋네요
음식도 다양하고 무엇보다 튀김이 얇고 대대대 존맛임 🍢🍤🍢
웨이팅 없이 코너 자리 앉았는데 저희 팀 뒤로도 계속 손님 들어왔네여 ㅋ 러키러키~~~"
nv_1679815251,호츠,건대,일식,,1017,,,"놀러왔다가 간판보고 마음에 들어서 방문했는데,
너무 맛있게 잘 먹었어요
분위기도 좋고 맛도 좋고
다음에.또 방문예정!"
nv_1679815251,호츠,건대,일식,,1017,,,"오랜만에 와도 여전히 맛있는 이자카야 원탑입니다..❣️
쿠시카츠는 진짜 바삭하고 얇아서 맛있고 우동은 추운 날씨에 딱입니다!!
완전 강추예요ㅠㅠ"
nv_1679815251,호츠,건대,일식,,1017,,,"길가다가 사람이 북적북적하길래 들어와봤는데
튀김이랑 메뉴들도 다 맛있고 가성비도 너무 좋네용
소소하게 대화하기도 너무 좋습니다!!"
nv_1679815251,호츠,건대,일식,,1017,,,"주전자 술찜도 재밌고 칼칼하니 맛있어요!
쿠시카츠는 말모!!!
맛있게 잘 먹았습니다!"
nv_1679815251,호츠,건대,일식,,1017,,,"지나가다가 쿠시카츠 먹고싶어서 들른곳인데 좁은데 사람이 많아용 저절로 사이가 좋아질것같아요
싸우고 한잔하러 여기 오세요 맛은 말해모해 넘 맛있었습니다. 생맥주 쿠시카츠 조합? 당장 오십쇼"
nv_1679815251,호츠,건대,일식,,1017,,,"두번째 방문했는데 여기만큼 저렴하고 가상비 좋은 쿠시카츠집 없는거 같아요!
맛도 너무 좋고 간단하게 먹기 괜찮아요!
개인적으로 안키모 추천합니다,,,
갑오징어도 꼭,,,, 너무 맛있어요!!!!"
nv_1868271996,코시 건대점,건대,일식,,4434,,,"면발이 진짜 쫄깃하고 탱글해서 붓카게우동이랑 메밀소바 둘 다 너무 맛있게 먹었어요 🍜
우동은 감칠맛 나는 쯔유랑 튀김 조합이 좋았고, 메밀소바는 시원하고 깔끔한 육수가 완전 취향이었어요 🥢
전체적으로 음식도 정갈하고 부담 없이 먹기 좋아서 재방문하고 싶은 맛집입니다"
nv_1868271996,코시 건대점,건대,일식,,4434,,,"근처 일보다 점심으로 찾은 코시 건대점 입니다.
여기는 제가 워낙 애정하는 곳이기도 하고 맛, 가격, 친절도 모든부분이 너무 잘 잡혀 있는곳이라~~올때마다 너무 만족하고 갑니다^^
더운 날씨였지만 첫끼라~~붓카케 우동 대신 규동정식으로ㅎㅎ
적당한 간과 계란 노란자의 풍미가 너무 좋습니다^^
역시 코시!!!!맛있게 잘 먹고 갑니다♡♡"
nv_1868271996,코시 건대점,건대,일식,,4434,,,"“치즈 돈카츠 미쳤어요…
치즈가 진짜 꽉 차있고 고기 두께도 두툼해서 한입 먹자마자 만족했습니다. 튀김은 바삭하고 느끼하지 않았고, 우동 국물도 깔끔해서 조합 좋았어요
건대에서 일본식 돈카츠/우동 땡길 때 또 올 듯합니다"
nv_1868271996,코시 건대점,건대,일식,,4434,,,벌써 n번째 오네요 여기 냉우동 필수 주문입니다 저번주 오사카 츠*동탄 먹었는데 거기보다 더 맛있어요 온우동보다 냉우동 추천해요 돈까스도 맛있어서 한개씩 나눠먹어요 여름에는 메밀국수도 추천이요
nv_1868271996,코시 건대점,건대,일식,,4434,,,"건대랑 성수 사이에서 우동 맛집 찾다가 들어간 코시! 냉우동부터 진짜 시원하고 면발이 엄청 쫄깃해서 입맛 확 살아났어요 😭
쿠시까스는 바삭하고 연근 식감 좋았습니다!
치킨가라아게는 겉바속촉 제대로라 맥주 생각나는 맛..!
유부초밥까지 같이 먹으니까 조합이 진짜 좋더라구요
전체적으로 음식 간도 깔끔하고 튀김 퀄리티가 좋아서 가볍게 한 끼 먹기에도 좋고 술 한잔하기에도 딱인 느낌이었어요
건대/성수 근처에서 일본 느낌 나는 메뉴 먹고 싶다면 추천입니다 👍
가게 분위기도 깔끔하고 좋았어요!!"
nv_1868271996,코시 건대점,건대,일식,,4434,,,"코시 건대점은 돈까스와 자가제면 우동을 함께 즐길 수 있는 건대 가성비 맛집입니다. 모듬카츠와 규동, 덴푸라까지 전체적인 메뉴 만족도가 높아 열거한 메뉴 중 한개라도 좋아한다면 꼭 방문을 추천 드립니다."
nv_1868271996,코시 건대점,건대,일식,,4434,,,"건대근처에 볼일있어서 왔다가 검색 후 찾아 온 곳인데 역시 평이 좋은 이유가 다 있었네요~
직원분들 친절함도 너무 좋고 가장 좋은점은 음식이 맛이있다는거 점이에요~
우동면이 탱탱하면서 쫄깃함에 놀랐고 돈가스도 바삭하며 촉촉해서 너무 맛있었어요~
웨이팅 이유가 있네요~~추천해요^^"
nv_1868271996,코시 건대점,건대,일식,,4434,,,코시 건대점 진짜 찐맛집입니다!! 돈가스도 바삭바삭 두툼하니 정말 맛있고 면빨은 정말 어디에서도 못먹을 일품입니다!! 면빨 진짜 특이하고 맛있어요! 그리고 소스를 취향껏 넣어먹는데 맛이 정말 일품이예요~ 튀김도 전체적으로 진짜 굿굿입니다!! 기름도 신선한 것 같고 잡내도 전혀 안나요! 다음에 재방문 의사 200%입니다!!
nv_1868271996,코시 건대점,건대,일식,,4434,,,"제가 냉우동을 진짜 좋아하는데요..
새롭게 찾은 맛집입미다..
면발이 쫄깃통통하고
소스와 조화가 너무 절묘하고
맛잇어요.. 배가 불러도 남기기 싫을정도로요

그리고 튀김맛집이네요
튀김이 파삭하고 한입 먹자
아 여긴 튀김도 맛집이네 햇어요

너무 배불럿는데 다 먹엇슴다
가격도 저렴하고 양도 많아서
1개는 정식, 1개는 단품으로 시켯는데
배 터질것 같아요

돈까스도 맛잇고 평타하는 맛이지만
제 입맛엔 여긴 우동찐맛집입니다.
또..올게요👍👍🥹
냉우동 맛집 저장👏"
nv_1868271996,코시 건대점,건대,일식,,4434,,,너무너무 맛있는 붓카게우동.. 곧 여름인데 코시 없는 세상엔 나 살지 않으리... 이 양에 이 퀄리티에 이 가격이라니... 사장님 건물주이신가요??? 가격 넘 저렴해서 진짜 몸둘 바를 모르겠습니다 ㅠㅠ 여긴 진짜 가족. 친척. 친구. 회사동료 전부 다 데리고 와야해요ㅎㅎ 대박인 맛집입니다 ㅠㅠ 코시 평생있어줘
nv_2087140341,범카츠 건대역점,건대,일식,,683,,,첫방문했는데 메뉴구성이 너무 알찬것 같아요~~ 반반 메뉴도 있고 세트메뉴도 있고~ 치즈랑 고구마 시켜서 먹었는데 고구마무스가 시판용이 아닌것 같아요!! 직접 만든것 같은데 엄청 부드럽고 달콤하고 예술이예요~~👍👍 사장님이 홀에서 직접 서빙도 하시고 친절하게 앞치마도 챙겨주시고 엄청 친절하셔서 즐거운 점심식사를 했네요!! 재방문 10000%입니돠❤️❤️❤️
nv_2087140341,범카츠 건대역점,건대,일식,,683,,,"건대 근처에서 돈까스 먹고 싶어서 방문한 범카츠🍽️
치즈돈카츠는 치즈가 정말 듬뿍 들어있어서 한입 먹자마자 만족스러웠고, 바삭한 튀김옷과 잘 어울렸어요.
사이드로 주문한 김말이튀김도 바삭해서 같이 먹기 좋았고, 대구식 납작만두 야채무침은 새콤매콤해서 느끼함을 잡아줘서 좋았습니다.
양도 넉넉한 편이라 든든하게 한 끼 해결하기 좋은 곳! 건대에서 돈까스 맛집 찾는다면 추천합니다👍"
nv_2087140341,범카츠 건대역점,건대,일식,,683,,,"근처에서 혼밥하려다가 들어왔어요.
네이버앱으로 음식점 버튼누르니 카츠집 새러 생겼다고 떴어요.
매장도 넓고 혼밥존도 따로있어요.
새로생겨서 깔끔하고 사장님도 직원분도 친절해요.
음식도 맛있고 양이 많아요. 안심카츠 시켜봤는데 다른데 가면 돈카츠가 작은데 여긴 큽니다:)
잘 먹겠습니다."
nv_2087140341,범카츠 건대역점,건대,일식,,683,,,"우동은 담백하고 깔끔해 돈카츠와 잘 어울렸어요~
치즈돈카츠는 비주얼부터 만족스러웠고 겉은 바삭하고 속은 촉촉해 치즈의 고소함이 더 살아나 아이가 잘 먹었어요~
수제카레돈카츠는 진한 카레 향이 돈카츠와 완벽하게 어우러져 밥과 함께 먹으니 한 그릇이 금방 비워졌어요~ 생등심돈카츠는 고기 본연의 부드러운 식감이 인상적이었고 소스가 다양해 다양한맛을 느낄수 있었습니다
매장이 깔끔하고 직원분들도 친절해 식사 내내 기분이 좋아서 전체적으로 퀄리티가 높아 다시 방문하고 싶은 만족스러운 식사였습니다~"
nv_2087140341,범카츠 건대역점,건대,일식,,683,,,"고구마 치즈 돈까스랑 매운 돈까스 사켜 먹었는데
너무 있게 잘 먹고 갑니다!!
돈까스 겉바속촉 아주 너무 맜있어용 양념도
많이 주셔서 맛있게 먹었어요
다음에 또 올게요!"
nv_2087140341,범카츠 건대역점,건대,일식,,683,,,"고구마치즈돈가스랑 치즈돈가스 반반과 물냉면 주문하였고 돈가스 한입 베어물었는데 잡내가 없었어요
그리고 샐러드 진짜진짜진짜 맛있어요🥰
물냉면도 진짜 맛있어요!!!
이 조합 추천입니다💓
광진구에 범카츠 있어서 좋네요:-))
배민으로도 시켜먹을게요!!!!
화이팅입니다!!!!"
nv_2087140341,범카츠 건대역점,건대,일식,,683,,,"여기 진짜 맛집이네요 집 아래 있어서 오늘 처음으로 와 봤는데 여기에 돈까스가 진짜 맛있습니다..
특히 나베 국물이 기가 막히네요 굿
그리고 돈까스 마저 너무 바삭하고 좋아요!
돈까스 땡기실 때 1번 오면 정말 좋을 거 같아요 다들 너무 친절하시고 좋습니다. 다음에 또 올게요ㅎㅎㅎ"
nv_2087140341,범카츠 건대역점,건대,일식,,683,,,"범커플세트 시켰는데 메인 돈카츠 2개 + 면류 + 음료 구성이라 둘이 가면 무조건 이게 정답이에요. 저희는 안심돈카츠정식, 수제카레돈카츠정식, 수제숙성냉쫄면, 제로콜라로 골랐어요.
안심돈카츠는 튀김옷이 얇고 바삭한데 소스 종류가 다양해서 취향대로 먹는 재미가 있고, 수제카레돈카츠는 카레 맛이 깊고 진해서 시판 카레랑 차원이 달라요 ✨ 숙성냉쫄면은 면이 쫄깃해서 중간중간 입안을 리셋해주는 느낌이었어요.
기본으로 단무지, 깍두기, 우동국, 밥이 나오고 양배추샐러드도 드레싱이 가볍고 맛있어서 느끼함을 잡아줘요. 양도 정말 많아서 든든하게 한 끼 해결했어요 🍱
매장도 넓고 깔끔해서 혼밥도, 단체도 편하게 즐길 수 있어요. 건대에서 돈카츠 찾는다면 진심으로 추천합니다!"
nv_2087140341,범카츠 건대역점,건대,일식,,683,,,"지난번 먹어보고 너무 맛있어서 친구랑 제대로 먹으려고 다양하게 주문했요.
친구도 너무 맛있다고 감탄하면서 잘먹네요. 원래 돈가스 먹으면 속 안좋은 스타일인데 여기는 담백하고 속도 편해서 찐단골입니다. 그리고 근무하시는분들이 너무 친절하셔서 기분도촣아지는곳이에요 ❤️"
nv_2087140341,범카츠 건대역점,건대,일식,,683,,,"고기 잡내 없이 고소하고 담백한 것이 치즈도 쭉쭉 늘어집니다~~!!

기름도 깔끔하고 같이나오는 소스 2종으로 원하는 소스에 찍어드시면 좋을 것 같습니다!

같이 나오는 고추가 입을 딱 깔끔하게 해주는데 적당히 매콤해서 더 좋네요!

맛있게 먹었습니다~~!! :-)"
nv_1024511106,서울낙업 건대본점,건대,일식,,2582,,,"나의 최애 카이센동 맛집.
정갈한 밥찬들과 신선한 제철 회♡
국도 두번이나 리필해서 먹었습니다.
ㅎㅎ 가게도 깔끔하고 직원분도 친절하셔서

항상 생각나는 가게에요.

오늘도 감사히 잘 먹었습니다."
nv_1024511106,서울낙업 건대본점,건대,일식,,2582,,,"차돌박이 나베랑 고등어 봉초밥 시켜서 정말 맛있게 먹었습니당.. 나베는 국물도 진하고 건더기도 많아서 진짜진짜 술안주용으로 맛있게 먹었어요ㅜㅜㅜ 국물이 미쳤습니다 진짜 맵기 기본맛으로 시키니까 딱 신라면정도 맵기라 매운거 좋아하시는 분들은 매운맛으로 시켜도 될거같아용
고등어봉초밥도 퀄리티 좋아서 다음에 와도 또 시킬거같아요 다들 꼭 드셔보세요..잘먹었습니당👍👍👍"
nv_1024511106,서울낙업 건대본점,건대,일식,,2582,,,"건대입구에서 혼밥할 땐 여기만 갑니다!
양이 많고 가성비도 좋은데 맛까지 있어서
소문날만한데요👍🏻
인기만점 한정수량 카이센동은 항상 금방 품절돼서
사이드로 미니 사시미시켜서 먹어용!!"
nv_1024511106,서울낙업 건대본점,건대,일식,,2582,,,"제철 모듬 사시미, 우니 안키모 마끼, 삼치 솥밥 먹었습니다 세 개 다 너무 맛있어요......... 설낙은 자주 오던 곳이었구, 이 메뉴들도 역시나 넘 맛있어요 특히 마끼에 안키모 양이 지이이인짜 많아서 좋아요 솥밥도 참 마싯어요 요기는 메뉴 다 먹어봐야 해용. 💛"
nv_1024511106,서울낙업 건대본점,건대,일식,,2582,,,갑자기 고등어초밥이 땡겨서 서울 고등어초밥으로 검색해서 퇴근하고 방문했습니다! 직원분들 너무 친절하시고 고등어봉초밥도 너무 맛있어요!!!🥹🐟 다음엔 여럿이서 방문해야겠어요! 번창하세요!!!
nv_1024511106,서울낙업 건대본점,건대,일식,,2582,,,잔 고를수있는데 귀여운 잔들많구 분위기가 아기자기하고 좋아서 데이트하기 좋을거 같아용 사시미 너무 신선하구 연어초밥 서비스로 주셔서 맛있게 잘먹었어용 ! 안주들 다 맛있어요 ㅜㅡㅜ 고등어 봉초밥도 하나두 안비리구 가츠산도 너무 부드러워용 또올게요 ㅎㅎ
nv_1024511106,서울낙업 건대본점,건대,일식,,2582,,,"소금김밥 엄청 좋아해서 광어 소금김밥 주문했는데 넘 맛있어요!
특히 광어 부드럽고 김밥은 갓 만드신듯 따뜻하네용..
가츠산도는 두껍고 바삭해요 ㅠㅠ 연어 뚱토마끼는 이름답게 진짜 두껍고 연어 꽉차있습니당
메뉴 하나하나 다 맛있네여.. 술이 쭉쭉...굳굳!"
nv_1024511106,서울낙업 건대본점,건대,일식,,2582,,,광어소금김밥이랑 연어 모듬 사시미 시켰는데 너무 맛있네요! 블루베리하이볼이랑 잘 어울려요. 내부가 넓은 편은 아니라서 방문 생각하시는 분들은 예약하고 오시는 게 좋을 것 같아요:) 건대에 분위기 좋은 이자카야 찾고 계시다면 추천합니다👍
nv_1024511106,서울낙업 건대본점,건대,일식,,2582,,,"두번째 방문인데 분위기도 좋고 인테리어도 너무 이쁜데 메뉴가 너무너무 맛있어요 🥹
점심에도 이렇게 맛있는데 저녁에 이자카야에는 얼마나 맛있을지 기대돼요 💗
밤에 술마시기에도 데이트 식사로도 너무 좋은 곳 같아요 ❤️
특히 연어 뚱토마끼가 진짜 너무 맛있어요 강추 💕
하이볼도 많이 팔고 재재방문하고 싶은 곳이에용 ❣️"
nv_1024511106,서울낙업 건대본점,건대,일식,,2582,,,"검색해서 왔는데 맛도 좋고 무엇보다
가성비가 굿이에요
특히 스테이크 가격대비 양이랑 같이나오는
치즈밥 너무 굿굿(건대에서 가장 맛좋고
저렴한 스테이크 같아요^^)
후토마키도 반줄 한줄 팔아서 같이 먹기에도
부담없네요
여러모로
강추드려요"
nv_1118763038,하루 건대점,건대,일식,,3398,,,"가성비 대박 세트메뉴가 어찌이리 잘나오는지...
깜짝놀랐어요.. 사시미에 나가사끼짬뽕 꼬치구이까지 세트메뉴도 알차고 너무 맛있어요... 쫀득한사시미에 얼큰한짬뽕 단짠 꼬치구이까지 ..세상행복합니다.
분위기.맛.모두 별이5개입니다"
nv_1118763038,하루 건대점,건대,일식,,3398,,,너무나 맛있게 잘먹었습니다🍶 새로운 사케도 안내해주시고 찹쌀가라아게도 도미머리구이도 넘 맛있었어요😍😍 물론 언제나 맛있었지만요🤣🤣 항상 오길 잘했다고 생각이 들어용 감사합니다🥰😊
nv_1118763038,하루 건대점,건대,일식,,3398,,,덕분에 새로운 사케에 대해서 또 경험할 수 있었어용😊 아는 맛이지만 늘 새롭고 맛있고 재밌는 시간 보냈습니당😋😋
nv_1118763038,하루 건대점,건대,일식,,3398,,,"너무 맛있고 너무 친절하시고+_+ 특히 사시미 중에 참치 뱃살 미쳤슴미댜,,🍣💚 넘 부드럽고 입에서 살살 녹고,, 음미하느라 정신 없,, 재방문 의사 2000%😍"
nv_1118763038,하루 건대점,건대,일식,,3398,,,넘모넘모 잘먹었습니다☺️ 친구도 왕만족했어요 회가 다른곳이랑 다르대요😋😋
nv_1118763038,하루 건대점,건대,일식,,3398,,,"하루 건대점은 회, 꼬치, 국물요리까지 전체적인 음식 완성도가 높은 건대 이자카야였다. 하루사시미는 광어뱃살, 전복, 참치, 새우, 연어 모두 신선도가 뛰어나 웬만한 횟집 이상의 만족감을 줬고, 숯불꼬치 6종은 불향이 살아 있어 색다른 맛이 인상적이었다. 생면을 넣어 끓인 나가사끼 짬뽕은 해산물이 풍부하고 국물이 진해 식사 마무리 메뉴로도 만족도가 높았다. 그 동안 대학로에 위치한 이자카야에 대한 이미지를 확실히 벗어나게 해 준 곳으로 찍어놓고 방문해야할 맛집이다."
nv_1118763038,하루 건대점,건대,일식,,3398,,,"건대에 이런 보물이 ⊹ ₊ ⸝⸝⸝ ♡
사시미 구성, 퀄리티 너무 좋고 차돌짬뽕도 다른 술집에 비해 압도적으로 맛있어요
직원분도 너무 친절하시고 오랜만에 건대에서 정말 맘에 쏙드는 술집 찾아갑니데이 ˖˚˳♥"
nv_1118763038,하루 건대점,건대,일식,,3398,,,처음 갔을때부터 느꼈던건데 왜그런지 정확히는 모르겠지만 분위기가 남다르게 좋아요 ☺️ 덕분에 재밌는 시간 보냈습니다 🍶😋😋
nv_1118763038,하루 건대점,건대,일식,,3398,,,"하루 건대점 셋이서 방문해서 쉐프의 추천 메뉴 주문했어요.
하루사시미, 얼큰해물짬뽕, 추천꼬치 6종 구성이라 사시미부터 국물, 꼬치까지 다양하게 먹을 수 있어서 좋았습니다👍💕
사시미는 깔끔하게 나오고 종류도 다양해서 술안주로 좋았고, 꼬치도 맥주랑 잘 어울렸어요. 얼큰해물짬뽕은 국물이 진하고 해물도 들어가 있어서 마무리 안주로 딱이었습니다 ㅎ
내부는 우드톤 인테리어라 이자카야 분위기가 잘 나고, 테이블석과 바 자리도 있어서 모임이나 데이트, 혼술로도 괜찮아 보였어요. 생맥주도 시원했고 제로콜라도 주문할 수 있어서 술 안 마시는 사람과 함께 가기에도 좋았습니다.
건대에서 사시미, 꼬치, 국물 안주까지 같이 즐길 수 있는 이자카야 찾는다면 추천해요🫶❤️"
nv_1118763038,하루 건대점,건대,일식,,3398,,,건대 대박 맛있고 분위기 좋은 이자카야 발견했습니당 ✨ 하루사시미+ 추천꼬치 세트메뉴로 금액도 착한데 회랑 꼬치 퀄리티가 너무 좋습니다!! 술이 술술 들어가요 이미 건대에서 유명한 맛집같아요 손님이 매우 많았습니다 직원분도 매우 친절하셔서 감동받을 정도였습니다 재방문의사 200000%입니다♥️ 건대술집은 무조건 이자카야 하루로 방문하세요!!
nv_1788087862,오코노미야키식당하나,건대,일식,,2782,,,"첨이라 Best 메뉴 두개 주문했습니다. 시오 야끼소바, 오코노미야끼 먹었는데 일본 현지처럼 테이블에 따뜻한 철판이 있어 먹는동안 식지 않고 좋았습니다.
직원분들도 친절했고, 누군가가 마지막에 취소한 바람에 당일 자리가 나서 네이버 좌석알림 서비스 덕에 당일 예약하고 방문했습니다. 재방문 의사 있어요!"
nv_1788087862,오코노미야키식당하나,건대,일식,,2782,,,오꼬노미야끼 맛집이라고 유명해서 기대를 많이 했는데 진짜 맛있었어요! 간도 딱 적당하고 담백하니 잘먹었습니다ㅎㅎ 하이볼도 달달하니 맛있고 좋았습니다~ 직원분들도 친절하세요 굿 👍
nv_1788087862,오코노미야키식당하나,건대,일식,,2782,,,"<스티브 추천>
건대 숨은 야식 성지 🍺🥹💕
여기는 일본인 사장님과 직원분들이 운영하는 오래된 노포 감성의 오코노미야끼집입니다✨
여긴 진짜 예약 필수📞❗ 갑자기 가면 자리 없을 확률 높아요😂

보통 8~9시쯤 가서 오코노미야끼에 맥주 한 잔 하면 일본 여행 온 느낌 제대로🍻
저희 가족 루틴은👇
✔️ 돼지고기+오징어 오코노미야끼 MAYO듬쁙!!!
✔️ 담백한 야끼소바 with 시치미 ㅋㅋ
✔️ 고기 듬뿍 계란말이 가쓰오부시 잔뜩 추가🥚✨

시치미, 마요네즈, 오코노미 소스 듬뿍 넣어 먹으면 풍미 최고🤤
맛도 과하게 헤비하지 않고 담백해서 질리지 않아요🙌

건대 메인 거리와 살짝 떨어져 있지만 1차로 배부르게 먹고 근처 이자카야 가면 완벽한 코스🇯🇵✨"
nv_1788087862,오코노미야키식당하나,건대,일식,,2782,,,"옛날 옛적에 지금의 와이프와 연애하던 시절
신촌에서 먹었던 하나를 이제서야 다시
먹어봤네요.

옛날보다 가격은 많이 올랐지만
양은 더 많아진 느낌이고 요즘 물가 생각하고
맛과 양으로 따지면 비싼건 절대 아니네요.
삿포로 생맥주 너무 부드럽게 잘 넘어가고
조금씩 느끼할때 적셔주면 딱 좋습니다.
소바에는 무조건 계란후라이 추가하시는걸
추천합니다.
노른자 터트려서 면에 싹싹 비벼먹으면
크~~
친절하신 사장님 또 예약하고 방문하겠습니다.
잘 먹고 갑니다."
nv_1788087862,오코노미야키식당하나,건대,일식,,2782,,,"남편이랑 오랜만에 데이트겸 들렀습니다.
둘다 처음 시도해보는 식당메뉴였지만 맛있다는 소문에 예약 후 들렀는데 너무 맛있게 잘먹었습니다~
소주가 없어서 아쉬워요🤣"
nv_1788087862,오코노미야키식당하나,건대,일식,,2782,,,"예약제로만 가능한 하나 .

소스는 수제 소스인지 자극적이지 않게 맛있었고

야끼소바도 오코노미야키도 물론 다 맛있었습니다

숨은 메뉴판을 요청 하면 주시는데

거기서도 또 다른 매력적인 메뉴들을 맛볼수 있습니다

직원분.사장님 모두 친절합니다 ㅎ"
nv_1788087862,오코노미야키식당하나,건대,일식,,2782,,,"일본식 철판요리 식당입니다.
오코노미야끼 야끼소바 돈페이야끼 모두 다 맛있어요.
친절하고 매장도 청결합니다.
아는 사람 다 데리고 가고 싶은 동네 맛집이에요.
괜히 자랑하고 싶은 곳."
nv_1788087862,오코노미야키식당하나,건대,일식,,2782,,,"헝 항상 먹었던 스타일로 시켰는데 여전히 추억의 그맛이었어요ㅜ.ㅜ 대존맛 ㅠㅠ
달라진건 어릴땐 이렇게시키고도 양이 좀 부족해서 더시킬까고민했는데, 이제는 이렇게 시키면 배가 빵빵해져버리는 저의 위장크기와 소화능력의 저하..?
신촌 기차역 방면쪽에 있던시절부터 친구들이랑 자주갔었어요. 신촌내에서 이전했을때도 갔는데 어느날 없어져서 ㅜㅜ 슬퍼했는데 건대로 이전하신걸 알게된다음에 얼마나 좋았는지 몰라요. 100% 예약제가 되어서 섣불리 가지못하구있다가 이번에 가게되었습니다 ㅠㅠ
여전히 너무 맛있어요!! 👍🏻 감사합니다!!!"
nv_1788087862,오코노미야키식당하나,건대,일식,,2782,,,"건대근처에서 일하는 친구에게 건대일대에서 내가 아는 유일한 맛집이다라고 소개줬는데
알고보니 친구가 신촌에서 회사다닐때 알던곳이라고해서 오랜만에 같이 오게됐습니다ㅎㅎ
여전히 맛있네요!
오징어가 들어긴 것들이 특히 맛있었고 마요네즈랑 데리야끼소스를 조합해서 먹을 수 있어 좋습니다.
맥주도 넘 맛있고 콜라도 페트로 제공되어 넉넉하게 마실 수 있어 좋았어요!"
nv_1788087862,오코노미야키식당하나,건대,일식,,2782,,,동네 오래된 맛집! 일본에서 오래 살다 왔는데 현지 맛 그대로 맛잇어요~ 특히 삿포로 생맥 눈물 흘리며 먹었어요 오코노미야키랑 잘 어울립니다! 또 방문할게요~
nv_1417930131,선남sea,건대,일식,,1512,,,"#건대데이트 #건대데이트맛집
휴가를 맞이하여 특별한곳을 가고 싶어서 예약했습니다!!송파점에서 만족 스러웠기에 자양점도 방문!!
건대에서 가까운 맛집입니다.양이 푸짐하고 맛나요.특히 야채 무침도 너무 맛있어요.
아이는 어린이스시 세트 시켰는데 죽이 나오자 마자 죽부터 맛있다고 합니다! 데이트 코스로 점수 따기 좋은 집.
가족 모임에도 좋은 가게 입니다."
nv_1417930131,선남sea,건대,일식,,1512,,,"가족모임에 항상 찾게 되는 단골 맛집입니다.
광진구 쪽에서는 이만큼 가성비있고 구성좋은 횟집 찾기 어렵습니다. 믿고 찾게되고 항상 만족하는 곳인만큼 회가 신선하고 스키다시가 다양하게 제공되어 좋습니다.
가족모임에는 최고입니다."
nv_1417930131,선남sea,건대,일식,,1512,,,"집 근처라 자주 이용하는 편이에요.
항상 회가 신선하고 가성비도 좋아요. 세트 구성도 훌륭하고, 손님 초대하면 다들 가까운데 이런 식당이 임ㅅ어서 좋겠다고 부러워해요."
nv_1417930131,선남sea,건대,일식,,1512,,,"생선살이 두툼해서 한 입 먹는 순간 만족감이 확 올라오는 초밥집이에요🍣
오늘은 스페셜카이센동이랑 프리미엄오마카세 먹었는데, 신선도도 좋고 구성도 알차서 제대로 배부르게 즐겼어요.

집 근처라서 초밥 생각날 때마다 오기 딱 좋은 곳이고, 올 때마다 배부르게 나가게 되는 만족도 높은 맛집이에요!

요즘 날씨도 좋아서 여기서 식사하고 한강 쪽으로 산책까지 하면 데이트 코스로도 정말 추천드려요 :)

#건대데이트 #건대데이트맛집"
nv_1417930131,선남sea,건대,일식,,1512,,,"생일 찬스로 런치 코스요리 먹었습니다.
몇 번 먹었지만 항상 만족하고 배부르게 돌아가는 곳입니다. 강추합니다!"
nv_1417930131,선남sea,건대,일식,,1512,,,스페셜오마카세 너무잘나오네요..싱싱한건 말할것도없고 끝도없이나오네요 ㅎ ㅎ무침도 맛있고 서비스마끼도 짱 왠열 우동까지 줍줍 꺅~~~맛있어요..대기하고계시는분들이 어찌나많으신지..ㅎ호박튀김도 대박 여긴그냥 먹어봐야해여
nv_1417930131,선남sea,건대,일식,,1512,,,"카이센동 스페셜 카이센동 시켰는데 너무 맛있어요!!!
전에 배달로 시켜먹은적있었는데 후토마끼까지 구성 조아요><"
nv_1417930131,선남sea,건대,일식,,1512,,,항상 맛있게 먹고있습니다!👍👍👍
nv_1417930131,선남sea,건대,일식,,1512,,,"오늘도 맛있게 먹었습니다.
매주 신선하고 맛있는음식.
친절한 서비스 최고👍"
nv_1417930131,선남sea,건대,일식,,1512,,,"가성비와 퀄리티를 모두 잡은 자양동 최고의 횟집, '선남SEA' 강추합니다!
제대로 대접받는 기분을 느끼고 싶어서 코스 요리로 주문했는데, 시작부터 끝까지 대만족이었습니다. 먼저 나온 해산물 스키다시부터 신선함이 남달랐고, 메인 회는 두툼하게 썰어 나와 씹는 맛과 고소함이 일품이었어요.
끊임없이 나오는 요리 하나하나 정성이 가득했고, 플레이팅도 깔끔해서 눈과 입이 모두 즐거웠습니다. 마지막 매운탕까지 깊고 칼칼해서 완벽하게 마무리했네요.
매장 분위기도 쾌적하고 직원분들도 친절하셔서 가족 모임이나 데이트 장소로도 손색없을 것 같습니다. 조만간 무조건 재방문할 예정입니다!"
nv_1324139124,멜티도나 메리고라운드,건대,일식,,2976,,,"우연히 오게 된 카페인데 아늑한 일본풍 분위기에 아기자기한 캐릭터 피규어들이 너무 예쁜 곳이었어요!
음료 및 디저트도 고급진 맛이고 음악도 일본 음악이 나와서 좋았어요. 애인과 데이트 장소로 추천합니다!"
nv_1324139124,멜티도나 메리고라운드,건대,일식,,2976,,,동기들이랑 같이 왔어요 일본풍 분위기에 디저트도 너무 예뻐요 파르페 진짜 좋아하는데 너무 맛있네요 ㅎㅎ 아마 주말엔 웨이팅 있는거같은데 평일에와서 바로 입장 했어요 만족 하고 갑니다 ㅎƪ(•̃͡•̃͡ ƪ 담에 또올게요💖💖
nv_1324139124,멜티도나 메리고라운드,건대,일식,,2976,,,"건대에서 감성 제대로 느낄 수 있는 카페를 찾는다면 여기가 딱이에요. 들어가자마자 따뜻한 조명과 아기자기한 소품들이 어우러져서 마치 일본 애니, 특히 토토로 속 공간에 들어온 듯한 포근한 분위기라구요. ㅠㅠ

초코파르페는 진한 초콜릿과 부드러운 크림, 바삭한 토핑이 층마다 어우러져 먹을수록 완전 추억돋구요. 시로이 말차라테는 부드러운 우유에 말차의 은은한 쌉싸름함이 더해져 깔끔한 단맛이랍니다.

데이트오기 딱 좋아요!!!"
nv_1324139124,멜티도나 메리고라운드,건대,일식,,2976,,,"친구의 추천으로 방문했습니다. 해리포터와 지브리의 콜라보같은느낌...? 둘다 나무인테리어와 잘어울리는 세계관이라서 이질감 없이 좋았습니다. 날아다니는 듯한 종이 인테리어도 좋앗고, 지브리감성도 좋앗습니다. 특히 코타츠 옆에 벽면에 깨알 센과치히로에 나오는 먼지들 ㅠㅠ 너무 귀여워요!! 바나나푸딩 맛잇고 위에 아이스크림은 멜론소다에서 꺼내서 제가 올린겁니다..ㅎ"
nv_1324139124,멜티도나 메리고라운드,건대,일식,,2976,,,"일본에 온 것 같아요✨
인테리어가 너무 좋았고 무엇보다 조명 아래에서 셀카가 잘 나옴 ㅎㅎㅋㅋㅋㅋ
안미츠 너무 맛있었고 함께 주문한 차도 맛있었습니다 ㅎㅎ
오늘은 혼자 왔지만 다음엔 친구랑 오거나 데이트하러 와도 좋을 것 같아요🫶"
nv_1324139124,멜티도나 메리고라운드,건대,일식,,2976,,,"지브리 해리포터 등 다양한 소품이 많아서 구경하는 재미가 있어요. 아아랑 당고 같이 먹었는데 넘 맛있어요💓!!

다음에 건대 오면 또 오고싶어요🤩"
nv_1324139124,멜티도나 메리고라운드,건대,일식,,2976,,,"인테리어가 빈티지하면서 아기자기해서 구경하는 재미가 있는 카페예요. 소품 하나하나 신경 쓴 느낌이라 분위기가 되게 좋더라구요.
말차라떼도 너무 달지 않고 적당히 진해서 깔끔하게 마시기 좋았습니다.
조용하게 시간 보내기 좋은 곳이라 혼자와도 좋을 것 같아요👍"
nv_1324139124,멜티도나 메리고라운드,건대,일식,,2976,,,"건대 커먼그라운드 근처에 위치한 귀여운 카페 멜티도나 메리고라운드에 들렀어요! 들어오자마자 아기자기한 인테리어에 우와-!하며 소리지를수밖에 없었네요. 커피와 커스터드푸딩, 당고를 주문했는데 커피와 조합도 너무 좋고 비주얼도 넘귀 😍😍 잔잔한 음악이 흘러나오는 조용한 분위기도 넘넘 맘에 들었어요 ❣️ 건대에 또 올일 있으면 재방문할게요 ❣️❣️"
nv_1324139124,멜티도나 메리고라운드,건대,일식,,2976,,,"벌써 3번은 넘게 온 거 같아요. 인테리어도 너무 지브리 감성이고 디저트들도 넘 맛있어용 ㅜㅜ 심지어 코타츠도 있어서 겨울에 오면 따듯해용
좌석도 다인석도 있고, 2인석 등 좀 다양하게 있어서 조아요~"
nv_1324139124,멜티도나 메리고라운드,건대,일식,,2976,,,"아기자기한 인테리어와 달달한 디저트가 너무 좋았던 카페🍡
안미츠 라는 디저트 처음 먹어보는데, 너무 귀엽고 팥빙수에 흑당시럽 추가한 맛이었어요! 당고 말고 다른 디저트 시도하고 싶다면 추천해요🍥"
nv_1144502172,골든센트리,건대,중식,,850,,,"분위기너무좋죠.. 화이트와인과 중식퓨전요리. ㅋ어함가지 튀김옷이 너무바삭해서 식감 미쳤어요^^바삭하고 가지의촉촉함까지 와인안주로 대박♡버터갈릭새우..큼지막한 새우가많이들어가있고 얇은 면까지 배고플틈없이 맛있게 먹었네요~~째즈음악에 취해서 화이트와인즐기니 여주인공이된것처럼 기분넘좋아요..
재방문200%. 입니다~~"
nv_1144502172,골든센트리,건대,중식,,850,,,"먼저 방문 전부터 예약취소도 불가능할 때 저런 문자 받아서 식당 도착하기도 전에 얼른 나가라는 느낌 들어서 기분 더러웠고요. 싸지도 않은 가격에 메뉴마다 양은 엄청 적어요. 평일인데도 디너를 두타임으로 나눠놓고 예약시간 전에는 오지마라고 해요. 콜키지 1병, 1만원 안내하길래 당연히 병당이라고 생각했는데 콜키지가 글라스당 1만원이래요 ㅋㅋ 한 잔당 1만원이라네요 ㅋㅋ 음식 짜고 맛 없고요. 오이, 표고버섯,고수 들어가는 메뉴 많으니 못드시는 분은 이 식당 생각도 마세요. 이것저것 주문하니 지들은 반찬같은 거 없어서 오이절임 시키는 게 좋을거라그러네요 ㅋ 응대도 꽝 맛도 꽝 장소도 꽝 가격도 꽝. 400자 제한있네요 사진으로 글 올릴게요. 할말이 너무 많아요."
nv_1144502172,골든센트리,건대,중식,,850,,,"우선! 맛👍🏻서비스👍🏻분위기👍🏻

성수동에 와인과 중식을 곁들일수 있는곳이 있다뇨!
중화요리 아니고 광동식 찐 중식을 쉐프님만의
스타일로 풀어내신 요리들이더라구욤!
메뉴 하나하나 엄청 섬세하고 너무 맛있습니다!
서비스해주시는 직원분도 다 설명해주시고
알아서 챙겨주셔서 생소한 요리어도 맛을 잘 느끼며 먹을 수 있었어요! 콜키지도 첫잔 계속 사용하면 병수 제한이 없더라구욤! 가성비👍🏻...
벌써 이런 보석 같은곳을 아시는 분들이 많은지 다음타임 예약으로 2시간정도? 식사했는데 그 안에 식사속도와 맞춰서 알맞게 내어주셔서 충분했어욤!
인기 많은곳 맛집은 어딜가나 식사시간이 있지욤..🥲 먹을 수 있는게 어디!! 마지막까지 친절한 인사와 주문한 디저트까지 행복한 마무리 였듭니당🤍🤍담에 또 재방문 예정!! 친구들 다 끌고와!"
nv_1144502172,골든센트리,건대,중식,,850,,,"정말 괜찮은 식당에요!
흑백요리사 식당을 많이가보고, 많은 음식점을 방문했지만 기억에 남는 식당은 몇 곳 없었습니다. 하지만 골든센트리는 기억에 강렬하게 남아 재방문 할 것 같네요!

1. 중국식 사시미
- 방어에 오일이라는 조합이 자칫, 느끼해서 부담스러울 수 잇지만 산미로 밸런스를 잡아서 맛잇게 너무 좋앗습니다!

2. 방방지
- 땅콩소스와 닭가슴살의 조합을 생각하면 퍽퍽할 것 같다고 느껴지는데, 이 메뉴는 닭가슴살을 먹고있다는 생각을 잊을정도로 괜찮네요ㅠㅠ 뿌려져서 나온 땅콩소스를 찍어 먹으면 너무 맛있습니다.

3. 갈릭 버터 새우
- 이건 말해모해입니다.. 시간이 지나도 차가워져도 저와 함께한..

4. 어향가지, 광동식탕수육
- 진짜 미쳣습니다 튀김이..예술..감동..

글자수 제한이 아쉽네요ㅠ"
nv_1144502172,골든센트리,건대,중식,,850,,,"성수에 있는 보물같은 곳입니다 💎 국내에서 흔하지 않게(?) 광동식 요리를 코스로 맛볼 수 있어 중국식 사시미, 빵빵지, 어향가지 등이 있는 코스 B를 먹었는데 진짜… 너무 맛있습니다 😭 아니 ㅠㅠ 이런 곳을 이제 발견했나 싶을 정도로 정말 감동적이었습니다 ㅠㅠ 특히 어향가지… 🍆 가지 싫어하시는 분들도 이건 눈물 흘리며 먹을 것이라고 장담합니다! 겉바속촉의 끝판왕에 칠리 소스(?) 가 진짜 기가 막힙니다… 할 수만 있다면 산처럼 쌓아두고 먹고 싶을 정도였습니다 ⛰️

아, 그런데 하나, 거의 모든 음식에 고수나 향신료가 들어가기 때문에 향신료 냄새 혹은 맛을 싫어하시는 분들은 이 부분 고려하고 가시는 것을 추천합니다 🧐 그게 아니신 분들이라면 성수 데이트에 꼭 가보시는 것을 추천합니다 🙂‍↕️"
nv_1144502172,골든센트리,건대,중식,,850,,,"사진은 못 찍었는데 맛있게 잘 먹었습니다. 부모님이랑 시부모님이랑 가끔 식사 같이 하는데, 너무 식상한것도 싫고 음식도 정갈했음 해서 찾다가 골든 센트리로 정했습니다. 예전에 다른데서 광둥식 먹을때는 고급스러웠지만 향이 너무 쎄서 못 먹었었는데 여기는 향도 세지 않아서 생각했던 그대로 맛있게 너무 잘 먹고 갑니다. 덕분에 양쪽 부모님들 잘 모시고 센스있게 먹고 간것 같애요~ 홀도 다 적당히 나눠져 있어서 룸으로 잡지 않아도 다른 테이블이랑 사운드도 섞이지 않았어요~👍👍👍"
nv_1144502172,골든센트리,건대,중식,,850,,,"어른2,아이1 와 함께 낮에 방문했는데 성수동에서 이렇게 고급 스런 관둥식 중식을 맛볼수 있어서 좋았어요. 어향가지 정말 너무 훌륭해서 제 인생 가지 요리👍🏻 양도 진짜 푸짐해요. 버터갈릭새우도 너무 맛있었고, 친절한 배려 덕분에 아이도 잘 먹었답니다.
인테리어도 느낌있고, 단독룸은 10명까지 가능하다던데 친구들이랑 단체로 모임 추천요👍🏻
4만원짜리 코스요리도 있어서 다음엔 그거 먹으러 재방문할거에요.
아! 하우스와인도 남아공 리슬링 와인인데
너무 맛있었습니다! 성수동 초입이라 위치도 좋아요."
nv_1144502172,골든센트리,건대,중식,,850,,,"대체로 음식이 다 맛나요
저의 원픽은 어항가지 ~~
또 먹고 싶어요"
nv_1144502172,골든센트리,건대,중식,,850,,,"친구랑 처음 방문해서 조금 긴장했는데, 직원분들께서 밝게 인사해 주시고 먼저 친절하게 설명해 주셔서 너무 감사했고 기분 좋게 편하게 이용할 수 있었어요! ㅎㅎ

메뉴 추천도 정성껏 해주셔서 덕분에 후회없는 선택으로 맛있게 잘 먹었습니다!!

어향가지랑 마파두부랑 버섯볶음밥 먹었는데 진짜 맛있어요…🥺

다음에 서울 오면 또 방문하고 싶어요ㅎㅎ"
nv_1144502172,골든센트리,건대,중식,,850,,,"어버이날로 가족모임을 위해 룸을 예약하고 이용했어요. 음식도 맛있고 특이한 맛이어서 좋았어요.
일반적인 중식요리 맛이 아니어서 특졍한 중식 느낌으로 맛이잘 먹고 즐거운 시간 보내고 왔어요.
원형룸이어서 온 가족이 함께 대화하기도 편하고 좋았어요~😄"
nv_1017400694,취헌꼬치구이전문점,건대,중식,"별점
4.86",4,,,양꼬치 찐맛집 인정입니다! 양꼬치거리에 가게가 너무 많다보니 고르기 어려웠는데 네이버평점 1위라 믿고 방문했는데 역시 평점이 좋은 이유가 있었어요! 양꼬치 퀄리티 너무 좋구요.(농림축산식품부 안심 식당이라 하더라구요.) 양누린내없고 부드럽고 너무 맛있었어요. 특히 꼬치에 시즈닝 뿌려 나오는 게 신기했는데 그러다보니 그냥 구워서 바로 먹어도 너무 맛잇더라구요.👍🏻 맥주랑 찰떡 궁합이었어요! 후식 온면도 넘 맛나네요~ 건대에서 양꼬치 드실 분들은 무조건 취헌꼬치구이전문점 추천드릴게요
nv_1017400694,취헌꼬치구이전문점,건대,중식,"별점
4.86",4,,,😆 늦은 시간에 방문했는데도 고기가 신선하고 서비스도 좋아서 놀랐어요! 마지막 꼬치까지 핵꿀맛이라서 기분 좋게 하루를 마무리했습니다🥰🥰🥰
nv_1017400694,취헌꼬치구이전문점,건대,중식,"별점
4.86",4,,,"양꼬치 초보자들도 가면 배터지게 먹을 수 있는
양꼬치집을 드디어 찾았어요!!
들어가면 향신료 냄새 하나도 안나서 놀랐는데
양꼬치에서도 잡내도 안나고 무엇보다 두툼하고 커서 놀랐어요!
그리고 새우볶음밥은 일티어...같이 간 친구는
먹어봤던 새우볶음밥 중에 제일 맛있다고 싹싹 긁어먹었어요ㅜㅜ
진짜 대존맛..♥
그리고 온면 시켰는데 온면 칼칼하게 맛있게 얼큰해서
양꼬치 무한대로 계속 들어가요ㅜㅜ
서비스로 주신 만두...진짜 기절이고
다음에는 무조건 주문할거예요...양꼬치 평점 1위 답게
진짜 반하고 갑니다...다들 무조건 가세요!"
nv_1017400694,취헌꼬치구이전문점,건대,중식,"별점
4.86",4,,,"⭐️⭐️⭐️⭐️⭐️
양꼬치 진짜 맛있고 고기 질 좋아요👍🏻
마라양꼬치 추천드립니다
잡내 없고 양념도 딱 좋아서 술이 술술 들어갑니당 ㅎㅎ
사장님 완전 친절하셔용
매장두 깔끔해서 좋아요
다음에 또올게요!!!"
nv_1017400694,취헌꼬치구이전문점,건대,중식,"별점
4.86",4,,,"그냥 양꼬치도 맛있지만 마라 양꼬치는 처음 먹었는데
너무 맛있더라구요.!!! 마라 좋아하시는 분들은 무조건
좋아하실 것 같습니다 ㅎㅎ
마라볶음면도 같이 시켜먹었는데 양꼬치랑 같이 먹기 딱 좋아요!! 메뉴들이 다 맛있는 것 같아용👍"
nv_1017400694,취헌꼬치구이전문점,건대,중식,"별점
4.86",4,,,숯불 향이 제대로 배어 있어서 한입 먹자마자 “아 여기 잘한다” 느낌 👍 겉은 살짝 바삭하고 속은 촉촉해서 식감 완벽 🍺 맥주랑 같이 먹으면 그냥 게임 끝임!
nv_1017400694,취헌꼬치구이전문점,건대,중식,"별점
4.86",4,,,기본 양꼬치 먹었는데 너무 맛있어요 통창 있어서 공기 답답하지 않아서 좋았어요 사장님 친절하시고 편안하게 밥 먹고 갑니당👍👍☺️
nv_1017400694,취헌꼬치구이전문점,건대,중식,"별점
4.86",4,,,친구들이랑 방문했는데 다들 만족할 정도로 양꼬치와 요리의 퀄리티가 좋았어요 😊 분위기도 좋아서 술 한잔하기 딱 좋은 곳입니다!
nv_1017400694,취헌꼬치구이전문점,건대,중식,"별점
4.86",4,,,"주변 양꼬치집에 많아서 리뷰보고 예약해서 왔어요.
양꼬치는 고기 질이 좋고 육즙이 살아있었으며, 메뉴 하나하나 맛있었습니다.
육즙 진짜 미치고 잡내 안 나서 너무 맛있었고,
사장님도 너무 친절하셔서 또 오고싶어요🥹"
nv_1017400694,취헌꼬치구이전문점,건대,중식,"별점
4.86",4,,,물만두도 서비스로 주시고 양꼬치 잡내도 안나요! 꼬치류 다양해서 하나씩 골라먹기 좋았던 맛집이에요👍
nv_2064386586,호파두부 건대본점,건대,중식,,684,,,"지나가다가 보고 들어갔는데 너무 맛있고 분위기도 좋고 아늑하고 양도 푸짐해요. 일부 매운 음식은 맵기도 선택 가능한 세심한 세팅! 만두도 맛있고, 사천닭튀김 진짜 제 취향. 또 올 것 같아요~!~!🫶"
nv_2064386586,호파두부 건대본점,건대,중식,,684,,,"음식이 너무너무 맛있어요
제가 빈말하는게 전혀 아니고 마파두부 맛이 상당히 완성도가 높고 마라맛이 알싸한게 너무 맛있고 라드유 볶음밥도 밥이 고슬고슬하게 잘볶아져서 너무 먹기 좋았어요 다음에 또 오고 싶어요"
nv_2064386586,호파두부 건대본점,건대,중식,,684,,,"건대에 마파두부 집이 생겼길래 궁금해서 방문했어요! 메인인 마파두부 말고도 라멘이나 탄탄멘, 사이드로 탕수육이랑 만두도 다양하게 준비되어 있어서 좋더라구요!

마파두부 따끈하고 부드럽고 맛나요! 맵기 조절 할 수 있는데 맵찔이 기준 기본이 딱 좋더라구용 ㅎㅎ 탄탄멘도 꾸덕하고 땅콩소스 맛 진해요!

술도 종류 다양해서 간단하게 한잔 하기에도 좋은 것 같습니당 ㅎㅎ 다음엔 시오라멘이나 국물있는 면종류도 먹고 싶어요!"
nv_2064386586,호파두부 건대본점,건대,중식,,684,,,"건대 지나가던길에 발견한 새로 생긴 호파두부 발견
뭐먹을까 생각하던중 눈이 들어와 즉흥적으로 들어왔는데 음식이 맛있네요😊😊 탄탄멘과 마파두부 정식 야채고기 볶음으로픽했는데 간이 딱!!!이국적인 느낌이라 나중에 또생각날거같아요~~!!ㅎㅎ"
nv_2064386586,호파두부 건대본점,건대,중식,,684,,,일본식 중식 정말 먹어보고 싶었는데 집 근처에 이런 곳이 생겨서 너무 기쁘네요~ 처음 먹어봤는데 이색적이고 묘하게 끌리는 맛이예요! 특히 라드유 차슈 볶음밥은 개추입니다! 무조건 드세요!! 재방문 의사 있습니다!🥺💕
nv_2064386586,호파두부 건대본점,건대,중식,,684,,,"탄탄면을 비벼서 비쥬얼이 조금 그렇지만..!!!!
마파두부가 너무 먹고싶어서 왔어요! 건대에 호파두부가 생겨서 바로 고민없이 왔습니다! 먹을수록 입이 얼얼해지는 마파두부☺️ 비빔 탄탄면이 고소해서 상호보완되는 맛이었어요.. 🖤 교자만두도 꼬소하니 만두도 꼭 드세요!!"
nv_2064386586,호파두부 건대본점,건대,중식,,684,,,"이 중국 음식점은 전반적으로 매우 만족스러운 경험을 선사하는 곳입니다. 우선 메뉴 구성이 다양하고, 각각의 요리가 본연의 맛을 잘 살리고 있다는 점이 인상적입니다. 메뉴판을 보면 전통적인 중식 요리부터 대중적으로 사랑받는 인기 메뉴까지 균형 있게 구성되어 있어 선택의 폭이 넓습니다. 특히 요리 하나하나가 재료의 풍미를 살려 정성스럽게 만들어졌다는 느낌을 받을 수 있습니다.
서비스 역시 친절하고 빠른 편이라 식사하는 동안 불편함이 없었고, 매장 분위기도 깔끔하고 편안해서 재방문 의사가 충분히 생기는 곳입니다.
종합적으로 맛, 위치, 분위기까지 모두 만족스러운 중국 음식점으로, 근처에 있다면 한 번쯤 꼭 방문해볼 만한 가치가 있는 곳입니다."
nv_2064386586,호파두부 건대본점,건대,중식,,684,,,"탄탄면 마유 라유 비율 딱 좋아요. 알싸하게 치고 빠지는 깔끔함. 식초 살짝 뿌려 한 입 먹으면 또 다른 감칠맛!! 흑맥 생맥 둘 다 아싸이 나마비루 크으~~ 탕슉 쏘쓰 많이 안 달아서 제 취향 저격이구요. 퇴근 길에 집에
들어가기 전에 딱 한잔이랑 적당히 배채우고 비로 씻고 잠들기 좋은 ㅎㅎ 동네에 있으면 매일 가고 싶은 그런 집이예요🤩"
nv_2064386586,호파두부 건대본점,건대,중식,,684,,,"비빔탄탄멘 고수추가 12,000원
몽글 계란덮밥10,000원
시그니처 교자 6,000원
아사히생맥주 8,000원
가성비 좋은듯.
맛있게 잘 먹었습니다~!

다른 메뉴도 다 먹아보고 싶음.
멕주 좋아하는 나는 선책지가 좁은것이 다소 아쉬움.."
nv_2064386586,호파두부 건대본점,건대,중식,,684,,,"오늘 처음 왔었는데 점심에 먹고 저녁도 먹으러왔어요!
점심에 먹었던 유린기, 교자, 물교자, 차슈볶음밥 이렇게 먹었는데
차슈볶음밥이랑 마파두부가 잘어울리더라구요!

이번에는 교자, 차슈볶음밥, 마파두부입니당:3
마파두부가 바글바글 끓어 나오는게 엄청 맛있어보이고 맛있어요!
국물이 컵에 담겨있어서 마시기도 편해요! 진짜 아이디어 좋은거같아요.
차슈볶음밥운 양이 엄청 많아요ㅋㅋㅋㅋㅋ진짜 쌓아서 주십니다ㅋㅋㅋㅋ
교자는 위는 촉촉하고 바닥은 바삭한데 안에 육즙이 있어서 데일수 있어서 조심히 먹어야 합니다:3
리뷰이벤트로 주는 물교자도 촉촉하니 맛있어요!"
nv_1833061851,희가덕 손만두 건대점,건대,중식,,2188,,,항상 줄 많이 서는 곳이길래 궁금해서 먹으러왔는데 너무 맛있고 양도 많아서 좋았어요! 두부도 다들 시켜드시길래 왜지? 하고 궁금해서 시켜봤는데 뭔가 아는맛인데..? 두부가 꼬숩고 부드럽고 입에서 사르륵 녹아서 너무 좋았어요!!
nv_1833061851,희가덕 손만두 건대점,건대,중식,,2188,,,영화 보러 들어가기 전에 음식 준비하는 거 보고 들어갔는데... 영화 보고 나오니 대기 줄이... 와~우!!! 맛집인가? 싶어서 홀린듯 대기해서 먹음. 생각보다 맛이 있지는 않았는데... 왜 대기를 이렇게까지 하면서 먹지? 했는데... 먹으면 먹을수록 자극적이지 않고 담백하게 먹을 수 있는 만두여서 좋았음. 사람들이 핫타?랑 레몬 음료를 먹었는데 나는 오로지 만두만 먹어서 핫타는 어떤지 잘 모르겠으나... 개인적으로 군만두가 더 맛있었음^^
nv_1833061851,희가덕 손만두 건대점,건대,중식,,2188,,,"와이프가 지난번에 지나가다 보고 먹고싶다고해서
시간내서 찾아와 봤는데
만두가 참 맛있네요.
매장도 넓고 청결해요~~
식사시간에 사람이 좀 많으니 일찍 오시는거 추천합니다"
nv_1833061851,희가덕 손만두 건대점,건대,중식,,2188,,,"하얼빈 살다오신분이 직접 중국에서 사온 밀가루로 샐러리 만두를 해준적 있습니다
이상할줄 알았는데 넘 맛나게 먹었어요^^
그맛을 못 잊었는데
여기와서 다시 먹게 되었습니다 ~
직원분들도 친절하시고 맛난 음식 잘먹고갑니다"
nv_1833061851,희가덕 손만두 건대점,건대,중식,,2188,,,"올해 다섯번은 온 듯
이 가격에 이 만족감! 샐러리군만두랑 가물치생선핫팟 조합 추천 (+ 밥 추가) 중국 음료도 여러가지 있어서 좋다. 레몬홍차 맛있어요"
nv_1833061851,희가덕 손만두 건대점,건대,중식,,2188,,,"중국 교환학생 시절이 그리워지는 맛
수제비 같은 도톰한 밀가루 반죽 스타일의 만두피가 쫀득한게 너무 맛있음 🥟🥟"
nv_1833061851,희가덕 손만두 건대점,건대,중식,,2188,,,"존맛이어서,,,,,정신 놓고 먹었네요.,,물만두 군만두 다 맛있어용 다 드세요.,,배추생고기 신메뉴라고 써있었는데 맛있어요,,"
nv_1833061851,희가덕 손만두 건대점,건대,중식,,2188,,,"희가덕 손만두 건대점에 다녀왔습니다.
새우만두와 샐러리만두를 시켰는게 넘 맛있었습니다.
돼지갈비찜도 공기잡이랑 같이 먹었는데
이거 완전 별미에요.
30분넘게 대기해도 시간이 아깝지 않았습니다."
nv_1833061851,희가덕 손만두 건대점,건대,중식,,2188,,,"웨이팅 30분이상했지만 충분히 기다릴 맛이에요!
만두가 빨리나와서 테이블회전 빠릅니다.
표고만두,희삼선,샐러리군만두 먹었는데 진짜 맛있어요
상해나 북경 안가도 될듯!
그리고 푸주오이무침 샐러리땅콩볶음 꼭 시키세요!!!"
nv_1833061851,희가덕 손만두 건대점,건대,중식,,2188,,,"건대 맛집 왜케 많아.? 🤣

오픈런 했는데도 바로 웨이팅 걸렸어요.
그냥 여기 찐입니다. (중국 유학생 출신)

전세계 매장 800개 있는 이유 있는 집이에요.

손만두는 그냥 다 맛있고요,
통새우삼선만두 먹었는데
새우 탱글하고 속 꽉 차있어서 진짜 맛있어요ㅋ

야채생선살핫팟 먹었는데
살짝 새콤한 맛 있고
생선살 야들야들 부들부들해서 계속 들어가요!!

부죽무침 이거 진짜…
입에서 사라질 정도로 맛있어요🥹❤️

건대 오시면 한번 가보셔도 좋을 것 같아용

#건대맛집 #희가덕손만두#손만두#중식맛집#건대입구맛집"
nv_1112754194,송화산시도삭면 2호점,건대,중식,"별점
4.42",4,,,"도삭면 국물 얼큰하고 면발도 쫄깃해서 맛있어요!

딤섬이 사이즈는 커서 비쥬얼은 좋지만
순수하게 고기랑 새우만 넣은 순수 딤섬집 맛보단 좀 떨어져요.

뀌바로우 겉바속촉 맛있어요!
어향육슬덮밥도 재료가 풍성해서 맛있구요!

가지튀김은 음식 다먹고 맨 마지막에 제일 늦게 나왔는데
배부른 상태에서 먹어서 그런지
너무 기름에 쩔어서 좀 느끼했어요~

1호점 2호점 이전하고 리모델링해서
매장이 깔끔하고 쾌적해져서 넘 좋네요!"
nv_1112754194,송화산시도삭면 2호점,건대,중식,"별점
4.42",4,,,토요일 오후 4시 50분쯤 가서 프론트에서 대기번호 받으니 23번이었고 한 10분 기다려서 입장했구요~~딤섬은 새우아스파라거스보단 쇼마이가 맛있더라구요~~라즈지는 고추가 너무 많이 들어있고 치킨은 조금 짜더라구요~~꿔바로우는 맛있는데 고기양이 너무 조금이더라구요~~다음엔 다른 요리를 먹어보고 싶네요~~
nv_1112754194,송화산시도삭면 2호점,건대,중식,"별점
4.42",4,,,2호점은 처음 입니다~ 아주 오래전 왔었는데 이제 분점까지 생겼네용 반죽 쫄깃해요!! 해장하기 좋은 아주 얼큰한 맛도 나오면 좋을 것 같아요
nv_1112754194,송화산시도삭면 2호점,건대,중식,"별점
4.42",4,,,"송화산시도삭면 2호점에서 쇼마이와 도삭면을 먹어봤는데, 기대 이상으로 만족스러웠습니다. 쇼마이는 속이 꽉 차 있고 촉촉하게 쪄져서 한 입 베어 물면 고기의 풍미가 진하게 퍼지더군요. 도삭면은 직접 칼로 썰어낸 듯한 두툼한 식감이 살아있고, 국물은 진하면서도 깔끔해 계속 숟가락이 가는 맛이었어요. 면발이 쫄깃하게 씹히면서 국물과 잘 어우러져 ‘이래서 도삭면이지’라는 생각이 절로 들었습니다. 양도 넉넉해서 혼자 먹어도 든든하고, 친구랑 같이 가면 메뉴를 나눠 먹는 재미도 있을 것 같아요. 매장 분위기는 깔끔하고 편안해서 식사하기 좋았고, 직원들도 친절해 기분 좋게 식사를 마칠 수 있었습니다. 쇼마이와 도삭면 조합은 꽤 훌륭해서, 다음에도 다시 찾고 싶은 집으로 기억될 것 같아요."
nv_1112754194,송화산시도삭면 2호점,건대,중식,"별점
4.42",4,,,친구가 추천해 줘서 먹으러 왔어요 도삭면 진짜 맛있더라고요... 샤오롱바오가 나오는 데 좀 시간이 걸렸는데 진짜.. 맛있긴 맛있어요 ㅋㅋ 사실 가지튀김?도 먹고 싶었는데 둘뿐이라ㅠㅠ 담에 여럿이 와서 먹어보기로 했습니다 ㅋㅋ
nv_1112754194,송화산시도삭면 2호점,건대,중식,"별점
4.42",4,,,"오랜만에 방문한 송화산시도삭면 ^^
2호점이 옆건물로 옮겨 매장이 더 쾌적해짐
맛있는 겉바속촉의 유린기와 육즙가득 소룡포 도삭면에 청경채~ 만족스런 저녁 ^^ 저녁 식사 시간보다 이른시간에가서 그나마 덜 기다림 나가면서 보니 줄이줄이 ~~"
nv_1112754194,송화산시도삭면 2호점,건대,중식,"별점
4.42",4,,,"주말 저녁시간. 30분 이상 대기합니다. 1호점보다 매장이 넓어보여서 2호점에서 기다렸어요. 8시쯤이었는데 사이드음식(춘권, 쇼마이 등) 품절 뜨니 확인하고 입장하시길. 도삭면은 정말 면식감이며 국물이며 100점만점입니다. 진짜 계속 생각날것같은맛. 충유도 맑은국물에 심심하지 않을까 했지만 웬걸 너무 깊은맛이 나네요. 굿굿!!"
nv_1112754194,송화산시도삭면 2호점,건대,중식,"별점
4.42",4,,,"<스티브 추천>
🔥건대 송화산시도삭면 요약🔥
👉 마파두부 + 볶음밥 + 모닝글로리 조합 추천😋

건대 송화산시도삭면 다녀왔습니다 😊
도삭면 오리지널로 주문했고, 주방에서 면을 직접 써는 모습이 보여 흥미로웠습니다 👀

슈마이는 가격 부담으로 패스했습니다 💸

👉 마파두부는 정말 최고였습니다 🔥
얼얼한 맛과 감칠맛이 좋고 양도 넉넉해서 밥과 함께 먹기 좋았습니다 🍚

👉 도삭면은 쫄깃한 식감이 인상적이었고 🍜

👉 모닝글로리는 양은 많지만 맛은 담백한 편이었습니다 🥬

전체적으로 면도 좋지만 마파두부가 가장 기억에 남았습니다 👍전반적으로 볶음요리가 강력한집!
많은 분들은 가지요리 드시고요
평일 점심에는 웨이팅 없이 방문 가능했고, 기다려도 충분히 가치 있는 곳입니다 😊"
nv_1112754194,송화산시도삭면 2호점,건대,중식,"별점
4.42",4,,,"추천받아서 방문하게 됐어요. 애매한 시간때에 갔는데도 웨이팅이 있어서 20분정도 기다렸습니다. 도삭면 전문집이지만 새우볶음밥과 쇼마이, 샤오롱바오 딤섬 두종류를 주문해 먹었고 세가지 메뉴 다 너무 맛있었어요. 가격도 저렴했고요! 제가 앉은 자리에서 싱크대가 보였는데 바닥에 뒹구르는 딤섬 틀들.. 조금 마음에 걸렸지만 당연히 세척해서 사용하시겠죠?"
nv_1112754194,송화산시도삭면 2호점,건대,중식,"별점
4.42",4,,,"맛있긴 하지만 소문만큼은 절대 아님.
1. 도삭면 맛있음. 근데 면이 금방 퍼지는 느낌. 마라맛 베이스
2. 샤오롱바오는 딱 갈비만두 느낌. 솔직히 돈 아까움.
3. 가지튀김은 담백한 스타일. 이가네 양꼬치 가지튀김이 더 맛있음.

결론은 웨이팅 없으면 가고 있으면 그냥 지나갈 것."
nv_1429339118,얼땅쟈 본점,건대,중식,,1387,,,"매장도 청결하고 음식도 신선해서 맛이 더 깔끔한 것 같아요! 오랜만에 혼훠를 즐기고 왔는데 얼땅쟈 본점 정말 좋은 선택이었습니다 😊

현지에 가까운 맛이라 그런지 방문하시는 분들도 많더라구요! 저는 가장 무난한 백탕과 홍탕을 즐기고 왔는데 다음에는 버섯탕이랑 토마토탕도 먹으러 다시 방문해보려구요 💛"
nv_1429339118,얼땅쟈 본점,건대,중식,,1387,,,"맛있어요:)
현지맛에 가깝습니다!!
깨끗하게 항상 관리해서 좋네욤:)"
nv_1429339118,얼땅쟈 본점,건대,중식,,1387,,,"후궈 먹으로 또 가고 싶은 곳
볶음밥도 맛있네요"
nv_1429339118,얼땅쟈 본점,건대,중식,,1387,,,훠궈 입문자인데 부담스럽지 않은 맛이라 맛있게 먹었어요!!! 특히 요 사천식소스가 킥이었어요 ㅋㅋ 대박맛있음!!! 다음에는 토마토탕 먹구싶어용~~!!
nv_1429339118,얼땅쟈 본점,건대,중식,,1387,,,"훠궈 찐 맛집!
꼬치도 다양하고 신선합니다.
진짜 현지느낌 훠궈 드시고 싶은실때 강추!"
nv_1429339118,얼땅쟈 본점,건대,중식,,1387,,,색다른 꼬치훠궈를 먹을 수 있는 건대 훠궈 맛집 ! 꼬치당 500원으로 계산되어서 먹고싶은 갯수만큼만 골라먹기 좋았어요 ㅎㅎ 사천식 소스도 색다른 맛이라 찐 사천식 마라훠궈를 즐길 수 있었습니당 bb
nv_1429339118,얼땅쟈 본점,건대,중식,,1387,,,하이디라오 웨이팅에 지쳐서 갔는데 가길 너무 잘했어요..😭 가격도 합리적이고 중국현지의 맛.. 맛있어요!! 홍탕은 좀 매워서 육수 더 부어주셨어요🔥 소고기팽이버섯? 꼭 드세요!!
nv_1429339118,얼땅쟈 본점,건대,중식,,1387,,,"와 꼬치훠궈 촨촨샹 스타일 완전 매력있어요❤️‍🔥❤️‍🔥
꼬치 하나에 500원이니까 100개 먹어도 5만원임.. 다른데 하도 비싸서 그런가 왜이렇게 혜자같죠?😂
먹기도 편하고 재밌고ㅋㅋㅋ 궁금했던 내장 같은 재료듀 하나씩 먹어보기 좋아오! 부담없음ㅎㅎ
다들 소고기 종류 꼬치 한주먹씩 가져가셔서 따라 먹어보고싶었는데ㅋㅋㅋㅋ 이것저것 먹어보느라고 그렇게 못해서 아쉬워요
좋아하는 재료 원픽 하나 찾으면 그것만 팍팍 가져다 먹어도 되겠어욬ㅋㅋㅋㅋ
사장님도 엄청 친절하시구 사람도 많아서 얼땅쟈 잘되는 이유가 있다 생각했어요!😊🥰"
nv_1429339118,얼땅쟈 본점,건대,중식,,1387,,,"얼큰한 홍탕, 시원한 사골베이스 백탕을 반반으로 즐길 수 있어서 좋았고, 무엇보다도 꼬치 1개당 500원이라는 점이 넘 매력적이었어요! 중국인분들도 많이 방문하실 정도로 현지인 맛집 느낌이 물씬났고, 재방문하고 싶은 건대 훠궈 맛집이에요 ㅎㅎ"
nv_1429339118,얼땅쟈 본점,건대,중식,,1387,,,매장이 깔끔해요! 사장님도 친절하시고 훠궈도 맛있었어요👍 2층도 있더라구요 ㅋㅋ
nv_34628680,세종원 군자본점,건대,중식,"별점
4.43",4,,,"마라원짜장 특별한메뉴네요^^ 마라맛이 나서 맛있어요
삼선짬뽕 해물 신선하고 많이 들어 있어요ㅎㅎㅎ
맛집인거 같아요~ 손님도 많더라구요~"
nv_34628680,세종원 군자본점,건대,중식,"별점
4.43",4,,,"삼선짬뽕 너무 맛있네요ㅎㅎㅎ 해물이 신선하고 국물도 맛있어요
쟁반짜장 해물이 많고 양이 많아요~ 세종대맛집이에요^^"
nv_34628680,세종원 군자본점,건대,중식,"별점
4.43",4,,,제일 좋아하는 중식집인데요. 내돈내산으로 10번 넘게 온 거 같네요. 오래오래 장사해주세요
nv_34628680,세종원 군자본점,건대,중식,"별점
4.43",4,,,영수증 리뷰를 작성해서 제출하면 쿨피스를 제공하는 행사가 진행 중이니 참고 바랍니다. 주문했던 마라원라이스에는 단지 밥만 있는 것이 아니라 면도 함께 있어서 너무 좋았습니다. 탕수육도 소자지만 전혀 부족하지 않게 잘 먹었습니다. 감사합니다.
nv_34628680,세종원 군자본점,건대,중식,"별점
4.43",4,,,"너무 좋아요 탕수육 찍먹도 너무 맘에 들어요!!!
잘먹고 갑니다!!! 학생들도 많네요~~"
nv_34628680,세종원 군자본점,건대,중식,"별점
4.43",4,,,"지나가다가 와보고 싶어서 방문했어요!
깐풍육이 제일 맛있었고~마라짜장이 신기해서 시켜봤는데 마라 좋아하신다면 매력적이에요😊"
nv_34628680,세종원 군자본점,건대,중식,"별점
4.43",4,,,"원라이스 마라원짜장에 탕수육과 만두가 함께 있는 세트를 주문했어요. 평소 마라를 좋아하는 편이라 마라원짜장이 특히 맛있습니당. 탕수육은 쫄깃한 식감이 좋고, 만두는 바삭하게 잘 튀겨져 있어서 같이 먹기 좋아요.
김치도 줘서 좋네요 ☺️"
nv_34628680,세종원 군자본점,건대,중식,"별점
4.43",4,,,재료도 신선하고 탕수육이 바삭하고 안은 촉촉해서 너무 맛있습니다! 가격도 너무 착하고요 어대 근처 중국집은 여기 강추드립니다
nv_34628680,세종원 군자본점,건대,중식,"별점
4.43",4,,,역시나 세종원 너무 맛있어요!!! 특히 원짜장은 그냥 존맛이고요 깐풍육도 진짜 맛있어요! 👍🏻👍🏻👍🏻👍🏻❤️‍🔥 근처 오면 꼭 오는 곳
nv_34628680,세종원 군자본점,건대,중식,"별점
4.43",4,,,"맛있어서 재방문했는데 배고파서 허겁지겁 먹다 찍었네용😁😁 동네맛집 #중국집 #짜장면집 추천이요~
탕수육 부드럽고 맛있고 짜장면 볶음밥 정석대로 맛있어요~~ 👍 추천추천"
nv_1796042079,티왕 룽쟝족발덮밥,건대,중식,,232,,,"맛있는데 가성비👍
새로생겨서 깨끗한 중국음식점
향이 이국적인맛이 덜해서 다들 맛있게 먹을 수 있지않을까!?"
nv_1796042079,티왕 룽쟝족발덮밥,건대,중식,,232,,,먹방 보다가 방문한 건대맛집 여기는 한번 더와야겠어요. 너무 너무 맛있어요. 최고 !!!
nv_1796042079,티왕 룽쟝족발덮밥,건대,중식,,232,,,"족발덮밥이 정말 별미였습니다~ 짭조름하면서 감칠맛있고 고기 양도 넉넉했고요🍛

혼밥하기 좋은 분위기라 점심이나 저녁 한 끼 해결하기 딱 좋았어요. 메뉴 종류도 다양해서 다음엔 면요리도 먹어보고 싶네요"
nv_1796042079,티왕 룽쟝족발덮밥,건대,중식,,232,,,맛있어요~!
nv_1796042079,티왕 룽쟝족발덮밥,건대,중식,,232,,,즈란심관과 가주계 강추입니다. 특히 가주계는 어디 없는 메뉴였어요. 제가 아직 중국음식을 잘몰라서일수 있지만. 닭고기에 매운마라소스 그리고 파다진양념에 재워 먹는데. 매콤한 마라에 시원란 파향을 골고류 먹을수 있어 입안이 다채로워지는 맛. 강추합니다
nv_1796042079,티왕 룽쟝족발덮밥,건대,중식,,232,,,"건대 양꼬치거리 신상 맛집!
가성비 좋고 맛있어어요!
족발덮밥이 메인이지만
삼겹살덮밥 시켜봤어요~
추가로 시킨 육류단 (돼지고기튀김매콤양념)
토탈 23900원 덮밥이랑 같이 나오는 국물도 맛나는데
우육탕 국물인거 같아요 다음에는 면도 먹어봐야겠어여
배달 주문 많이 들어오더라고요"
nv_1796042079,티왕 룽쟝족발덮밥,건대,중식,,232,,,예상보다 훨씬 푸짐해서 한그릇에도 배 빵빵하게 나올수있어요! 족발도 듬뿍이고 절임 채소류도 적당하게 나옵니다! 오이 좋아하시면 마라오이 추가하면 매우 맛있는 한끼 가능!
nv_1796042079,티왕 룽쟝족발덮밥,건대,중식,,232,,,"새우볶음밥과 홍소육을 주문했다
볶음밥 양이 꽤 된다
편안하게 한끼 하고싶다면 추천"
nv_1796042079,티왕 룽쟝족발덮밥,건대,중식,,232,,,우육면이랑 이것저것 시켜 먹었는데 맛있어요
nv_18002806,시옌,건대,중식,,952,,,서울시 광진구 시옌에 다녀 왔어요
nv_18002806,시옌,건대,중식,,952,,,쟁반짜장이랑 탕수육🫶 최고입니다!
nv_18002806,시옌,건대,중식,,952,,,"맛있다던 간짜장을 시키고 둘러보니 동파육밥 메뉴가 보이더라구요 아 저것도 맛있겠다!
간짜장은 재료 씹히는 느낌이 아삭하니 넘좋고 좀 짜다 싶은데 이게 매력적인 짠맛입니다 달달한 한국자장보다 북경쪽 짠맛에 더 가까운 건강하고 꼬신맛 친절하시고 아늑한 공간이라 또 가야겠어요"
nv_18002806,시옌,건대,중식,,952,,,자주 가는 중국집이에요. 건대 다니면 10퍼센트 할인도 해 줘요. 음식이 맛있고 사장님이 친절하세요.
nv_18002806,시옌,건대,중식,,952,,,"<스티브 추천>
4인(어른2아이2) 간짜장곱 차동짬뽕 군만두 탕수육소
그리고 공기밥 ㅋㅋㅋㅋ

이원일x홍석천 방송 맛집으로 건대재학생 맛집이래요.
청량고추랑 같이 볶아내는 고추짜장을 먹었어요 하는데… 아이들이랑 나눠 먹어야해서.. 그냥 일반 간짜장으로 ㅎㅎ 근데.. 사진보니 해산물이 있네요. 삼선이였나?😆 양파랑 채소들의 식감이 좋았어요. 짜장의 간도 좋아서 밥도 비벼 먹었죠 ㅎㅎㅎ

군만두 수제느낌 많이 나고요. 탕수육 바삭하고요
탕수육 아는 맛. 맛있는맛 ㅋㅋㅋㅋ

평일은 사람이 많이 줄선다는데. 주말 저녁에는 아늑하게 먹고 왔어요. 2층엔 룸도 있고. 중국집 특유의 원탁도 있어서. 나중에 친구들과 한잔 하러 와야겠어요 ㅎㅎ"
nv_18002806,시옌,건대,중식,,952,,,외국 학생들과 방문했는데 맛있다고 하네요.
nv_18002806,시옌,건대,중식,,952,,,자주 오는 중식 맛집. 군만두는 첨 시켰는데 맛있어요. 탕수육 소스랑 찍어먹으니 아주 좋아요.
nv_18002806,시옌,건대,중식,,952,,,"라떼는 학생회 회식 여기서 했다,,,ʕ·ᴥ·ʔ
건대 중식 맛집 시옌
후배들 데리고 뒤풀이로 야르
건대생 할인도 있고 여전히 맛나는 건대 중식당"
nv_18002806,시옌,건대,중식,,952,,,저장만해놓고 첫 방문이었는데 가성비가 너무 훌륭하고 진심 맛도리입니다... 추천드려요!!
nv_18002806,시옌,건대,중식,,952,,,친절하고 너무 맛있어요
nv_18002806,시옌,건대,중식,,952,,,세트메뉴 가성비 좋네요 👍
nv_18002806,시옌,건대,중식,,952,,,건대 맞은편 골목길에 있어요. 입구부터 매력적이었는데... 역시나 맛도 👍. 알고보니 지역의 맛집으로 유명한 곳이더라구요^^
nv_18002806,시옌,건대,중식,,952,,,오래간만에 왔어요. 자장면 맛있습니다. 먹는 데 바빠서 음식 사진을 못 찍었어요. 건대 다니면 할인도 돼서 좋습니다.
nv_18002806,시옌,건대,중식,,952,,,"내돈내고 먹으면서 행복한 곳~❤️

10년전에도 20년전에도 지금도
늘 같은 곳 시옌 입니다

인테리어도 맛도 사장님도 같아요

변함없는 곳. 방문 할 때마다 마음따스한 시옌입니다.

가족모두 다른 지역에 살고 있는데 생신은 시옌에서 하고 싶으시단 부모님! ❤️

오랜만에 방문했는데도 그냥 마음이 편한 곳~ 시옌에서 가족 모두 맛난 음식먹으며 행복한 시간이였습니다."
nv_18002806,시옌,건대,중식,,952,,,"2층 룸 예약해서 코스 요리 먹었는데, 공간도 좋고 맛도 좋았어요. 코스 요리는 음식 내는 간격 조절이 중요한데, 간격도 좋았고. 룸인데 상층부가 뚫려 있어 옆방 소음이 들렸지만, 뭐 괜찮았어요.
아 기스면 면이 소면? 그게 제일 아쉬웠네요."
nv_18002806,시옌,건대,중식,,952,,,모처럼 가족과 함께 맛있게 먹었어요.
nv_18002806,시옌,건대,중식,,952,,,"건대앞 중식의 지존 시옌
사장님 친절"
nv_18002806,시옌,건대,중식,,952,,,점심 코스요리 맛있어요!
nv_18002806,시옌,건대,중식,,952,,,부모님이랑 종종 같이 와요. 너무 자극적이지 않고 음식 간이 잘 맞아 맛있습니다. 해물잡탕밥 잘 먹었어요!^^
nv_18002806,시옌,건대,중식,,952,,,"차돌박이짬뽕(9,900) 기름지고 진한 국물맛이 좋아요~
양도 넘 많고요 ㅎ

여사장님도 항시 친절하세요~
배달로 먹었었는데 가끔 이 맛이 생각나서 찾아옵니다"
nv_18002806,시옌,건대,중식,,952,,,굿모닝입니다
nv_18002806,시옌,건대,중식,,952,,,"깐풍기맛집!
어딜가도 시옌만큼 맛있는 깐풍기는 못먹어봤어요
완전 추천입니다.
중자로시켜서 먹고 추가로 하나더 먹고 왔어요."
nv_18002806,시옌,건대,중식,,952,,,음식이 매우 맛있습니다! 고츄간짜장이 최고
nv_18002806,시옌,건대,중식,,952,,,아버지와 종종 옵니다. 간이 자극적이지 않으면서도 적당해 맛있습니다.
nv_18002806,시옌,건대,중식,,952,,,"골목 끝에 있는데 들어가는 입구부터 눈에 띄구요~~
음식이 입에 당기는 게 맛있어요^^"
nv_18002806,시옌,건대,중식,,952,,,세트메뉴로 주문해서 먹었는데 음식들이 전체적으로 맛있고 직원분들 친절하시네요. 오래된 맛집답네요. 맛있게 잘먹었습니다.
nv_18002806,시옌,건대,중식,,952,,,"차돌짬뽕을 먹고 싶다면 고개를 들어 시옌을 추천합니다. 건대 근처에서 이 가격(9900)에 차돌짬뽕 이 만큼 먹기힘듭니다.

본적없는 이색 메뉴도 많으니 시간되면 또 와봐야겠네요."
nv_1555212741,도치피자 강변,건대,양식,"별점
4.28",4,,,마르게리따 너무 좋아하는데 클래식하고 엔틱한 느낌이 좋아요! 피자도 넘 맛나고 화장실이 깨끗해요! 남녀 화장실도 따로 있고 세면대는 복도에 따로 있는데 매장 인테리어 넘 예뻐요! :) 피자도 맛나고 피클도 맛나도 리조또도 맛나고 다 맛나요!
nv_1555212741,도치피자 강변,건대,양식,"별점
4.28",4,,,감베리크레마가 땡겨서 왔어요.언제나 맛있고 신선한 재료입니다. 생맥주가 생겨서!! 정말좋아요
nv_1555212741,도치피자 강변,건대,양식,"별점
4.28",4,,,바로앞에 주차할수 있어서 좋아요. 일요일 저녁 대기 두번째라 오래기다리지 않았어요. 주택 개조한거라 정원있는 집에 초대받은 기분이예요. 이쁜 돌담이랑 라일락향으로 기다렸어요. 후기처럼 맛있네요 인기맛집 인정여
nv_1555212741,도치피자 강변,건대,양식,"별점
4.28",4,,,"중딩1 아들 포함 3명 식사로
마르게리타
프리마베라
감베리 에 루꼴라

3가지 메뉴 모두 맛이 좋았습니다.
다음에 가면 피자1, 파스타1, 다른메뉴1
로 해야겠어요. 피자 2판은 나중에 좀
힘들더라구요.

파스타는 간이 쎄지 않은 건강한 맛이네요.
소스가 더 많았으면 하는 바램이 있었네요.
피자 도우를 파스타 소스에 찍어먹는 걸
좋아하는데 소스가 아예 없어서 아쉬웠어요.
모르고 주문한 제 잘못~
가격 대비 양도 좀 아쉬웠어요.

프리마베라는 아이가 먹기에는 루꼴라가
쓴맛이 날 수 있기에 다른 다른 피자를 추천합니다.
인테리어나 분위기나 너무 좋아요.
서버분들은 신입이신지 조금 어수선했습니다.
재방문 의사는 당연히 있습니다."
nv_1555212741,도치피자 강변,건대,양식,"별점
4.28",4,,,"외관도 너무너무 예쁜데 내부도 널찍하고 깔끔한 인테리어라 데이트로 오기 너무 좋아요! ㅎㅎㅎ
감베리크레마& 콰트로 스타지오네 먹었는데 피자도우 너무너무 쫄깃하고 맛있고 파스타도 사알짝 매콤해서 질리지않고 잘먹었어요 :)"
nv_1555212741,도치피자 강변,건대,양식,"별점
4.28",4,,,"화덕피자 맛있어요
그리고 너무 시원하고 상쾌하게 발코니가 있는데
직사광선들어오지도 않고 환기 잘되고
조명 괜찮고 동행인은 파스타가 더 맛있대요
피자 파스타 다맛잇음
친절하시고 서비스도 체계적이고 매장자체 인테리어 미감 운영 자체가 깔끔하게 잘 되어있는 것 같아 만족스러웠습니다"
nv_1555212741,도치피자 강변,건대,양식,"별점
4.28",4,,,"오랜만에 방문했습니다. 맛이 여전하네요.
창 열고 피자 먹는 보는 최고!
또 올게요^^"
nv_1555212741,도치피자 강변,건대,양식,"별점
4.28",4,,,"이곳은 정말 좋아하는 장소예요!
화덕피자를 먹으러 갔는데
분위기가 너무 좋았어요.
가게에 들어서자마자 아늑한 느낌이
확~ 드는 인테리어와 함께
따뜻한 조명이 반겨주더라고요.
요즘 같은 날씨에 딱 맞는 힐링 공간이었어요.
그리고 화덕피자는 정말 담백하고 맛있었어요!
바삭한 도우와 신선한 재료들이 어우러져서
한 입 먹는 순간
그 풍미가 입안 가득 퍼졌어요.
모두 만족해하며 한 조각, 두 조각 계속 먹게 되더라고요.
또한, 직원분들이 친절하게 응대해 주셔서 기분이 좋았어요.
필요한 것들은 바로바로 챙겨주시더라고요.❤️"
nv_1555212741,도치피자 강변,건대,양식,"별점
4.28",4,,,"서울 놀러왔는데 가게 너무 예쁘고 감성이 너무 좋아요!
피클 직접 수제로 하신거같고, 화덕피자 부드럽고 토핑도 빵빵해요~
파스타도 꾸덕하고 너무 마싯네요!
놀러와서 기분 좋게 먹고 갑니다. 터미널이랑도 가까구
추천합니당!!"
nv_1555212741,도치피자 강변,건대,양식,"별점
4.28",4,,,동네 피자 및 파스타 최고맛집이에요. 퇴근후 가끔 들려서 먹는데 진짜 간도 적당하고 맛있어요. 근본 메뉴는 마르게리따랑 감베리에요. 꼭필수 음식들이에요
nv_1912378373,타코볼볼 군자본점,건대,양식,,1358,,,"너무맛있어서 스트레스받아요 진심으로......이렇게 맛있는 타코보울을 먹어본적이없슨... 완벽한맛의조화.....
오래좋아했고 마니먹었는데 군자살다가 이사해서..ㅠㅜㅜㅠ오랜만에 왓어욤....공릉역이나 건대입구에 분점 내주시면 안될까요........아니면 정기권이라도 끊게 해주세요........... ......제발.. ...!!!!!
매장에서도 먹을수있고 포장추천해용"
nv_1912378373,타코볼볼 군자본점,건대,양식,,1358,,,제가 먹은 타코 중에 제일 맛있어요.. 예전에 한 번 먹고 너무 맛있어서 계속 생각나더라고요! 오랜만에 가서 먹었는데 더 맛있어지고 같이 간 친구도 너무 좋아해서 뿌듯했네요ㅎㅎㅎㅎ 특히 스트리트 타코 진짜 미쳤음 이거 꼭 먹어야됨
nv_1912378373,타코볼볼 군자본점,건대,양식,,1358,,,원래 배달로 자주 시켜먹던 곳인데 ㅎㅎ 홀까지 생겨서 반갑네용 😘 양도 푸짐하고 구성이 다양해서 좋아하는 곳입니다!! 치미창가 춫언춫언!!
nv_1912378373,타코볼볼 군자본점,건대,양식,,1358,,,4개메뉴 주문했는데 다 맛있었구요 포장도 깔끔했어요! 나초칩부터 직접 다 만드시는 느낌이라 멕시칸생각날때마다 종종 먹으려구요 🌮
nv_1912378373,타코볼볼 군자본점,건대,양식,,1358,,,"매번 배달주문하다가 오늘은 포장으로 먹었는데
엄청 빨리 조리가 되는데 너무 맛있구요👍
파스타는 일반 파스타집에 견주어도 될만한 맛입니다!!
매장 사장님 직원분도 엄청 친절하세요~~
너무 기분좋은 식사입니다^^🥰"
nv_1912378373,타코볼볼 군자본점,건대,양식,,1358,,,"매번 배달로만 먹었던 나의 최애 타코집..
볼볼 ㅎㅎ
군자 올일이 생겨서 들렸는데..
홀에서도 먹을 수 있더라구요.. 오!!!
주문하는 곳에서 조금만 걸어 가면
식사 할 수 있는 공간이 따로 있습니다 ㅎㅎ
세면대도 있고 음료주문 가능한 무인 자판기도 있어요!
완전 깔끔!

요즘 치미창가 맛에 푹 빠져서 일주일에 두번
시켜먹었는데.. 홀에서 먹으니 더 맛있습니다.
쉬림프 타코도 완전..제취향.. ㅠ
잘 먹고 갑니다♡"
nv_1912378373,타코볼볼 군자본점,건대,양식,,1358,,,"지나가면서 궁금했는데 역시나 너무 맛있어요 ㅠ
멕시칸음식먹고싶을땐 또 방문할게요💜🙇‍♀️"
nv_1912378373,타코볼볼 군자본점,건대,양식,,1358,,,휴일 전날 맛있는게 먹고싶어서 포장했어요! 역시나 넘 맛있고 양도 많아서 잘먹었어요
nv_1912378373,타코볼볼 군자본점,건대,양식,,1358,,,타코랑 쉬림프 파스타도 맛있어요 ~~!!
nv_1912378373,타코볼볼 군자본점,건대,양식,,1358,,,"튀긴 브리또 진짜 너무 맛있어요!!!!!!!!
치즈소스랑 조합 대박이에요.."
nv_1784530193,오스테리아 현,건대,양식,,767,,,"널찍한 매장에 친절한 직원분들에
맛있고 정갈한 음식들에
주차도 좋았고
또 가고싶은 곳이에요"
nv_1784530193,오스테리아 현,건대,양식,,767,,,"음식은 그냥 보통 먹을만해요
근데 직원들이 불친절해요
그 머리긴 남자 직원은 머리도 제대로 안묶고 일을 못하는건지 말귀를 못알아듣는건지..
손수건이랑 식전빵으로 나온 빈그릇 치워달라고 여기 치워주세요 했는데 그릇 달랑 하나만 가져가는게 참.. 일머리가 없다고 해야되나ㅠㅠ.. 부모님모시고왔는데 어이가없었네요
그리고 스프라이트 하나시킨것도 까먹고 엄청늦게 갖다주고요 .
가격대비 서비스와 음식은 그저그런곳입니다"
nv_1784530193,오스테리아 현,건대,양식,,767,,,6명이서 와인도 바틀로 주문해서 분위기 좋은 곳에서 먹고나왔습니다. 친구들이 좋은곳 예약했다며 칭찬해줬어요
nv_1784530193,오스테리아 현,건대,양식,,767,,,"마르게리따피자, 봉골레파스타, 트러플버섯크림리조또,뽈뽀 주문하고 와인 두병 가져가서 콜키지로 먹었어요
전부 맛있는데 특히 피자랑 리조또 최고🧡 화덕이 있어서 맛있나봐요. 쫄깃한 식전빵하고 꾸덕한 생풀느낌의 바질페스토도 맛있었어요
특별하지 않은데 안락하고 차분한 분위기에 또 오고 싶은 식당이에요 아이 데려가기도 편안하고 좋아요! 식사후 산책하기에도 좋은 위치에요
콜키지금액은 바틀 당 3만원"
nv_1784530193,오스테리아 현,건대,양식,,767,,,오랜만에 방문했는데 음식들이 맛있었어요 봄비 내리는 거리 모습이나 분위기도 좋았어요 함께 식사한 선배님들 모두 만족했습니다
nv_1784530193,오스테리아 현,건대,양식,,767,,,"주말은 항상 웨이팅 걸려서 상대적으로 조용한 평일 저녁에 방문 했음.
잠깐 자리 정리가 필요하다 안내받고 잠시 기다린 후 입장!
이 곳 포르치니 파스타 엄청 좋아하는데
오랜만에 신메뉴 나와서 새로운 메뉴만 시켜봤음!!
가지피자는 신기한 맛있는 맛 비스큐는 진한 갑각류맛!
두 메뉴 다 맛있었음.
맛있는 음식과 친절한 서비스에 만족스러운 식사였음."
nv_1784530193,오스테리아 현,건대,양식,,767,,,부모님 결혼기념일 기념해서 함께 왔습니다. 예약 없이 갔는데도 다행히 괜찮은 자리에 앉았어요. 특별한 날이 더욱 특별해졌습니다.
nv_1784530193,오스테리아 현,건대,양식,,767,,,"음식은 조금 기다렸지만 그만큼 확실히 맛있었어요.
유모차 둘 수 있게 편하게 안내해주셔서 너무 좋았고요.
피자는 양은 많지 않지만 맛은 정말 확실합니다 ㅋㅋ 꼭 드셔보세요!
아기랑 갔는데도 편하게 잘 있다가 왔어요."
nv_1784530193,오스테리아 현,건대,양식,,767,,,"신선하고 맛있습니다.
문어 특이한데 튼실하고 맛있네요👍
4명이서 5개메뉴 주문했고요
가족단위로 와서 조용하고 좋습니다.
거의 예약인듯 합니다.
저희는 6시전에 입장해서 편한자리로 안내받았습니다"
nv_1784530193,오스테리아 현,건대,양식,,767,,,"고급진 분위기에 차분히 대화하기 좋고, 음식은 신선하고 맛나서 ..좀 먼거리인데 찾아가게 되요.
직원들도 친절하고요. 주차장은 건물뒷편에 무료. 식사 충분히 할정도 시간 주내요.
갠적으로 피자보다는 파스타와 샐러드가 좋았어요.
그릴로 요리 , 준비하는 샐러드는 시간좀 걸리니 참고하시고요."
nv_1552451811,탄토탄토,건대,양식,,6390,,,부모님 모시고 가면 보통 오일이나 고기든거는 피하는편이라 이것저것 제외하고 나니 피자 같은것도 없구 메뉴가 많이 다양하지 않아서 아쉬웠어요. 젊은 분들은 좋을듯요. 가격대비 양은 많진 않지만 맛은 나쁘지않았어요!
nv_1552451811,탄토탄토,건대,양식,,6390,,,"탄토탄토에서 김치볶음밥이랑 에그인헬 시켜봤는데 이 조합 진짜 미쳤어요! 김치볶음밥은 적당히 매콤하고 감칠맛이 돌아서 계속 손이 가고 에그인헬의 부드럽고 진한 토마토 소스를 한 입 먹어주면 밸런스가 딱 맞아요. 양도 넉넉해서 배부르게 잘 먹었어요!!

#건대파스타"
nv_1552451811,탄토탄토,건대,양식,,6390,,,건대에 데이트하러 온 김에 방문했어요! 양식 먹고 싶었는데 리뷰가 엄청 많고 가성비 좋아서 왔는데 음식 너무너무 맛있네요!!파스타 좋아하는데 스테이크 로제 너무 맛있아용👍겅대 파스타집 최고에요! 다음에도 또 방문할게요
nv_1552451811,탄토탄토,건대,양식,,6390,,,음식이 맛있고 하나하나 새로운 터치가 들어가서 좋았어요! 가격대는 좀 있지만 지불할 가치가 있었습니다 ㅎㅎ 내부도 깨끗하고 심플하고 서비스도 친절하세요 굿
nv_1552451811,탄토탄토,건대,양식,,6390,,,"잘못 주문해서 같은 메뉴 2개 시켰지만 너무 맛있어서 셋이서 다섯 그릇 뚝딱하고 나왔습니다! 리조또, 파스타, 스테이크 빠질 거 없이 완벽한 간으로 너무 맛있었고, 소스들이 정말 맛있었습니다! 데이트 하러 오기, 특별한 날에 오기 참 좋아요 또 올게용 :)"
nv_1552451811,탄토탄토,건대,양식,,6390,,,두번째 재방문 평일이라 웨이팅 없이 바로 들어왔어요! 늘 믿고 먹어용 너무 맛있는 메뉴들로 가득해요 신메뉴 관자 감자 뇨끼도 주문해봤어요 남자친구랑 데이트하기 좋아요❤️❤️
nv_1552451811,탄토탄토,건대,양식,,6390,,,"뇨끼 원래 안 좋아하는데
여기 뇨끼는 생각이 많이나요
채끝파스타 메뉴도 너무 좋아요 스테이크만 시키기 아쉬운데 파스타도 주시는 느낌
맛은 두말할것없이 아주 맛있습니당"
nv_1552451811,탄토탄토,건대,양식,,6390,,,"음식 맛도 좋고 특히 고기가 엄청 살살 녹아요…
창가 자리도 아늑하고 편하고 엄청 좋아요 —!!
건대 주변에서 파스타 먹으려면 여기 와야겠어용"
nv_1552451811,탄토탄토,건대,양식,,6390,,,"콜키지프리여서 샴페인 가지고 갔는데 친절하게 얼음바스켓 해주셨어요~^^
음식도 맛있고 분위기도 좋았어요~♡"
nv_1552451811,탄토탄토,건대,양식,,6390,,,"1. 채끝스테이크 크림
메뉴 사진과 다름 ㅠㅠ 그치만 고기도 진짜 굽기 적당하고 맛있음. 접시 바닥 박박 긁어서 소스 먹음. 소스 비법 당장 공개 요청하고 싶음

2. 봄나물 파스타
고소하고 나물 양 많고 고소하고 고소함. 들기름.

리뷰 이벤트 있었지만 먹느라 정신없어서 집에서 적는 중. 암튼 맛있었음(배고팠었음)."
nv_1774311378,뉴웨이브서울 건대,건대,양식,,4392,,,"분위기 너무 좋았어요 더 시간 보내고 싶었는데 모임으로 올때 방문해야할 것 같아요 혼밥은 좀 힘들고 ㅠ
일단 리조또도 너무 맛있었고 다음에는 파스타랑 뇨끼 먹을 예정이요~
현대적인 인테리어 감각이 너무 좋아서 발이 이끄는대로 왔는데 대만족했어요
가격대비 양은 좀 부족한 것 같아요 ㅠㅠ"
nv_1774311378,뉴웨이브서울 건대,건대,양식,,4392,,,너무 오랜만에 왔는데…. 역시 제 맘속 뇨끼 원탑입니다 ㅠㅠ 메뉴 구성도 너무 알차고 와인까지 같이 하니 최고예요 ㅠㅠ🫶🏻🫶🏻 친구 생일겸 방문했는데 친구도 너무 좋아하고 분위기도 좋아서 재방문 예정 x🩷🩷🩷🩷🩷
nv_1774311378,뉴웨이브서울 건대,건대,양식,,4392,,,"식당 분위기 아늑하고 깔끔해요 ㅎㅎ 예약후 바로 입장했고 음식도 적당한 속도로 나왔습니다 ㅎㅎ 일단 전메뉴 모두 맛있었고 전 리가토니,피자가 가장 기억에 남습니다 >_< 서비스로 주신 하우스와인도 적당히 당도있고 맛있어요 ㅎㅎ 음식이 페어링 굿굿!! 오늘 친구 생일로 모인건데 아주 좋은시간 보냈어요 !"
nv_1774311378,뉴웨이브서울 건대,건대,양식,,4392,,,"여기 오면 뇨끼를 항상 시키는 편입니다. 크림이 느끼하지도 않으면서 감자의 부드러움과 겉면의 바삭함이 매우 잘 어우러져요.
들기름 대파 파스타는 한식 좋아하는 저같은 사람한테 너무 맛있었고 페스카토레는 올리브와 토마토의 조화가 매우 좋았습니다 새우도 많이 들어있었고요
와인도 매우 잘 어울리고 분위기도 데이트하기 매우 좋습니다
맛있게 먹었습니다!"
nv_1774311378,뉴웨이브서울 건대,건대,양식,,4392,,,분위기 너무 좋고 예뻐요! 직원분들도 너무 친절하셨고 파스타랑 항정살 스테이크 지인짜 대박이었습니다...😭 항정살이라는 부위를 스테이크로 처음 먹어봤는데 먹자마자 깜짝 놀랄만큼 너무 맛있었어서 꼭 추천드리고싶어요!!!
nv_1774311378,뉴웨이브서울 건대,건대,양식,,4392,,,벌써 6번째 방문이네요...!!! 오늘은 평소로 다른 메뉴로 먹었는데 역시 맛있어요ㅠㅠ 뇨끼는 늘 시키는 메뉴입니다!! 뉴웨뇨끼는 항상 주기적으로 당기는 거 같아요❤️ 데이트코스도 좋고 여자친구들끼리 모임하기도 좋아요!!! 꼭꼭 방문 추천이요!!
nv_1774311378,뉴웨이브서울 건대,건대,양식,,4392,,,"캐치테이블보고 예약없이 방문했는데 다행히 자리가 하나 남아서 앉을 수 있었습니다 :)
직원분 너무 친절하셨어요! 식사는 주문 후에 빠른 속도로 나와서 배고플때 딱 먹을 수 있었습니다!
아란치니 리가토니 피자 시켰는데 리가토니는 맵찔이들에게 살짝 맵습니다 >.< 근데 다 맛있어요!
주말에 하우스와인한잔씩하면서 힐링했네요~ 감사합니다♡"
nv_1774311378,뉴웨이브서울 건대,건대,양식,,4392,,,"연인과 데이트 마지막 코스로 고른 집입니다.
인테리어가 깔끔하고 직원분들이 친절하십니다.
하우스와인도 깔끔하게 잘 마셨습니다.
항정살 스테이크 처음 접해본 음식이었는데 상당히 만족했습니다.
라구도 해산물향이 로제와 잘 어울러져 입을 즐겁게 해주더군요.
친구들, 가족, 연인 누구든 같이 와서 한 끼 즐기셔도 좋을 듯 합니다."
nv_1774311378,뉴웨이브서울 건대,건대,양식,,4392,,,여자친구랑 스테이크 먹고 싶어서 예약하고 방문했어요. 네이버 예약하시면 하우스와인 2잔 서비스주니까 놓치지말고 드시구요. 시그니처 파기름파스타 매콤한게 맛있으니 한번 드셔보세요. 스테이크는 두툼한데 맛있게 잘 먹었어요.
nv_1774311378,뉴웨이브서울 건대,건대,양식,,4392,,,건대 주변 맛집 찾다가 추천 많이 받아서 와봤어요! 음식도 너무 맛있고 인테리어도 너무 멋졌어요! 공간이 아늑하고 분위기도 좋아서 데이트하기에 딱 좋을 것 같아요!! 와인과 음식들이 너무 잘 어울려서 좋았습니다!😃 다음에 또 오고 싶네요!!
nv_1161483820,오늘은슈림프,건대,양식,,641,,,"지인들과 같이 간 자리이고 뭔가 이색적인 그리고 맛있는 메뉴를 먹고 싶어서 예약 후 방문했습니다!
보일링쉬림프 대박 맛나요!
그리고 먹느라 놓친 사진엔 없지만 새우 칠리 오일파스타 진짜 엄지 척! 맛있었어요!!
2-3인 가시면 보일링쉬림프1, 새우 칠리 오일파스타1, 마약옥수수1 이렇게 추천 드리고
4-5인 가시면 보일링쉬림프1, 새우 칠리 오일파스타1, 상하이 파스타1, 허니 갈릭 볶음밥1, 마약 옥수수1, 트러플 감자튀김1 이렇게 추천드립니다!
참고로 저희는 4인 갔는데 위에 메뉴들 다 먹고 추가로 갈치속젓 파스타랑 감바스도 추가로 먹었음요 ㅎㅎㅎ
생맥주를 마시니 안주들이 계속계속 추가되었어요
생맥주 조심하세요! 😍"
nv_1161483820,오늘은슈림프,건대,양식,,641,,,"벌써 2번째 방문이에요!! 한번 먹고 시간 지나면 또 생각나는 맛!! ㅠㅠ 진짜 오늘 먹은 메뉴 전부 너무 맛있었어요ㅠㅠ
보일링크랩 먹고 버터밥 시켜서 감자랑 옥수수 같이 넣어서 먹으면 진짜 너무 맛있으니 꼭 드셔보시고 파스타도 왜 이리 맛있는지ㅠㅠ 트러플 버섯 크림파스타는 무조건 맛.있.는. 맛!!!!!!!!!!
갈치속젓 파스타는 진짜 너무 맛있으니까 오일파스타 좋아하시면 꼭 드셔보세요!!
사장님 너무 친절하시고 모든 음식이 다 맛있어요 많이 많이들 가세요 후회 없습니다!!!
다음에 또 갈게요 감사합니당💗☺️"
nv_1161483820,오늘은슈림프,건대,양식,,641,,,"1년 전 첫 보일링을 여기서 시작했는데 그 이후로 여기서민 먹으러와요 ㅎㅎ 사장님도 친절하시고, 진짜 양념자체가 너무 맛있어서 다먹고 버터밥이랑 파스타 비벼먹으면 딱좋아요 ㅎㅎ👍🏻"
nv_1161483820,오늘은슈림프,건대,양식,,641,,,"비주얼부터 깡패!!
보일링 쉬림프 처음 먹어보는데
마무리 파스타면까지 좋았어요😋
새우도 오동통 재료도 다양하고
예뻐서 기분까지 좋아지는 맛!"
nv_1161483820,오늘은슈림프,건대,양식,,641,,,"오늘은슈림프에서 보일링슈림프 M 먹어봤어요! 새우, 꽃게, 홍합 등 해산물이 푸짐하게 들어가 있어 한 번에 다양하게 즐기기 좋았고, 시즈닝이 잘 배어 있어 감칠맛이 살아 있었어요. 남은 소스에 버터밥 비벼 먹는 조합도 잘 어울려서 마지막까지 만족스럽게 먹었습니닷~~ 특별한 해물요리 드시고 싶으시면 고고고예욧~~😍👍"
nv_1161483820,오늘은슈림프,건대,양식,,641,,,"데이트로 자주 가는 맛집입니다. 갈 때마다 다른 해산물 대신 새우로만 요청드리고, 야채도 다른거 거의 다 빼고 브로콜리로 요청드리는데, 사장님께서 항상 요청사항 잘 반영해서 요리해주셔요 ㅎㅎ 너무 맛있고, 사장님 친절하시고, 서비스가 좋아서 식사하고나면 기분 좋아지는 음식점이에요 ㅎㅎ 미국에서 먹던 맛 그대로에요 ㅎㅎ 비슷한 음식 파는 다른 유명한 음식점들보다 진짜 훨씬 현지 맛에 가깝습니다. 그리고 사진은 안찍었지만 트러플감자튀김 완전 강력 추천해요!! 맛도리ㅎㅎ사장님 대박나세요!"
nv_1161483820,오늘은슈림프,건대,양식,,641,,,보일링 씨푸드 먹어보고 싶었는데 구성도 알차고 넘 맛있어요!! 자연스러운 자극적 맛이어서 좋았어요. 게도 살 많고 제가 매운 걸 잘 못 먹는데 기본 시키니까 딱 좋았어요! 면추가했을 때 많이 주셔서 든든하게 먹었습니다
nv_1161483820,오늘은슈림프,건대,양식,,641,,,"한국에와서 처음으로 그릇 다 보이게 클리어했어욤..!

혼자만 알고싶은 맛집.. 다음에 또 올거에요.."
nv_1161483820,오늘은슈림프,건대,양식,,641,,,"보일링슈림프 먹으러 방문했는데 구성부터 알차게 나와서 만족👍👍 새우는 식감이 살아 있고 꽃게도 살이 잘 차 있어 먹는 재미가 있었고요. 시즈닝이 강하지 않으면서도 은근하게 감칠맛이 올라와서 부담 없이 계속 먹게 되는 스타일이었어요. 해산물 외에 감자, 옥수수, 소시지까지 같이 나와서 한 메뉴로도 충분히 든든했고, 남은 소스에 밥 추가해서 마무리하니까 끝까지 맛있게 즐길 수 있었어요."
nv_1161483820,오늘은슈림프,건대,양식,,641,,,"항상 맛있어요
사장님 항상친절하시고 너무 맛있고 이런해물은 여기
밖에 없어요
점점 사람들이 많아서 이제 예약없이 못가네요 ㅠ
꼭 예약하고 가세요 ^^ 오래오래 해주세요"
nv_1103842592,조용한주택,건대,양식,"별점
4.72",4,,,"건대 양식 분위기&맛집!

평일 저녁 7시 예약 후 입장하였습니다. 내부는 조용하고 차분한 분위기여서 대화하기 좋았습니다

양부르기뇽과 토마토 쳐트니를 주문하였고 10분 정도 기다리니 음식이 나왔습니다. 사장님께서 서빙과 동시에 메뉴설명과 먹는 방법, 순서를 추천해주셔서 좋았습니다

양부르기뇽은 중동 향신료인 '두카'가 양고기의 육향과 잘 어울렸습니다. 고기는 너무 부드러워서 포크를 갖다 대기만해도 으스러졌습니다. 고기를 다 먹고 난 뒤에도 밑에 깔린 매쉬드 포테이토와 소스가 정말 맛있어서 끝까지 다 쓸어 먹었습니다

토마토 쳐트니는 면이 생면이라 쫄깃했습니다. 올려진 토마토칩과 치즈칩이랑 같이 먹으니 톡 쏘는 토마토의 상큼한 맛이 잘 느껴졌습니다.

맛과 분위기 모두 좋아서 데이트장소로 좋을 것 같습니다!"
nv_1103842592,조용한주택,건대,양식,"별점
4.72",4,,,"양 브루기뇽 양고기 잡내도 안나고 정말 부드러워요! 매쉬드 포테이토랑 조합도 좋고, 매쉬드 포테이토 자체가 너무 맛있어서 진작 추가해 먹을 걸 싶었어요..🥹
토마토 처트니는 단순 파스타가 아니라 고급 요리 먹는 기분이었어요! 분위기도 마음에 들고, 매장이 협소해서 조금 민망하지만 전혀 눈치 보지 않고 잘 즐길 수 있었어요
플레이팅도 예쁘고, 남녀노소 누구나 좋아할 맛이라 데이트 장소로 완전 추천합니다!💗"
nv_1103842592,조용한주택,건대,양식,"별점
4.72",4,,,"오랜만에 방문해서 파스타 먹고 왔어요. 새로 나온 메뉴라길래 주문해본건데, 버터 베이스에 백합이 들어간 파스타였어요 레몬 향이 은은하게 올라와서 좋았고 입에 착 감기는 맛이었어요 특히 파스타 소스가 진짜 맛있어서 면 다 먹고도 남은 소스를 계속 긁어먹었답니다 ..ㅎㅎ 봉골레 좋아하시면 추천해요! 자가제면이라 면도 특이하고 분위기도 좋았어요 다음에 가도 이 메뉴 다시 주문하려구요 ㅎㅎ"
nv_1103842592,조용한주택,건대,양식,"별점
4.72",4,,,너무 맛있게 잘먹었습니다.
nv_1103842592,조용한주택,건대,양식,"별점
4.72",4,,,"조용한주택에서 정말 좋은 시간을 보냈습니다☺️🥂
2인 세트로 파스타, 뇨끼, 스테이크를 먹었는데 모든 메뉴가 다 건강하고 맛있었어요!
저희는 특히 파스타를 가장 맛있게 먹었습니다.
면도 독특하고 소스도 처음 먹어보는 맛이었는데 너무 취향이에요👍🏻
사정이 있어 오랜만에 하는 외출이라 기대를 많이 했는데 덕분에 정말 잊지 못할 너무너무 좋은 추억이 생겼습니다ㅎㅎ
다음에도 좋은 날에 또 방문하고 싶어요🙌🏻"
nv_1103842592,조용한주택,건대,양식,"별점
4.72",4,,,"오랜만에 방문했는데 예전 그대로 음식도 맛있고
새로운 신메뉴들도 많아서 메뉴 고르는데 행복했어요!
다음에와서 다른 메뉴들도 도전해볼게요!
추천합니다~"
nv_1103842592,조용한주택,건대,양식,"별점
4.72",4,,,"이 식당은 아내와 제가 서울에서 가장 좋아하는 식당 중 하나에요. 메뉴 종류가 많은 것은 아니지만, 모든 메뉴가 정말 맛있습니다. 그 뇨끼는 제가 지금까지 먹어본 것 중 가장 훌륭한 것 같습니다만, 더 많이 주문 할 수 없어 항상 아쉬워요 🤣

몇 번 방문한 끝에 라자냐와 양고기 구이를 맛볼 수 있었습니다. 두 요리 모두 훌륭했습니다.

우리는 다시 또 방문해서 더 많은 음식을 즐길거에요!!"
nv_1103842592,조용한주택,건대,양식,"별점
4.72",4,,,"맛이 좋습니다. 과하지도 않고 비프 스테이크도 잘 구워주시고 양고기도 부드럽고 좋습니다.

3인세트 시켜서 저는 조금 적게 먹는 편이라 괜찮았는데 친구들은 좀 부족하다해서 이거 먹고 또 간식거리 먹으라 갔습니다."
nv_1103842592,조용한주택,건대,양식,"별점
4.72",4,,,건대맛빕 조용한주택에 재방문했어요! 예전에 방문하고 색다르고 퀄리티 높은 요리를 하는 곳이라 맛있게 먹었다가 신메뉴 먹으러 재방문했습니다. 역시 와인이랑 페어링 하기 좋은 요리들이에요 양고기 브루귀늉은 서양식갈비찜 스타일인데 양고기를 써서 특유의 감칠맛과 풍미가 레즈와인이랑 정말 잘 어울릴 거 같고 토마토 처트 파스타는 토마토 본연의 산뜻함을 그대로 느낄 수 있고 거기에 녹진한 맛이 다른곳에서 느껴보지 못한 풍미에요! 자가제면 하는 곳이라 면도 너무 좋았고 다른 곳에서 먹기 힘든 요리라 더더욱 매력있는 레스토랑이에요 데이트 하러 꼭 가보세요!
nv_1103842592,조용한주택,건대,양식,"별점
4.72",4,,,"건대데이트코스로 완전 추천해용
인테리어도 아늑하고 음식도 고급진맛..!🤤🫶🏻
와인이랑 잘 어울려서 꼭 같이 드셔보세용💛"
nv_1095584677,드로잉레시피,건대,양식,"별점
4.64",4,,,"학교 주변이었는데 졸업하고 와봤네요!
인기가 많아서 웨이팅 걱정했었는데 2명이라 바로 입장 가능했구,
한식 좋아하는 엄마랑 왔는데 엄청 만족해하셨고 생각날 것 같아서 남은 피자 1조각까지 포장해가요 ㅎㅎ 프랜차이즈 피자랑은 다르게 꽉꽉 채워진 맛이어서 특히 좋았어요 파스타도 맛있는데 피자 다른 메뉴도 먹으러 또 오려구요!
완전 건대 맛집이에요:)"
nv_1095584677,드로잉레시피,건대,양식,"별점
4.64",4,,,"#건대맛집 #드로잉레시피 #자양동맛집 #피자맛집 #파스타맛집
샐러드랑 피자🍕랑 파스타 다 맛있어요🤍 라자냐 추우천👍🏻 가족 모임하기에도 좋고 대화하기도 좋아요ㅎㅎ 친절하시고 음식도 빠르게 나와요🙂"
nv_1095584677,드로잉레시피,건대,양식,"별점
4.64",4,,,"오랜만에 드로잉레시피 와서 트리플체다포테이토, 케이준쉬림프 파스타 주문했어요!
게토뉴욕, 갈릭쉬림프 메뉴를 제일 좋아해서 자주 먹었는데 오늘 먹은 조합도 정말 맛있었어요 :)
드로잉레시피는 모든 메뉴들이 다 맛있는 것 같아요!
조만간 다시 와서 이 메뉴 그대로 시켜도 좋을 것 같아요 ㅎㅎ"
nv_1095584677,드로잉레시피,건대,양식,"별점
4.64",4,,,"게토 뉴욕 피자랑 갈릭 쉬림프 파스타 먹었어요!
게토 뉴욕 피자는 햄버거 맛 나요 ㅋㅋㅋ 신기
갈릭 쉬림프 파스타도 맛있게 먹었어요
보니까 예약하고도 많이 오시나봐요 저는 평일이라 그런지 6시 좀 넘어서 운 좋게 워크인으로 왔어요"
nv_1095584677,드로잉레시피,건대,양식,"별점
4.64",4,,,"파스타 싫어하는 남자도 맛있게 먹고갔습니다
가지 극혐하는데 피자에올라간 가지 먹어보고 맛있어서 놀랫네요 피자는 도우가 진짜바삭하고 맛있습니다. 그리고 파스타 양도 꽤돼요 1.5인분 같은 느낌입니다. 맛있게 잘 먹었어요"
nv_1095584677,드로잉레시피,건대,양식,"별점
4.64",4,,,"친정엄마랑 아이랑 왓던 기억이 좋아서
이번엔 친정 아빠 모시고 아이랑 오픈런 했습니다
직원분들이 친절하게 맞이해주셔서
아빠 모시고 맛있는 식사 하고 갑니다🍏🩷
다음엔 남편이랑 같이 올게요 ㅎㅎ"
nv_1095584677,드로잉레시피,건대,양식,"별점
4.64",4,,,어머니랑 왔을때 너무 맛있게 먹은 기억이 있어서 남자친구랑 영화보기 전에 왔습니다! 제 기준 양식 건대 맛집 넘버원이에요! 특히 피자!! 저 피자 안좋아하는데 여긴 무조건 2조각 이상 가능이에요ㅎ 마지막 자리 운좋게 겟 했는데 더 뿌듯해요ㅎ
nv_1095584677,드로잉레시피,건대,양식,"별점
4.64",4,,,아이와 함께 방문하여 식사했어요 지나갈때마다 사람이 늘 바글바글해서 궁금했던곳이라 어린이날 맞이해서 와봤어요. 사람 많을만한 이유가 있네요! 피자도 파스타도 스프도 너무너무 맛있었어요 건대 맛집 인정입니다 또 올게요^^
nv_1095584677,드로잉레시피,건대,양식,"별점
4.64",4,,,"급 찾아서 가게된곳…^^
비오는날 이곳 픽…
우서누부채사루스테이크 완전 맛나요 맛나
고기가 살살 녹아요
갈릭 쉬림프 명란 파스타 양도 많고 맛났어요
매드포피자 아우 한조각 남긴게 계속 생각남요🫠
여튼 양도 많고 맛도 좋고 맛나게
잘먹었습니닷"
nv_1095584677,드로잉레시피,건대,양식,"별점
4.64",4,,,케이준 로제 쉬림프 새우 겁내 탱실하니 면 딱 알맞게 잘 삶아지고 루꼴라랑 같이 먹었을 때 참 맛있네요! 게토 서울은 담백한 타입인 줄 알거 시켰는데 생각보다 오일리 하고 토핑 조금 흘러 내리니까 입맛에 참고하셔용!
nv_1167900002,언더다이닝 건대본점,건대,양식,,1810,,,"차분하고 모던한 분위기의 양식집✨ 천장이 높아 공간이 넓고 쾌적하게 느껴졌고, 테이블마다 은은한 조명이 비쳐 분위기가 정말 좋았어요. 곳곳에 화초가 많아 편안하고 리프레싱되는 느낌도 들었고, 잔잔한 팝송과 수달·짱구·도라에몽 같은 귀여운 인형들이 더해져 아늑한 감성이 가득했던 곳😊 음식도 빠르게 준비해주셨고, 수비드 안심 스테이크 크림파스타는 맵기 조절이 가능해 세심함이 느껴졌어요. 꾸덕한 크림소스와 부드러운 스테이크 조합이 정말 맛있었고, 차돌 마늘쫑 파스타도 갈릭의 고소한 풍미가 좋아 만족스러웠어요. 다음에도 재방문하고 싶은 곳!"
nv_1167900002,언더다이닝 건대본점,건대,양식,,1810,,,"두 번째 방문인데 역시 만족스러웠어요 👍
처음 방문 때 괜찮아서 다시 왔는데 음식 퀄리티나 맛이 그대로라 믿고 먹기 좋은 곳인 것 같아요.
미트볼 크림파스타는 꾸덕한 소스랑 두꺼운 면 식감이 좋고, 투움바 파스타도 적당히 매콤해서 계속 손이 가는 맛이에요.
재료도 신선한 느낌이라 더 좋았습니다.
친구랑 편하게 오기 좋고, 재방문 의사 있습니다!"
nv_1167900002,언더다이닝 건대본점,건대,양식,,1810,,,"우연히 방문한 김치볶음밥 맛집입니다.
인테리어도 너무 멋지고
사진찍기 좋은 분위기에요
리뷰보니까 파스타도 추천이 많던데
다음엔 파스타를 도전해봐야겠습니다"
nv_1167900002,언더다이닝 건대본점,건대,양식,,1810,,,"일단 분위기가 미쳤어요! 사진찍기도 이쁜 곳!
갠적으로는 전복리조또 필수로 시키시고
투움바 파스타는 보통으로 시켰는데 매운맛이 전혀없어요! 매움으로 시켜도 괜찮을 것 같아요~
소개팅도 많이하시고 데이트도 하기 좋아보여서 추천!
(지하니까 계단이 괜찮은 날에 예약해보세용)"
nv_1167900002,언더다이닝 건대본점,건대,양식,,1810,,,어린이대공원에 벚꽃보고 파스타 맛집 가고 싶어서 검색으로 발견한 맛집! 전복내장 리조또 너무 고소하고 밥알이 한알한알 살아있어서 식감이 좋고요 베이컨 크림 파스타도 꾸덕하고 맛있더라고요ㅎㅎ미트볼도 맛있습니다❤️ 쉬림프 피자도 새우가 탱글하니 맛있어요~음식이 다 맛있어요! 다음에 올 기회가 있으면 또 방문하고 싶을 정도에요! 직원분들도 친절하십니다^^
nv_1167900002,언더다이닝 건대본점,건대,양식,,1810,,,"음식 비주얼부터 합격인데 맛은 더 합격입니다.❤️

스테이크 굽기도 완벽하고 같이 나오는 와사비랑 홀그레인 머스터드 곁들여 먹으니 깔끔해요. 차돌들깨크림파스타를 처음봐서 고소하고 들깨 풍미가 미쳤어요!

건대 근처에서 제대로 된 양식 먹고 싶을 때 무조건 여기로 오세요!👍👍"
nv_1167900002,언더다이닝 건대본점,건대,양식,,1810,,,파스타가 먹고 싶어서 동생 추천으로 방문해봤어요! 맛있고 고오급진 메뉴들이 많아서 좋아요. 음식도 빠르게 나오고 너무 맛있게 잘 먹었습니다!
nv_1167900002,언더다이닝 건대본점,건대,양식,,1810,,,청첩장 모임으로 왔습니다 음식 너무 맛있어요! 주변에 소개팅 하는 분들이 많아요ㅎㅎ 그만큼 분위기도 보장 짱짱
nv_1167900002,언더다이닝 건대본점,건대,양식,,1810,,,"맛있게 잘먹었습니다!!
입맛 까다로우신 어머니도 정말 맛있게 먹어서 기분이 좋네요. 감사합니다."
nv_1167900002,언더다이닝 건대본점,건대,양식,,1810,,,"분위기 좋아서 데이트 장소로 딱이에요!
조명도 은은하고 테이블 간격도 적당해서 편하게 이야기하기 좋았습니다!

예약하고 오면 더 여유롭게 즐길 수 있을 것 같고,
음식은 맛도 좋은데 비주얼까지 예뻐서 나오자마자 감탄했어요!!

샐러드부터 파스타까지 전체적으로 퀄리티 좋고,
사진 찍기도 좋아서 데이트 코스로 추천합니다~!~!"
nv_33451555,로니로티 건대점,건대,양식,"별점
4.48",4,,,"건대 쪽에서 양식을 먹고 싶어지면 항상 여기를 방문했어요 :)

가격도 괜찮고 맛도 좋지만, 특히 하프메뉴가 있어서 양 걱정 없이 여러가지 음식을 맛볼 수 있다는 게 정말 맘에 듭니다 ㅎㅎ

이번에도 아주 만족스럽게 잘 먹었어요...!

#건대맛집 #건대로니로티 #건대스테이크 #건대파스타"
nv_33451555,로니로티 건대점,건대,양식,"별점
4.48",4,,,"하프메뉴가 있어서 여러 종류먹기에 좋습니다. 거기다 맛도 좋아요~역 바로 코앞에 가성비 좋은 메뉴들!!

원플레아트와 하프메뉴 있는데 하프메뉴 여러개 시키는게 좋은것 같아요. 오랜만에 방문했는데 역시나 맛있습니다"
nv_33451555,로니로티 건대점,건대,양식,"별점
4.48",4,,,"건대입구역 근처에서 간판을 보고
몇년 만에 왔는데 여전히 메뉴가 많고
가성비 대비 양도 많고 맛있네요
매장도 무척 넓고 맛도리 ~"
nv_33451555,로니로티 건대점,건대,양식,"별점
4.48",4,,,"건대입구역 로니로티💕 호불호 없는 맛집👍
여전히 맛있고 여전히 친절함😍
마르게리따 핏자👍채끝등심셀러드~스파게티~리조또~다 맛있음^^"
nv_33451555,로니로티 건대점,건대,양식,"별점
4.48",4,,,"엄마랑 방문했는데 파스타랑 목살스테이크 먹었어요.
엄마도 너무 맛있다고 하셔요. 매장이 넓어서 웨이팅 없이 들어왔어요☺️ 평일이나 주말에 가족들과 식사하기 너무 좋아요!
#건대맛집#건대로니로티#건대스테이크#건대파스타"
nv_33451555,로니로티 건대점,건대,양식,"별점
4.48",4,,,오랜만에 온 로니로티 든든한 양식이 땡길때마다 오는거 같습니다 오이스터 크림 해산물 스파게티 진짜 맛잇어요 제 최애는 목살필라프인데 남친은 스파게티가 젤 맛잇다네요 샐러드도 정말 맛잇습니다 ㅎㅎ
nv_33451555,로니로티 건대점,건대,양식,"별점
4.48",4,,,"군대 있을때부터 진짜 매달 온거같구요 양 맛 가격 정말 합리적이고 운동하시는 분들 데이트하면서 단백질 채우기도 진짜 좋습니다. 진짜 좋습니다. 앞으로도 자주 오겠습니다.

#건대맛집 #건대로니로티 #건대스테이크 #건대파스타"
nv_33451555,로니로티 건대점,건대,양식,"별점
4.48",4,,,"매장이 굉장히 넓고 쾌적해서 탁 트인 기분으로 편안하게 식사할 수 있었습니다.🍗🍕🥗

메뉴 종류가 정말 다양해 고르는 재미가 있었는데, 주문한 목살 스테이크와 새우 필라프 모두 기대 이상으로 맛있었습니다.

양도 푸짐하고 구성이 알차서 건대 근처에서 가성비 좋고 맛있는 한 끼를 원하시는 분들께 강력 추천합니다!!😋"
nv_33451555,로니로티 건대점,건대,양식,"별점
4.48",4,,,"너무 맛있어서 또 왔어요
저희 동네에도 지점 내주셨으면...
스테이크는 처음 먹어보는데 부드럽고
파스타는 해물이 푸짐하게 들어있어요!
번창하세요

#건대맛집 #로니로티 #스테이크 #파스타"
nv_33451555,로니로티 건대점,건대,양식,"별점
4.48",4,,,"첫방문인데 완전 단골하께요!!!!
너무 맛있고 근데 양은 또 가성비 짱이에요
까르보나라와 스테이크 궁합 말해 모해여
그냥 오세요 일단 와서 먹음 끝!!!
#건대맛집#건대로니티니#건대스테이크#건대파스타"
nv_1769666633,신선술집 도원 건대 본점,건대,술집,,6677,,,"들어가자마자 한옥 감성 분위기가 너무 좋아서 놀랐고, 음식 퀄리티도 기대 이상이었던 곳!❤️

망고시루는 생크림이 부드럽고 망고가 가득 들어가서 디저트 좋아하시는 분들 꼭 드셔보셔야 할 맛이에요 진짜ㅠㅠ

꼬리족발은 쫀득한 식감에 살도 잘 붙어있고, 불족발은 매콤달달해서 술안주로 딱 좋았습니다. 베이컨페퍼치즈김치전은 치즈가 듬뿍 올라가서 피자처럼 즐길 수 있었고, 마지막 딸기눈꽃빙수까지 완벽하게 마무리했답니당 ㅎㅎ

꼬리족발&불족발 22,800원 / 베이컨페퍼치즈김치전 19,800원 / 망고시루 16,800원 / 딸기요거트막걸리 10,000원 / 참이슬 6,000원 / 토닉워터 3,000원 / 딸기눈꽃빙수 16,800원"
nv_1769666633,신선술집 도원 건대 본점,건대,술집,,6677,,,"건대 술집 찾으시는 분들에게 추천드려요!
룸좌석도 있어 모임이나 회식하기도 좋고
안주도 양이 많아 푸짐해 가성비 좋더라구요 ㅎㅎ
5층은 옥상자리로 야장 느낌으로 즐길 수 있습니다~🍻😆"
nv_1769666633,신선술집 도원 건대 본점,건대,술집,,6677,,,"강추하는 건대술집입니다!!👍👍
일단 가게 들어가면서부터 잘 꾸며진 인테리어에 놀라고 들어갑니다!! 한옥 분위기가 안락한 가게 분위기를 너무 잘 살려줘요!! 메뉴도 여러 메뉴들이 다양하게 있어서 선택의 폭이 넓은데 저희는 된장전골이랑 수육으로 골랐습니다!! 둘다 너무 맛있었어요😋😋 그리고 아직 메뉴판에는 없다면서 점원분이 추천해주신 우베막걸리...!! 이게 진짜 킥입니다 이렇게 맛있는 막걸리는 처음 먹어보네요..."
nv_1769666633,신선술집 도원 건대 본점,건대,술집,,6677,,,"건대에서 분위기 좋고 프라이빗룸 있는 술집 찾는다면
신선술집 도원 진짜 추천하고 싶은 곳이였답니당 🤍

은은한 조명이랑 한옥 느낌 인테리어 덕분에
분위기도 너무 좋았고
시끄럽기만 한 술집 느낌이 아니라
편하게 이야기하면서 술 마시기 좋았어용 ㅎㅎ

특히 2,3,4층으로 공간이 나뉘어 있고
4층에는 최대 25인까지 가능한 대형룸도 있어서
회식이나 단체모임 장소로도 딱일 것 같았답니당!

저희가 먹은 미숫가루 막걸리, 아보카도육회, 비빔막국수 조합도 완전 만족,, 🥹
안주 퀄리티도 좋고 양도 괜찮아서
건대 가성비 술집 찾는 분들한테도 추천해용 ෆ"
nv_1769666633,신선술집 도원 건대 본점,건대,술집,,6677,,,오늘 여자친구랑 방문했는데 첫입장부터 좋았습니다. 가게 이름대로 도원에 온 듯 분위기가 신선했어요! 그리고 차돌된장스지랑 하트 듬뿍 부추전 시켰는데 비쥬얼 미쳤고 너무 맛있었습니다. 다음에도 방문할게요!!
nv_1769666633,신선술집 도원 건대 본점,건대,술집,,6677,,,"건대에서 분위기 좋은 술집 찾다가 방문했어여 정말 오랜만에 재방문하고 싶다는 생각이 들었던 곳
분위기가 너무 좋아여 조명도 은은하니 데이트 하기 딱 조음
무엇보다 직원분들이 정말 친절하셔서 서비스 면에서 만족도가 높았어요
요즘은 음식 맛도 중요하지만 응대 하나로 기분이 달라지는데 여기서는 처음부터 끝까지 너무 편하게 즐기다 갑니당 그리고 가장 놀랐던 건 안주 퀄리티… 다음에는 다른 메뉴 먹으러 또 방문할 예정입니다!!!

#건대맛집 #건대술집"
nv_1769666633,신선술집 도원 건대 본점,건대,술집,,6677,,,건대술집 알아보다가 온건뎅 넘 맛있어용 평상시에 족발 별로 안좋아하구 안먹는데 불족발이여서 먹어봤는데 넘 맛있어서 다음번엔 메인 족발 시켜먹으러구요 감자전 치즈 완땅이예요 굿굿 담에는 모임 할 때도 올거같아용 건대맛집 입니당
nv_1769666633,신선술집 도원 건대 본점,건대,술집,,6677,,,건대맛집으로 강추드려요!! 도원 버섯 샤브칼국수랑 바나나 막걸리 먹었는데 완전 만족하면서 먹었어요!! 다음에 올때는 볶음밥까지 추가해서 먹으려고요ㅎㅎ 바나나 막걸리도 원래 저 막걸리 안좋아하는데 막걸리 향 안나서 꿀떡꿀떡 넘어갔어요
nv_1769666633,신선술집 도원 건대 본점,건대,술집,,6677,,,"단체모임하기 정말 좋은 건대 술집입니다!
일단 인테리어가 진짜 도원에 온 기분이예요 재미있었어용ㅎㅎ
안주도 다양하고 맛있었고, 술도 종류가 많아서 좋네요!!대학생들이 놀러오기 딱 좋은 곳👍🏻 강추"
nv_1769666633,신선술집 도원 건대 본점,건대,술집,,6677,,,"건대 술집 찾다가 분위기 좋아 보여서 방문했어요
인테리어가 한옥 느낌이라 들어가자마자 분위기부터 너무 예쁘고, 건대 데이트 술집이나 소개팅 장소로 와도 좋을 것 같더라구요

오삼산더미 콩불은 이름처럼 양이 진짜 많아서 나오자마자 놀랐고, 콩나물+오징어+대패삼겹 조합이라 맛없없 조합
맵기도 적당해서 부담 없이 먹기 좋았고 볶음밥까지 꼭 추가해야 완성! 버터향 나면서 진짜 맛있어요

도원 족살 수육도 부드럽고 같이 나오는 반찬이 많아서 이것저것 싸먹는 재미가 있어요
전체적으로 안주 양도 푸짐해서 가성비 좋은 건대 술집 찾는 분들한테 추천해요

룸도 있어서 조용하게 이야기하기 좋고 단체 모임/회식 장소로도 제격이에요"
nv_2059245149,달맞이광장바베큐 성수점,건대,술집,,378,,,"오늘 여자친구랑 특별한 날을 맞이해서 와봤습니다
분위기도 좋고 친절하신 직원분들 덕분에 더 기분 좋았습니다 물론 맛은 최강이었습니다 ❤️ 🤍 💟 🧡 🤎 ♥️ 덕분에 좋은시간 보내는 닭집 감사합니다"
nv_2059245149,달맞이광장바베큐 성수점,건대,술집,,378,,,을지로가 원조인! 달맞이 광장 바베큐!! 성수점 OPEN!! 해서✌번째로 와봤는데.. 들어가자마자 넓은 매장 분위기 미쳤어요..감사합니다ㅠㅠ 성수에도 생겨주셔셔..🥹음식 퀄리티 갑!! 테이블 분위기 자체가 확!! 달리지고 너무 잘나와요.. ❤️‍🔥직접 구워주셔서 바베큐 향이 제대로 살아있고 우왕ㅠㅠ 존맛!! 깨알.. ♡ 보끔밥으로 치밥해먹고 메뉴 하나시킨게 아쉬워 하나 더 시켰는데 너무 맛있네요.. 😭 젓가락 멈출 틈이 없었어요!! 먹방러 된 기분이였습니다ㅎㅎ 특히 음식점은 가게 직원분들 센스랑 친절한것도 한몫하는데 와.. 직원분들이 다!! 친절하세요.. 😄요즘 성수 맛집 많다지만 여긴 분위기랑 맛 밸런스가 진짜 미쳤어요 거의 사기수준.. 웨이팅 후회 안해요!! ❤️재방문 100000% 입니다❤️ 잘 먹고 갑니다ㅎㅎ
nv_2059245149,달맞이광장바베큐 성수점,건대,술집,,378,,,"토요일 오픈 시간인 12시에 맞춰서 도착했더니
바로 입장했어요.ᐟ
한잔의 목적보다는 신상 맛집 도전의 느낌이라 일찍 갔더니 사람은 없었는데 대표 메뉴가 바베큐이다 보니 주문한 메뉴가 나오는데 30분은 걸린것 같아요⋆｡｡

소금 바베큐는 담백하면서 부드러웠고, ꒰ 매운 ꒱ 양념 바베큐는 진짜 매콤해서 쉬림프갈릭볶음밥을 추가해서 같이 먹었어요🥵
소금 바베큐에도 매운 양념이 제공되니깐 너무 매우면 매운 양념만 찍어 먹어도 될 것 같아요🍗
흑돼지소시지는 탱글하면서도 부드럽고 잡내도 없었어요.ᐟ
마지막 즉석해물우동으로 마무리까지 완벽ദ്ദി˙ ᴗ ˙ )
독특한 컨셉에서 배터지게 잘 먹었어요 𖤐ˊ˗

✎ 화장실이 실내에 있고
남여 따로 3칸 있어서 좋았어요"
nv_2059245149,달맞이광장바베큐 성수점,건대,술집,,378,,,오픈 때 오고 싶었는데 왠지 힘들 것 같아 내일 휴무이기도 해서 왔는데 오길 잘한 것 같아요^^ 소금구이 진짜 너무 맛있고 바쁜데 직원분 모두가 응대가 좋고 친절해요. 힘들 법도 한데 짜증도 없고 너무 기분 좋게 맛있게 먹어서 또 올 거예요^^
nv_2059245149,달맞이광장바베큐 성수점,건대,술집,,378,,,"을지로에서 핫한 달맞이광장 성수에도 생겨서
방문했어요
평일에 방문했는데도 사람엄청많았어요
5시쯤가서 웨이팅없이 바로 자리안내받았어요
소금바베큐 주문했고
주문 즉시 조리라는 시스템이라 바베큐나오는데
15분정도 소요된거같아요
기본 소금바베큐주문하면 따로 양념소스 제공되는게
좋았어요
맥주(마스터푸어카스)도 엄청 시원하고 거품 크리미해서 맛났습니다
2명이 방문해서 이것저것 주문하지못한게
아쉬워요
소세지,골뱅이도 맛나보여서 다음에 재방문하겠습니다
매장은 엄청 넓고 많은 인원수용 가능한데
그만큼 많이 시끄러워요^~ㅠ"
nv_2059245149,달맞이광장바베큐 성수점,건대,술집,,378,,,"예전에 뚝도농원인가 있던 자리같아요
와본 기억어 납니다

넓어요
비가오는 수욜에 간건데
오지게 사람 마너요

치킨과 바베큐 합격
500 한잔 5.500원입니다
바베쿠는 26.0
반반은 24.0

치킨 부드럽고 좋아요"
nv_2059245149,달맞이광장바베큐 성수점,건대,술집,,378,,,"한국식 슻불구이 + 야키토리식 ? 아마도?
충분히 매력적으로 맛있습니다.
카스를 두가지 방식으로 따라서 서브한다는것 또한 매력적
맥주는 뭐가 맛있다 보다는 기호에 따라서 선택하심이

신규 매장이라 그런지 대형이지만 친절함이 좋네요."
nv_2059245149,달맞이광장바베큐 성수점,건대,술집,,378,,,"성수 프로 직장러의 또 간집🤗
일주일만에 또 왔구요❣️
또 와서 먹어도 너무 맛있어요🤗
직원분들도 친절하고 이번엔 떡볶이 추가해서
먹었는데 떡볶이도 강추 입니다👍🏻
담엔 골뱅이 쫄면 먹으러 또 출근 할거예요 ㅋㅋ"
nv_2059245149,달맞이광장바베큐 성수점,건대,술집,,378,,,"진짜 맛있더라구요
을지로가 대기가 300팀이 넘어가서 신규오픈 성수로 왔는데
닭이 큰 장닭에 1.5분이라 양도 많고 촉촉하고 부드러웠고 닭비린내도 없었어요!
그리고 소시지도 육즙 제대로 터지고 탱글했어요
쟁반라볶이는 아는 맛일 겁니다

3인 3메뉴는 정말 양이 많다라고 느껴지구요
2메뉴가 적당해보입니다

대부분의 좌석에서 소금바베큐 골뱅이 조합으로 드시는 것 같았구요
맥주가 카스가 색다르네요
부드럽습니다

평일 5시30분전에 도착하시면 웨이팅 없는데 그 이후로는 여기도 어마어마해지네요 ㅠㅠ
캐치테이블 원격대기 필수 입니다"
nv_2059245149,달맞이광장바베큐 성수점,건대,술집,,378,,,"성수에서 분위기 좋은 바베큐 맛집 찾는다면 달맞이광장바베큐 성수점 추천합니다 🍖🔥

성수 특유의 감성과 야장 분위기가 제대로 살아있는 곳이라 친구들이랑 모임하거나 데이트하기 정말 좋았어요.

매장 분위기도 힙하고 직원분들도 친절해서 처음부터 기분 좋게 식사했습니다.

대표 메뉴인 바베큐 치킨은 숯불향이 제대로 배어 있어서 한입 먹자마자 감탄 나왔고, 겉은 바삭하고 속은 촉촉해서 맥주랑 조합이 최고였습니다 🍺

사이드 메뉴들도 퀄리티 좋고 양도 푸짐해서 여러 명이 같이 가기 딱 좋아요.

특히 저녁 시간 야외 테이블 감성이 정말 좋아서 성수 핫플 느낌 제대로 납니다.

맛, 분위기, 감성까지 다 잡은 곳이라 재방문 의사 100%입니다 👍"
nv_1082685168,VVS,건대,술집,,83,,,"2차로 방문했는데 너무 좋았어요.
위스키 잘 모르는데 설명도 잘 해주시고
가격도 가성비라서 부어라 마셔라 하고왓습니당"
nv_1082685168,VVS,건대,술집,,83,,,"기네스 생맥주 집이 잘 없는데! 찐찐!! 기네스 생맥주 맛집 맞구요!(간혹 유사 짝퉁?! 기네스 캔을 기계로 뽑아내는 곳이 있더라구요ㅠ)
분위기도 너무 좋고! 저희는 1차 소곱창먹고 2차로 들렸었는데! 기네스 맛에 반해서
2번째 최애 칵테일 마티니도 한잔씩 시켜마셨는데
칵테일도 맛집이였습니다!!
소화시킬겸! 다트도! 이용하였고!
단체 분들도 이용하기 좋을꺼같고,
커플끼리도 내기하면서 2차로 들리면 좋을꺼같아요!ㅎ

담에 또 뵐게요 사장님 감사합니다🫶"
nv_1082685168,VVS,건대,술집,,83,,,"술 짱 맛있고 분위기 짱 좋아욤
친구랑 대화하는데 시끄럽지도 않고 너무 좋았습니당><
나중에 남친이랑도 또 오고싶은 곳이에요!
안주가 더 다양하면 좋을 것 같기도 한디
사실 진짜 술만 마시려고 한거긴 해서ㅎㅎ 오늘 최고의 식당이엿어요
사장님 번창하세욤~~~"
nv_1082685168,VVS,건대,술집,,83,,,"친구네 동네 놀러갔다가 단골 바라고 데려가줬는데
분위기 미쳐꾸~~~
칵테일도 존맛인데 와인도 다양해서 좋아써용💕
사장님께서 다트도 알려주셔서 친구랑 내기했는데
재밌었어요 사장님 다트쌉고수🙈🙈
분위기 좋은 군자 칵테일바 와인바 연말모임장소 찾으시면
군자 vvs 추천!!"
nv_1082685168,VVS,건대,술집,,83,,,"하몽메론 양도 많고 달고 맛있어요, 안주맛집인데 저렴해서 너무 좋아요!
칵테일들도 전체적으로 금액이 저렴해서 좋아요!
거기에 다트도 있고 사장님도 친절하세요!
종종 갈 것 같아요 ♡"
nv_1082685168,VVS,건대,술집,,83,,,사장님이 추천해주신 위스키랑 와인 마셨는데 너무 맛있었어요 ㅎㅎ 하몽메론도 잘어울리고~ 같이간 친구들도 대만족🧡 자주가야겠어요!!
nv_1082685168,VVS,건대,술집,,83,,,깔루아밀크 8천원!
nv_1082685168,VVS,건대,술집,,83,,,분위기도 좋구 칵테일도 맛있구 안주도 맛있어요~ 가격도 괜찮아서 좋네요~ 술 마니 드시는분들은 금액이 많이 나올 수 있어요~ ㅎㅎ 하몽멜론 넘 맛있어서 놀랐어요
nv_1082685168,VVS,건대,술집,,83,,,"군자에서 느껴보는 압구정 감성
칵테일 바 없어서 아쉬워 했는데 자주 갈께요!
곰돌이 얼음하고 인테리어가 좋아요"
nv_1082685168,VVS,건대,술집,,83,,,"생일파티로 군자 칵테일 바 찾다가
가격도 넘 좋고 분위기도 이뻐서 바로 예약했어요!
생일이라고 생일 칵테일도 만들어주시고
예약해서 올리브도 또 서비스로 받았따는
완전 개이득,, 갓성비 군자 위스키바
vvs 연말에 또올게용!"
nv_37724979,요비 건대입구본점,건대,술집,"별점
4.41",4,,,"건대에 이런 분위기 좋은 이자카야가 있는지 몰랐어요
음식도 맛있고 시끄럽지않아서 데이트,소개팅하기에 딱인곳이예요~ 오마카세 프리미엄으로 주문했는데 양이 많아서 다른 음식도 더 주문하고싶은데 배부르네요"
nv_37724979,요비 건대입구본점,건대,술집,"별점
4.41",4,,,"분위기 좋고 건대에 오면 재방문의사 200%입니다
친절하고 커튼이 있다는 점이 생각보다 분리가 되는 느낌이고요
우선 사시미만 먹고 작성하는 리뷰인데 이미 반 이상 만족해서 먼저 작성합니다"
nv_37724979,요비 건대입구본점,건대,술집,"별점
4.41",4,,,"건대술집 요비에서 광어사시미를 먹었어요☺️
광어가 쫀득하니 굉장히 찰지고 고급 사시미집에서 먹는 퀄리티라 만족도가 굉장히 높았어요
같이 시킨 사이드 메뉴 가라아케동도 치킨마요덮밥 느낌으로 맛있었고 전복크림파스타도 녹진한 게우소스 맛이 잘 느껴져서 맛있게 먹었어요❤️"
nv_37724979,요비 건대입구본점,건대,술집,"별점
4.41",4,,,"가게 찜 해놓고 처음 방문했어요! 프리미엄 주문했는데 양이 많아서 진짜 배부르고 맛있어요,,♡♡ 코스 절반됐는데 가족들이 배불러서 천천히 즐기기 조아용 어버이날이라 방문했는데 데이트로 와도 좋을 것 같아요! 분위기도 최고ㅎㅎ 직원분들도 넘넘 친절하세요!"
nv_37724979,요비 건대입구본점,건대,술집,"별점
4.41",4,,,두번째 방문해요 남자친구랑 사귀기 전에 왔다가 두번째는 사귀고 방문해요! 사귀기 전에 여기서의 기억이 너무 좋았어서 또 왔습니다. 테이블이 다 따로 있고 커튼으로 가려져 있어서 조용하게 대화하기 너무 좋고 음식도 너무 맛있어요 오마카세 코스 완전 둘이서 배부르게 먹었어용
nv_37724979,요비 건대입구본점,건대,술집,"별점
4.41",4,,,"건대요비 집이 가까워서 자주와용
자리도 아늑하고 친절하시구
맛도 너무너무 맛있어서
매번 사시미랑 이것저것 안주 먹고싶을때
와욤 조만간 또올게용🤍"
nv_37724979,요비 건대입구본점,건대,술집,"별점
4.41",4,,,너무너어어어어어무맛있어요 사실 우럭튀김궁금해서 왔는데 다 맛있엇어요 잘먹고가요오 감사합니다:):) 가성비 매우 최고오
nv_37724979,요비 건대입구본점,건대,술집,"별점
4.41",4,,,건대 먹거리 골목에 프라이빗하게 숨어있는 이자카야 요비예요! 오마카세 메뉴가 있어서 시켰는데 식전 전복죽부터 너무 맛있어서 메인도 기대가 되는 가게예요 사시미 종류도 엄청 다양하고 양도 푸짐했어요 양도 양인데 음식 맛이 신선하고 깔끔해서 좋아요! 각 자리가 커텐으로 가려져 있어서 프라이빗하게 대화를 즐길 수 있는 공간이라 편하게 식사하고 왔습니다😄
nv_37724979,요비 건대입구본점,건대,술집,"별점
4.41",4,,,여기 분위기도 너무 좋고 음식 코스도 다 맛있어서 5번째 방문입니다👍👍오랜만에 왔는데도 너무 좋아요~
nv_37724979,요비 건대입구본점,건대,술집,"별점
4.41",4,,,와 ㅠㅠ 건대술집 오랜만에 왔는데 이런곳이 있다니.. 너무 감동입니다 공간도 프라이빗하게 나뉘어져있고 오마카세 가성비가 장난 아닙니다!!!! 꼭 다시 올게요 소개팅으로도 추천이고 특히 우럭튀김이랑 사시미 넘 맛있어요!!
nv_1427727828,장미술상 건대점,건대,술집,"별점
4.96",4,,,친구 추천 받고 온 곳인데 기본 안주도 과자 아니구 토마토인 것두 너무 좋고 음식도 맛있어요! 무엇보다 테이블도 넓직해서 여러명이 오기에도 좋고 깨끗하고 직원분들도 너무 친절하세요~ 건대 오면 장미술상 강추 ♥
nv_1427727828,장미술상 건대점,건대,술집,"별점
4.96",4,,,여기 맛있어용 ㅎㅎ 가려고 했었는데 넘 맛있내요 딱새우회 필수인거 깉아용 두툼하고!!!!! 다음에 또 올게요 ㅎㅎ 파스타도 먹어보고 싶어요! 맛있어용
nv_1427727828,장미술상 건대점,건대,술집,"별점
4.96",4,,,건대약속으로 어디갈지 찾아보고찾아보다 방문한 장미술상! 메뉴도다양한데 여럿이라 한상차림시켜봤는데 양도많고 맛있기도 너무맛있어요! 다음에또 재방문해서 다른거도먹어봐야겠어요😋😋😋
nv_1427727828,장미술상 건대점,건대,술집,"별점
4.96",4,,,"장미술상 건대점 데이트 저녁으로 처음 방문했는데
분위기도 좋고 무엇보다 너무 맛있어서 만족하고 갑니다💕✨🫶 미나리전이랑 광어김밥 조합 미쳤어요!!
친구들이랑 한식에 한잔 하고 싶은날 추천이용!!!!!"
nv_1427727828,장미술상 건대점,건대,술집,"별점
4.96",4,,,메뉴도 다양하고 음식도 맛있어요!! 저번에 광어막회 맛있어서 또 왔는데 목살도 맛있습니다!!! 가게 분위기도 좋고 시끄럽지도않아서 분위기있게 편하게 대화하기도 좋았어요 담에 또 다른 메뉴 먹으러 올 예정입니다ㅏㅏ!!!!!
nv_1427727828,장미술상 건대점,건대,술집,"별점
4.96",4,,,"딱새우회 제주도에서 먹고 처음 먹어봤는데 달고 부드러워서 맛있어요!!!!
비린 맛 거의 없고 식감이 탱글해서 계속 들어가는 느낌이었어요.

껍질 손질도 깔끔하게 되어 있어서 먹기 편했고,
마라전골도 술안주로도 잘 어울리는 메뉴였어요.

양도 생각보다 괜찮았고 전체적으로 신선한 느낌이라 맛있게 먹고 왔습니다 :)"
nv_1427727828,장미술상 건대점,건대,술집,"별점
4.96",4,,,"남자친구랑 자주 오는 건대 장미술상 🍶
분위기가 편해서 이야기 나누기 좋고, 안주도 전체적으로 맛있는 곳이라 자꾸 생각나는 곳이에요ㅎㅎ

이번에는 딱새우랑 곱창전골 주문했는데 둘 다 만족스러웠습니다.
딱새우는 신선해서 식감이 좋았고, 곱창전골은 국물이 진하고 칼칼해서 술이랑 잘 어울렸어요. 곱창 양도 생각보다 넉넉해서 좋았습니다 :)

건대에서 분위기 괜찮은 술집 찾는다면 한 번쯤 방문해보셔도 좋을 것 같아요!"
nv_1427727828,장미술상 건대점,건대,술집,"별점
4.96",4,,,건대 놀러와서 오게 되었는데 딱새우 너무 신선하게 맛있고 라면도 끝내줍니다 ㅎㅎ 🫶 모츠나베 국물도 얼큰해서 소주가 아주 잘 들어가네요 ~~ 건대 오게 되면 또 올 예정입니다 😋😋
nv_1427727828,장미술상 건대점,건대,술집,"별점
4.96",4,,,남친과 함께 서울 놀러와서 방문한 장미술상 건대점 !! 리뷰가 좋아서 방문했는데 인테리어도 이쁘고 대화하기 좋아요 !! 직원분들도 친절하고 무엇보다 음식이 맛있어서 최곱니다 !! 서울에 좋은 추억 남기고 갑니다 ~
nv_1427727828,장미술상 건대점,건대,술집,"별점
4.96",4,,,분위기 진짜 진짜 좋은 술집이에여!! 장미술상 건대점은 무조건 재방문하고 싶어요. 매장도 넘 예쁜데 메뉴들이 넘 맛있어요😋😋😋한국식곱창전골이랑 미나리새우전이 왜 베스트메뉴인지 알 것 같아요. 두 메뉴는 조합도 좋아서 추천이에여! 특히 곱창전골은 국물이 진짜 예술이고 내용물도 많이 들어있어서 더 좋았어요! 직원분들도 모두 친절하셔서 기분 좋게 먹구 왔어요~
nv_1150257323,후토,건대,술집,,5451,,,"건대 이자카야 가성비, 분위기 1등 후토!!
안주에 딱 좋은 꼬치구이와 사시미를 판매하는 후토 ㅊㅊ처음 방문했어요!! 숯불향이 그윽한 꼬치구이에 신선한 회사 듬뿍이고 특히 사장님이랑 직원분들이 정말 친절해용 ㅜㅜ
꼬치구이 매니아 남자친구랑 같이 왔는데 완전 대만족
회도 다양하게 있어서 이것저것 먹는데 너무 맛있었어요!"
nv_1150257323,후토,건대,술집,,5451,,,"남편이 직원과 와보고 나와 같이 가고 싶다고 해서 온 이곳. 대표 메뉴인 스시와 꼬치 세트 메뉴와 하이볼. 꼬치도 맛있고, 스시도 여러 종류별로 맛 볼수 있어 하이볼 끝도 없이 들어가는 맛집입니다."
nv_1150257323,후토,건대,술집,,5451,,,소중한 사람들을 데리고 오고 싶은 곳이에요~ 숙성사시미는 진짜 최고에요! 꼬치구이도 수제라서 맛있고 ㅋ 특히 통오징어짬뽕은 추천입니다 ^^
nv_1150257323,후토,건대,술집,,5451,,,오랜만에 왔는데 늘 맛있는 맛집입니다 볶음우동 맛있네여👍
nv_1150257323,후토,건대,술집,,5451,,,"월요일인데도 사람들이 엄청 많았어요 사시미 세트 먹었는데, 회랑 꼬치랑 같이 나와서 좋아요. 회 보다는 꼬치가 훨씬 더 맛있고 누룽지 탕 맛있었어요.직원들 친절해요~ 개인적으로 누룽지탕에 우동같은거 넣어서 먹어도 괜찮을 거 같아요~"
nv_1150257323,후토,건대,술집,,5451,,,"카카오맵 평점이 좋아서 방문한 이자카야인데 회도 너무 맛잇고 크림우동 ,꼬치 다 너무 맛잇어서 예정에 없던 술까지 마시게 되엇던 맛집입니다!! 꼬치 모둠 시켯는데 저희끼리 다른 부위 얘기하는거 들으시고 서비스로 그 부위까지 주셔서 너무 감동받고 다음에도 꼭 방문해서 먹고 가야겟다 생각햇어요🤤 크림우동 정말 맛잇으니 다들 드셔보세용"
nv_1150257323,후토,건대,술집,,5451,,,건대 꼬치구이와 사시미 같이 판매하는곳을 찾다가 발견한곳인데 와... 사시미랑 꼬치구이 둘다 퀄리티 미쳤어요❤️❤️❤️ 사시미 구성도 너무 좋고 쫄깃한 식감 대박적 ㅠㅠㅠ 꼬치구이도 진짜 촉촉하니 술이 절로 땡기는 맛이였어요!!! 건대 꼬치구이랑 사시미 먹고플땐 여기만올래오..🫶
nv_1150257323,후토,건대,술집,,5451,,,"수준급 꼬치맛은 물론
신선한 회 한상 자랑하는
건대 안주맛집 후토❤️

모듬회에 나온 달달한 단새우
쫀득하면서 사르르 녹는 식감에
숯불향이 배어 있는 모듬꼬치도
고기 육즙이 팡팡 터져요🥹

맛도 분위기도 잡은 건대 술집으로
후토 이자카야 완전 강추드립니당💗"
nv_1150257323,후토,건대,술집,,5451,,,"맛과 가성비를 모두 갖춘 곳!
건대에서 유명한 식당 TOP10에 들어가는 곳입니다.
장점이 많은 곳.
금 제외 평일에는 콜키지프리
재방문 의사 100%"
nv_1150257323,후토,건대,술집,,5451,,,"요즘 핫하다길래 가본 '후토'에서 **후토 시그니처 세트**에 맥주 한잔하고 왔는데, 기대 이상으로 대만족이었습니다. 일단 매장 분위기가 깔끔하고 세련돼서 들어갈 때부터 기분이 좋았는데, 나온 메뉴를 보니 플레이팅부터 재료 신선한 게 눈에 확 들어오더라고요. 한 입 가득 먹어보니 맛 밸런스가 정말 훌륭했고 양도 생각보다 푸짐했습니다. 특히 여기에 시원한 맥주를 곁들이니까 요리의 진한 맛을 깔끔하게 싹 잡아줘서, 물리거나 질릴 틈 없이 계속 들어가는 완벽한 조합이었습니다. 제대로 힐링하고 온 기분이라 여기는 조만간 무조건 또 갈 생각입니다."
nv_2022441941,도깨비집,건대,술집,,24,,,건대 내 전용 술집 = 도깨비집! 술 마시러 가도 되고 밥 먹으러 가도 돼서 자주 이용하는 곳! 요즘 이렇게 가성비 넘치는 술집 잘 없는데 안주 메뉴가 정말 저렴합니다👍🏻👍🏻건대 학생들 취향 저격 시켜버린 가격! 갓성비 대박! 심지어 안주 퀄리티 하나 하나 미쳤어요 맛친놈👍🏻안주 메뉴 전부 도장깨기 할 때까지 도깨비집 안 놔 줄 거에요! 찌개 메뉴랑 밥이랑 치킨이랑 그냥 다 맛있다!
nv_2022441941,도깨비집,건대,술집,,24,,,흔한 술집이라고 하기엔 안주 퀼리티가 좋아요. 게다가 양도 많고 가격도 합리적이라서 아주 만족스러웠어요 ! 술집 분위기이지만 식사만 해도 충분할 정도에요 !! 웨이팅 하는 곳이지만 금방 빠지니까 좀만 기다리면 됩니당
nv_2022441941,도깨비집,건대,술집,,24,,,"친구들이랑 오랜만에 모여서 이끌리는데로 들어 왔는데~ 생각보다 가격도 착한데다 음식도 빨리나오고 친절하시고 무엇보다 시킨메뉴 다 맛있어요!!!
다만 짬뽕이 좀 칼칼하네용~^^ 참고하시길~"
nv_2022441941,도깨비집,건대,술집,,24,,,"건대 도깨비집 다녀왔는데 기대 이상으로 너무 만족스러웠어요! 고기 질이 정말 좋아서 육즙이 가득하고, 밑반찬도 깔끔하게 잘 나와서 조합이 훌륭합니다. 직원분들도 친절하게 응대해 주셔서 식사하는 내내 편안했습니다. 내부 분위기도 힙하고 아늑해서 친구들과 모임하거나 데이트 코스로도 딱 좋을 것 같아요. 건대 맛집 찾으신다면 무조건 추천합니다. 재방문 의사 100%예요!"
nv_2022441941,도깨비집,건대,술집,,24,,,생각지도 못한 빙수맛집 발견입니다~~! 장소도 편하고 음식도 저렴하고 맛있습니다😆
nv_2022441941,도깨비집,건대,술집,,24,,,"매장이 넓어서 단체로 가기 좋은
건대입구 24시 술집 도깨비집

연중무휴 운영하기 때문에 언제나 방문 가능

잘 익은 김치 삽겹살 구이 맛 없을 수 없는 조합
치즈 회오리 닭갈비는 치즈 추가 해야지
저 비주얼이 나오니까 참고

1층은 음악이 크게 틀어져 있어서 핫플 느낌이고
지하는 조용하면서 단체석 완비"
nv_2022441941,도깨비집,건대,술집,,24,,,"오늘은 제대로 힐링한 날🤍
치즈닭갈비 좋아하는 사람이라면 여기 꼭 가봐야 해요!
매콤한 닭갈비 위에 치즈가 진짜 아낌없이 올라가는데, 불판에서 녹아내리는 비주얼부터 이미 게임 끝🥹

닭갈비는 양념이 자극적이기만 한 맛이 아니라 달달하면서도 감칠맛이 살아있고, 닭고기도 엄청 부드러웠어요!!
거기에 쭉 늘어나는 치즈를 돌돌 말아서 먹으면 진짜 조합 미쳤어요🧀🔥"
nv_2022441941,도깨비집,건대,술집,,24,,,"역시핫플
1층 만석이라 지하에서 먹었는데
가성비 좋은 안주에 술야 술술들어가요

풀영상 인스타 유튜브 뚱스맛집검색"
nv_2022441941,도깨비집,건대,술집,,24,,,"오늘도 또또또또 왔어요!!
친구들데리고 또 왔는데 너무 맛있고 분위기도 좋아서 술이 술술 들어가요 ㅎㅎ 다음에도 친구들 데리고 또 올게용!"
nv_2022441941,도깨비집,건대,술집,,24,,,"건대 24시 술집 찾다가 음악소리에 끌려서 들어오게되었어요 ㅎ 안주도 맛있고 사람도 많고^^
24시라서 일요일인데도 사람도 많네요 ㅎ 기본안주도 맛있고 매장도넓어서 단체모임하기좋아요^^ 안쪽에는 야장처럼 천장이 오픈되서 야장느낌 최고에요 ㅎ"
nv_1235590176,민지슈퍼 건대본점,건대,술집,,3118,,,"건대에서 분위기 좋은 술집 찾다가 방문한 민지슈퍼. 야장 감성 좋아하는 사람들은 진짜 만족할 분위기였어요. 전체적으로 시끌시끌하고 편한 느낌이라 친구들이랑 가볍게 술 마시기 딱 좋았습니다. 치즈 볶음밥은 위에 치즈가 엄청 두껍게 올라가서 비주얼부터 눈길 갔고, 고소하고 짭짤해서 계속 손이 갔어요. 콘치즈도 버터향이 진하게 나서 술안주로 잘 어울렸고, 치킨이랑 감자튀김은 바삭해서 무난하게 맛있게 먹었습니다. 음식도 빨리 나오는 편이라 좋았고, 2차나 가볍게 한잔하러 가기 괜찮은 곳 같아요."
nv_1235590176,민지슈퍼 건대본점,건대,술집,,3118,,,"야장하기 좋은 날이라 야장하러 방문했어요~~
떡튀순 세트에 1리터 하이볼 시켰는데 너ㅓㅓㅓ무 푸짐하고 맛있어요🥺🥺🤍
주문도 큐알로 편하게 주문하고 좋았어요!!!
다음에 민지이름 가진 친구 데리고 방문할게요~~"
nv_1235590176,민지슈퍼 건대본점,건대,술집,,3118,,,"저 민진데요 여기 와서 공주님 취급 받았습니다
민지랑 어떤 연관이 있으실지 모르겠는데…
세상 모든 민지들은 민지 슈퍼 아셔야 할 거 같아요 진짜 모르는 게 유죄입니다 세상 민지들 요기로 오셔서 대접 받으셔요!! 진짜 안주도 너무너무 맛있고 가성비도 좋아요 건대에서 이런 술집 없습니다… 너무 추천 드려요 짱짱 🥵🥵"
nv_1235590176,민지슈퍼 건대본점,건대,술집,,3118,,,"전 날에 친구가 인스스에 올려서 가보고 싶었던 민지슈퍼! 오늘 약속 잡히자마자 3차로 왔습니다!
친구가 인스스에 올렸던 치킨이 먹고 싶었지만, 배부름 이슈로...ㅠ
1L 하이볼이 타 가게보다 엄청 싸서 시켰습니다! 너무 달지도 않고 적당히 끝맛이 씁씁해서 쭉쭉 들어가네요!
버갈튀도 ㅊㄴㄷㅂ보다 훨씬 바삭하고 맛있어서, 다음에 동아리 모임하고 19시 전에 끝나면 이쪽으로 1차 오려고요 ㅎㅎ"
nv_1235590176,민지슈퍼 건대본점,건대,술집,,3118,,,"분위기 진짜 좋고 안주 하나하나 다 맛있었어요!!
특히 순대튀김은 바삭한데 안은 촉촉해서 계속 손 가고, 떡볶이도 매콤달달해서 하이볼이랑 조합 최고였어요!
샹그리아도 과일향 진하고 맛있고 양도 최고!! 데이트도 여자친구들끼리 오기에도 너무 좋은곳이에요!!
직원분들도 친절하시고 재방문 의사 완전 있습니다"
nv_1235590176,민지슈퍼 건대본점,건대,술집,,3118,,,"근처에 사는데 항상 사람이 많아서 가야지 하다가 드디어 와봤어요!!!
왜 이제 왔는지ㅠㅠㅠㅠㅠ 치즈떡볶이 신전이랑 비슷한데 넘 마싯구요
스프 기본안주라 굿굿
하이볼도 싸고 맛있어서 조만간 또 오려구요
사장님께서 오미자새로 발주 넣으셨대서 내일 또 올수도…?! ㅎㅎㅎㅎㅎ
번창하길✨🔥"
nv_1235590176,민지슈퍼 건대본점,건대,술집,,3118,,,"김치우동, 김치볶음밥, 순살치킨, 요구르트 샤베트까지
분식 위주로 시켰는데 안주 하나하나 신경써주시는 느낌이 들어 좋았어요 술이랑 음료 기본 식기류들 다 셀프로 가져오는 셀프존도 있어서 필요한거 있을때마다 직원분 불러야하는 번거로움도 덜어서 너무 편하네용 건대 맛집 민지슈퍼 추천드립니다⭐️⭐️⭐️⭐️⭐️"
nv_1235590176,민지슈퍼 건대본점,건대,술집,,3118,,,"남편이랑 건대 데이트나와서 돌아다니다가 사람들 많아서 들어왔는데 왜 인기 많은지 알겠더라구요🥹
이름처럼 레트로하고 힙한 감성이 가득해서 분위기부터 정말 좋았고, 매장도 깔끔해서 대만족이었어요!
음식 맛은 말할 것도 없이 진짜 맛잇어요ㅠㅠㅠ떡볶이는 떡이 쫄깃하고 양념이 잘 배어있어 예술이었어욥 순대도 고소하고 그리고 한강라면 꼭 시켜드세요 맛있고 가성비 최고!!!
사장님도 너무 친절하셔서 기분 좋게 식사했어요
또 올게요!!!!✨"
nv_1235590176,민지슈퍼 건대본점,건대,술집,,3118,,,"멀리서 온 친구랑 건대 야장 분위기 술집을 찾다 발견한 민지슈퍼에서 너무너무 즐거운 시간 보냈습니다🍻
기본으로 나오는 스프도, 100원 치킨도, 떡볶이도, 어묵탕도, 리뷰 이벤트 옛날 빙수도 다 가성비 좋고 맛있어요!
노래 선곡과 화장실도 좋네요😝👍🏻
1리터 샹그리아 완전 크고 대박이에요..!
술도, 안주도 건대에서 이렇게 가성비 좋은 곳이 또 있을까 싶어요ㄷㄷ
앞으로 자주 올 것 같아요😖🥹🥹🥹🙌🏻"
nv_1235590176,민지슈퍼 건대본점,건대,술집,,3118,,,"어니 아니 아니 여기 가성비 무슨 일이에요 ?!!!!
맛도 진짜 맛나구 치킨도 진짜 맛있어욤 ㅎㅎ
그리구 내부 디자인도 너무 독특해서 옛날 생각도 나도 야장도 있어서 너무 너무 좋은 것 같아요 ㅎㅎ

건대를 잘 오지는 않지만 앞으로 여기 오려면 건대 자주 가야겠어요 ~~~! ㅋ ㅋ ㅋ ㅋ ㅋ ㅋ ㅋ
가성비 좋은 술집으로 추추추추추 강 추 천 !!! ♥"
nv_1929531895,김창훈포차,건대,치킨,"별점
4.57",4,,,컨셉이 너무 재밌어요 ㅎㅎ 이전히기 전 부터 알고 있었던 맛집이였는데 이전하고나서 인테리어가 진짜 대박~ 야장하는 느낌도 나고 음식도 맛있는데 분위기도 너무 좋았어요~!! 닭박튀김은 역시나 적시나 굿굿 오늘 돼지김치찌개도 먹었는데 고기 양도 많고 얼큰하니 완전 술 땡기는 맛 ㅜㅜ 다음에 또 올게용 리뷰 망고빙수도 맛있어요~!
nv_1929531895,김창훈포차,건대,치킨,"별점
4.57",4,,,5명이서 방문하고 자리 있나 들어왔다가 분위기가 너무 좋아요 ㅎㅎㅎ 노래도 완전 제 취향이고 생각보다 안주들이 너무 맛있어요ㅠㅠㅠㅠ 담에 건대오면 또 방문하기 진짜 좋을거 같아요!!
nv_1929531895,김창훈포차,건대,치킨,"별점
4.57",4,,,"건대입구역 술집을 검색하다가 역 근처에 있는 '김창훈포차'라고 불리는 주점을 알게되어 퇴근 후 해당 술집에 첫 방문하였습니다. 방문 당일 목요일이었던지라 입장 당시 매장 내부에 고객들이 거의 없었다시피 했었지만 퇴장할 즈음에 고객들이 어느정도 있었습니다. 물론, 금요일이나 토요일날 늦은 밤까지 대부분 술집에 고객들이 많은 걸 고려하면 빈 자리는 어느정도 있었습니다. 주문한 메뉴는 바삭 치즈 감자전(18,000원)과 캘리 생맥주 500 mL 5잔(25,000원)입니다.

주문한 안주의 경우; 의외로 생각했던 것과는 달리 크기가 꽤 큼지막했었고 감자전 안에도 치즈도 듬뿍 들어있어 술집에 파는 가벼운 안주거리가 아닌 한 끼 식사 이상의 하이라이트 음식으로 개인적인 의견으로 매우 괜찮았었습니다.

감사합니다."
nv_1929531895,김창훈포차,건대,치킨,"별점
4.57",4,,,"리얼 로제 크림 떡볶이 먹고 왔는데 소스가 진짜 꾸덕하고 맛있었어요 🤍
로제인데 느끼하기만 한 맛 아니고 살짝 매콤해서 계속 들어가는 맛이었어요! 떡도 쫀득하고 양도 괜찮았습니다 👍

기본으로 나오는 스프랑 모닝빵도 같이 먹으니까 더 좋았어요 ㅎㅎ
식전 느낌으로 딱이라 기다리는 동안 먹기 좋았습니다.

그리고 네이버 리뷰 이벤트로 망고빙수까지 받아서 완전 혜자 조합 🍧
전체적으로 분위기도 괜찮고 재방문 의사 있습니다!"
nv_1929531895,김창훈포차,건대,치킨,"별점
4.57",4,,,"건대 술집 찾다가 왔어요!
케이크 반입도 되고~ 안주도 다양하고
사장님도 되게 친절하세요
콘치즈 진짜 맛있고 빙수도 맛있어서 다음에도 재방문 의사 무조건 있어요!!
큰 스크린으로 티비도 나와서 모임장소로도 제격일 것 같네요🙏🙏🩷🩷"
nv_1929531895,김창훈포차,건대,치킨,"별점
4.57",4,,,"야장 분위기 장난 아니고 음식도 양도 많고 너무 맛있습니당 기본 안주도 정말 잘 나오고 너무 좋아요 다음에 또 올거같아요 요기 추천 드릴게용!!!
일하시는 여사장님이 너무 친절하시고 이쁘세용🔥
가실때 서비스도 주시고 너무 즐거운 하루였습니당"
nv_1929531895,김창훈포차,건대,치킨,"별점
4.57",4,,,"가볍게 2차로 왔는데 모래집볶음 간도 너무 강하지 않아서 잘 먹었습니다!! 그리고 기본 안주로 나오는 모닝빵과 쨈, 스프가 평소에 잘 안 먹는 메뉴다보니 너무 반가웠습니다.
닭볶음탕이랑 찌개류, 튀김류도 되게 맛있게 먹은 기억이 있어서 이번에 가볍게 먹으려고 2차로 왔는데 가벼운 안주도 좋네요!!"
nv_1929531895,김창훈포차,건대,치킨,"별점
4.57",4,,,"친구들이랑 2차로 갔는데 분위기가 진짜 딱 옛날 포차 느낌이라 너무 좋았어요ㅠㅠ 시끌시끌한데 또 그 특유의 편한 감성이 있어서 술이 술술 들어가는 분위기였어요,, 안주도 생각보다 퀄리티 괜찮아서 놀람! 특히 국물 안주가 진짜 맛있었고 간도 딱 술안주 느낌이라 계속 손 갔어요. 양도 은근 많아서 가성비 괜찮은 편 같아요! 직원분들도 바빠 보이셨는데 친절하셨고 전체적으로 부담 없이 편하게 마시기 좋은 포차 느낌이었어요. 너무 시끄러운 술집은 부담스러운데 적당히 활기찬 분위기 좋아하시면 만족할 것 같아요 ㅎㅎ 다음에 또 친구들이랑 재방문할 듯!"
nv_1929531895,김창훈포차,건대,치킨,"별점
4.57",4,,,"메뉴 라인업도 좋구,,, 직원분도 친절하시고.,, 맛있구... 단체 가능해서 넘 좋아요‘’!!! 대학 친구들이랑 오기 넘 좋은듯 합니당🤤 재방문 하려구요오🫰🏻"
nv_1929531895,김창훈포차,건대,치킨,"별점
4.57",4,,,시장 골목에 있을 때부터 4년 동안 왔는데 이전하신 가게가 더 크고 분위기 좋아요! 볶음밥 1인분 아니구 3인분 양이구 리뷰 이벤트 망고 빙수도 절대 그냥 일반 물얼음 아니구 망고 얼음이라서 더 행복했어요 👶🏻 곱도리탕 맛은 언제나 제 마음 속 원탑 레전드 곱도리입니다.. 🤍🤍🤍 무엇보다도 예쁘신 사장님(?) 너어무 친절하시고 잘 챙겨주셔서 머무는 내내 행복했습니다 🫶🏻
nv_1370263386,통닭연구소 건대점,건대,치킨,,3274,,,"건대역 맛집 치킨집이에요!
지나가다가 너무 맛있어보여 들렀는데 치킨이 너무 맛있습니다~ 생맥주도 엄청 시원하네요 날씨가 더워 더 맛있는 것 같습니다"
nv_1370263386,통닭연구소 건대점,건대,치킨,,3274,,,매번 오지만 정말 맛있습니다 건대치킨 추천~!!
nv_1370263386,통닭연구소 건대점,건대,치킨,,3274,,,"건대통닭맛집 통닭연구소 우와
오랜만에 방문인데 뉴메뉴 나왔어요
통닭맛있게 뜯고가겠습니다"
nv_1370263386,통닭연구소 건대점,건대,치킨,,3274,,,"여기 진짜 맛있어요:)
촉촉하고 바삭하고 진짜 맛있습니다 제가 먹은 통닭집 중에 젤 맛있어요🫶
사장님도 친절하시고, 단체로 모임하기도 좋았어요!!🩷
건대입구 맛집으로 추천추천❗️🤍
⭐️치킨 맛집⭐️"
nv_1370263386,통닭연구소 건대점,건대,치킨,,3274,,,순살양념 간장 똥집튀김 주문했는데 바삭하고 짭짤한 똥집튀김이 최고네요 간장맛은 많이 달지않아서 맛있고 매콤달달한 양념은 소주땡기는 맛이에요 요즘 만나기힘든 혜자스럽고 가성비좋은 치킨 맛집이에요
nv_1370263386,통닭연구소 건대점,건대,치킨,,3274,,,"콘소메치킨이랑 국물떡볶이 같이 먹었는데 조합이 진짜 잘 맞았어요!! 치킨은 국내산 닭이라 잡내 없이 깔끔했고, 바삭한 튀김에 콘소메 시즈닝이 더해져 짭짤달콤한 맛이 미쳤습니당❤️ 옥수수까지 들어가 있어서 맛있게먹었네영 국물떡볶이는 적당히 매콤하면서도 감칠맛 나는 국물이 포인트였고, 양배추, 떡, 어묵, 라면사리가 기본으로 들어가있고 떡이 쫄깃해서 만족스러웠어요. 치킨이랑 같이 먹으니까 느끼함 없이 끝까지 맛있게 즐길 수 있었습니당👍"
nv_1370263386,통닭연구소 건대점,건대,치킨,,3274,,,건대에서 치맥하고싶으면 통닭연구소로!! 콘치즈도 맛있어요 무엇보다 치킨튀김옷이 바삭해서 너무 좋아요!!! 가게도 쾌적해서 단체로 오기에도 좋을 거 같아요
nv_1370263386,통닭연구소 건대점,건대,치킨,,3274,,,"항상 믿고 찾는 맛집!!
분위기도 좋고 치킨도 맛있습니다
간단하게 데이트하기에도 최고에요!!"
nv_1370263386,통닭연구소 건대점,건대,치킨,,3274,,,"어린이대공원에 갔다가
건대근처 시장도 구경했는데
출출해서 음식점 찾는중에
치킨집을 발견했는데
매장 깔끔하고 좋았어요!👍🏻

국내산 하림닭으로 튀기는 곳이라 안심되고
바삭하고 맛있었어요!😊🍗"
nv_1370263386,통닭연구소 건대점,건대,치킨,,3274,,,"건대에 있는 치킨맛집이에요!
치킨이랑 떡볶이도 가성비있게 먹을 수 있답니다~!
분위기도 좋고 깔끔해서 단체 손님도 오기 좋을 거 같아여!"
nv_1393590564,엘루이피자 건대점,건대,치킨,"별점
4.5",4,,,정말 훌륭하고 맛있었습니다. 새우도 탱글하고 오일파스타는 빵에 발라 소스도 다 먹었어용~ 피자도 도우가 쫄깃하고 남자친구도 만족해했습니다! 사진도 잘 나오게 실내 꾸며놓으셨어용~ 단체모임 하기도 좋아보였습니다!
nv_1393590564,엘루이피자 건대점,건대,치킨,"별점
4.5",4,,,"피자 너무 맛있구 나초도 소스 2가지나 잇어서 배부르게 잘 먹었습니다!!
피자먹고 싶을 때 오면 좋을 것 같아요 :)"
nv_1393590564,엘루이피자 건대점,건대,치킨,"별점
4.5",4,,,"분위기도 좋고 음식도 맛있어요!
이미 맛집으로 유명하지만 그래도 한번 더 추천"
nv_1393590564,엘루이피자 건대점,건대,치킨,"별점
4.5",4,,,"두가지맛 피자 먹었는데 베이컨이랑 고르곤졸라 둘 다 맛있었어요
피자 사이즈는 두명이서 먹기 넉넉했어요
그리고 가성비가 정말 좋아요 피자 디게 저렴해요
나쵸도 소스 짱 맛
분위기는 크리스마스 느낌나고 매장 엄청 넓어요!
직원분들도 친절하세요!"
nv_1393590564,엘루이피자 건대점,건대,치킨,"별점
4.5",4,,,"엘루이피자 건대점 첫 방문인데 조합 미쳤어요.
페퍼로니 피자는 페퍼로니가 아낌없이 올라가서 한 입부터 짭짤하고 고소하고, 도우도 과하게 두껍지 않아서 끝까지 부담 없이 먹었어요.
베이컨 크림파스타는 꾸덕한 크림에 베이컨 풍미가 확 올라와서 피자랑 같이 먹으니까 밸런스 딱 맞고요.

그리고 의외의 메인… 양념치킨 반마리가 진짜 맛있었어요. 달달매콤한 양념이 자극적이기만 한 게 아니라 계속 손이 가는 맛!
여기에 떡사리 추가했는데 이건 무조건 하세요. 양념이 떡에 배어서 완전 꿀조합입니다.

음료는 자몽에이드 상큼해서 느끼함 잡아주고, 제로콜라까지 있으니 조합이 완성."
nv_1393590564,엘루이피자 건대점,건대,치킨,"별점
4.5",4,,,"엘루이피자 건대점 방문했는데 전체적으로 만족스러웠어요. 피자가 도우부터 토핑까지 밸런스가 잘 맞아서 맛있었고, 기본 안주들도 퀄리티가 괜찮아서 같이 먹기 좋았습니다. 매장 분위기도 편해서 친구랑 편하게 이야기하기 좋았고, 웨이팅 없이 바로 입장한 점도 좋았어요. 가볍게 한잔하면서 식사하기 괜찮은 곳이라 재방문 의사 있습니다 🙂"
nv_1393590564,엘루이피자 건대점,건대,치킨,"별점
4.5",4,,,"고규마피자랑 소주랑 되게 잘 어울리더라구여!!
소주는 진로가 가장 어울렸던것 같구요
감바스도 나쵸도 맥주도 짱 맛있었어요!!"
nv_1393590564,엘루이피자 건대점,건대,치킨,"별점
4.5",4,,,"피자, 파스타, 나쵸 주문했는데 전체적으로 너무 만족스러웠어요!
피자는 도우가 쫀득하고 치즈가 풍부해서 끝까지 맛있게 먹었고, 토핑도 아낌없이 들어가 있어서 좋았어요. 파스타는 소스가 너무 느끼하지 않고 딱 적당히 꾸덕해서 계속 손이 가는 맛이었어요. 면 식감도 좋았습니다.

나쵸도 바삭하고 치즈 소스랑 잘 어울려서 사이드로 딱 좋았어요!

전체적으로 메뉴 조합도 좋고 음식 퀄리티가 좋아서 만족스러운 식사였습니다. 다음에 또 방문하고 싶어요 😊"
nv_1393590564,엘루이피자 건대점,건대,치킨,"별점
4.5",4,,,"피자 도우가 진짜 쫄깃하고 맛있어요
파스타 면도 엄청 잘 삶으셔서 꼬독해요!!"
nv_1393590564,엘루이피자 건대점,건대,치킨,"별점
4.5",4,,,콤비네이션 넘 맛있어여 치즈추가 필수ㅋ 피자집에 타바스코랑폐페론치노 구비되어있는곳은 이미 피자맛은 보장됩니다~~~한판더 추가했어영ㅋㅋ
nv_1676637996,대박치킨 본점,건대,치킨,,2060,,,주문하면 양염에 바로..그집.
nv_1676637996,대박치킨 본점,건대,치킨,,2060,,,눅눅해서 오늘은 맛이 별로
nv_1676637996,대박치킨 본점,건대,치킨,,2060,,,가끔 생각나는 맛
nv_1676637996,대박치킨 본점,건대,치킨,,2060,,,"사장님은 손님들 리뷰를 신경안쓰는듯 리뷰에 닭이 갈수록 질겨서 별루라는 리뷰가 많은데 이동네 7년 살면서 대박치킨 주인이 바뀌고 나서는 치킨이 갈수록 먹을게 없다 너무 질기고 다찢으면 닭이 먹을게 없다 그래서 나도 화양시장 골목 중간에있는 치킨집에서 사먹는다.
대박치킨 사장님 닭을 조금 나은걸 쓰시던가 하셔야지 손님 다 떨어지겠네여 화양동 지인들도 대박치킨은 안간다고 하네여"
nv_1676637996,대박치킨 본점,건대,치킨,,2060,,,"집 가기 전에 22시 넘어서 방문했다.
최근에 인스타에서 보고 궁금해져서 방문!
닭강정 대 자로 시켰고
맛은 매운맛, 순한맛, 간장만, 후라이드가 있다. 반반도 가능!
나는 순한맛 후라이드 반반을 했다.
양은 보통 다른 집들보단 많이 주는 느낌
집와서 부모님이랑 세명이서 먹었는데 배부르게 먹었다. 강정 크기가 작아서 양이 별로 없어보이는데 막상 먹으면 양 많음. 맛은 그냥 평범한 닭강정. 하지만 계속 들어간다. 중독적인 양념맛,,, 떡도 맛있음
동네 근처였으면 자주 갔을듯. 집이랑 멀어서 아쉬움,,,"
nv_1676637996,대박치킨 본점,건대,치킨,,2060,,,시장 안에 있는 닭강정집 무난무난 좋아요
nv_1676637996,대박치킨 본점,건대,치킨,,2060,,,"전화주문 안 받을수도 있지만 목소리가 시작전부터 불진절하고, 1시 오픈이라고 써놓고 30분부터 주문 가능하다면 첨부터 오픈 시간을 1시 30분으로 표기해야지, 소비자들 먼 곳에서 간 사람들 기다립니다"
nv_1676637996,대박치킨 본점,건대,치킨,,2060,,,대박치킨 야식으로 좋아요
nv_1676637996,대박치킨 본점,건대,치킨,,2060,,,"가격이 천원 올랐는데, 그래도 저렴해요! 대자 11,000원! 가성비 조코 매콤한 맛 맛있어옹!"
nv_1676637996,대박치킨 본점,건대,치킨,,2060,,,"오랫만에 방문~ 그동안 가격은 올랐으나..못먹겠네요.
그동안 맛있게 먹었어서 건대가면 꼭 포장해왔었는데.. 다시 방문은 안하겠네요.
소스가 묻어는 있으나, 포장박스 밑에 한방울도 여유분이 없고, 닭을 도대체 얼마나 바짝 튀겼는지..바삭이 아니라, 딱딱하고 질겨서~ 식구들이 몇개 먹다가 다들..ㅜ 저도 밑에까지 뒤적뒤적 하기만 했네요. 아쉽네요."
nv_1676637996,대박치킨 본점,건대,치킨,,2060,,,시장닭강정의 정석같은 바삭함🍗🍗
nv_1676637996,대박치킨 본점,건대,치킨,,2060,,,오이씨^~*
nv_1676637996,대박치킨 본점,건대,치킨,,2060,,,살이 많이 없어여 ㅠㅠ 거의 튀김 옷 ㅠ 그래도 가성비는 좋음
nv_1676637996,대박치킨 본점,건대,치킨,,2060,,,대박입니다요 ㅋ
nv_1676637996,대박치킨 본점,건대,치킨,,2060,,,여기 닭강정 맛있어요ㅎㅎ
nv_1676637996,대박치킨 본점,건대,치킨,,2060,,,매콤한맛에 후라이드 반반 맛있어요
nv_1676637996,대박치킨 본점,건대,치킨,,2060,,,"와…기대하고 사 먹었는 데…
실망이…;;;이거 왜 이렇게 느끼하죠?
먹을때마다 속이 울ㄹ거림ㅠㅠ
진짜 기대 많이 했는 데 ㅠㅠ"
nv_1676637996,대박치킨 본점,건대,치킨,,2060,,,"가성비 닭강정, 포장이라 떡은 빼고 1천원 인상됐네요"
nv_1676637996,대박치킨 본점,건대,치킨,,2060,,,"건대입구역 화양제일시장에 가성비 좋은 닭강정으로 유명한 대박치킨.
SNS에서도 많이 보이는 곳이에요.

🐔닭강정 소(8,000) 포장 주문.
양념 후라이드 반반했고 양념은 매콤, 순한맛, 간장맛 중에서 선택 가능해요. 떡도 같이 줍니다.
현금결제시 무 또는 소스 서비스 (계좌이체x)이니 현금 미리 챙겨가는걸 추천!

작은사이즈를 사도 혼자 다 먹기에는 많은 양이에요.
엄청 푸짐합니다. 대신 치킨에 살이 많지는 않아요 시중에 있는 브랜드 치킨 퀄리티를 생각하면 실망할수도.
튀김이 많고 약간 마른 느낌입니다.
바삭한걸 좋아하는분은 만족할 것 같아요.
양념 매운맛 했는데 처음 먹을때 맵찔이인 저한테는 꽤 매웠어요. 먹다보니 익숙해지긴함.

가성비 좋은 치킨 원하는 분들에게 추천합니다.🫠"
nv_1676637996,대박치킨 본점,건대,치킨,,2060,,,양도 많고 맛있어요 :)
nv_1676637996,대박치킨 본점,건대,치킨,,2060,,,"매콤한맛(대) 포장했어요
적당히 매콤하고 튀김이 잘잘해서
엄청 바삭해요 떡도 쫄깃해요
주차는 안되서 앞에 한아름볼링장에 주차했어요"
nv_1676637996,대박치킨 본점,건대,치킨,,2060,,,반반 달라고 했는데 양념을 80% 주면 이게 반 일까요? 신경 좀 써 주세요.
nv_1676637996,대박치킨 본점,건대,치킨,,2060,,,"14년도부터 다니던 사람입니다
제로페이로 살때 대짜 만원에 양도 좀 넉넉했는데
오늘가니 대짜 11000원에
카드 부가세 별도로 말없이 1000원 더 받으시던데
양도 많이 줄었구요
이걸 어찌 할까요
11년째 다니다 요즘들어 점점 양은 줄고 말없이 부가세 추가하는거보고 완전 정떨어져서 리뷰씁니다"
nv_1676637996,대박치킨 본점,건대,치킨,,2060,,,"너무 맛있게 먹느라 사진이 없지만
특수부위라 양이적어서 좀 아쉬웠지만~~
괜찮은 저녁이였어요.
대기까지 있네요.
직접구워주셔서 편하게 먹고왔습니다.
김찌도 맛있네요.계란찜은 뚝배기가 커서 만족ㅎ"
nv_20069127,해남닭집,건대,치킨,"별점
4.53",4,,,너무너무 맛있어요
nv_20069127,해남닭집,건대,치킨,"별점
4.53",4,,,예전에 직장 동료의 추천을 받았어요. 기회를 못 잡았는데 영화보러 갔다가 생각나서 들렸어요. 막 바쁘기 직전에 갔더니 자리가 좀 있었는데 2명이어서 2인석 자리를 추천해주셨어요. 반반치킨은 바삭하고 달콤하니 맛있었어요. 술을 많이 시켜서 똥집을 시켰는데 이건 제 취향이 아니었어요. 그래도 치킨은 정말 최고여서 흡입했어요.
nv_20069127,해남닭집,건대,치킨,"별점
4.53",4,,,양배추 샐러드 꼭 추가하세요!! ㅎㅎ
nv_20069127,해남닭집,건대,치킨,"별점
4.53",4,,,해남닭집 닭강정은 진짜 최애메뉴에요! 겉바속촉에 달달하고 맛있는 양념💖💖
nv_20069127,해남닭집,건대,치킨,"별점
4.53",4,,,"양꼬치거리에서 식사를 하고 소화도 시킬 겸 건대앞 골목들을 걷다가 간판이 눈에 띄어 들어가봤습니다.

겉에서 보기에는 좁은 공간처럼 보였는데, 안쪽에 앉을 자리가 꽤 많이 있었어요.

저희는 우선 셍맥주와 후라이드 반, 간장 반으로 주문했는데요, 갓 튀겨 나온 후리이드가 튀김간도 절묘하고 진짜 맛있었네요. 그에 비해 간장치킨은 저희 입맛엔 단짠이 좀 강했던 듯. 먹다가 똥집튀김도 추가로 주문했는데, 오히려 생맥주엔 제일 좋은 안주가 되었던 것 같습니다.

우연히 맛있는 곳을 찾게 되어서 아주 즐거운 시간이 되었습니다."
nv_20069127,해남닭집,건대,치킨,"별점
4.53",4,,,해남닭집은 하나의 치킨 장르임. 튀김옷은 고소하고 육즙은 살어있고 자극적이지 않게 자꾸 당기는 맛이다. 프차 닭은 흉내못냄 ㅋㅋ
nv_20069127,해남닭집,건대,치킨,"별점
4.53",4,,,"정말 옛날 통닭 맛이라 생맥이랑 너무 잘 어울리는
맛이였습니다🔥 먹태도 바삭하니 맛있더라구요
치맥 먹고 싶으면 생각 날 것 같아요!!"
nv_20069127,해남닭집,건대,치킨,"별점
4.53",4,,,작년 이맘때쯤 방문하고 두번째 방문했습니다! 6시 쪼금 넘어서 들어가서 그런지 웨이팅은 없엇고 먹고 나올때 쯤부터는 가게가 꽉찻엇습니다.! 여전히 맛잇네요!!! 친구들과 가기에 부담없을것같습니다.
nv_20069127,해남닭집,건대,치킨,"별점
4.53",4,,,"닭의 잡내도 없고 부드럽고 엄청 맛있네여
생맥주 맛이 기가 막히네여!
최고!
맛있게 잘 먹었습니다 ^^"
nv_20069127,해남닭집,건대,치킨,"별점
4.53",4,,,"금요일 밤에 갔을 때는 자리가 없어서 안받아 주셔 아쉬웠습니다ㅠㅠ 이쉬운 마음에 평일에 다시 찾았고 주말과는 다르게 몹시 널널했어요! 치킨 짱맛 ㅠㅠㅠㅠ
양념보다는 후라이드를 더 추추천 합니다 염지가 거의 안되어 있는 느낌이라 뜨겁고 바삭한 튀김옷에 소금 후추 쿡 찍어 먹으면 짱맛😀😀"
nv_2061151059,꿈떡꿈떡 군자역점,건대,분식,,158,,,로제떡볶이만 먹다가 튀김 자체가 맛있길래 돈가스도 먹어봤는데 넘 바삭하고 맛있네요✨
nv_2061151059,꿈떡꿈떡 군자역점,건대,분식,,158,,,"종로에서 보고 맛있어보여서 저장해놨는데 집근처에 생기다니!
후기가 너무 좋아서 기대하고 왔는데 실망없는 맛이에요 😆 떡볶이 최애 음식인데 근래먹은 로제떡볶이중 원탑

매장 넓어서 혼밥b
가격도 착하고 토핑도 여러가지 들어있어서 떡볶이 생각나면 또 올것같아요

매운거 좋아한다고 말씀드렸더니 매운맛으로 만들어주셨는데 딱 제 입맛이었어요"
nv_2061151059,꿈떡꿈떡 군자역점,건대,분식,,158,,,"로제떡뽂이 .
순대 냄새 없이 맛나고..
튀김도 바사앜~~~~
고구마 돈까쮸 로제국물에 찍먹~~
모든 메뉴 깔끔하고 찐 맛나요
사장님 친절하시고..가게도 깔끔하게 운영하시네요.
집에서 배민으로 주문해 먹을께요~^^"
nv_2061151059,꿈떡꿈떡 군자역점,건대,분식,,158,,,"음식들이 항상 정갈하고 깔끔하게 맛있어서 종종 이용하고있어요! 사장님도 친절하십니다ㅎㅎ
이번에 먹은 떡볶이는 순대+깻잎+치즈 조합이 맛있었어요"
nv_2061151059,꿈떡꿈떡 군자역점,건대,분식,,158,,,"두번째 방문
역시 맛나요
빗소리와 떡볶이 조화~
고구마돈까스맛나요~
오늘도 잘 먹고 갑니다."
nv_2061151059,꿈떡꿈떡 군자역점,건대,분식,,158,,,로제떡볶이랑 청양떡볶이 먹었는데 매우 만족스러웠습니다. 사장님이 너무 친절하시고 떡볶이마다 치즈가 들어있어서 꾸덕하게 먹기 좋은 것 같아요. 청양떡볶이는 국물이 있는 느낌이라 칼칼하게 먹기 좋고요. 로제 떡볶이는 납작 당면이랑 먹으니 식감이 최고입니다. 다음에 군자 근처 가면 또 방문할 예정입니다. 사장님 진짜 친절하세요. 기분 좋게 먹고 갑니다.
nv_2061151059,꿈떡꿈떡 군자역점,건대,분식,,158,,,벌써 3번째 방문인것 같아요. 아이들이 여기 떡볶이를 좋아해서 종종 오는데 오늘도 맛있게 잘 먹었습니다:)
nv_2061151059,꿈떡꿈떡 군자역점,건대,분식,,158,,,리뷰에 깻잎 순대 떡볶이 맛있어 보이길래ㅋㅋㅋ 주문했는데 선택 잘 한것 같아요!!! 1인분인데.. 양 엄청 많죠?? 근데 다 먹었어요ㅋㅋㅋㅋ 리뷰 이벤트 하고 만두 3개 더 받아서 싹싹 먹었습니다! 항상 친절하시고 깔끔한 식당이에요! 다음엔 로제 떡볶이 주문하겠습미다~~
nv_2061151059,꿈떡꿈떡 군자역점,건대,분식,,158,,,"2주 동안 세번이나 방문한 맛집이에요.
로제 떡볶이가 특히 맛있고, 기본도 맛있어요.
1인분에 떡이랑 치즈. 만두. 넓적당면. 양배추. 소세지. 삶은 계란이 들어잇어서 다른거 추가안해도 가성비있게 먹을 수 있어요. (사진에는 계란 빼달라고 요청해서 없음!)
군자 떡뽁이 맛집임!!"
nv_2061151059,꿈떡꿈떡 군자역점,건대,분식,,158,,,"기본 1인분 구성이 알찹니다
1인분 모둠 떡볶이 파는 곳이 많지 않아 우선 너무 좋았습니다. 떡, 어묵, 납작당면, 양배추, 계란, 비엔나, 군만두, 치즈 이렇게 들어있습니다.
소스도 맛있고, 전체적으로 맛있었습니다.
맵기 조절도 가능하였고 저는 보통 맛으로 맛있게 먹었습니다
미니 주먹밥 세트라 나온 주먹밥을 소스에 비벼먹었는데 , 제일 좋았습니다! 적당한 날치알과 참기름향이 무척 좋았습니다.

본 사진은 리뷰참여 군만두가 포함되어 있습니다!!
))사장님도 매우 친절하십니다!!))"
nv_2076055566,구양난로집 구의점,건대,분식,,845,,,"아이랑 오기좋은 구의 맛집

이사와서 고기집 투어 돌았는데
쾌적함+맛 둘다잡은 드문 집이네요.
반찬 김치류 다양한거 미쳤구요.
삽겹살이 없는 자신감 좋구요
하나 아쉬운건 이 분위기에 마무리 껍데기류가
추가되면 넘 좋을것 같아요.

단골 등록할게요"
nv_2076055566,구양난로집 구의점,건대,분식,,845,,,"아 진짜 여기 분위기 너무 내 스타일이에요
고기? 말할 것도 없이 맛있고 사이드 메뉴까지 완벽.
친구랑 엄청 만족해서 다음엔 엄마랑 올예정!
직원들도 너무 친절하고
다음에 또올집으로 저장완료....!"
nv_2076055566,구양난로집 구의점,건대,분식,,845,,,또오고 싶은 맛집! 이런 장소가 가까이 있다니 넘 좋아요! 멀리 놀러온 기분까지 느끼고! 고기는 말을 할 수 없을 정도로 육즙 가득 맛나게 구워주시고! 시그니처 재래 청국장 꼭 드세요!!!!오미자 비빔칼국수도 맛나고 또또또 와야지☆☆☆☆☆
nv_2076055566,구양난로집 구의점,건대,분식,,845,,,"최근들어 찾아온 고기집 중에 최고입니다 !
고기 질도 너무 좋고 인테리어도 정말 좋아요
직원분들과 사장님도 너무 친절하신데다가 아이들도
함께 즐길 수 있어 좋습니다 !!

엄청 맛있게 먹고 가요 :)"
nv_2076055566,구양난로집 구의점,건대,분식,,845,,,앞 카페 들렸다가 분위기가 너무 좋아서 들렸어요. 고기도 맛있고 창가에서 먹으니 분위기 너무 좋네요. 반찬도 많고 골라먹는 재미가 있어요. 추천!!
nv_2076055566,구양난로집 구의점,건대,분식,,845,,,고기도 다 직접 구워주시고 분위기도 예전느낌이랑 나서 기분 좋게 먹었어용. 메뉴도 특색있는 메뉴 많고 사이드 순두부도 맛있어용. 반찬이 고기랑 곁들여 먹기 좋은것만 있어서 질리지 않게 먹을 수 있는것도 좋았습니당
nv_2076055566,구양난로집 구의점,건대,분식,,845,,,매주 한번씩 고기 외식하러 오고 있어용! 고기 다 직접 구워주시고 너무 맛있습니당. 창가좌석 바람도 선선하게 불고 야장 느낌이라 분위기 있게 먹기 너무 좋아요
nv_2076055566,구양난로집 구의점,건대,분식,,845,,,"생갈비가 먹고 싶어서 검색하고 방문했는데, 완전 취향저격이에요!!! 인테리어도 잘되어있고, 직원분들도 친절하셨어용! 고기도 다 구워주셔서 태워 먹을 걱정없이 편하게 잘 먹었습니당 갈비에 쏘맥 조합👍👍👍👍👍"
nv_2076055566,구양난로집 구의점,건대,분식,,845,,,오랜만에 서울왔는데 너무 맘에드는 곳에서 저녁을 먹었어요! 완전 옛날느낌으루 컨셉 너무 잘잡으셨구..🖤 밑반찬 정갈하고 고기도 너무 맛있어요! 다른 리뷰에 양념갈비나 갈매기살 추천많이하던데 저는 양념보단 그냥 생갈비가 더 맛있었어요 고기도 다 구워주셔서 친구랑 얘기하면서 먹기 너무 편했답니당ㅎㅎ
nv_2076055566,구양난로집 구의점,건대,분식,,845,,,"갈때마다 정말 맛있게 먹고 와요!! 고기도 구워주셔서 편하고, 반찬도 정갈하게 나와서 너무 좋습니다. 그리고 밥이 진짜 맛있어요,,🥹 야장도 생긴 것 같아서 조만간 다시 방문해보려구용 잘먹고갑니다👍🏻❤️"
nv_2004203086,노룬산떡볶이,건대,분식,,24,,,"유명한 곳은 역시 이유가 있는 것 같아요!

언제 가도 맛이 변함없어서 더 믿고 찾게 되는 떡볶이집이에요~~한 번 먹으면 또 가고 싶어지는 곳입니다 ♡.♡"
nv_2004203086,노룬산떡볶이,건대,분식,,24,,,진짜 조나 맛나 먹어바 애들아 짱!!!
nv_2004203086,노룬산떡볶이,건대,분식,,24,,,"떡볶이는 예전 그 맛 같긴한데
그 외는 굳이..?

튀김옷 매우 두껍.
김밥은 맛이 나쁜건 아니지만 차가운 편이라 호불호..? 있을수도..
24시간이라 그런가…
휴일 오전시간 방문당시 순대 내장은 뻑뻑하게 마른 편…

키오스크 주문
픽업/퇴식/음료 셀프…"
nv_2004203086,노룬산떡볶이,건대,분식,,24,,,"[서울 광진] 노룬산떡볶이

✔️ 7호선 자양역 1번 출구에서 726m
✔️ 시장 앞 포차에서 상가 건물로 이전하며 더욱 넓고 쾌적한 공간
✔️ 시그니처인 달콤한 떡볶이 외에도 순대, 튀김, 오뎅 등 다양한 분식 메뉴

✨ Snack food - 떡볶이 / 순대 / 튀김,쥐포 / 오뎅 / 피카츄돈까스 / 순대튀김 / 소세지튀김 / 닭꼬치
✨ Meals - 김밥 (햄야채,치즈,참치,땡초) / 돈까스 / 쫄면 / 라면(치즈) / 짜계치
✨ Drink - 음료수 / 캔맥주 355cc

📍방문 매장 정보
매장명 : 노룬산떡볶이
주소 : 서울 광진구 뚝섬로 477 1층 401호,402호
영업시간 : 24시간영업 • 연중무휴"
nv_2004203086,노룬산떡볶이,건대,분식,,24,,,"한강에 놀러왔다가 열심히 걸어 온 보람이있어요!!
떡볶이 떡이 쫜득하니
몇일전 제주 동문시장에서 먹었던 떡볶이보다
백배 맛있어요!!"
nv_2004203086,노룬산떡볶이,건대,분식,,24,,,"김밥 떡볶이 쫄면 순대튀김 피카츄돈까스 모두 푸짐하게 먹고왔어요
가격도 착해서 좋아요
무엇보다 24시간 영업이라
새벽에도 떡볶이 땡길 때 언제든 먹을 수 있는 게
여기 최대 장점인 것 같아요!"
nv_2004203086,노룬산떡볶이,건대,분식,,24,,,원래 시장에서 유명한 분식집이었다고 하네요. 가격이 요즘 분식점치고는 저렴한 편이라고 생각되요. 떡뽂이 돈가스 라면 튀김 오뎅 김밥 베이스가 되는건 다 먹어보았는데요 떡보끼 쫄깃하고 소스도 맛있고요 돈가스는 양념치킨소스 베이스네요 좀 짜요 추천드리기 어렵고요 라면 맛있고요 튀김은 튀김옷이 넘 두꺼워서 제 취향은 아니었어요. 오뎅은 오래담겨있었나봐여 많이 물렁물렁했음 오뎅국물은 좋았음 김밥도 무난했어요 잘먹고 갔는데 찾아와서 먹을정돈 아니고요 가격도 저렴하고 동네분식점이면 가끔 갈만한 정도인듯요
nv_2004203086,노룬산떡볶이,건대,분식,,24,,,라면에 칼칼하고 맛있어요
nv_2004203086,노룬산떡볶이,건대,분식,,24,,,"운동끝나고 밤11시 야밤에 노룬산떡볶이가 너무너무 먹고싶어서 못참고 먹어버렸어요.

🍢떡볶이(4,000) +계란(1,000) +튀김(쥐포)1개(700)
떡볶이 가격은 500원 올랐지만 그래도 여전히 저려미하고 양도 많아요.
죄책감을 덜기 위해 계란으로 단백질 보충해주고
여기에서는 쥐포튀김 필수로 주문해야해요.
떡볶이국물이랑 같이 먹으면 세상 맛도리👍

전체적으로 요즘 물가 대비 가성비가 진짜 좋아요
맛도 있고.
항상 붐비는 곳이라 아무리 늦게가도 음식 받으려면 한참 걸렸는데 평일 23시에는 사람이 없어서 좋았어요ㅎㅎ

매콤한듯 달달한 떡볶이 소스는 중독성 끝내줍니다.
맛없는거 없이 전부 맛있음.
맥주도 팔아서 좋아요 근데 생맥은 없어진건가요ㅠ"
nv_2004203086,노룬산떡볶이,건대,분식,,24,,,"늦은 시간인데도 손님이 많길래 맛집인 줄;;;
단무지와 어묵이 제일 맛있는 집이었음!!!
매장이 관리가 안되는지 테이블도 지저분하고 퇴식구는 넘쳐나고 셀프바도 지저분함.
그리고 최악은 오징어 튀김!!!
이건 정말 아니지 않나;;;
3조각 중 각각 1조각씩 먹었는데 오징어 없음.
남은 한조각 봤더니 이모양이네...
누가 요즘 오징어 다리를 튀김으로 팝니까;;
그리고 오징어 들어있던 구멍은 있는데 오징어는 없는게 정말 이해가 안됨.
야채 튀김도 야채보다 튀김옷이 심하게 많음.
야식 먹으러 왔다가 입만 버리고 갑니다."
nv_13153060,아찌떡볶이,건대,분식,"별점
4.33",4,,,오늘은 순대빼고는 아쉽~
nv_13153060,아찌떡볶이,건대,분식,"별점
4.33",4,,,"간만에 먹어도 역시 맛있다
떡볶이 맛집"
nv_13153060,아찌떡볶이,건대,분식,"별점
4.33",4,,,"제가 가입한 떡볶이 커뮤니티에서 처음 알게된 화양제일시장(건대입구역)의 아찌떡볶이 다녀왔습니다. 다양한 후기들을 보며 한 번 가봐야지 생각만 했었는데, 오늘에서야 처음 방문할 수 있었네요.

시장 안의 매장이지만 리모델링을 한 것인지 프랜차이즈 매장처럼 아주 깔끔합니다. 떡, 포크로 만든 캐릭터도 아주 귀여워요.

저희는 3명이어서 그냥 다 포함된 패밀리 세트로 주문했습니다. 떡볶이는 윤기 좔좔 새빨간 색감부터 딱 제가 좋아하는 스타일. 쫄깃한 밀떡의 식감도 아주 좋았고, 달달함은 좀 덜하면서도 은근 매운 맛이 꽤나 중독성 있습니다. 잡내 전혀 없는 찰진 순대도 살짝 매콤함이 더해져 더 맛있더라구요. 튀김, 오뎅도 무난하지만 아주 깔끔한 맛.

너무 너무 만족스럽게 먹었는데, 가격대비 양만 살짝 아쉬웠어요."
nv_13153060,아찌떡볶이,건대,분식,"별점
4.33",4,,,"여전한 건대 떡볶이 goat
어떤 사람은 여기서 소개팅도 할 정도 ୧ʕ•̀ᴥ•́ʔ୨"
nv_13153060,아찌떡볶이,건대,분식,"별점
4.33",4,,,"리뷰까지는 쓸 생각이 없어서 조금 먹다 사진을 찍었지만, 테이크아웃 통에 가득 담아주시고, 남자사장님 계셨는데 친절하셨어요.
떡볶이는 꾸덕하고 소스 잘 베어있어서 좋았고, 튀김을 많이 먹는편은 아닌데 진짜 튀김이 너무 맛있어요. 튀김때문에 또 가고싶다 생각이 들 정도였고 기름도 깨끗한지 튀김 색깔도 맑고 기름 쩐내 없고 좋았습니다. 그리고 순대도 잡내없고 맛있었어요!"
nv_13153060,아찌떡볶이,건대,분식,"별점
4.33",4,,,떡튀순 친구세트 ~ 둘이 먹기 딱 좋아요^^
nv_13153060,아찌떡볶이,건대,분식,"별점
4.33",4,,,떡볶이 쫄깃하고 맛있어요 순대 괜찮아요 튀김 깨끗해 보이는 기름 상태였어요 다른 리뷰에서도 직원 불친절 봤었는데 왜 그랬는지 알겠더라고요 과연 이런 응대를 받으며 먹어야 할까... 재방문은 안할듯요
nv_13153060,아찌떡볶이,건대,분식,"별점
4.33",4,,,맛있는데 가게 자리는 넓지 않아서 사람이 많으면 대기를 해야해요
nv_13153060,아찌떡볶이,건대,분식,"별점
4.33",4,,,매콤달콤 소스에 말랑쫀득 밀떡스타일 떡볶이 맛있어요~
nv_13153060,아찌떡볶이,건대,분식,"별점
4.33",4,,,"밀떡파라 기대하고 갔는데 떡볶이 뿐만 아니라 튀김!! 갓튀긴 튀김!! 김말이가 진짜 맛있어요 미리튀겨 놓은 김말이가 아니라 더맛있었던것같아요~~
그리고 불친절 하다는 리뷰가 몇개 있었는데 저희는 너무 친절하시더라구요!! 맛도 친절도 만족한 한끼였어요"
nv_2087744631,아들내미분식 건대후문점,건대,분식,,319,,,"매장이 넓고 혼밥해도 외롭지않게 토토로가 함께해줘요 ㅠㅋㅋㅋㅋ 초등학교 앞 떡볶이같은 기분을 .. 대학교앞에서도 느끼다니ㅠㅋㅋㅋㅋㅋㅋㅋ
피카츄가 킥이고 후토마키같은 참치김밥도 맛있어요 또 생각날듯 !"
nv_2087744631,아들내미분식 건대후문점,건대,분식,,319,,,"3-4번째 재방문입니다
정말 묵은지참치김밥 너무 너무 맛있습니다
밥은 얇게 깔려있고 속 토핑 양이 정말 많아요
제가 맛있어서 먹느라 미리 사진을 못찍어서 ㅠ 급하게 남은 두 조각 중 하나만 찍어 올리는 것인데,
정말 참치가 흘러 나와서 입 안 가득채웁니다 ㅜ
(사진으로는 티가 안나서 아쉽습니다)


꼭 드셔주세요 너무 맛있어요
김밥을 별로 선호하지 않는 제 친구도 너무 맛있다며 한번 더 먹자고 제안할 정도임다...
(광고 및 가맹점주분과 지인 아닙니다)"
nv_2087744631,아들내미분식 건대후문점,건대,분식,,319,,,"배달로 먹을땐 맛있고 좋았는데..
쟁반들고 문열고 나가서 계단올라가야함
매장에서 먹기 너무 불편하고
만드는 사람에 따라 맛이 크게 다름"
nv_2087744631,아들내미분식 건대후문점,건대,분식,,319,,,묵은지참치김밥 먹었는데 아니 참치양 무엇..🫠🫠개도랐어요 존맛 ㅜㅜ
nv_2087744631,아들내미분식 건대후문점,건대,분식,,319,,,"배달로 시켜 먹다가 동네에 있는줄 알고, 단골이 되어버린 맛집이에요. 건강하게 먹기 좋은 김밥집 추천해요 😊

김밥이 전체적으로 속이 꽉 차 있고
밥 간이 딱 적당해서 끝까지 맛있게 먹었습니다.
밥 보다는 당근과 재료가 알차서 그런지 적당히 포만감 있고요
그리고 바로바로 싸주시고, 재료가 신선해서 그런지 깔끔한 맛이 인상적이에요! 2층에는 넓은 공간도 있어서 30명 이상도 수용이 가능해 보인답니다. 주변에 맛집이 생겨 너무너무 좋습니다!

포장도 깔끔하게 해주셔서
간단한 식사나 도시락용으로도 딱 좋을 것 같아요.

✔️ 재방문의사: 오브콜스
✔️ 한줄평: “기본에 충실한, 계속 생각나는 김밥집”"
nv_2087744631,아들내미분식 건대후문점,건대,분식,,319,,,"김밥 맛집이에요. 정말 알차게 싸주시거든요. 전 하남 본점에서 먹고 자주 시켜먹어요. 오늘은 건대에 올 일이 있어서 건대점으로 와봤습니다. 떡볶이도 맛있는데, 오늘은 배가 많이 안 고파서 늘 먹던 참치김밥으로 시켜봤습니다. 여긴 2층에 먹을 수 있는 매정이 넓어서 혼밥하기도 좋네요. 덕분에 잘 먹고 갑니다. 😆"
nv_2087744631,아들내미분식 건대후문점,건대,분식,,319,,,"늘 맛있게 잘 먹고 있어요!! 가까운 곳에
이런 맛집이 있어서 너무 좋네요.
아이와 함께 방문했는데 다들 행복한 시간이었어요
2층에 넓은 공간이 있어 편했습니다"
nv_2087744631,아들내미분식 건대후문점,건대,분식,,319,,,"학교앞 분식같은 느낌이였어요
옛 생각도 많이 나도 양도 많고 매장이 넓어서 좋았어요!!
최고였어요 단골의사 100000000000%
진짜 꼭 드세요!!!!!"
nv_2087744631,아들내미분식 건대후문점,건대,분식,,319,,,"오백원 추가해서 내장 샀는데 검고! 딱딱한! 간. 얼마나 오래되었는지 알수없어보이네요 못먹었고!!! 연골있는 부위인데 이제까지 살면서 이렇게 큰 사이즈뿐 아니라 냅다 뼈만 있는 부위를..주다뇨..... 진짜 입맛떨어져서

이전에 참고먹었던 적이있는데 김밥을 풀밥으로 만들어서 주더라고요 밥을 잘못만들었으면 다시 만들어야지 김밥을 풀떡인 밥으로 주는 사람이 어디있어요 당근 김밥도 아닌데 맨날 비율 엉망으로 당근만 이빠이....

떡볶이는 얼마나 오래된건지 아휴 말모말모 그냥 알잖아요 먹어보면 사람인데....아니 오뎅은 또.... 하놔 조미료를 얼마나 많이 넣은거세요 아니면 얼마나 재탕을 하신거세여.....얼얼해요 제 입이... 조미료때문에...

제발 먹는걸로 그렇게 하지마세요"
nv_2087744631,아들내미분식 건대후문점,건대,분식,,319,,,생각보다 든든하게 먹을 수 있어서 좋았어요~ 분식이라고 가볍게만 생각했는데 한 끼 식사로도 충분하더라고요 메뉴 구성도 다양하고 양도 넉넉해서 만족스러웠어요!
nv_36004165,명동분식,건대,분식,"별점
4.02",4,,,이동하면서 간단하게 요기할 가성비 김밥ᆢ^^
nv_36004165,명동분식,건대,분식,"별점
4.02",4,,,"군만두 찐 맛집입니다
자양동오면 꼭 방문해요"
nv_36004165,명동분식,건대,분식,"별점
4.02",4,,,김밥 항상 맛있게 먹고 있습니다
nv_36004165,명동분식,건대,분식,"별점
4.02",4,,,알바가는 길에 사먹는 김밥ᆢ
nv_36004165,명동분식,건대,분식,"별점
4.02",4,,,"가성비좋고 맛있어요
특히, 군만두 짱입니다"
nv_36004165,명동분식,건대,분식,"별점
4.02",4,,,좋아요~~~
nv_36004165,명동분식,건대,분식,"별점
4.02",4,,,"저의 최애 만두여요,,,,,,,,,,,,,,,,,,,,,,,,,,이것보다 맛있는 만두 내인생에 다신없어,,가까웠다면 맨날맨날맨날맨날 사먹었을텐데,,,,어렸을때부터 삼촌네 갈때마다 사먹어서 진짜 거의 20년은 먹은거같은데,,그동한 변한건 가격밖에없구 만두맛은 그냥 너무너무 맛있어서 사람을 한순간에 기영이로 만들어버림,,🥹🤤🤤🤤🤤🤤촉촉하구,,?바삭하구,,걍 너무맛있으니까 자양시장 자양동 화양동 근처 가면 무조건 드세요,,,없어지면 안돼~!~🥲"
nv_36004165,명동분식,건대,분식,"별점
4.02",4,,,종류는 다양한데 어묵국물은 좀 짜요
nv_36004165,명동분식,건대,분식,"별점
4.02",4,,,매장이 좀 더웠어요
nv_36004165,명동분식,건대,분식,"별점
4.02",4,,,시간이 촉박한 출근길에 김밥 사갔어요ᆢ
nv_36004165,명동분식,건대,분식,"별점
4.02",4,,,"여기 처음갔는데, 정말 기분나쁘고 음식도 불편하게 먹었어요. 모든 사람이 여기 분식집을 와본 것도 아니고,,순대를 시켰는데 모듬이랑 일반이 구분되어있나봐요 가격은 천원 차이고 빌지에는 순대 하나 밖에 없어서 저흰 몰랐어요 내장이랑 섞어주세요 했고 말도 안하시고 모듬으로 주신거에요 몰랐던 입장에서 당황스러운데 할머니가 당연한 듯 모듬으로 드렸어요 라고 했고 저희가 설명을 미리 해주셨으면 좋겠다고 말하니 다른 테이블 가르치며 여기 다 그렇게 시키는데 왜 모르냐는 듯이,말투가 모르는 사람이 바보인듯 말해서 기분이 정말 나빴어요. 그렇다고 내장이 많은 것도 아니에요. 맛도 별로인 서비스를 견디고 갈 만큼도 아니에요 남은 음식 포장도 따로 해달라고 부탁드렸는데 계속 째려보고 하, 그냥 친절하고 맛있는 곳에서 드세요"
nv_36004165,명동분식,건대,분식,"별점
4.02",4,,,오늘도 알바가는 길에 간단하게 김밥 구매했어요ᆢ
nv_36004165,명동분식,건대,분식,"별점
4.02",4,,,"계산하고 영수증에 빨간 양념이 묻어 있더군요.
여기가게 사모님의 아드님(키크고 등치큰 젊은 남자분)이 떡볶이를 뜨던 손에 양념이 묻은 채로 영수증을 건네셔서 어이없어서 접어서 받았어요. 이런 상황이라면 “죄송합니다” 하고 새 영수증을 뽑아 주시는 게 맞지 않을까요? 양념이 묻은 걸 보면서도 슬쩍 제 눈치만 보고 그냥 건네시니 솔직히 조금 불쾌했습니다. 두눈으로 보고 슥 저한테주는데 어이가없었음..
이곳 사모님 오랫동안 여태 장사해온 덕을 아드님이 무너뜨리네요."
nv_36004165,명동분식,건대,분식,"별점
4.02",4,,,바쁜 일상에 간단한 한끼~~
nv_36004165,명동분식,건대,분식,"별점
4.02",4,,,분식땡겨서 점심은 간단하게 여기서 구매했어요ᆢ
nv_36004165,명동분식,건대,분식,"별점
4.02",4,,,오늘도 김밥으로 간단하게 해결~~
nv_36004165,명동분식,건대,분식,"별점
4.02",4,,,군만두 맛집
nv_36004165,명동분식,건대,분식,"별점
4.02",4,,,간단하게 분식 먹기 좋아요
nv_36004165,명동분식,건대,분식,"별점
4.02",4,,,김밥도 맛잇고 만두는 진짜 맛잇고 사장님도 친절해서 넘 좋아용
nv_36004165,명동분식,건대,분식,"별점
4.02",4,,,맛있습니다
nv_36004165,명동분식,건대,분식,"별점
4.02",4,,,"군만두 미쳤어요~~♡너무 맛있음ㅋ
순대도 맛있어용~
또 사러가야징~~"
nv_36004165,명동분식,건대,분식,"별점
4.02",4,,,"군만두 먹으러 간건데 김치찌개랑 돌솥비빔밥에 쫄면 시켜 먹다가, 군만두 하나 더 시켜서 먹고 왔어요. 쫄면도 맛있네요. 시장 안 구경도 하고 살것도 사고 군만두도 먹고 즐거운 하루~♡"
nv_36004165,명동분식,건대,분식,"별점
4.02",4,,,명동분식에서 가장 자주 사는 메뉴들이에요ᆢ
nv_36004165,명동분식,건대,분식,"별점
4.02",4,,,순대가 맛있어요. 푸짐하게 많이 담아주시네요.
nv_36004165,명동분식,건대,분식,"별점
4.02",4,,,맛있어요 ~^^
nv_36004165,명동분식,건대,분식,"별점
4.02",4,,,간단하게 한끼 먹었어요
nv_36004165,명동분식,건대,분식,"별점
4.02",4,,,"떡볶이 엄청 많이 주시내요
만두도 맛있어요"
nv_20935764,크레파스분식,건대,분식,,917,,,"다 먹고 포장까지~~~
이사를 가서 멀리서 먹으러 왔으니
필히 포장을 했네요"
nv_20935764,크레파스분식,건대,분식,,917,,,"고추장떡볶이 2인분 5000원
야끼만두 700원
볶음밥 1인분 2500원
총 8200원
귀여운 복권까지 ,,!! 가성비갑"
nv_20935764,크레파스분식,건대,분식,,917,,,"이젠 이사가서 자주 먹기 힘들지만 오랜만에 먹어도 변함없는 맛이 너무 좋아요
사장님도 이전보다 얼굴이 좋아지셔서 다행입니다.
사모님도 건강챙시셔요!!"
nv_20935764,크레파스분식,건대,분식,,917,,,친절하고 즉석떡볶이 먹고난 후에 볶음밥은 꼭 먹어야 해요
nv_20935764,크레파스분식,건대,분식,,917,,,"몇번째 방문인지,,, 갈때 마다 존맛 ㅠㅠㅠ 한달에 한번씩 가줘야함,,"
nv_20935764,크레파스분식,건대,분식,,917,,,가격도 괜찬고 적당한 매운맛 덕분에 맛있게 먹을수 있었어요. 기본 2인분 주문이 필수 라서 혼밥을 못하고 포장으로 해왔네요
nv_20935764,크레파스분식,건대,분식,,917,,,노포 맛집이에요
nv_20935764,크레파스분식,건대,분식,,917,,,오래오래 영업해주세요
nv_20935764,크레파스분식,건대,분식,,917,,,"떡볶이2인, 김말이, 야끼만두, 못난이 * 2
라면사리, 쫄면사리 시켰어요
살짝 맵게 부탁드렸는데 캡사이신 넣으신건지
넘 매웠어요 ㅠㅠ"
nv_20912981,은혜즉석떡볶이,건대,분식,"별점
4.35",4,,,"생각하는 그런 빨간 떡볶이가 아니고 춘장으로 만든 떡볶이예요.
그렇다고 또 짜장맛이 강하게 나는 것도 아니고
뭐랄까 독특합니다.ㅋ
호불호가 있을 것 같은 맛이에요
쫄면 사리 넣어서 맛있게 먹고 왔습니다"
nv_20912981,은혜즉석떡볶이,건대,분식,"별점
4.35",4,,,"어린이대공원역 즉떡맛집 은혜즉석떡볶이에요💛
혹시 여기 방송탔나요?
원래 사람이 이렇게 많지 않은데 만석이라 놀랬다며
이모들이 원래 떡볶이주시고 가만 냅두시는편인데
처음오는 사람들이 많아서 그런가 계속 챙겨주시더라구요
언제먹어도 은혜는 맛있어서 종종생각나서 가게되요"
nv_20912981,은혜즉석떡볶이,건대,분식,"별점
4.35",4,,,맛있었어요! 특히 볶음밥이 좋았어요!
nv_20912981,은혜즉석떡볶이,건대,분식,"별점
4.35",4,,,역시 은혜네 매콤한 짜장떡볶이🥰❤️
nv_20912981,은혜즉석떡볶이,건대,분식,"별점
4.35",4,,,"춘장베이스의 즉석떡볶이
양념이 은근 매콤 칼칼해서 매력적이고 맛있어요"
nv_20912981,은혜즉석떡볶이,건대,분식,"별점
4.35",4,,,"고등학교때 은혜즉석떡볶이를 먹었을때는 춘장스타일이 다소 어색했었는데 완전 아저씨가 되고 나서는 너무 맛있네요 ㅋㅋㅋ
아이에게는 다소 매울수 있습니다.
어른에게는 딱 맛있구요~"
nv_20912981,은혜즉석떡볶이,건대,분식,"별점
4.35",4,,,"건대 살때는 자주 갔었는데 이사가고 처음 갔어요 😊
매장 이전하기 전 맞은편때부터 다녔으니 굉장히 오래다녔네요 ㅎㅎ
요즘은 프랜차이즈 떡볶이집이 많은데 어릴때 추억으로 가끔 생각이 나서 먹으러 와요 😄
기본 짜장베이스 양념은 신라면정도의 맵기구요!
2번에 만두 추가! 치즈추가 볶음밥 2인분으로 여한없이 먹고 왔네요 🤣 주차는 바로 앞 공영주차장에 했고 자리가 많지 않아서 붐빌시간은 주차가 어려운 지역입니다!!
맛은 변함이 없었고, 확실히 손님이 줄긴했어요!!"
nv_20912981,은혜즉석떡볶이,건대,분식,"별점
4.35",4,,,"아주 옛날식 떡볶이..맛은 그저 그럼.
볶음밥 1인분에 3천원이라니..밥양도 적고 김가루 찔끔 뿌려주면서 진짜 어이가 없음.."
nv_20912981,은혜즉석떡볶이,건대,분식,"별점
4.35",4,,,쫄면사리도 맛있네요🤤 볶음밥은 국물에 살짝 적셔 먹으면 더 맛있어요 [어린이대공원 - 은혜떡볶이 - 근처힙한카페] 완벽한 데이트코스👍
nv_20912981,은혜즉석떡볶이,건대,분식,"별점
4.35",4,,,맛있습니다:) 사람이 많은데도 친절하게 응대해주시네요!
nv_1394438474,연정분식,건대,분식,"별점
4.6",4,,,자양동에서만 21년째 운영중인 분식집인 연정분식 ! 다녀와보니 왜 동네 단골 손님이 많으신지 이해가 되는 맛집입니다 .. 다 맛있는데 특히 김밥과 순대 튀김 아니 떡볶이까지 그냥 모두 다 맛있었어요 ! 🥹💚
nv_1394438474,연정분식,건대,분식,"별점
4.6",4,,,"진짜 너무 맛있게 잘먹었어요♡
떡볶이 순대 튀김 오뎅 진짜 다 맛있어요
사장님도 정말 친절하시고 양도 엄청 많이주셔요 ㅎㅎ
번창하세요😀"
nv_1394438474,연정분식,건대,분식,"별점
4.6",4,,,"한강갔다가
배가 고프
골목시장
골고루
분식
친절하고
맛있네"
nv_1394438474,연정분식,건대,분식,"별점
4.6",4,,,"밀떡파인 저도 반하게 만든 떡볶이 집..❤️
그리고 여긴 튀김이 진짜입니다.. 야끼만두 필수로 주문하시고 무엇보다 나오는 메뉴 퀄리티대비 가격이 미쳤어요 너무 저렴합니다.. 사장님 남으시는게 있으신지.. ㅠㅠ 너무 맛있어요!"
nv_1394438474,연정분식,건대,분식,"별점
4.6",4,,,음식들 너무 다 맛있었고 양도 엄청 푸짐해서 가성비가 너무 좋은 것 같아요!! 떡볶이 순대 김밥 오뎅 튀김 어떤 것 하나 뺄 거 없이 전부 다 맛있었어요👍👍
nv_1394438474,연정분식,건대,분식,"별점
4.6",4,,,"진짜 이런집이 있다는 거에 감사할 뿐이에요
어떻게 김밥이 2,500원이고 수제튀김이랑 떡볶이 세트가 4,000원 일 수가 있는거죠,,
사장님은 정말 친절하고 분식도 너무 맛있구요.
자양동맛집 찾으신다면 대강추예요
뚝섬한강공원 가실 때 포장하셔도 좋을 듯!"
nv_1394438474,연정분식,건대,분식,"별점
4.6",4,,,"사장님이 너무 친절해서 인상 깊었던 분식집입니다.
배고프다고 했더니 양도 넉넉하게 챙겨주셔서 기분 좋게 먹었습니다.
떡볶이는 너무 자극적이지 않고 달달하게 맛있게 먹었고, 포장해서 집에 오는 길까지 튀김이 눅눅해지지 않아서 좋았어요.
전체적으로 만족스러운 분식집입니다! 다음에 또 방문할게요~~🧡"
nv_1394438474,연정분식,건대,분식,"별점
4.6",4,,,"압구정 유명 떡볶이집보다 맛있어요
가성비 좋고 맛있고 양 많고.. 깨끗하게 관리도 잘 되어있어서 믿고 먹었어요 👍🏻 배불리 잘 먹고 갑니다 💗"
nv_1394438474,연정분식,건대,분식,"별점
4.6",4,,,"자양동분식은 연정분식이 최고 원탑이에요 >.< 👍
자작하게 졸여진 국물떡볶이는 꿀맛이고, 쫠깃해요.
진짜맛있으니 꼭꼭 드셔보시길!! 🍽
찰순대는 내장이랑 섞을 수 있어서 너므 좋아요.
내장파 모두 모엿~~~~! 재방문의사100000%
사장님도 진짜 친절하세요 🤍"
nv_1394438474,연정분식,건대,분식,"별점
4.6",4,,,"착한 가격에 한 번, 차원이 다른 튀김 맛에 두 번 놀랐습니다. 튀김 기름이 완전 깨끗하고 떡볶이도 쫀득하니 찰떡궁합이에요! 튀김이 식어도 바삭함이 유지돼서 맛있게 먹었어요 👏😋 치즈김밥도 얇게 잘 썰어주셔서 피크닉 메뉴로 딱입니다. 사장님 인심도 너무 좋으시고 매장도 청결해서 기분 좋게 다녀왔어요.
한강 갈 때마다 들를게요! 🧡"
nv_1974548944,이와자루 성수,건대,이자카야,,464,,,숙성회가 살살 녹네요 ㅠㅠ 맛집으로 저장.. 친절하시구 캐릭터도 귀엽고 분위기도 좋아요 ㅎㅎ 술도 다양하고 메뉴구성도 특별해서 계속 와도 질릴 것 같지 않네요. 즐겁게 마시고 갑니다!
nv_1974548944,이와자루 성수,건대,이자카야,,464,,,"진짜 인생 최애 이자카야라 혼술 하고 싶을때마다 지하철 타고 가는 곳 집에서는 좀 멀지만 너무 맛있고 메뉴들이 특별해서 갑니다 리뷰 쓰는거 귀찮아서 잘 안 쓰는데 이와자루는
널리널리 알려야 함 진짜 너무 맛있음
다른 이자카야에서 먹어보지 못 한 메뉴들도 많고 사장님께서 메뉴 개발을 위해 신경 쓰신 티가 많이 납니다 후회 안 하실겁니다 혼술을 좋아해서 집이랑 가깝지도 않은데 한달 6번 정도는 온 것 같네요 그만큼 진짜 맛있고 분위기가 미쳤음
소개팅이나 데이트 하시는 분들도 많고 분위기가 좋아서 다들 한 번쯤은 와봤으면 하네요 무조건 성수가면 지인 데리고 가는 곳
먹는거에 진심인 제가 제일 좋아하는 이자카야 최고♡♡"
nv_1974548944,이와자루 성수,건대,이자카야,,464,,,"저는 사실 리뷰이벤트 아니면 이런거 작성안하는데 꼭 남기고 싶어 영수증받아서 리뷰남깁니다ㅎㅎ
남자친구 생일날 급하게 예약한 곳인데 너무너무 친절하시고 즐겁게 일하시는 모습이 인상깊었어요. 손님입장에서도 너무 기분좋은 분위기의 가게입니다.
자주 가겠습니다~!!! 감사합니다♡"
nv_1974548944,이와자루 성수,건대,이자카야,,464,,,"너무너무 맛잇어용 ㅜㅜ 분위기도 딱 2-3린 방문 하기 좋아서 분위기 좋은 이자카야 찾으신 다면 추천 드립니다!!
메뉴도 다양하고 계절별로 달라져서 매 시즌마다 방문하기 좋아용 !!!"
nv_1974548944,이와자루 성수,건대,이자카야,,464,,,"성수에서 오랜만에 찾은 분위기 좋은 맛집이에요. 사장님이 정말 친절하시고, 술에 대한 설명도 세심하게 해주셔서 더 즐거웠어요. 가게와 술에 대한 자부심이 느껴져서 믿고 먹을 수 있었고, 음식도 하나같이 맛있어서 만족스러웠습니다. 평일이라 운 좋게 예약 없이 들어갔지만, 자리가 금방 차더라고요. 다음엔 꼭 예약하고 다시 방문하고 싶은 곳이에요."
nv_1974548944,이와자루 성수,건대,이자카야,,464,,,바는 2인이 가능하고 테이블은 3개가 있는데 4명 씩 앉을 수 있어요! 기린 생맥주도 맛있고 하이볼도 맛있네용 항정살 구이가 부드러워요! 모둠회는 인기가 많아요!! ㅠㅠ 다음에 먹으러 올게용
nv_1974548944,이와자루 성수,건대,이자카야,,464,,,"친구랑 놀러와서 즐겁게 시간보내고 가요!!
너무 맛있어서 먹다가 찍은거 감안부탁드립니다!!
모든 메뉴가 맛있어서 자주 오는 편이예요.
다들 자주와주세요!!"
nv_1974548944,이와자루 성수,건대,이자카야,,464,,,"친한 동생들이랑 한잔하러 방문했어요

차분한 분위기와 시원한 통창
사랑에 빠질 거 같은 조도 등
데이트나 진지한 대화를 나누기 완벽했고...

오픈 키친이라 셰프님이 요리하는 모습과
주방의 청결함, 깔끔함이 눈에 보여 좋았습니다

음식도 너무나 맛있었어요
여자친구 생기면
무조건 여기 첫 번째로 방문하겠습니다

덕분에 좋은 시간 보내고 가요😇🤗😇"
nv_1974548944,이와자루 성수,건대,이자카야,,464,,,"고등어 봉초밥, 참치 소바 마끼, 제철 생선구이, 항정살 구이 이렇게 4개 먹었구요. 마다코무기랑 오늘의 와인 화이트로 마셨어요. 생선 비릿한 맛이 조금이라도 있으면 못먹는데 여기는 항상 감칠맛 넘치는 맛으로 음식을 조화롭게 잘 만들어주세요. 또 찾아뵐게요 감사합니다"
nv_1974548944,이와자루 성수,건대,이자카야,,464,,,"음식과 숙성회 하나하나 너무 다 맛있었어요!
사케는 말모.. 병들도 다 이쁘고 특색이 다 다르게 맛있었는데 설명도 자세히 해주셔서 너무 좋았습니다

혼술하기 너무 좋았는데 둘셋이 와서 여러음식
이랑 바틀로 시켜서 마시면 더 좋을것 같다능 생각이 들었네요 ㅎㅎ"
nv_1184175124,이토,건대,이자카야,,3248,,,"몇번째 방문인지 모르겠어요 ㅎㅎㅎ
저 오늘 생일인데, 생일날 먹고싶은곳 해서 바로 이토!! 할 정도로 제가 좋아하는 맛집입니다 ❤️❤️
특히 연어랑 로제파스타 정말 맛있으니까 다들 꼭 드세요 전 이것만 먹어요 🥰🥰
기본 안주는 원래 완두콩? 이었는데 팝콘으로 바꼈네요ㅜㅠㅠ 그거 먹으러 오는 맛도 있었는데 ㅎㅎ
항상 맛있는 음식 감사드립니다 또 올게용 ❤️❤️🫶🔥"
nv_1184175124,이토,건대,이자카야,,3248,,,"회 보이시나요.. 🤍
양진짜알차고 우니도 있고 지느러미가 진짜 도랐어요
치즈베이컨 꼬치도 치즈 완전 가득하게 넘 마싰어요 !!!!

무엇보다 분위기가 딱 ! 소개팅하기 데이트하기 좋은 곳입니다 💓
칸막이도 쳐져있어서 프라이빗한 공간이에요~
봄이니까 간질간질한 썸 타기 좋은 계절이잖아요 ?
강추드립니당 👍👍"
nv_1184175124,이토,건대,이자카야,,3248,,,저번에 방문했을 때 너무 맛있어서 이번에 또 방문했어요~~~!!! 특히 파스타가 저의 취향저격이었습니다!! 다들 방문하면 파스타 꼭 시켜드세요! 그리고 뽑기이벤트도 진행해서 재미도 있으니까 다들 한번 방문해보세요~~
nv_1184175124,이토,건대,이자카야,,3248,,,너무너무너무 맛있어요 토마토파스탕 제가 먹었던것 중에 최고였어요 이거 너무 맛있어서 사진도 못 찍고 떵개해버린.... 다음에 무조건 이자카야 생각하면 여기로 또 올것 같아요 맛있는 음식 감사합니다!
nv_1184175124,이토,건대,이자카야,,3248,,,"이토 스페셜메뉴로 먹었어요 너무 맛있습니다
어쩜 느끼할수있는 쿠시카츠를 토마토소스가 딱 잡아주니까 술술 들어가요~
오빠랑 오랜만에 썸타는 분위기로 돌아간듯했다고 여기 분위기가 한층 더 가까워질수있고 조명이 더 멋지고 예뻐보이더라고요!!
화장실만봐도 사장님이 얼마나 신경을 많이썼는지 알수있는 부분도 많았어요!
건대에 이런 이자카야가있다니...예약하고오는 손님이 많은 이유를 알겠어요"
nv_1184175124,이토,건대,이자카야,,3248,,,안주도 너무 맛있고 분위기도 좋아요~!! 특히 사시미를 왕추천합니다☺️☺️
nv_1184175124,이토,건대,이자카야,,3248,,,"건대술집 이토 진짜 만족!! 건대입구역 2번 출구 도보 2분, 지하 1층이라 아늑해요. 건대입구이자카야 찾으시는 분들께 추천드려요 ㅎㅎ
쿠시카츠 9종 세트랑 얼큰해물나베 시켰는데 비주얼 미쳤어요. 쿠시카츠는 종류 다양해서 골라먹는 재미 있고 샐러드 같이 주는 것도 좋았어요. 얼큰해물나베는 양 진짜 많아서 둘이서 배터지게 먹고 국물까지 야무지게 다 먹었습니다 ㅋㅋ 얼큰한 탕에 튀김 조합 술이랑 찰떡!
생맥주도 시원하고, 메뉴판에 건대하이볼이랑 건대연어 사시미도 있어서 다음에 또 와서 도전해보고 싶어요. 과일소주 종류도 많아요!
주황색 조명이랑 지브리 사진들 붙어있는 벽면도 너무 예뻐서 건대이자카야 중에 분위기 진짜 좋은 곳이에요.
직원분들도 친절하셔서 기분 좋게 먹고 왔습니다 :) 강추!!"
nv_1184175124,이토,건대,이자카야,,3248,,,"건대 이자카야 맛집 찾다 알아낸 맛집, 이토 !
이토카츠 꼬치세트와 매콤우삼겹파스타 시켜서 먹어봤는데 진짜 맛있었어요 .
맛있는 이자카야 찾으시는분들께 강추드리고
저는 남편이랑 왔는데 소개팅하시는분들께 추천드리는 이자카야입니다 ㅎㅎ 공간분리가 잘되어있어서 좋았어요 !"
nv_1184175124,이토,건대,이자카야,,3248,,,"건대입구 보물같은 이자카야에요💖 칸막이로 분리되어 있어서 대화하기에도 좋고, 음식도 넘 맛있어요! 이토파스탕 강추에욥"
nv_1184175124,이토,건대,이자카야,,3248,,,"시그니처메뉴인 이토파스탕 먹었어요!
진짜 너무 맛있고 가성비 좋았어요!
사장님 너무친절하시고 썸타는 사이다하면 저는 무조건 여기올것같아요
조명이 예뻐보이고 사장님이 센스가 너무 좋게 이것저것 준비해두셨어요!!"
nv_1718483751,코후쿠,건대,이자카야,"별점
4.55",4,,,건대 이자카야 맛집이라 방문해봤어요! 2층에 있어서 아늑하고 적당히 술 마시고 대화하기 좋았어요. 사람도 꾸준히 많이 오고 배달도 많이 되는 맛집인것 같아요!! 메뉴도 엄청 다양해서 다음에 다른 메뉴도 먹어보고 싶어용
nv_1718483751,코후쿠,건대,이자카야,"별점
4.55",4,,,"사장님 진짜 친절하시고 무엇보다 음식이 맛있어요... 양이 엄청 많아요... 특히 야끼우동은 남자들끼리 먹어도 배부를 듯 ㅋㅋㅋㅋ 모츠나베도 대창 엄청 큰게 통으로 들어가있고 채소,부추,두부 가득이라서 마지막입까지 대창이랑 채소랑 맛있게 먹었어요 ㅎㅎㅎ 무조건 재방문!!!!!♡♡"
nv_1718483751,코후쿠,건대,이자카야,"별점
4.55",4,,,"모츠나베가 통대창으로 나와서 신기하고 맛있어요.
소고기 숙주볶음도맛있고 술집이라기보다 요리맛집이네요!!"
nv_1718483751,코후쿠,건대,이자카야,"별점
4.55",4,,,"6-7년 째 오는 중입니다 밀푀유나베는 살면서 먹어본 나베집 중에 1등 아니 0등이라고 자부할 수 있어요
쉐프님이 요리도,플레이팅에도 진심이셔서 나오는데 시간이 조금 걸려도 그 시간이 아까웠던 적은 한번도 없어요 올때마다 친구 델꼬 오는 거 같아요 최고 진짜 없어지면 앙대요 ㅠㅠㅠㅠㅠㅠ"
nv_1718483751,코후쿠,건대,이자카야,"별점
4.55",4,,,이전에 포장해서 먹을정도로 정말 좋아하던 집이였는데 오랜만에 방문해서 먹으니 사장님 여전히 친절하시고 너무 맛있어요ㅜㅜ 2차로 방문했는데 두명에서 소주 3병 더 마시고 만취로 집가요..🤍
nv_1718483751,코후쿠,건대,이자카야,"별점
4.55",4,,,"분위기도 참 좋고 주변에 건대역이 가깝게 위치해서 접근성이 좋아요~ 건대도 바로 옆이다보니 건대생분들 오셔서 드시기 딱이야 보여요! 전 나베랑 나또 먹었는데 맛있게 잘 먹고 갑니다😄
다음에는 다른 메뉴 먹으러 밤에 또 오고 싶더라구요! 일식 좋아 하시는분들 추천합니다~~"
nv_1718483751,코후쿠,건대,이자카야,"별점
4.55",4,,,리뷰가 좋아서 찾아온 술집인데 음식 정말 맛있어요!! 밀푀유 나베도 진짜 맛있고 음식이 전반적으로 너무 맛있어요!! 정말 추천합니다
nv_1718483751,코후쿠,건대,이자카야,"별점
4.55",4,,,"먹었던 밀푀유 나베 중에 신선함 1등, 맛 1등 입니다!
청경채, 표고버섯도 있고 너무 맛있었어요
유린기도 제 손바닥보다 더 크고 여기 움식들은 맛도 맛이지만 다 양이 엄청 나요! 건대에서 얘기하며 술마시기에 아주 좋아서 추천합니다 ㅎㅎ"
nv_1718483751,코후쿠,건대,이자카야,"별점
4.55",4,,,건대 이자카야 코후쿠에서 추천 메뉴인 밀푀유나베 먹고 왔어요! 국물이 정말 진하면서도 맛이 담백해서 계속 들어가더라고요. 다음에 또 방문하게 된다면 무조건 다시 시키고 싶은 메뉴입니다. 그리고 기본 사이드로 주시는 만두피 튀김이 의외로 너무 바삭하고 맛있어서 입가심하기 딱 좋았네요. 건대 안주 맛집으로 추천합니다!
nv_1718483751,코후쿠,건대,이자카야,"별점
4.55",4,,,"연애할 때, 약 5년 전에 처음 알게 된 곳.
그때 분위기도 좋고 음식도 맛있어서 지인 모임도 종종 했던 곳인데, 이사를 가면서 한동안 못 오다가 3년 만에 재방문한 곳임.

단순히 추억 때문에 찾은 건 아니고 가끔 “거기 진짜 맛있었는데…” 하고 생각날 정도로 음식 맛도 좋고 친절함도 기억에 남던 곳임.

오랜만에 갔는데 사장님이 기억해 주셔서 괜히 더 반가웠던 순간도 있었.! 예전에도 인기 있었지만 지금은 더 유명해진 느낌이라 예약은 거의 필수인 곳임.

그리고 개인적으로 여기서 제일 추천하는 메뉴는 밀푀유나베. 국물도 깔끔하고 깊어서 술이랑도 잘 어울리고, 계속 생각나는 맛임. 그리고 모찌 리도후 꼭 드세영"
nv_57176326,토리광,건대,이자카야,"별점
4.53",4,,,너무 맛잇어요…ㄹㅈㄷ!!!!!!!! 진짜로 개맛집 개추천함니닷 건대 성수 오면 꼭 오세요 하이볼 다양해서 좋아요 저희는 3명이서 6잔 먹었어요😋😋 차돌짬뽕나베 모둠꼬치 야끼소바(매운맛) 야르~~ 건대술집토리광 추천드립니다.
nv_57176326,토리광,건대,이자카야,"별점
4.53",4,,,하이볼 맛있는 곳 찾아보다가 토리광으로 오게됐는데 여기 하이볼 종류가 진짜 다양하고 슬러시로 변경도 되서 너무 좋아요!! 애플하이볼 슬러시 진짜 맛있어요 ㅠㅠㅠ 그라고 꼬치도 일본 현지에서 먹는거같이 잘구워주시구 해물짬뽕나베도 진짜 국물맛도좋고 완전 맛있어요!! 다음에 건대 오게되면 또 들를게요~~ #건대술집
nv_57176326,토리광,건대,이자카야,"별점
4.53",4,,,"하이볼도 너무 맛있고 야끼소바, 살치살타다끼 다 너무 맛있었어요! 첫 방문인데 단골 될 것 같아요🥹 건대 이자카야로 완전 추천합니다!"
nv_57176326,토리광,건대,이자카야,"별점
4.53",4,,,"무난무난하게 가기 좋아요.
2차로 깔끔하게 마무리했어요."
nv_57176326,토리광,건대,이자카야,"별점
4.53",4,,,"이번에 토마토 맥주 새로 나왔다고 해서 방문했어요!
평소에 친구들이랑 건대에 술 먹으러 올 때 마다 오는 곳인데 음식도 전부 맛있고 매장도 크고 깨끗해서 5-6명이서
오기도 괜찮아요
특히 오뎅나베는 매콤으로 드시면 진짜 맛있게 드실 수 있어요 엄청 맵지도 않고 딱 칼칼해서 소주가 저절로 들어가요! 꼬치도 직접 주방에서 바로 구워주시는데 종류도 많고 진짜 맛있어요ㅜㅜ 친구랑 놀러오기에도 괜찮고 데이트나 혼술 하기도 좋을 것 같아요!
다음에 또 오겠습니다 ㅎㅎ"
nv_57176326,토리광,건대,이자카야,"별점
4.53",4,,,"건대 술집 토리광 최고!!
분위기도 좋고 술도 맛있었다!!!
다음에 또 방문할게용~~"
nv_57176326,토리광,건대,이자카야,"별점
4.53",4,,,"건대에서 제일 좋아하는 이자카야💓
여기 다닌지 4년 넘었는데 건대에서 제일 느좋이고 하이볼 종류도 많은 곳 ..!! 논알콜 종류도 많아요
사장님도 항상 반겨주시고 음식도 다 맛있어요 !! 데이트하기 딱 좋은 곳—!! 토리광 추천 ~~~"
nv_57176326,토리광,건대,이자카야,"별점
4.53",4,,,"두명이서 안주 푸파 했어요 직원분들도 너무 친절하세요 건대 술집 1짱드세요
서비스도 많이 주시고 음식도 완전 맛있어요 다들 여기로 모여"
nv_57176326,토리광,건대,이자카야,"별점
4.53",4,,,우연히 들어왔는데 너무 맛있습니다!! 랜덤 꼬치 10종 추천합니당!! 술은 하이볼 종류가 엄청 많은데 저는 근본인 레드락 생맥주 냠냠했습니당~!! 자리가 아늑해서 데이트 장소로 추천합니다! 건대 꼬치맛집~!!!!
nv_57176326,토리광,건대,이자카야,"별점
4.53",4,,,"내 마음의 고향....
토리광❤️‍🔥 늘 맛있고..즐겁고....
사장님이 반겨주십니댜아아ㅏ
신메뉴도 매번 생기구!
맛있게 머거요오오💖👍🏻

건대 술집하면 토리광이라구 단연 말할수이씀ㅋ
술쟁이를 반겨주셔서 감댜해요.."
nv_1282755585,심야식당 후타리,건대,이자카야,,3842,,,"친절함까지 그대로라 너무 기분 좋았습니댜~~
매번 올 때마다 한결같이 웃으면서 맞아주시는 게 진짜 쉽지 않은데, 그래서 더 자주 생각나는 곳인 것 같아요🥹 늘 생각나는 곳 ..⭐️
가게 내부도 정말 깨끗하게 관리돼 있어서 밥 먹는 내내 편안했고, 음식도 하나같이 정성 가득한 느낌! 무엇보다 이 가격에 이런 맛이 나온다는 게 아직도 믿기지 않음… 요즘 물가 생각하면 더 감동쓰..양도 넉넉하고 맛도 좋아서 먹는 내내 “역시“🧡🧡😤
오랜만에 방문했는데도 실망은커녕 오히려 더 만족하고 나왔어유.. 🫶🏻앞으로도 생각날 때마다 들를 예정💛
맛, 가격, 청결, 친절까지 다 갖춘 진짜 아끼는 식당입니다 :)"
nv_1282755585,심야식당 후타리,건대,이자카야,,3842,,,"남자친구가 좋아하는 맛집이라 해서 같이 방문했는데 메뉴 하나하나가 다 너무 맛있어요,,!! 광어소금김밥 엄청 기대하고 먹었는데 완전 쫀득하고 김밥이랑 쌈싸먹으면 환상의 조합,,!!
그리고 남자친구의 최애메뉴인 트러플 명란감자,, 저 30년동안 명란 싫어인간으로 살았는데 내가 아는 명란이 맞나 싶게 비리지도 않고 감자랑 소스조합이 너무 좋았어요💕 맥주 안주로도 소주 안주로도 너무 좋을 맛이니까 꼭 시켜보세요"
nv_1282755585,심야식당 후타리,건대,이자카야,,3842,,,"오랜만에 왔는데 너무 맛있었어요!
전에 왔을때 먹은게 다 직원 추천이라서 신기했습니다!
안쪽에 자리도 많아서 더울때 와도 시원하게 먹을수 있을꺼 같아요! 리뷰이벤트로 나온 가라아게도 너무 맛있어서 다음에는 시켜서 먹을꺼 같아요!"
nv_1282755585,심야식당 후타리,건대,이자카야,,3842,,,"광어+소금김밥은 첨 먹어봤는데, 어떻게 먹는지도 자세히 알려주시고 가게 시그니처도 부담 없이 편하게 알려주려서 친구랑 너무 잘 먹고 갑니당!!! 머리긴 직원분 정말 너무 친절하세요👍🏻✨ 나베랑 마라군만두도 너무 맛있어서 담에 또 친구랑 방문 예정입니당!!!!!!"
nv_1282755585,심야식당 후타리,건대,이자카야,,3842,,,"개인적으로 너무 좋아하는
건대 맛집이라 자주가는
편인데 갈때마다 직원분들이
친절하게
대해주시고 메뉴들이 너무 맛있어서 좋네요"
nv_1282755585,심야식당 후타리,건대,이자카야,,3842,,,"친목모임으로 예약했는데 처음 방문한 저희를 위해 사장님께서 친절하게 메뉴설명을 해주셔서 덕분에 맛있는 음식을 먹을 수 있었어요~
사장님의 친절 덕분에 오늘하루 즐겁게 마무리하네요
감사히 잘먹었습니다~^^"
nv_1282755585,심야식당 후타리,건대,이자카야,,3842,,,"사장님도 너무 친절하시고 음식도 맛있어요!!✨
분위기도 좋아서 건대 오면 편하게 들르기 좋은 곳 같아요!
메뉴 하나하나 정성 느껴졌고 만족스럽게 먹고 갑니다 :)
건대 오면 꼭 한 번 와볼만한 곳 추천해요🙌"
nv_1282755585,심야식당 후타리,건대,이자카야,,3842,,,"리뷰이벤트로 너무 맛있는 마라 튀김만두 나왔고 유린기 튀김도 일식 스타일로 바삭하니 양배추랑 소스랑 진짜 맛있어요.. 시그니처인 이유가 있습니다 ~!
사장님도 친절하셔서 재방문 의사
있습니다 🥰"
nv_1282755585,심야식당 후타리,건대,이자카야,,3842,,,기본안주 너무 맛있고 음식도 너무 맛있어요!! 사장님(?)이 너무 친절하세요 트러플 못먹어서 빼달라했는데 명란을 더 많이주시고 유도리 갓맨💪 사장님(?)도 너무 유쾌하셔서 재밌고 맛있게 술마신거 같아요! 솔직히 나만 알고싶..읍읍 그치만 큰 맘 먹고 공유합니다..💖
nv_1282755585,심야식당 후타리,건대,이자카야,,3842,,,"두번째 방문인데 다 처음 먹어본 메뉴로만 시켰어요!!
무난하고 일단 직원분이 너무 친절해서 늘 기분 좋은 거 같고 맥주가 너무 맛있고 대화하기에도 좋았어요!
다음애도 건대오면 또 방문하고 싶어요!"
nv_1394140731,꽃삼뚜껑 구의역점,건대,고깃집,,2512,,,진짜 N번재 방문인데 이제서야 리뷰 남기네요!! 진짜 하이볼은 항상 1+1이라 막잔은 꼭 입가심으로 마시고 나오구요! 심지어 맛있어요!! 갠적으로는 냉산+미나리가 너무 맛있어요!김치까지 구우니 감격!!! 상추 여라번 리필하며 둘이서 3+1 까지 추가 해서 진짜 배터지게 먹고 왔어요!!!!!!!👍👍👍👍
nv_1394140731,꽃삼뚜껑 구의역점,건대,고깃집,,2512,,,비가 와서 막걸리가 생각나서 매장이 깔끔하고 야장이 있는 분위기를 찾다가 방문하게 되였는데 기본 세트메뉴를 주문했는데 이 매장은 초벌구이로 나오는 시스템이였고 고기 육즙도 살아있어서 너무 맛있었고 세트에 된장찌개나왔는데 꽃게도 들어있어서 넘 시원하고 맛있었어요 강추합니다
nv_1394140731,꽃삼뚜껑 구의역점,건대,고깃집,,2512,,,"이스트폴 갔다가 저녁 먹으려고 찾다가 주차 가능해서 방문했어요 🥩✨
주차는 서울 광진구 자양동 777 쪽으로 안내해주셨습니다!!!
고기는 직접 구워주시는데 칼집이 잘 들어가 있어서 식감도 좋고 훨씬 맛있게 느껴졌어요 😊
재료들도 전체적으로 깔끔하고 특히 개인적으로는 항정살이 정말 괜찮았고,
꽃삼뚜껑 가성비 세트 주문해서 셋이서 잘 먹고 왔어요 ✨"
nv_1394140731,꽃삼뚜껑 구의역점,건대,고깃집,,2512,,,"이 날씨에만 즐길 수 있는 야장에, 미나리까지💚
꽃삼겹살에 껍데기까지 다 맛있는 곳 ,,
삼쏘하고싶을 때 자주 와여겠스여! 🫶🏻"
nv_1394140731,꽃삼뚜껑 구의역점,건대,고깃집,,2512,,,2주 전에 동생들이랑 먹었는데 너무 맛있어서 부모님 모시고 또 왔습니다! 이번엔 하이볼도 먹었는데 너무 맛있었어요! 이번에도 재료 신선했고 맛있게 먹었습니다!!!
nv_1394140731,꽃삼뚜껑 구의역점,건대,고깃집,,2512,,,최애 삼겹살집❤️ 2주만에 친구들이랑 또 방문했어요!!! 구의 맛집하면 여기부터 떠올라서요~ 날이 좀 후덥지근해지면서 야외 걱정했는데 얼음에 선풍기까지 팽겨주시는 센스!!!👍👍 진짜 너무 서비스 감동입니다❤️❤️
nv_1394140731,꽃삼뚜껑 구의역점,건대,고깃집,,2512,,,삽겹살이 맛이 기가맥힙니다. 된장찌개도 맛있고 붉은 육수의 물냉면도 별미네요^^
nv_1394140731,꽃삼뚜껑 구의역점,건대,고깃집,,2512,,,"어디놀러온것 같은 분위에 만족!
매일지나가기만 하다가 앉아서~밖을바라보니
술이술술~~~❤
가성비가짱이에용^^ 또올래요^^"
nv_1394140731,꽃삼뚜껑 구의역점,건대,고깃집,,2512,,,"반찬도 다양히 맛있고, 메뉴 전체적으로 가성비 좋고 맛있습니다! 주류도 사이드 메뉴들도 모두 좋았어요!"
nv_1394140731,꽃삼뚜껑 구의역점,건대,고깃집,,2512,,,"극강의 가성비와 좋은 고기
친절함을 다 갖춘 곳입니다.
여자 사장님 오늘도 역시나 엄청난 친절을
보여주시네요.
배터지게 너무 맛있게 먹고 갑니다.

근데 구석 단체로 온 팀이 진짜 미친듯이
떠들고 소리지르고 시끄럽게해서
정신이 하나도 없더라구요.
식사하는 손님들도 오는 곳이니
너무 시끄럽게하면 약간의 양해도 좀
구해주시면 좋겠습니다.
무슨 대학가 술집도 아니고
먹다가 화가날 정도였어요.
이 점만 빼면 다 만족스러웠습니다."
nv_37420197,한우짝갈비살,건대,고깃집,"별점
4.62",4,,,"여기 왜 인기많은지 알거같아요ㅠㅠ
주문하면 주문 즉시 직접 손질해서 주시는데
진짜 너무 맛있더라구여ㅠㅠㅠ
입에서 살살 녹고 심지어 선지해장국이 서비스로 나오는데 선지해장국집보다 맛있어욬ㅋㅋㅋ
그나저나…냉면까지 맛있으면… 어떡해요…🫶🏻🤍"
nv_37420197,한우짝갈비살,건대,고깃집,"별점
4.62",4,,,"항상 단골로 방문하는 구의역 한우짝갈비살.
한우 고기질이 정말 좋고, 부드럽습니다.
마장동에서 먹는것만큼 존맛...기본제공되는 선지국도 맛있고, 콜키지프리인것도 혜자임!"
nv_37420197,한우짝갈비살,건대,고깃집,"별점
4.62",4,,,"구의역 고기집중에서 가장 좋아하는 곳이에요!
갈비살 제일 맛있고 서비스로 나오는 선지국도 맛있어요 그리고 사장님과 직원분들 친절하셔서 기분 좋게 먹고갑니다💛"
nv_37420197,한우짝갈비살,건대,고깃집,"별점
4.62",4,,,"고기가 입에서 슬슬 녹습니다.
너무너무 맛있어요
마블링도 대박이에요
사장님도 친절하시고 한번가면 누구나 단골되는 곳"
nv_37420197,한우짝갈비살,건대,고깃집,"별점
4.62",4,,,"짝갈비를 매장에서 직접 해체하는 오픈 발골 현장 보고 바로 믿음 갔어요 신선도에 자신 없으면 저렇게 못 하죠!

늑간살·살치살·꽃갈비살이 섞여 나오는 갈비살 모듬, 마블링 보자마자 탄성 나왔고 숯불에 구우니까 육즙이 그냥 팡팡 터짐

소금에 청양고추 특제 소스 찍어 먹는 조합이 진짜 무한 리필하고 싶은 맛이었어요

양념 갈비도 달짝지근한 간장 향이 은은해서 고기 본연의 맛을 살려주더라구요.

100g 단위로 주문 가능해서 이것저것 골고루 먹을 수 있는 것도 너무 좋았고요!

서비스로 나온 선지해장국이 진짜 반전인데 뚝배기 가득 선지랑 건더기가 꽉 차서 서비스라고 안 믿길 정도였어요

콜키지 무료라 와인 들고 가도 되고, 주차도 매장 앞에 5대 가능해서 접근성도 완벽해요"
nv_37420197,한우짝갈비살,건대,고깃집,"별점
4.62",4,,,"한우채끝등심과 한우 짝 갈비살 먹었어요!
바로 앞에서 손질해주셔요. 고기 신선도가 남다르더라고요. 정말 맛있습니다!
씹을 때마다 터지는 육즙이 정말 맛있었어요.
함께나온 선지국도 잡내가 전혀 없고 좋았어요!
100그램 단위로 판매하니까 드실만큼만 적당히 주문할 수 있어서 추천드려요~
냉면도 맛있어요!!"
nv_37420197,한우짝갈비살,건대,고깃집,"별점
4.62",4,,,"소고기가 마장동보다 신선하고 맛있습니다!
무엇보다 사장님이 친절하셔서 기분 좋은 식사할 수 있었습니다. 감사합니다"
nv_37420197,한우짝갈비살,건대,고깃집,"별점
4.62",4,,,"구의역 근처에서 한우짝갈비살 먹고 왔는데 고기 상태가 정말 좋아서 만족스러웠어요 😊 불판 위에서 구워질 때 고소한 향이 올라오는데 식욕이 확 살아나더라고요!!!!
잡내 없이 부드럽고 육즙도 살아 있어서 한 점 한 점 맛있게 먹었어요🤍🤍
밑반찬도 깔끔하게 나오고 전체적으로 정돈된 분위기라 편하게 식사하기 좋았습니다
직원분들도 친절하게 응대해 주셔서 기분 좋은 시간 보내고 왔어요 👍"
nv_37420197,한우짝갈비살,건대,고깃집,"별점
4.62",4,,,"한우를 가성비 넘치게 먹을 수 있었던 곳.
매장에서 직접 발골까지 하는 진정한 구의 한우 맛집"
nv_37420197,한우짝갈비살,건대,고깃집,"별점
4.62",4,,,사장님이 친절하시구 고기가너무맛나요 주문하면 바로 손질해서 내어주시는데 신선신선~~!!! 선지해장국도 된장국도 솜씨가넘좋으시네요 ><
nv_1041740236,청담백송,건대,고깃집,,5434,,,"고기 생각날 때마다 오는 곳이에요!
다른 곳 가봐도 역시 청담백송이 최고같아요:)
청담맛집하면 청담백송만 생각나서 주변에 꼭 추천하는
곳이에오 뭉팅기도 넘 맛있고ㅜㅜ 서울에서 뭉티기 맛있고 신선한 곳 찾기 힘든데 역시 청담 백송입니다!
오늘도 맛있기 먹어요:)"
nv_1041740236,청담백송,건대,고깃집,,5434,,,"유명한 청담백송!
2인 세트메뉴로 먹었고, 질 좋은 소고기와 엄청나게 맛있는 사이드들 ••• 반찬 하나하나가 다 맛있고 우니 단새우도 함께 줘서 즐길 수 있었어요!
분위기도 좋고, 다 구워주셔서 너무 좋고 맛있게 먹었습니다~!"
nv_1041740236,청담백송,건대,고깃집,,5434,,,"청담 소고기 맛집으로 검색하고 갔는데 고기 퀄리티부터 반찬, 가격, 친절, 인테리어, 주차까지 다 만족입니다. 부모님과 갔는데 그릴링 서비스가 친절하고 특별해서 식사 내내 분위기가 너무 좋았어요. 데이트코스, 친구, 가족. 비즈니스 다 추천드립니다."
nv_1041740236,청담백송,건대,고깃집,,5434,,,"도산대로, 청담 소고기구이 찐! 맛집! ""청담백송"" 다녀왔습니다. 2026 블루리본과 식객 허영만의 백반기행으로 이미 맛 검증은 끝난 곳입니다~^^ 고기 질이 프리미엄 숙성 한우를 21일 이상 저온 숙성한거라 역시! 질과 맛이 확실하게 차이가 납니다. 👍 넘넘 부드럽고 담백하고 풍미가 장난아니에요~ 사이드 음식들도 특별하게 맛나고요~ 한우 육개장, 깍뚜기 볶음밥, 한우 육회, 오이소박이국수! 맛이 아주그냥 끝내줍니다. 매장도 깔끔, 청결하고 친절하시고 맛과 분위기 서비스 모든 면에서 완벽한 식사를 하고왔습니다. 프라이빗하게 룸도 있어서 모임 장소로도 딱! 입니다. 네이버 리뷰 꼭! 하세요~ 한우육회를 주십니다. ㅋ 완전 꿀이죠? 주차는 발렛도 가능하고 지하주차도 가능해서 편하게 이용했습니다. 완전강추!"
nv_1041740236,청담백송,건대,고깃집,,5434,,,"딸내미와 점심특선, 청담 정식 먹었습니다^--^ 소고기도 너무 부드럽고, 마늘, 꽈리꼬추, 새송이 버섯까지 다 맛납니다. 고기 구워서 각종 소스에 찍어먹는 재미가 있구요. 즉석에서 만들어주는 상추무침과 파김치도 맛나고 겉절이도 킥이네요. 고사리와 고기, 무까지 듬뿍 들어간 얼큰한 육개장에 따순 밥을 먹으니 최고네요. 청담동에서 이 집 고기가 제일 맛나네요. 육회와 육전, 새우 서비스도 기분좋네요. 강추합니다."
nv_1041740236,청담백송,건대,고깃집,,5434,,,"점심식사로 방문한 정갈한 청담 맛집 이에요
가성비 좋은 가격에 질 좋은 고기와 식사를 즐길 수 있어서 좋았습니다. 직접 고기도 구워주셔서 편안한 식사자리할때 더욱 추천드려요"
nv_1041740236,청담백송,건대,고깃집,,5434,,,"진정한 청담맛집 입니다.
성당 월례회합 모임으로 별도 룸,
점심 송정식으로 셋팅, 맛있게 먹고 있습니다.
즐거운 식사시간, 좋은 추억이 될것 같습니다."
nv_1041740236,청담백송,건대,고깃집,,5434,,,"청담에서 소고기 제대로 먹고 싶다면
청담백송이죠!!
오늘 친구생일로 특별한 날이라 플렉스하러 갔습니다!
근데 우리가 선물을 주고받는 모습을 보시고
생일을 알아차리신 메니져님이 생일상을
오르골 음악과 함께 가지고 오신거에요!
진짜 감동했지모에요.
미역국이랑 불고기, 전까지 너무 맛있었어용😋

청담 청담백송은
고급스러운 한옥 감성 인테리어에
룸이 많아서 프라이빗하게 식사하기 딱 좋은 분위기이고,
여기 고기는 그냥 한우가 아니라
1++ BMS No.9 프리미엄 한우만 사용하고
무려 21일 이상 저온 숙성해서
고기 결이 진짜 부드러워요…🥹
저희는 안심과 살치살을 먹었는데
진짜 입에서 녹습니다😋😋
고기도 너무 맛있게 구워주셔서 더 맛있습니다!
한우육개장이랑 오이소박이 국수, 깍두기볶음밥도 강추!!!"
nv_1041740236,청담백송,건대,고깃집,,5434,,,"음식은 조합도좋고 고기질도좋았습니다.
다만 소음이..
그래서 리뷰를 수정하게되네요..
두번째 방문이었습니다만
조만간 다시방문하게되면
또 솔직하게 리뷰하겠습니다
음식은 정갈하고 육개장도 시원하고
외국인들도 만족하는분위기었습니다만,
그릇치우는소리가... ㅠ
서비스부분. 아주 작은부분. 아쉽네요."
nv_1041740236,청담백송,건대,고깃집,,5434,,,"고기가 너무 맛있고
같이 나오는 반찬 하나하나 다 특별해요~
부모님 모시고 오는곳입니다😊😊

여기 식사도 너무 맛있어요~
꼭 오세요~ 청담 맛집 입니다~!!

#청담맛집"
nv_1296682501,무한창고,건대,고깃집,,2589,,,"데이트로 방문했는데 분위기도 편하고 고기 퀄리티가 정말 좋았어요🥹
특히 고기가 두툼한데도 질기지 않고 육즙이 가득해서 너무 맛있게 먹었습니다! 같이 나온 반찬들이랑 조합도 좋아서 끝까지 만족하면서 먹었어요ㅎㅎ

무한리필인데도 고기 상태가 좋아서 놀랐고, 직원분들도 친절하셔서 기분 좋게 식사하고 왔습니다! 대기 없이 바로 입장 가능했던 점도 너무 좋았어요👍
가성비 좋게 배부르고 맛있게 먹고 싶은 날 추천하고 싶은 곳입니다 :)"
nv_1296682501,무한창고,건대,고깃집,,2589,,,건대에서 고기랑 술 둘 다 배 터지게 먹고 싶어서 방문했는데 진심 대만족. 고기 무한리필 주문하면 밥이랑 한강라면이 무료라 고기 실컷 먹고 라면 국물로 마무리하는 코스가 👍👍 특히 인당 9900원만 추가하면 소주도 무제한인 게 진짜 대박
nv_1296682501,무한창고,건대,고깃집,,2589,,,돼지무한세트만먹어도 가성비 최고 라면도 열라면 짜파게티 계속먹고 마지막엔 야채넣고 콩불도 해먹고 껍데기까지 먹었는데 진짜 최고임 아이스크림도 소프트아스크림임 념념긋
nv_1296682501,무한창고,건대,고깃집,,2589,,,"무한리필 고기집 찾아보다 제일 상단에 떠서 왔는데 가격도 너무 괜찮고 반찬 고기 종류가 많아서 너무 배부르게 먹었어요! 날씨도 선선하니 문도 다 열려있어서 야장 느낌도 나고 친구, 연인이랑 와서 맛있게 먹구 한잔 하기 좋은거 같아용"
nv_1296682501,무한창고,건대,고깃집,,2589,,,"진짜 최고의 가성비 고기 무한리필집입니다
고기 퀄리티 너무 좋고, 알아서 가져오는 시스템이라 눈치도 전혀 안보여서 더 좋았어요
불판도 바로바로 갈아주시고, 종업원 분들도 많고 친절해요"
nv_1296682501,무한창고,건대,고깃집,,2589,,,"고기 너무너무 맛있고 콩나물도 진짜 맛있어요
라면도 먹을 수 있는 게 너무 좋습니당"
nv_1296682501,무한창고,건대,고깃집,,2589,,,고기집 찾고있다가 들어왔는데 반찬이 일단 잘나오고요 너무 맛있어요 고기도 여러종류있고 맛있어요. 라면 반찬 고기 밥 등등 무한인데 이 가격 이 퀄리티면 또 올거같아요 너무 맛있게 잘먹고 갑니다😊👍👍
nv_1296682501,무한창고,건대,고깃집,,2589,,,"냉삼에 짜파게티, 밑반찬까지 퇴근 후에 한끼하기 딱 좋아요 ㅎㅎ
돼지고기 무한리필로 먹었고 김치랑 콩나물까지 같이 구우니까 조합이 좋네요☺️ 고기가 냄새도 안나고 은근 쫄깃하니 맛있었어요! 고기 종류도 다양하고 밑반찬들도 다양해서 대만족!
마지막즈음에 라면도 먹을 수 있어서 짜파게티랑 고기랑 먹으니 제대로 식사완!!"
nv_1296682501,무한창고,건대,고깃집,,2589,,,"건대에서 무한리필인데 이 퀄리티에 이 가격? 말도 안된다 [무한창고]
돼지고기 무한리필이 말도 안되는 가격인데, 질 좋은 고기에 한강라면에 밥까지 무한으로 즐길 수 있음!
게다가 사장님도 알바분들도 친절하셔서 눈치보는거? 전혀 없음!!"
nv_1296682501,무한창고,건대,고깃집,,2589,,,"건대입구역에서 3분거리에 있는 가성비 맛집이에요.
젊은 학생들이 많아 에너지 넘치는 분위기에서
고기도 무한, 한강라면도 무한, 짜장라면도 무한,
밥도 무한, 소주도 무한... 무한인데 고기질도 좋구요..
내부도 넓어 단체모임 하기도 좋아요. ^^"
nv_19866308,화기애애 본점,건대,고깃집,"별점
4.55",4,,,"2005년부터 건대 먹자골목을 지켜온 20년 터줏대감

참숯 불향 가득한 고기에 계란찜이랑 묵은지 김치찌개까지 무한리필이라니 이게 진짜 가성비 맛집 아닌가요?

돼지모듬 小 세트(37,000원)로 삼겹살+목등심+항정살 세 부위를 한 번에! 고기 두께가 진짜 도톰해서 육즙이 장난 아니에요

거기다 연평도 간장게장(12,500원)이 완전 별미였는데, 매주 대명항에서 직접 공수해온 암게라 알이 꽉 차 있어서 고기 먹다가 느끼할 때 밥이랑 같이 먹으면 진짜 입이 살아나요

2025 블루리본 서베이에도 선정됐을 만큼 맛은 검증 완료

인테리어도 일반 고깃집이랑 달리 고급스러워서 데이트 장소로도 딱이에요"
nv_19866308,화기애애 본점,건대,고깃집,"별점
4.55",4,,,"[서울/광진구] 화기애애 본점

✔️ 2,7호선 건대입구역 2번 출구에서 287m
✔️ 화기애애 : 火気愛愛 [불의 온기가 머무는 자리, 사랑이 피어나는 곳]
✔️ 점심특선 연평도 간장게장 백반 / 참숯 향이 배어난 고기의 풍미

✨ 건대에서 21년 넘게 운영된 노포 / 2025 블루리본 서베이 선정된 맛집
✨ 생삼겹살, 목등심, 항정살 등 다양한 부위 / 무한리필 계란찜과 김치찌개
✨ 넓은 좌석과 프라이빗한 2층 공간으로 단체 모임이나 데이트 / 주차는 인근 공영 주차장
✨ 세종대, 건대공대 10% 할인

📍방문 매장 정보
매장명 : 화기애애 본점
주소 : 서울 광진구 아차산로31길 16
영업시간 : 월-금 : 13:00 ~ 24:00 / 토-일 : 12:00 ~ 24:00"
nv_19866308,화기애애 본점,건대,고깃집,"별점
4.55",4,,,"2025 블루리본 취득한 분위기 깡패인 화로구이 전문점 [화기애애 본점]
화로구이라 퀄리티 좋은 고기맛이 더 잘 느껴진다 ㅎㅎ
고기도 두툼해서 너무 맛있고, 고깃집이지만 와인도 판매하셔서 와인+고기 페어링이 상당함!"
nv_19866308,화기애애 본점,건대,고깃집,"별점
4.55",4,,,2인이서 프라임3-4인 세트 주문했어요. 다른 사이드 없이 둘이 먹기 3-4인세트 딱 좋았어요. 외국인 직원분들 다 친절하셨어요. 숯과 고기 모두 질 좋고 맛도 좋았어요. 특히 쌈채소 너무 신선해서 좋았고 쌈채소나 마늘같은 반찬들 뿐 아니라 달걀찜하고 김치찌개를 무료로 리필할 수 있어요. 참고로 와인 콜키지는 병당 15000원이고 와인잔주는데 매장에서 다양한 종류와 가격대를 구비하고 있으니 참고 하세요.
nv_19866308,화기애애 본점,건대,고깃집,"별점
4.55",4,,,"고기 질 괜찮다고 해서 가봤는데 생각보다 더 맛있었어요.
직접 구워먹는 곳인데 고기가 두툼하고 육즙도 좋아서 굽는 내내 냄새부터 좋더라구요 ㅋㅋ
직원분들도 되게 친절하셔서 필요한 거 편하게 요청할 수 있었고, 반찬도 깔끔하게 잘 나오는 편이었어요.
같이 간 친구도 맛있게 먹어서 괜히 뿌듯했던 곳!
오랜만에 만족스럽게 먹고 나온 고기집이라 다음에 또 갈 듯 👍"
nv_19866308,화기애애 본점,건대,고깃집,"별점
4.55",4,,,"셋이서 4인세트랑 간장게장 시켜서 엄청 배부르게 먹었어요!!
특히 고기집에서 간장게장 있어서 신기했는데 진짜 후회 안하고 박박 긁어먹었습니다.
고기도 진짜 질이 좋고 바베큐 해먹듯이 화로에 구우니 넘 맛있었어요!"
nv_19866308,화기애애 본점,건대,고깃집,"별점
4.55",4,,,"고기가 정말 신선하고 육질이 훌륭합니다.
와인도 종류별로 다양한데 가격까지 매우 저렴해서 와인에 고기를 먹고 싶으면 여기 ☝️☝️☝️☝️"
nv_19866308,화기애애 본점,건대,고깃집,"별점
4.55",4,,,자주 방문하는 곳이에요 오늘도 넘 맛있네요 더운 날 묵밥 먹으니 시원하고 너무 좋아요 ~~
nv_19866308,화기애애 본점,건대,고깃집,"별점
4.55",4,,,특별한 메뉴가 있어요 밥도둑 간장게장이 살이 꽉찬서너무 맛있어요 그리고 숫불에 구워 고기특유한 냄새도 없고 각종 야채와 곁들어 먹음면 환상적인 맛 사장님직원분들께 너무 감사 합니다 매번 올때마다 친절하게 반겨주시고 서어비스도 아끼지않고 푸짐하게 주시고 잘먹고 갑니다 ~ ^^ ♡♡♡
nv_19866308,화기애애 본점,건대,고깃집,"별점
4.55",4,,,자주 오는데 오늘 유난히 고기가 맛있어요 사장님과 직원분에게 항상 감사하고 맛있게 먹고갑니다
nv_37993226,육일관 본점,건대,고깃집,,4886,,,"건대에서 고기먹기 제일 좋은곳이에요 고기도 맛있고 분위기도 좋아서 진짜 좋아요
#건대고기집 #건대데이트 #건대회식 #건대가족모임"
nv_37993226,육일관 본점,건대,고깃집,,4886,,,"우연히 들렀던 가게였는데 한돈을 판매하는 곳입니다.
직원들 센스있고, 친절하고 고기를 신경써서 구워주니 편하게 식사할 수 있는 곳입니다. 첫번째 고기 소금에 찍어 먹어보니 옛날에 맛있게 먹던 고기맛이 느껴져서 놀랬어요. 묵은지와 버섯을 같이 구워 먹으니 너무 맛있어서 셋트로 주문했음에도 추가주문해서 먹었어요. 가격도 너무 괜찮았고 사장님 포함 직원들의 서비스도 너무 마음에 들어서 아주 만족한 식사를 하고 왔습니다."
nv_37993226,육일관 본점,건대,고깃집,,4886,,,"직장동료들과 같이 방문했습니다.
예약 후 바로 입장
친절한 직원들과 가성비있는ㅊ세트 메뉴
고기는 당연히 맛있구요
건대 입구 모임 있으시면 꼭 방문해보세요
적극 추천 합니다."
nv_37993226,육일관 본점,건대,고깃집,,4886,,,"고기가 정말 신선하고 전체적으로 맛이 좋아 만족스러웠어요!
저희는 한돈 세트로 주문했는데, 고기·찌개·주류까지 알차게 구성되어 있어서 메뉴 고민 없이 바로 선택할 수 있었어요. 구성 대비 가성비도 좋고 맛도 좋아서 다음에도 또 방문하고 싶네요.
편하게 맛있게 드시고 싶은 분들께 강력 추천드립니다!"
nv_37993226,육일관 본점,건대,고깃집,,4886,,,"고기가 정말 맛있고 양도 푸짐해서 너무 만족스러웠어요. 시설도 깔끔하고 분위기 좋았고, 직원분들 서비스까지 친절해서 가족들과 기분 좋게 식사하고 왔습니다.
3개월 전에 구의점 방문했을 때도 만족도가 높았는데, 이번에 건대점 방문 역시 기대 이상이었네요. 특히 훈남 사장님께서 사진까지 직접 찍어주셔서 더 좋은 추억 만들고 왔습니다 :) 가족들과 즐거운 시간 보내고 왔고 다음에도 또 방문하고 싶어요!"
nv_37993226,육일관 본점,건대,고깃집,,4886,,,"친구와 소주한잔 하러 방문 했어요, 직원들 친절하고 바로 먹을수 있게 맛있게 직접 구워줍니다. 건대 방문시 회식 등 모임 장소로 추천 드려요.!"
nv_37993226,육일관 본점,건대,고깃집,,4886,,,"지나가다 우연히 들렸는데 자리도 넓고 고기도 질이좋고 넘맛있어요 목살맛집!!! 맛잇게 꿔주셔서 넘 잘먹었습니다! 다음에 또올게요옹

#건대고기집 #건대데이트"
nv_37993226,육일관 본점,건대,고깃집,,4886,,,"고기집 건대에서 데이트할곳 찾다가 우연히 간곳이에요! ㅎㅎ 건물 외관부터 너무 좋고 지금같은 화창한 날씨에 야장같은 분위기로 창문도 열어놓아져 있더라고요 ^^ 저희는 삼겹살 3인분 시켜서 먹었는데 고기도 직접 구워주시고 서비스도 너무좋아요😄 고기질이 너무 좋고 고기가 입에서 살살 녹아요. 단체모임이나 회식장소, 데이트로 너무 좋을거 같아요 :) 덕분에 맛있게 먹고갑니다🥰 건대 고기집은 여기가 최고에요!!"
nv_37993226,육일관 본점,건대,고깃집,,4886,,,고기도 직접 다 구워주셔서 너무 편하게 맛있게 먹었어요! 고기 퀄리티도 좋고 정말 맛있었습니다 :) 비 오는 날 창가 자리에서 밖 보면서 먹었는데 분위기가 너무 좋아서 더 만족스러웠어요. 직원분들도 응대가 매끄럽고 친절해서 기분 좋게 식사하고 왔습니다!
nv_37993226,육일관 본점,건대,고깃집,,4886,,,삼겹살 먹고 싶어서 바로 찾아갔어요 일찍 문열어서 넘 좋아요! 매장 넓고 시원하고 고기도 남 맛나게 구워주시고 밑반찬도 넘 맛있어용ㅠ 건대에서 삼겹살 드실거면 무조건 추천..!
nv_34827709,건대 고기굽는놈 본점,건대,고깃집,"별점
4.64",4,,,"올만에 건대입구 방문~
여러 식당으로 즐비하지만 눈에 딱 들어온곳
역쉬~~나의 촉은 죽지않았어
인테리어두 좋구 친절함에 반했는데
고기또한 넘 맛나고 서비스도 넘 좋아용~
단골될거 같아요
이쪽 오시면 꼭 방문하세요~
강추♡"
nv_34827709,건대 고기굽는놈 본점,건대,고깃집,"별점
4.64",4,,,"건대입구역 인근 화양동에서
소갈비살과 삼겹살, 목살 등
다양한 육류를 한껏 즐길 수 있었던
건대 가성비 맛집.

심지어 된장찌개, 김치찌개, 묵사발 중 택 1
리필까지 가능해서 가성비가 엄청났다.

생, 양념소갈비살과 된장찌개,
와규소꼬리구이로 주말 저녁을 적셨다."
nv_34827709,건대 고기굽는놈 본점,건대,고깃집,"별점
4.64",4,,,"정말 오랜만에 제대로 된 돼지고기 맛집을 발견했어요! 매장도 깔끔하고 환기가 잘 돼서 쾌적했고, 직원분들도 너무 친절하셨습니다🙌
무엇보다 고기 질이 대박이에요. 선홍빛 빛깔부터 신선함이 느껴졌는데, 구워서 먹어보니 겉바속촉의 정석이었습니다. 씹을 때마다 육즙이 팡 터지고 잡내가 하나도 없어서 감탄하면서 먹었네요.
밑반찬과 소스 구성도 깔끔해서 고기와 궁합이 최고였습니다. 사이드 메뉴까지 완벽해서 마지막 한 입까지 대만족이었어요. 맛, 청결, 서비스 모두 완벽한 곳이라 조만간 재방문 예정입니다. 강력 추천해요!"
nv_34827709,건대 고기굽는놈 본점,건대,고깃집,"별점
4.64",4,,,"진짜 고기 너무 맛있어요ㅜㅜ
고기 질부터 양까지 다 너무 최고
사이드도 가성비 미쳤고 존맛
인테리어도 이쁘고 깔끔해요!
창문 열어서 야장 느낌도 나요!"
nv_34827709,건대 고기굽는놈 본점,건대,고깃집,"별점
4.64",4,,,여러 건대 고깃집 중에서 제일 맛있어 보여서 선택했는데 역시나 아주 만족하면서 먹고 갑니다. 고기 질도 좋고 식사 메뉴로 있는 김치말이국수도 굉장히 맛있습니다. 기본반찬들도 세팅 잘 해 주시고 다음에도 또 방문 하겠습니다.
nv_34827709,건대 고기굽는놈 본점,건대,고깃집,"별점
4.64",4,,,반려동물이 있어서 예약 후 이용하였습니다! 구석 자리여서 편하게 먹을 수 있었어요 ㅎㅎㅎ 고기도 맛있고 분위기도 조용해서 좋았습니다!! 찌개나 묵사발 무료로 선택하여 주셔서 좋습니다 ㅎㅎ 그리고 반찬도 잘 나와요!! 그리고 고기질이 진짜 좋은 거 같아요!! 조금 멀어도 가족끼리 왔는데 담에 또 올거같아요 ㅎㅎ🙂🙂
nv_34827709,건대 고기굽는놈 본점,건대,고깃집,"별점
4.64",4,,,소고기가 생각나서 먹으러 왔는데 소고기도 맛있고 가격도 저렴하고ㅠ서비스도 최고입니다!! 추가로 직원분들도 모두 친절하셔서 기분좋은 식사였네요!! 재방문 의사 있습니다!!😉😉
nv_34827709,건대 고기굽는놈 본점,건대,고깃집,"별점
4.64",4,,,고기가 먹고싶어서 건대 근처 소고기집 왔는데 구성도 좋고 너무 맛있었어요! 이미 건대 맛집으로 소문난곳이더라고요! 고기 시키면 된장찌개도 같이 주셔서 든든하게 한 끼 잘 먹었습니다! 다음에도 또 올게요
nv_34827709,건대 고기굽는놈 본점,건대,고깃집,"별점
4.64",4,,,맛있는 고기를 가성비 있게 먹을 수 있어용 날씨가 좋아지니까 야장 분위기도 낼 수 있고 좋네요! 사이드 메뉴들도 다 맛있고 고기도 정말 맛있습니다~~!!👍🏻
nv_34827709,건대 고기굽는놈 본점,건대,고깃집,"별점
4.64",4,,,"어제 소고기 먹으러왔는데
반찬도 잘나오고 불판도 깨끗하고
고기가 맛있어서 또 왔어요

오늘은 양념돼지갈비 먹고싶어서 왔어요
역시 너무 맛있네요♥️
간장 양념장에 양파가 넘 맛있어요 ㅎㅎ
찌개가 무료로 나오는데
된장찌개 김치찌개 둘다 정말 맛있습니다
완전 강추🫶"
nv_13067607,최원석의돼지한판&서해쭈꾸미 건대1호점,건대,고깃집,,6565,,,맛있는 돼지고기 먹고싶어서 검색하다가 리뷰보고 방문했어요~!!! 일단 서비스로 된장찌개랑 묵사발 기본으로 나오고 반판구성이 좋아요👏👏 고기도 숙성고기라서 부드럽고 넘 맛있어요~!!! 냉면도 맛잇오요. 솥밥도 잇답니다~ 강추👍🏻👍🏻
nv_13067607,최원석의돼지한판&서해쭈꾸미 건대1호점,건대,고깃집,,6565,,,"건대 계속간집 등록!
몇번째 방문인지 모르겠어요..
리뷰만 세번째 ㅋㅋㅋ 삼겹살이 땡길땐 무조건 여기에요👍
첨부터 끝까지 직접 구워주셔서 넘 편하고 좋아요!!
데이트중 고기를 먹고싶다? 근데 난 고기를 못굽는다?
무조건 일로 오십셔"
nv_13067607,최원석의돼지한판&서해쭈꾸미 건대1호점,건대,고깃집,,6565,,,건대 고기집 맛집입니다. 초벌구이 후에 나와서인지 육즙 빠져나오지 않고 완전 살아있어요. 직접 구워주시는데 정말 최고 맛있습니다. 가게앞에 주차공간도있고 나중에 부모님 놀러오시면 모시고 방문할께요. 쭈꾸미도 맛만보려고 시켰는데 너무 맛있게 잘 먹었습니다.
nv_13067607,최원석의돼지한판&서해쭈꾸미 건대1호점,건대,고깃집,,6565,,,"#건대맛집 #건대역 친구들 같이 먹었는집
너무 맛있어요 고기도 신선하게
중류 도 많고 사장님 도 친헌하고
먹어 보세요 ㅋㅋㅋㅋ 맛있는집 추천해요!하트 하트"
nv_13067607,최원석의돼지한판&서해쭈꾸미 건대1호점,건대,고깃집,,6565,,,건대 삼겹살 맛집입니당!!! 직접 다 구워주시고 쭈꾸미도 있어서 같이 먹을 수 있는게 너무 조아요 ㅎㅎ 넘 맛있구 반찬들도 맛있어서 완전 추천하는 곳입니다😆😆
nv_13067607,최원석의돼지한판&서해쭈꾸미 건대1호점,건대,고깃집,,6565,,,"마싯어요!!
건대 근처 사는데 삼겹살 맛집 발견해서 넘 조아요
다들 고기집은 여기로...!!!!"
nv_13067607,최원석의돼지한판&서해쭈꾸미 건대1호점,건대,고깃집,,6565,,,"저의 또또또또또간집.. 너어무 맛있어요.....
건대 최고 고기집 입니다!!! 몇번째 리뷰를 쓰는지 ㅋㅋㅋㅋ암튼.. 다음에와도 또 쓸거예요 왜냐??? 맛있으니까~!🤍"
nv_13067607,최원석의돼지한판&서해쭈꾸미 건대1호점,건대,고깃집,,6565,,,"집 앞인데 너무 맛있어요!! 자주 올 거 같아요ㅎㅎ

#건대역 맛집 #건대 삼겹살 #건대 고기집"
nv_13067607,최원석의돼지한판&서해쭈꾸미 건대1호점,건대,고깃집,,6565,,,원래도 주먹고기 좋아하는데 숙성되서 확실히 육질 엄청 부드럽고 고소한맛도 확실히 더 있는것 같아요. 옛날에 근처 살때 빨래방갈따마다 지나다니며 자주 봤던 집인데 이렇게 고기 맛있는 건대찐맛집인거 알았으면 진작에 단골박았을집. 쭈꾸미도 매콤하니 볶밥까지 맛있게 잘 먹었습니다.
nv_13067607,최원석의돼지한판&서해쭈꾸미 건대1호점,건대,고깃집,,6565,,,딸아이 학교에서 늦는다고 와달라고 연락오는 바람에 방문하였는데 주차 편하게 하였고 쭈꾸미가 그렇게 부드럽고 맛나네요. 옆에 고기 굽는 것도 봤는데 직접 맛나게 구워주시더군요. 편하게 먹을 수 있는 건대 삼겹살집 건대역 맛집이네요. 데이트 잘했습니다
nv_11696071,가마로,건대,고깃집,,24,,,"지나가다가 가게가 깔끔하고 분위기도 좋고, 인테리어도 인상적이고 정돈이 잘 되어 있어서 들어가게 됐어요. 메뉴도 다양하고, 고기를 주문했는데 계란찜이랑 된장찌개도 같이 나와서 좋았어요. 고기도 신선했습니다."
nv_11696071,가마로,건대,고깃집,,24,,,"여행 중에 저녁 식사하려고 우연히 들린 곳인데
완전 대박이네요
밑반찬 서비스가 묵사발, 계란찜, 찌개까지
제공됩니다.
매장 분위기도 좋고 직원분들도 친절하시네요.
집과 가까운 곳에 있으면 1주일에 4번은 갈 것 같아요!!
가성비 대박입니다."
nv_11696071,가마로,건대,고깃집,,24,,,사장님이 너무 친절합니다 국과 계란찜도 서비스로 주시고~~ 너무 맛있습니다
nv_11696071,가마로,건대,고깃집,,24,,,양도 많고 너무너무 맛잇어요 추천받고 왔는데 사이드도 훌륭해요 재방문의사 있어요 !!
nv_11696071,가마로,건대,고깃집,,24,,,"건대에 삼겹살 집 찾아보다가 맛있어 보여서 들어왓어요
계란찜, 된장찌개 서비스에 묵사발까지!!! 묵사발 진짜 좋아하는데 서비스로 나와서 너무 좋았어요. 묵은지랑 고기 조합도 너무 좋고 다음에 또 올게요!!!❤️매장도 넓고 쾌적합니다"
nv_11696071,가마로,건대,고깃집,,24,,,"거의 반년만에 다시 왔네요ㅎ역시나 고기는 맛있으며 서비스(계란찜, 찌개, 묵사발)도 여전히 너무 좋습니다. 혼자 오랜만에 왔는데도 직원분께서 알아주셔서 넘 감사했습니다!"
nv_11696071,가마로,건대,고깃집,,24,,,"매장이 넓고 고기가 엄청 신선해요ㅎㅎ
사장님이 직접 고기도 구워주셔서 너무 먹기 편하고좋았어욤!!!"
nv_11696071,가마로,건대,고깃집,,24,,,"리뷰가 좋아서 방문했는데 정말 매장도 넓고 깨끗하고 음식도 맛있어요~~ 묵은지 포함 삼겹살이 14,500원 밖에 안한다니 진짜 양도 많고 남자친구랑 둘이서 소주 2병 까고 가요 ㅋㅋ 건대 들리시면 와보세요 낮술 추천 ㄱㄱㄱ!!!"
nv_11696071,가마로,건대,고깃집,,24,,,묵은지랑 같이 구워먹는 솥뚜껑 삼겹살 조합 미쳤어요 ! 고기도 잡내 없고 너무 고소함..! 서비스 계란찜이랑 된찌까지 나와서 더 만족 🥹 건대에서 편하게 술 한잔하기 좋은 고깃집이에요 🍻”
nv_11696071,가마로,건대,고깃집,,24,,,"건대 삼겹살 최강자 ✨✨“가마로”✨✨

샐러드/양파절임/멜젓/된장찌개/각종 쌈/도토리묵🥹💖 밑반찬부터 콩나물/묵은지/파채 등 각종 곁들임까지!!!
정말 너무 최고의 맛집이에요
또간집이랍니다 ㅎㅎ 삼겹살 먹고싶을때마다 오는 곳!!!
너무너무 추천합니댱💖💖"
nv_1683696846,성수완당,건대,고깃집,"별점
4.54",4,,,"완당면 맛집으로 유명한 성수완당에 신메뉴 만두가 나왔다고 해서 다녀왔어요!

바질 크림치즈 만두 7,500원, 고수 듬뿍 살사 만두 7,500원 신메뉴 두 개 다 시켜봤는데요.

바질 크림치즈 만두는 크림소스에 찍어 먹으니까 라비올리 먹는 느낌이 날 정도로 이색적이었고, 고수 살사 만두는 살사소스 곁들이면 갑자기 멕시칸 느낌으로 바뀌는 게 너무 재밌었어요

오렌지 크리스피 치킨 꿔바로우 21,000원도 시켰는데 오렌지 소스가 생각보다 훨씬 진하고 맛있었어요.

느끼하지 않고 맥주랑 먹으면 딱인 맛!

찐만두·군만두 중에 선택할 수 있어서 취향대로 골라 먹을 수 있는 것도 좋았어요"
nv_1683696846,성수완당,건대,고깃집,"별점
4.54",4,,,"여러가지 먹어보려고 세트아니고 단품으로 시켰어요. 기본 완당, 골동면, 갓김치 낙지만두에 가지만두 2개 추가. 완당면은 닭육수인데 에그누들을 기대했는데 중면 느낌에 면이어서 개인적으로 아쉬웠어요. 갓김치 낙지 만두는 갓김치 맛이 나는건 아니지만 육즙이 많고 맛있어요. 가지만두는 하나가 꽤 크고 칠리소스로 간을 해서 맛있네요. 전채적으로 다 맛있게 먹었어요."
nv_1683696846,성수완당,건대,고깃집,"별점
4.54",4,,,"치킨 완당면 닭다리 튀김이 엄청 커서 놀랐고 겉바속촉이라 마지막까지 맛있게 먹었어요.
완당도 예전에 왔을 때보다 3배나 커졌네요 ㅋ
같이 시킨 바질크림치즈 만두,불닭마라 만두도 이색적이고 웬만한 만두 전문점보다 훨씬 맛있었어요 완당면 외에도 메뉴가 다양해서 고르는 재미도 있고, 요즘 물가에 이 정도 양과 맛이면 가성비도 좋은 것 같아요. 건대 맛집 찾으신다면 강추💕."
nv_1683696846,성수완당,건대,고깃집,"별점
4.54",4,,,"#내돈내산 성수완당 유명하다해서 방문!
손님분들도 많고 웨이팅도 있는 곳이에요
메뉴도 다양해서 골라먹기 좋구 에그스프레드 덮밥은
양도 진짜많고 닭다리살 튀김도 야들야들,, 🫶
해장완당도 깔끔한 얼큰한 국물이라 좋았구 담백한 고기만두랑 매콤한 매운만두!!
매운만두 진쩌 매우니 참고해주세요 😎"
nv_1683696846,성수완당,건대,고깃집,"별점
4.54",4,,,"깔끔한 국물 좋아하면 꽤 만족할 집. 완당피가 엄청 얇고 부드러워서 진짜 술술 넘어가고, 국물도 자극적이지 않아서 부담 없이 먹기 좋다. 특히 후추향 은은하게 올라오는 담백한 스타일이라 해장용으로도 괜찮은 편.
사이드 메뉴까지 같이 시키면 생각보다 든든하고, 매장 분위기도 요즘 성수 감성 느낌으로 깔끔하다. 다만 진한 육수나 강한 간을 좋아하는 사람한텐 조금 심심하게 느껴질 수도 있음. 전체적으로는 ‘깔끔하고 트렌디한 완당면 맛집’ 느낌.”"
nv_1683696846,성수완당,건대,고깃집,"별점
4.54",4,,,완당면 2개랑 새로나온 갓김치 낙지만두 시켜서 먹었는데 낙지만두가 진짜진짜 속이 알차고 육즙 가득해서 맛있었어요ㅜㅜㅜ 완당면도 국물 진하고 얼큰해서 정말 만족스러운 한끼 식사 했습니다!!! 너무맛잇어용~~~
nv_1683696846,성수완당,건대,고깃집,"별점
4.54",4,,,"웨이팅 있는 맛집이라고 해서 기대하고 왔는데 역시 웨이팅하는 곳은 다 이유가 있다 !!!
운 좋게 웨이팅도 없었는데 정말 맛있게 먹었다 !!!
이렇게 맛있는 음식을 먹을 수 있게 해주신 주님께 감사합니다 🙏🏻
오 마이 지저스 땡큐"
nv_1683696846,성수완당,건대,고깃집,"별점
4.54",4,,,주말 점심때 10분 정도 웨이팅하고 들어갔어요 비오는 날이라 그런지 걱정했던 것보단 덜 기다렸어요 인근 식당중엔 가장 손님이 많더라구요 아이와 먹기엔 기본 육수가 매콤했지만 미니덮밥 메뉴가 있어서 잘 먹었어요 주문한 메뉴가 다 맛있었고 직원분들 친절했어요
nv_1683696846,성수완당,건대,고깃집,"별점
4.54",4,,,"완당면에 매운(검은)만두로 선택했는데 만두 정말 칼칼하니 맛있어요! 에그스프레드 돈가스가 담백한 소스여서 매콤한 음식 좋아하는 저한텐 매운만두👍🏻
돈가스 소스도 색다른 느낌이라 신선했고 지나가다가 그냥 들어와본 식당인데 만족스러운 식사였어요!!"
nv_1683696846,성수완당,건대,고깃집,"별점
4.54",4,,,"완당면 국물도 깔끔하고 만두가 정말 맛있어요! 한돈 고기만두는 겉바속촉 군만두로 먹기 딱 좋고, 알싸한 갓김치 낙지만두는 매콤해서 느끼함을 확 잡아주네요. 수제 가지만두도 별미라 남김없이 든든하게 잘 먹었습니다. 재방문 의사 100%예요"
nv_1751944768,사운드온더펍 뚝섬유원지점,건대,호프/통닭,,222,,,"2차로 들른 맥주집, 기대 이상으로 만족 🍺

분위기는 전체적으로 아늑하면서도 시끄럽지 않아서 대화하기 좋았고, 은은한 조명이 술맛을 더 살려주는 느낌이었어요. 맥주 종류도 다양해서 취향 따라 고르는 재미가 있었고, 직원분이 추천해주신 생맥이 특히 신선하고 깔끔해서 인상적이었습니다.

안주도 빠질 수 없는데, 기본으로 시킨 메뉴부터 퀄리티가 괜찮았고 간도 적당해서 술이 술술 들어가더라고요. 가격대는 요즘 물가 생각하면 무난한 편이고, 양도 둘이서 먹기에 충분했어요.

전체적으로 가볍게 한잔하기도 좋고, 친구들이랑 오래 앉아서 이야기 나누기에도 괜찮은 곳이라 재방문 의사 있습니다 👍"
nv_1751944768,사운드온더펍 뚝섬유원지점,건대,호프/통닭,,222,,,"친구랑 간단하게 맥주 한 잔 하러 방문했는데, 사장님도 너무 친절하시고 맥주도 너무 맛있어요 😆 그리고 분위기가 조용하고 차분해서 술 마시면서 대화하기 좋았습니다 ❣️"
nv_1751944768,사운드온더펍 뚝섬유원지점,건대,호프/통닭,,222,,,"분위기 좋고 조용하게 대화하기 좋은 펍이에요.
술 종류도 다양해서 고르는 재미가 있었고, 직원분도 친절해서 기분 좋게 이용했습니다.
웨이팅 없이 바로 입장 가능해서 더 좋았고, 데이트 장소로 추천해요 :)🤍"
nv_1751944768,사운드온더펍 뚝섬유원지점,건대,호프/통닭,,222,,,"이제 8번째 방문~~
올때마다 만족하고 가요ㅋㅋ"
nv_1751944768,사운드온더펍 뚝섬유원지점,건대,호프/통닭,,222,,,동네 맛집! 맥주 다양하게 있고 생맥주 너무 맛있어요~!
nv_1751944768,사운드온더펍 뚝섬유원지점,건대,호프/통닭,,222,,,맥주 너무 맛잇어용 강추입니다 🍺
nv_1751944768,사운드온더펍 뚝섬유원지점,건대,호프/통닭,,222,,,"우연찮게 찾은 집앞 사운드펍!!
I찾던 pa 가 있어서 넘 좋아요
맥주 종류도 다양하고, 기네스도 맛있어요
아지트 로 당첨!! 종종 방문할게요 😊🫶"
nv_1751944768,사운드온더펍 뚝섬유원지점,건대,호프/통닭,,222,,,좋아요 운동하는 친구들과
nv_1751944768,사운드온더펍 뚝섬유원지점,건대,호프/통닭,,222,,,재방문이용💚💚💚💚💚💚
nv_1751944768,사운드온더펍 뚝섬유원지점,건대,호프/통닭,,222,,,자주 오는 펍❤️ 우선 맥주종류가 올때마다 바뀌어서 새로운거 맛보는 재미가 있고 음악도 듣고싶은 리스트를 적어서 드리면 틀어주셔서 좋아요! 자양동 음악맥주 맛집이요!
nv_2075839225,인쌩맥주 건대점,건대,호프/통닭,,253,,,"음식 맛있고 술 먹을 분위기 좋아욜



젠탑 샹각보다 잘생김"
nv_2075839225,인쌩맥주 건대점,건대,호프/통닭,,253,,,메뉴도 너무 다양한데 맛도 너무 좋고 가격도 착해서 언제든 편하게 올 수 있는 곳인 것 같아요!! 특히 사장님도 너무 친절하셔서 너무 좋았습니다ㅠㅠ 다른 직원분들도 메뉴에 대해서 여쭤보면 너무 친절하게 대답해주세요 앞으로 많이 방문하게 될 것 같아요😍😍
nv_2075839225,인쌩맥주 건대점,건대,호프/통닭,,253,,,계속 오고 싶었던 곳인데 북적북적 하고 쫀득감자 너무 맛있어요! 필요한 거 말씀드리면 반영도 잘 해주세요
nv_2075839225,인쌩맥주 건대점,건대,호프/통닭,,253,,,가성비도 좋고 분위기도 좋아요!! 안주도 너무 맛있어서 자주 찾는 술집인 거 같아요💓💓
nv_2075839225,인쌩맥주 건대점,건대,호프/통닭,,253,,,기본안주 너무 좋고 안주도 다 맛있고 노래도 너무 좋아요❤️ 최애 술집💖💖
nv_2075839225,인쌩맥주 건대점,건대,호프/통닭,,253,,,"퇴근하고 자주 오는
건대 맛집입니다
사장님 점장님 매니저님 모두
항상 웃으면서 반겨주십니다

안주 너무싸고 맛있습니다
1층 2층 왔다갔다 다니는게
정말 재밌습니다

건대술집 최고!
매장 깨끗하고 가성비도 좋고
그냥 너무 좋습니다
건대입구역에서도 가깝고
생맥주도 엄청 시원합니다
문 다 열어주셔서
야장은 없지만
야장 맛집입니다
야장 분위기 충분히 나서 좋습니다

감사합니다
🧚‍♂️🙆‍♂️🧚‍♂️🙆‍♂️🧚‍♂️🙆‍♂️🧚‍♂️🙆‍♂️🙆‍♂️
(내돈내산)"
nv_2075839225,인쌩맥주 건대점,건대,호프/통닭,,253,,,"얼큰김치수제비 주문했는데 국물으 칼칼하고 시원해서
술안주로 딱 좋았어요!
수제비도 쫄깃하고 김치 맛이 잘 살아있어서 계속 먹게되는 맛이에요
다음에 인쌩맥주 오면 주문하고싶어지는 메뉴였습니다 :)"
nv_2075839225,인쌩맥주 건대점,건대,호프/통닭,,253,,,"22만 유튜버 출신 젠틀한탑이 항시 상주하는 인쌩맥주 건대점!

평소 인쌩맥주를 좋아해서 이곳 저곳 자주 가봤는데, 건대점은 분위기도 좋고 사장님께서 응대도 잘 해주시면서 서비스도 많이주셔서 너무 좋았어요💖

전체적으로 안주 종류가 많고 가성비 좋아서 소수로 와도 좋고, 인원 많을 때 여러 개 시켜서 나눠 먹기 좋은 곳이에요👍

건대입구에서 가격 부담 없이 이것저것 시켜 먹고 하이볼이랑 맥주까지 같이 즐기고 싶다면 인쌩맥주로! 강추합니다!"
nv_2075839225,인쌩맥주 건대점,건대,호프/통닭,,253,,,요기 맨날 오면 사장님이 젠탑이 있어서 너무 신기해요!그리고 이벤트도 소소하게 하니 받을때 너무 기분도 좋고 이쁜사람들이 너무 많아서 좋네요 ㅎㅎ
nv_2075839225,인쌩맥주 건대점,건대,호프/통닭,,253,,,"젠틀한탑님때문에 방문한 목적이 가장 컸는데
음식도 맛있고 젠탑님과 직원분들 모두 친절하셔서 벌써 두번째 방문했어요!
다들 제 홍합 하투 받으시고 건대오시면 방문 추천드려요💕"
nv_1701257652,뉴트로2010 건대점,건대,호프/통닭,,425,,,"분위기 짱 ㅎㅎ
월요일에 갔는데도
사람 좀 차있구
주말에가면 음악이 너무 시끄러운느낌
근데 태블릿으로 노는거 재밌어요 ㅎㅎ"
nv_1701257652,뉴트로2010 건대점,건대,호프/통닭,,425,,,"3차로 방문했는데 안주가 다양하고 가격도 착해서 부담없이 먹기 좋았어요
일단 매장이 깔끔하고 직원분들도 친절하셔서 술먹기 더 좋게 느껴지더라구요
가성비 좋은 안주 덕에 2,3차로 방문하기 좋아보여요"
nv_1701257652,뉴트로2010 건대점,건대,호프/통닭,,425,,,사실 제친구들이랑 저랑은 ㅋㅋ 여기 나가사키짬뽕탕 때매 오게되네요 ㅎㅎㅎ 진짜 이거랑 소주랑 마시면 ㅋㅋ 마시면서 해장되는 기분? 이랄까요? ㅋㅋ 분위기도 좋고 무엇보다 노래맛집이네요 ㅎㅎㅎ 추억돋고 좋아요 ㅋㅋ 직원분들도 친절하세요 ㅎㅎㅎ
nv_1701257652,뉴트로2010 건대점,건대,호프/통닭,,425,,,친구들이랑 자주 오는 곳이에요. 인테리어도 맘에 들고 안주들도 다 제스타일이에요. 치킨에 가볍게 한잔 하러 왔는데 ㅎㅎㅎ 어느새 세병정도 마시고 왔어요 ㅋㅋ 오랭만에 친구들 얼굴보고 약속장소로 정하기도 좋아요
nv_1701257652,뉴트로2010 건대점,건대,호프/통닭,,425,,,"저번에 친구들과 가보고 분위기 너무 신나서 재방문했어요. 핫플답게 사람들도 많고 음악도 신나고 너무 즐겁게 놀다왔습니다. 안주도 다양해서 여기서 1,2차 쌉가능! 음식들도 다 맛있고 술종류도 다양해요.
기본안주도 다양하고 직원분들도 친절했어요.
다음에 또 방문하겠습니다^^"
nv_1701257652,뉴트로2010 건대점,건대,호프/통닭,,425,,,"안주 종류가 다양해서 취향껏 즐길 수 있는 주점이에요
3차로 방문한거라 가벼운 안주 생각하고 갔는데 육회가 있다니.. 진짜 안주 다양한거 너무 마음에 드는 요소입니다
매장도 깔끔해서 친구든 직장동료든 누구와 함께와도 부담없어요"
nv_1701257652,뉴트로2010 건대점,건대,호프/통닭,,425,,,평일에도 생각보다 사람이 많네요
nv_1701257652,뉴트로2010 건대점,건대,호프/통닭,,425,,,"뉴트로2010 건대점 친구들과 함께 다녀왔는데 분위기가 아주 레트로하고 조명이 화려해서 간만에 신나게 즐기다왔네요🤣🤣 입구부터 2010년대 감성이 물씬 느껴지고, 인기 가요가 계속 나와서 기분 좋게 즐길 수 있어요. 안주는 생각보다 양도 많고 맛있고, 안주랑 주류 종류도 다양해서 골라 마시는 재미가 있습니다! 다음에 건대에서 모임할 일이 있다면 또 방문하고 싶어요. 😆"
nv_1701257652,뉴트로2010 건대점,건대,호프/통닭,,425,,,"그냥 헌포 ..!~~ 2010년대노래만 나오진않고
요즘노래꺼지 골고루나와요
화장실 남녀분리되있어요"
nv_1100168303,위너스 베네핏 건대본점,건대,호프/통닭,,317,,,매장 분위기 좋고 깔끔해요!!재밌게 플레이 하고 가용!
nv_1100168303,위너스 베네핏 건대본점,건대,호프/통닭,,317,,,매장 분위기도좋고 게임재밌게 하고가요~~!
nv_1100168303,위너스 베네핏 건대본점,건대,호프/통닭,,317,,,재밌고 혼자와도 참 좋아요!!
nv_1100168303,위너스 베네핏 건대본점,건대,호프/통닭,,317,,,노래 좋고 게임치기 좋아요 재방문 하겠습니다
nv_1100168303,위너스 베네핏 건대본점,건대,호프/통닭,,317,,,매장이쁘고 분위기 좋네요오~~~~~~
nv_1100168303,위너스 베네핏 건대본점,건대,호프/통닭,,317,,,직원분들이 친절하세요
nv_1100168303,위너스 베네핏 건대본점,건대,호프/통닭,,317,,,"분위기 좋고 직원분들도 친절해서 편하게 즐기다 왔어요. 초보자도 부담 없이 방문하기 괜찮은 곳 같습니다 😊
• 매장 깔끔하고 게임 진행도 매끄러웠어요. 친구들이랑 재밌게 시간 보내기 좋았습니다!
• 음료 종류 다양하고 분위기가 좋아서 오래 머물기 좋았어요. 직원 응대도 친절해서 만족했습니다.
• 처음 방문했는데 설명도 잘 해주시고 분위기가 좋아서 재방문 의사 있습니다 👍
• 내부가 넓고 쾌적해서 편하게 즐길 수 있었어요. 사람들도 많아서 활기찬 분위기였습니다."
nv_1100168303,위너스 베네핏 건대본점,건대,호프/통닭,,317,,,직원분들 친절하십니당
nv_1100168303,위너스 베네핏 건대본점,건대,호프/통닭,,317,,,포커가 너무 재밌어용 사람들도 너무 친절하시고 다음에 또 올거 같아용!!
nv_1100168303,위너스 베네핏 건대본점,건대,호프/통닭,,317,,,"홀덤치러 오기 좋아요
친절하고 혼자와도 재밌게 칠 수 있어요"
nv_1100168303,위너스 베네핏 건대본점,건대,호프/통닭,,317,,,처음 와봤는데 설명도 친절하고 좋아요 최고입니다
nv_1100168303,위너스 베네핏 건대본점,건대,호프/통닭,,317,,,시설도 너무 좋고 직원분들이 친절하게 교육해주셔서 쉽게 접하게되었습니다 !! 굿
nv_1100168303,위너스 베네핏 건대본점,건대,호프/통닭,,317,,,이색적인 놀거리로 추천해요!! 재미있어요😁
nv_1100168303,위너스 베네핏 건대본점,건대,호프/통닭,,317,,,처음와봤는데 깨끗하고 좋아요!! 직원분들도 친절하셔요!!
nv_1100168303,위너스 베네핏 건대본점,건대,호프/통닭,,317,,,처음 방문했는데 친절하게 알려주시고 재밌게 게임했어요!! 잘 알려쥬신 덕분에 좋은패 얻어서 해볼수있눈거 다해봤어요!! 저 에이스포카드 덕분에 올인도 해봤어요👍
nv_1100168303,위너스 베네핏 건대본점,건대,호프/통닭,,317,,,딜러님이 너무 친절하시고 매장이 매우 깨끗합니다
nv_1100168303,위너스 베네핏 건대본점,건대,호프/통닭,,317,,,미녀의 여성딜러님이 너무 친절해요><
nv_1100168303,위너스 베네핏 건대본점,건대,호프/통닭,,317,,,"직원분들이 정말 친절해서 처음 방문했는데도 편하게 즐길 수 있었어요.
매장 분위기도 깔끔하고 게임하기에 쾌적했습니다.
진행도 매끄럽고 전반적으로 관리가 잘 되어 있다는 느낌이 들었어요.
다음에도 친구들이랑 다시 방문하고 싶은 곳입니다"
nv_1100168303,위너스 베네핏 건대본점,건대,호프/통닭,,317,,,"홀덤펍 처음 방문했는데 다들 친절하게 설명해주시고, 즐겁게 게임해서 좋았습니다"
nv_1100168303,위너스 베네핏 건대본점,건대,호프/통닭,,317,,,처음왔는대 분위기 좋아요 홀덤 직원분들 친절하게 잘해주고 착하게해주세요 친절하게 혼자 다 편하게 와서 친해지면좋아요
nv_1100168303,위너스 베네핏 건대본점,건대,호프/통닭,,317,,,친절하시고 재밋는 분위기를 만들어주세요
nv_1100168303,위너스 베네핏 건대본점,건대,호프/통닭,,317,,,"인테리어도 멋지고 분위기도 너무 좋아요~~!
직원분들도 친절하시고 사람도 많아요~~!~!"
nv_1100168303,위너스 베네핏 건대본점,건대,호프/통닭,,317,,,"매장 분위기도 좋고 친절해여
글구 다들 재밌게 쳐서 좋아여 또 올게용🤗"
nv_1100168303,위너스 베네핏 건대본점,건대,호프/통닭,,317,,,친구들이랑 왔는데 친절하시고 분위기도 좋아서 재미있게 놀다가 가는거 같아요 또 올게요 !.!
nv_1100168303,위너스 베네핏 건대본점,건대,호프/통닭,,317,,,처음인데 친절하게 가르쳐 주셔서 잘 배우고 갔습니다~
nv_1100168303,위너스 베네핏 건대본점,건대,호프/통닭,,317,,,매장도 넓고 직원들도 친절해요
nv_1100168303,위너스 베네핏 건대본점,건대,호프/통닭,,317,,,"건대에 지나가다 봐서 들어왔는데 매장도 깔끔하고
직원 분들도 친절하셔서 자주 올거같아요"
nv_1100168303,위너스 베네핏 건대본점,건대,호프/통닭,,317,,,"처음 와 봤는데 너무 친절하시고 재밌어요! 어려운 분위기가 아니라 혼자서도 충분히 즐길 수 있을것 같아요
재방문 100프로 입니다!"
nv_1100168303,위너스 베네핏 건대본점,건대,호프/통닭,,317,,,재밌게 칠 수 있는 곳입니다. 추천합니다!
nv_1100168303,위너스 베네핏 건대본점,건대,호프/통닭,,317,,,음료랑 스낵 종류도 다양하고 맛있어서 놀랐어요. 게임하면서 가볍게 한잔하기 딱 좋습니다. 딜러분들 진행 능력이 좋으셔서 게임 내내 웃음이 끊이지 않았네요. 칩 쌓아두고 사진 찍으면 인스타 감성 제대로 나옵니다.
nv_1100168303,위너스 베네핏 건대본점,건대,호프/통닭,,317,,,가게가 너무 깔끔하고 만두가 맛있어요!
nv_1100168303,위너스 베네핏 건대본점,건대,호프/통닭,,317,,,친절하시고 게임하기 너무 좋아요
nv_1100168303,위너스 베네핏 건대본점,건대,호프/통닭,,317,,,홀덤이 처음인데도 룰을 잘 설명해주셔서 너무 좋았어요! 강추해요 ㅎㅅㅋ
nv_1100168303,위너스 베네핏 건대본점,건대,호프/통닭,,317,,,친구들끼리 즐겨하다가! 매장에찾아와서 해보고있는데 잘알려주시고 친절하셨어요!
nv_1100168303,위너스 베네핏 건대본점,건대,호프/통닭,,317,,,"인테리어도 깔끔하고, 무엇보다 쾌적하고 친절해서 좋아요!"
nv_1100168303,위너스 베네핏 건대본점,건대,호프/통닭,,317,,,분위기 편안하고 혼자 처음 가도 잘 적응할수 있었어요 ㅎㅎ!
nv_1100168303,위너스 베네핏 건대본점,건대,호프/통닭,,317,,,매장도 넓고 쾌적하고 직원분들 넘 친절해요. 칵테일 맛집에 노래 선곡까지 센스 미쳣슴니다~
nv_1100168303,위너스 베네핏 건대본점,건대,호프/통닭,,317,,,되게 친절하게 알려주시고 쾌적해서 너무 좋아요!
nv_1100168303,위너스 베네핏 건대본점,건대,호프/통닭,,317,,,친구랑 방문했는데 매장이 깔끔하고 홀덤치기 너무 좋아요!! 건대오면 한번 방문하세요!!
nv_1100168303,위너스 베네핏 건대본점,건대,호프/통닭,,317,,,매장 분위기가 깔끔하고 좋아요
nv_2006172191,ROVE26,건대,호프/통닭,,32,,,"신상 일본어 토킹펍!
기존 일본어 토킹펍들이 서울 서쪽에만 포진해있어서 방문이 난감했던 강동, 강남권 사람들에게 금싸라기같은 곳
매니저들 한국어 실력도 출중하고 안주도 맛있게 내오는 편이어서 좋아용"
nv_2006172191,ROVE26,건대,호프/통닭,,32,,,술을 혼자 자주 마시다가 이렇게 좋은 혼술 바를 만나게 되어서 너무 행복합니다 일본 유학 다녀오신 사장님과 일본 스텝분들과의 소통이 너무 즐겁고 다른 고객님들과 친해질 수 있는 자리이기도 해서 자주가 아닌 매일 가고 싶은 술집이 되었어요 ! 좌석이 14개 뿐이라 더 유명해지면 오픈시간에 맞춰서 가야할 것 같아 슬프지만 많은 분들에게 알려졌으면 좋겠어요 !
nv_2006172191,ROVE26,건대,호프/통닭,,32,,,"안주 메뉴가 생겨서 저녁까지 같이 해결하고 좋아요
언제나 즐겁게 놀다 갑니다"
nv_2006172191,ROVE26,건대,호프/통닭,,32,,,"너무 즐거운 시간이었어요
일본인 직원분들, 사장님과 같이 대화하는게 즐거운 곳이었습니다
일본 꿀팁이나 이야기들 문화에 대해서도 많이 얘기할 수 있어서 좋았어요
술도 일본에서 마시던 맛 그대로여서 너무 맛있었습니다
앞으로도 많이 놀러가고 싶은 곳이에요 자주 놀러갈게요!"
nv_2006172191,ROVE26,건대,호프/통닭,,32,,,"콘카페나 걸즈바 그런 느낌은 아니고, 그냥 편하게 술마시는 바. 좋아요."
nv_2006172191,ROVE26,건대,호프/통닭,,32,,,"맛잇고 재밋고 친절합니다

일본어로 대화가 가능합니다"
nv_2006172191,ROVE26,건대,호프/통닭,,32,,,"일본어 못해도 되는 일본어 토킹바
배달음식지참이 가능합니다
술좋아하는 옆집에서 술마시는 느낌 👌👍"
nv_2006172191,ROVE26,건대,호프/통닭,,32,,,"직원분들 너무귀엽고예쁘십니다!
일본분들이셔서 신기하기도 하고
새롭네요!
즐겁게수다 떨고 갑니다!
재방문의사2000%입니다
다음에 또 놀러갈게요~~"
nv_2006172191,ROVE26,건대,호프/통닭,,32,,,사장님 진짜 친절 하시고 스태프분도 진짜 텐션좋고 재미있습니다 그리고 bar라고는 하지만 진짜 가볍게 맥주 마시면서 재미있게 놀수있는 펍이라고 생각해도 괜찮을꺼같아요 일단 한번 들려 보세요^^
nv_2006172191,ROVE26,건대,호프/통닭,,32,,,"오징어 너무 맛잇어서 곱빼기로
요즘 최애가게"
nv_1864336491,역전할머니맥주 서울건대역점,건대,호프/통닭,,631,,,"🍠 고구마프라이즈

간단하게 맥주 한 잔하러 가기 좋아요! 고구마프라이즈는 달달하니 자꾸 손길이 가는 중독적인 맛이었고 맥주 안주로 좋았어요!"
nv_1864336491,역전할머니맥주 서울건대역점,건대,호프/통닭,,631,,,너무 맛있어서 2kg찜
nv_1864336491,역전할머니맥주 서울건대역점,건대,호프/통닭,,631,,,좌석 은근많고 넓어서 굿굿
nv_1864336491,역전할머니맥주 서울건대역점,건대,호프/통닭,,631,,,가성비좋고 다양한 메뉴 먹을수 있어요
nv_1864336491,역전할머니맥주 서울건대역점,건대,호프/통닭,,631,,,맥주가 시원해서 좋네요
nv_1864336491,역전할머니맥주 서울건대역점,건대,호프/통닭,,631,,,"간단하게 먹기 좋아요~
다만 테이블 사이간격이 좁아서 시끄럽고 대화에 집중하기엔 좀 아숴워요."
nv_1864336491,역전할머니맥주 서울건대역점,건대,호프/통닭,,631,,,포장부터 매장까지 모두 만족하는곳입니다
nv_1864336491,역전할머니맥주 서울건대역점,건대,호프/통닭,,631,,,"치즈 라볶이 범벅세트+4색전 시켜서 먹었습니다!!!
가성비 최고고 맛있어요!!! ❤️💙💛💚
라볶이 범벅세트에서 튀김은 속이 꽉 찬 만두2개, 새우볼3개, 김말이 6개정도(?) 였던것 같아요! 바삭하니 튀김 자체로도 맛있었고 떡볶이에 찍어먹엇더니 더 맛있었습니다! 4색전은 김치전, 옥수수전, 부추전, 치즈감자전 이렇게 구성이 되어있고 바삭하니 맛있었어요! 너무 튀긴느낌도 없지않아 있었지만 맛있게 잘 먹었습니다! 개인적으로 옥수수전이 제일 맛있었어욥(단짠단짠!)!! 홀서빙 직원분들이 조금 불친절해서 기분이 상했지만, 그래도 맛있고 배부르게 먹고 나왔습니다!"
nv_1864336491,역전할머니맥주 서울건대역점,건대,호프/통닭,,631,,,"직원이 심하게 불친절해요.
기분이 안좋아보이고 지나가면서 욕을하고 무서웠습니다.
다른테이블에서 컴플레인을 한 것 같은데 손님 소리는 안들리고 직원이 소리지르는 소리밖에 안들리던데; ㅋㅎ.. 요즘 어린알바생은 쉽지않네~ 생각하며 호다닥 계산하고 나왔는데 너무 별로고 무서워서 다시 못갈 것 같고 그래요. 알바생이랑 다이다이 떠서 이길 수 있는 강한 자들만 가시길 바람돠 ㅋㅋㅋ"
nv_1864336491,역전할머니맥주 서울건대역점,건대,호프/통닭,,631,,,간단하게 한잔하러 가기 좋은곳
nv_1864336491,역전할머니맥주 서울건대역점,건대,호프/통닭,,631,,,"🦑 버터구이오징어입

2차로 간단하게 술 마시고 가려고 방문했어요! 항상 궁금했던 안주인 ‘오징어입‘를 드디어 먹어봤네요! 짭짤하면서도 달달한게 맥주랑 정말 잘 어울렸어요 🙆🏻"
nv_1864336491,역전할머니맥주 서울건대역점,건대,호프/통닭,,631,,,"🍚 직화오돌뼈 & 참치주먹밥
🍖 모듬소세지
🥔 갈릭빠다포테이토

‘직화오돌뼈 & 참치주먹밥‘ 메뉴는 역전에서 처음 먹어봤는데 엄청 매콤하고 중독성 강한 맛이었어요! 건대에 놀러가면 매번 여기 매장에 방문하는 것 같은데 건대입구역 2번 출구랑도 나름 가까워서 접근성도 좋고 매장도 꽤 넓어서 좋아요!"
nv_1864336491,역전할머니맥주 서울건대역점,건대,호프/통닭,,631,,,맥주는 할맥이 맛있어요 건대에서 할맥도 매우 좋았습니다 😀😃😄😁
nv_1864336491,역전할머니맥주 서울건대역점,건대,호프/통닭,,631,,,친절해서 항상 편하게 지내다 갑니다
nv_1864336491,역전할머니맥주 서울건대역점,건대,호프/통닭,,631,,,장시 이야기 나누기는 좋았어요
nv_1864336491,역전할머니맥주 서울건대역점,건대,호프/통닭,,631,,,역전 맥주가 맛났어요
nv_1864336491,역전할머니맥주 서울건대역점,건대,호프/통닭,,631,,,더운 여름엔 역전할매 얼음맥주 👍
nv_2088285159,KMGM 건대점,건대,호프/통닭,,24,,,"매장 분위기도 쾌적하고 딜러분들이 게임 진행을 매끄럽게 잘해주셔서 정말 재미있게 즐겼습니다. 서비스도 좋고 칩 만지는 맛이 있어서 조만간 친구들이랑 또 방문할 예정이에요!"""
nv_2088285159,KMGM 건대점,건대,호프/통닭,,24,,,"재밌게 즐겁게 놀다갑니다!! 잘몰랐는데 처음부터 다 알려주셔서 좋았어요!
음식 도 시켜주시고 맛있게 먹으면서 놀았네요 또올게요!!"
nv_2088285159,KMGM 건대점,건대,호프/통닭,,24,,,"분위기 좋고 직원분들도 친절해서 편하게 즐기다 왔어요 😊
처음 방문했는데도 설명 잘 해주셔서 부담 없이 게임할 수 있었고, 매장도 깔끔해서 만족했습니다!
술이랑 안주도 괜찮고 사람들 분위기도 좋아서 시간 가는 줄 몰랐네요 ㅎㅎ
다음에 친구들이랑 또 방문할 예정입니다 👍"
nv_2088285159,KMGM 건대점,건대,호프/통닭,,24,,,홀덤펍은 처음인데 너무 잘 알려주셔서 너무 재밌게 게임했습니다! 홀덤 잘 모르는 초보자분들도 이해하기 쉽게 설명 너무 친절하게 잘알려주셔서 오래오래 즐기다갑니다🥰 홀덤 처음이어도 지인분들이랑 이색 체험해보고 싶거나 혼자셔도 오시면 너무 친절하게 잘 알려주시니까 꼭 와보시길 추천드립니다🙌😆
nv_2088285159,KMGM 건대점,건대,호프/통닭,,24,,,"KMGM 건대점 방문하고 정말 만족해서 리뷰 남깁니다.
처음 방문했는데 분위기부터 굉장히 세련되고 깔끔해서 좋았어요.
매장 내부가 넓고 쾌적해서 오래 있어도 불편함이 없었습니다.
직원분들도 친절하게 응대해주셔서 처음인데도 편하게 즐길 수 있었어요.
전체적으로 관리가 잘 되어 있다는 느낌을 많이 받았습니다.
음악이나 조명 분위기도 너무 과하지 않고 딱 좋았어요.
친구들이랑 같이 방문했는데 다들 만족도가 높았습니다.
시설 상태도 깔끔하고 정돈이 잘 되어 있어서 인상 깊었어요.
중간중간 필요한 부분도 빠르게 도와주셔서 편했습니다.
위치도 좋아서 접근성이 정말 괜찮은 편입니다.
건대에서 분위기 좋고 깔끔한 곳 찾는다면 추천하고 싶어요."
nv_2088285159,KMGM 건대점,건대,호프/통닭,,24,,,"건대점 KMGM 다녀왔는데 분위기 진짜 좋았어요.
매장도 깔끔하고 직원분들도 친절해서 편하게 이용했습니다.
처음 가봤는데 설명도 잘해주시고 응대가 빠른 편이라 만족했어요.
시설 관리가 잘 되어있는 느낌이라 전체적으로 쾌적했습니다.
친구들이랑 같이 갔는데 다들 괜찮다고 하더라고요.
위치도 찾기 쉬워서 방문하기 편했습니다.
기다리는 시간도 길지 않아서 좋았어요.
가격 대비 만족도가 높은 곳이라고 생각합니다.
다음에도 건대 근처 가면 또 방문할 의향 있어요.
전체적으로 서비스, 분위기, 시설 다 만족스러운 곳이었습니다."
nv_2088285159,KMGM 건대점,건대,호프/통닭,,24,,,매장이 청결하고 딜러분들도 친절하십니다. 음식도 배불리 먹었어요~~~!! 다음에 또 와서 홀덤하고 싶네용
nv_2088285159,KMGM 건대점,건대,호프/통닭,,24,,,시설 너무 깨끗하고 직원분들 너무 너무 친절합니다 분위기도 좋고 혼자와서 부담없이 편하게 즐기기도 좋아요
nv_2088285159,KMGM 건대점,건대,호프/통닭,,24,,,벌써 캠지온지 3달! 너무 신나게 홀덤 하고 있는 중입니다. 형 누나 동생 친구들도 많이 사귀고 홀덤 시작한거 절대 후회 안할 듯 하네요! 인생 다섯손가락에 가지고 갈 만큼 좋은 추억 기억들 입니다 ㅎㅎ가게 안에 있는 홀덤포오레초보모임도 너무 좋고 이제 초보 티를 벗어나는것같아요 슬슬 큰대회 까지 욕심내기!! 신남/^^
nv_2088285159,KMGM 건대점,건대,호프/통닭,,24,,,"홀덤치러 건대kmgm놀러오세요.
아름다운 사장님이 쉽게 교육해주십니다.
처음인데 갈지말지 고민이신분들 고민없이 오세요
저도 완전 처음인데 너무재밌습니다..
다음에 또 갈게요~~!"
nv_2046166522,브레빌 카페앤스토어 성수,건대,카페 디저트,,269,,,"브레빌 머신 장만하려고 고민 중인데 굉장히 만족스로웠습니다~! 지금 신세계 백화점 강남점에서 진행하는 브레빌 팝업 스토어도 가봤는데, 아무래도 직접 추출도 해보고 우유 스티밍 기능도 확인해보고 싶었거든요. 해당 체험 클래스를 통해 궁금한 점도 바로 물어볼 수 있었고, 기기도 직접 조작할 수 있어서 좋았습니다!
강사님께서 너무 친절하시고, 실시간으로 멋진 로제타 아트도 해주셔서 감동받았어요🥰

브레빌 기기 고민하시는 분들이라면 굉장히 도움될 것 같아요! 추천합니다👍"
nv_2046166522,브레빌 카페앤스토어 성수,건대,카페 디저트,,269,,,"오늘은 일 년에 몇 번 없는 자유남편의 날에 방문했어요. 브래빌 반자동 머신 맞춤 컨설팅을 예약하고 성수 매장을 찾았습니다. 신혼 때 구입한 870이 5년째 고장이 안나서(?) 바꾸질 못하고 아직도 잘 쓰고 있는데, 새로 나온 모델을 직접 보고 싶었어요.
최근 잇섭님 리뷰로 본 브래빌 오라클 제트를 상담받았습니다

장혜민 매니저님의 친절한 설명 덕분에 머신에 대한 이해도가 높아졌습니다. 영상으로 설명 듣는것 보다, 실제로 제품을 보고 조작해볼 수 있는게 좋았아요. 매니저님 도움으로 분쇄도에 따른 맛 차이와 여러 레시피를 경험해볼 수 있었는데요, 개인적으로는 콜드 브루가 제 취향에 잘 맞았습니다. 감사합니다!

실제 브레빌 구입을 희망하시는 분들은 구입 전에 꼭 한 번쯤 들러보시는 것 추천드립니다!"
nv_2046166522,브레빌 카페앤스토어 성수,건대,카페 디저트,,269,,,"친절하고 재밌는 설명 감사합니다!
열심히 공부해서 만들어 주신 것처럼 맛난 라떼 맨들어볼게요:)
첫 브레빌 구매 너무 만족합니다~"
nv_2046166522,브레빌 카페앤스토어 성수,건대,카페 디저트,,269,,,정보가 많이 없는상태로 방문했는데 주성희 매니저님이 머신들 특징 차이점 커피 내리는방법 너무 친절하고 이해하기 쉽게 설명해주셔서 편하게 원데이 클래스 수강한거 같아요! 다음 프로모션때 구매하고 싶어요 감사합니다!! 다들 방문해보시면 좋을거 같아요
nv_2046166522,브레빌 카페앤스토어 성수,건대,카페 디저트,,269,,,"브레빌 반자동 커피 머신 구매 전에 컨설팅받아보고자 예약하고 방문했습니다.
예약제로 한 팀씩 운영되어서 편안한 분위기에서 집중하면서 들을 수 있었어요!
특히 이번에 컨설팅 진행해주신 주성희 매니저님이 아주 친절하고 상세하게 알려주셔서 너무 만족스러웠습니다~🤗
커피 머신 뿐만아니라 커피 자체에 대한 개념들도 전문적으로 많이 알려주셔서 좋았어요.
좀 더 고민해보고 구매하게된다면 성수점에서 구매하고 다른 클래스도 들어보고 싶네요👍🏻☺️"
nv_2046166522,브레빌 카페앤스토어 성수,건대,카페 디저트,,269,,,"브레빌 카페와 쇼룸이 함께 있는 곳이라 기다리면서
설명듣고 좋았어요
브레빌 고민중이시라면 무조건 예약하고 설명듣고 구매하시길 추천해요 한시간동안 알차고 이해쉽게 설명해주시니 인터넷 구매했으면 어쩔뻔했나 싶더라구요
고민하던거 결제하고 기분좋아요"
nv_2046166522,브레빌 카페앤스토어 성수,건대,카페 디저트,,269,,,"요즘 홈카페에 관심이 생겨서 브레빌 카페 컨설팅을 받아보고 왔어요.
처음에는 커피머신이 어렵지 않을까 걱정했는데, 상담해주신 바리스타 분이 정말 친절하게 설명해주셔서 너무 편하게 체험할 수 있었어요 :)

커피머신 종류부터 에스프레소 추출 방법, 우유 스팀까지 하나하나 직접 보여주시면서 설명해주셨는데 초보자도 이해하기 쉽게 알려주셔서 좋았어요.
특히 브레빌 머신은 추출 과정이 안정적이고, 스팀도 부드럽게 잘 나와서 라떼 만들기에도 좋다고 하시더라구요.

직접 커피도 내려보고 맛도 볼 수 있었는데, 확실히 집에서 마시는 커피랑은 또 다른 느낌이라 홈카페 욕심이 더 생겼어요 ♡ 자세하게 설명해주셔서 감사해요!"
nv_2046166522,브레빌 카페앤스토어 성수,건대,카페 디저트,,269,,,"브레빌 에스프레소 머신을 구입하고 나서 제대로 사용하고 싶어서 신청한 클래스예요
브레빌 매장에서 하는 클래스라서 너무 좋더라구요
운 좋게도 제가 집에서 사용하는 머신과 동일한 머신으로 수업을 받을 수 있었어요
집에서 하는 방법에서 교정도 받고 샷 내리는 법,스팀치는 법, 청소하는 법 등 그동안 궁금했던 점을 모두 물어봐서 알찬 수업을 받았습니다
너무 좋더라구요
브레빌 머신이 집에 있는 분들은 한번 들어보시는 걸 강추합니다!!"
nv_2046166522,브레빌 카페앤스토어 성수,건대,카페 디저트,,269,,,"브레빌 1년간 이용하다 궁금한 부분이 있어 여쭤보러갔는데 1시간 30분 동안 수업받고 나왔습니다ㅋㅋㅋㅋ
제가 이용하는 방법 들으시더니 의자를 준비해주시고 제 추출방법부터 좋은 커피의 맛을 구별하는 방법까지 돈 주고도 못배울 수업이였네요.
퇴근시간도 지나셨을텐데 무지한 저를 구원하시겠다는 일념 하나로 하나하나 세세하게 원두 선택방법, 노트 구별하는 방법, 분쇄도 설정, 레벨링, 채널링, 추출량까지 가르쳐주시고 숙제까지 내주셨어요 ㅎㅎ
앞으로 더 재밌고 맛있는 커피생활을 할 수 있을 것 같습니다. 선생님 되게 만나기 어려운 분이라던데 너무 영광이였습니다. ◡̎"
nv_2046166522,브레빌 카페앤스토어 성수,건대,카페 디저트,,269,,,"브레빌머신 구매 후 2개월정도 사용한후에
방문했는데 정말 최고의 교육이었습니다

라떼아트 강의 전 그동안 내가 어떻게 브레빌을 써왔는지 체크 및 저에게 맞는 에스프레소 내리는 방법과 머신 관리법을 좀 더 깊이있게 알려주세요

그리고 제 스타일에 맞춰서 라떼수업을 알려주시는데 그간 유투브를 통해 봐왔던 라떼아트 영상에서 궁금했던점도 속시원히 알려주시고
오하려 더 쉽고 간편하게 잘 알려주십니다

가장 감동받았던건 저도 포기한 제 똥손을 안포기하셨다는거
더 해보고 싶었는데 미안해하니까 상관없다며
계속 알려주시고 결국 해낼때까지 알려주셨다는거
덕분에 저희집 브레빌 머신에 알맞는 스티밍괴 라떼아트를 배운거 같아서 정말 좋았습니다

알려주신 선생님도 정말 대단한 분이셔서 정말 더 알찼던 교육이었던거 같습니다"
nv_1043191069,투또톤토,건대,카페 디저트,,1,,,"작업 가능한 건대입구역 근처 카페를 찾다가
보물같은 장소를 발견했어요
1층에는 힙한 감성이 있고 지하1층에는 작업이 가능한 공간이 있습니다
지하1층에 좌석마다 콘센트가 있어서 노트북을 편리하게 이용할 수 있어서 좋았습니다
다음에 또 방문 하고 싶아요!"
nv_1043191069,투또톤토,건대,카페 디저트,,1,,,"두번째 방문입니다. 에스프레소 말고 오늘은 좀 더 부드럽게 라떼로 ~
다른 것도 먹어보고 싶은데 아침 일찍이라 커피만 마셨네요
분위기 좋아요. 가까우면 자주 오고 싶어요. 랩도 공부하기 일하기 너무 좋을듯."
nv_1043191069,투또톤토,건대,카페 디저트,,1,,,"에쏘 에르브멘타라고 첨 마셔봤는데 민트 좋아하는 사람은 극호일듯
커피를 마시면서도 상큼함과 상쾌함을 느낄수있어요
출장온김에 버터떡 맛집이라고 해서 방문해서 8개 구매하고 아몬드 비스코티도 맛있어보여서 구매했어요 직원들 가져다주려구요
추천해도 될만한 까페인듯!!"
nv_1043191069,투또톤토,건대,카페 디저트,,1,,,"오픈런ᆢ
커피 너무너무 맛있고 베이커리 및 샌드위치도 가성비 좋고 너무 맛있다~
직원분들도 친절하셔서 더 기분 좋은 까페~♡"
nv_1043191069,투또톤토,건대,카페 디저트,,1,,,"#투또톤토 #투또톤토 시나몬 카푸치노
#뱅쇼 빈 브롤레 #피칸 타르트 #카놀리 헤이즐넛

저녁 식사 후 후식 먹으러 투또톤토 오랜만에 왔어요~
배경음악도 잔잔하게 흘러나와서
아무생각 없이 편한 시간 보낼 수 있었어요 🎵

날이 추워져 따뜻한 시나몬 카푸치노와 뱅쇼를
마시게 되었습니다
달콤하고 상큼한 맛에 계속 마시게 되더라구요 ☕️

피넛 타르트는 이름처럼 호두로 속이 꽉차있었고
카놀리 헤이즐넛은 헤이즐넛 토핑에 속은
크림이 담겨있어 초코화임 먹는 듯 했어요 🥐

🌕 Have a Good Time in tuttotonto 🌟"
nv_1043191069,투또톤토,건대,카페 디저트,,1,,,"크로와상 샌드위치 먹으며 작업하러왔어요
늘 맛나고 가성비 좋은 세트메뉴가 있어서 너무 좋아요
오늘도 맛난 커피 마시며 조용히 작업하다 갑니다"
nv_1043191069,투또톤토,건대,카페 디저트,,1,,,"건대오면 무조건 들르는 커피맛집 투또톤토~☕️
오늘은 라떼대신 에쏘 만돌라 너티로 주문해봤는데 달콤하고 고소한게 넘 맛있네요!!!
애플크림치즈 타르트도 취향저격~😋"
nv_1043191069,투또톤토,건대,카페 디저트,,1,,,"건대 앞에 넓고 분위기 좋은 카페가 있어서 청모하고 온 적이 있었는데, 오늘은 혼자 여유롭게 나들이 나와서 만끽했어요. 소금빵 잠봉뵈르는 진짜 말도 안 되게 맛있구ㅜㅜ디저트도 하나같이 다 예쁘고 맛있어요ㅜㅠㅜ 전에 성수에서 버터떡 사고 그저 그래서 실망했는데 여긴 연유를 코팅하기도 했고 더 쫀득해서 너무 맛있네요ㅜㅜㅜ 근데 가격도 착함♥️💗"
nv_1043191069,투또톤토,건대,카페 디저트,,1,,,"별 다섯개인데 잘못 눌렸나봐요 ㅠㅠ

샌드위치 샐러드 모두 너무 맛있어요!!
신선한 재료들을 아낌없이 넣었다는 느낌.
커피도 맛있어서 원두도 항상 구매합니다."
nv_1043191069,투또톤토,건대,카페 디저트,,1,,,"빵 종류가 엄청 다양하고 맛있어요!
샌드위치랑 샐러드도 팔고 케이크도 파는거 같은데
제가 갔을땐 없었어요
발뮤다 토스터기 있어서 빵 데워먹을 수도 있고 지하1층은 진짜 공부하기 좋은 분위기예요. 자리마다 콘센트가 있고 10장까지는 무료 인쇄 가능합니다
커피도 종류가 다양해서 이것저것 먹어보고싶어요
다만 시그니처 커피는 옵션 변경 불가입니다(시럽 빼기)"
nv_1385247985,블리스테이블 스타시티몰점,건대,카페 디저트,,712,,,케익 많이 달지 않고 생크림도 달지 않아 딸기도 많고 맛있게 먹었습니다.선물하기 좋은 케익이예요
nv_1385247985,블리스테이블 스타시티몰점,건대,카페 디저트,,712,,,"올해 초에 구매하고 또 구매하네요 ㅎㅎ 딸기케이크
완전 추천입니당!! 다음엔 초코맛도 먹어야 겠어요!"
nv_1385247985,블리스테이블 스타시티몰점,건대,카페 디저트,,712,,,어버이날 기념으로 케이크 구매했는데 축하하기도 너무 좋고 예뻐서 맛있게 먹었어요! 선물용으로도 너무 추천합니다 딸기도 많이 들어있고 정말 맛있었어요😆
nv_1385247985,블리스테이블 스타시티몰점,건대,카페 디저트,,712,,,"딸기케이크 찾아 양평에서 왔어요 ㅋㅋㅋ
오늘 친한언니 생일이라 좋은날 맛난케이크 함께하고싶어서
처음 방문합니다.
이마트랑 같이있어서 다른먹거리도 사고, 구경할수 있어서 케이크만 사고 가는게.아니여서 좋네요 !
종종 이곳에 방문할듯해요 ㅋ"
nv_1385247985,블리스테이블 스타시티몰점,건대,카페 디저트,,712,,,기념일 케이크 예약했어요! 조금 일찍 픽업갔는데 친절하게 응대 해주시고 챙겨주셨네요🍓🎂미니사이즈는 식사 후에 먹기 딱 좋은 사이즈인거 같아요. 부모님이 크림 많이 안달아서 좋다고 맛있게 드셨어요. 담에 큰사이즈 먹자 하시네요😋 이번에 망고딸기케이크도 판매하시던데 담엔 망고케이크 사러 오겠습니다😘
nv_1385247985,블리스테이블 스타시티몰점,건대,카페 디저트,,712,,,"딸기 케이크 너무 맛있어요! 케이크 사야할 일 있으면 항상 여기 와요!! 딸기도 잔뜩 넣어주시고 특히 크림이 딸기랑 시트랑 넘 잘 어울려서 금방 다 먹어요😋😋부모님도 맛있다고 하셨어요!
선물용으로도 좋을 것 같아요🫶💞"
nv_1385247985,블리스테이블 스타시티몰점,건대,카페 디저트,,712,,,"이름대로 케이크 안에 딸기가 가득 차있더라구요

인위적인 단 케이크 싫어하는데, 이건 너무 달지도 않고 딱 맛있는 딸기 케이크 맛이에요 안내대로 차갑게 냉장보관 후 먹었습니다 😋✨

비쥬얼도 너무 예뻐서 특별한 날에 분위기 내기 좋습니다 덕분에 좋은 시간 보냈어요 :) 다음에 또 사러 올게용 🍰❤️"
nv_1385247985,블리스테이블 스타시티몰점,건대,카페 디저트,,712,,,건대케이크 맛집 블리스테이블! 케이크 완전 맛있어요 🤤🤤 크림도 담백하고 딸기도 신선해요~ 시트가 진짜 부드러워서 입에서 살살 녹아요! 안쪽까지 딸기가 듬뿍 들어있어서 신선한 딸기향 가득한 상큼하고 맛있는 딸기생크림케이크 에요 ❤️ 생크림도 고소하고 달지 않아서 남녀노소 누구나 좋아할 맛 😘😘 모양도 예쁘고 맛도 최고에요 👍👍
nv_1385247985,블리스테이블 스타시티몰점,건대,카페 디저트,,712,,,"매장 앞 지나가다가 비쥬얼 보고 홀려서 구매했는데, 너무 맛있게 잘 먹었어요 역시 블루리본린 이유가 있네요 ,,, 🎀💙

딸기도 너무 신선하고 크림도 막 인위적인 단 맛이 아니고 맛있었어요 안에도 딸기가 가득 채워져있어서 잘랐을 때 비주얼도 예쁘더라구용 🍰✨ 다음에는 딸기망고 케이트도 먹어봐야겠어요!!"
nv_1385247985,블리스테이블 스타시티몰점,건대,카페 디저트,,712,,,"기념일 케이크가 필요한데 마침 모임 장소 근처에 맛있어 보이는 딸기 생크림 케이크 단 한가지 종류만 판매하는 매장을 발견해서 얼른 구입했어요. 시각적으로도 예쁜데다가 싱싱하고 달콤한 딸기가 안밖으로 잔뜩 들어있고, 생크림도 느끼하지 않은 신선한 우유맛이 나서 모두 만족스럽게 감탄하면서 맛있게 먹었습니다♡"
nv_1256580169,도우터 건대점,건대,카페 디저트,"별점
4.5",4,,,"궁금했던.플래터랑 라자냐 시켰어요.
플래터 구성 알차요.
라자냐는 푹신한.느낌은 아니지만
나름의 맛이있고 소스가 맛났어요.
다.치즈인줄알았는데 그게아니고 호박퓨레 같은거도 섞인것.같아요.

야외공간도 있어서.자연광.들어와서.넘.좋았구요.
그리고.네이버리뷰용으로.아메리카노 받았는데
커피맛도.괜찮았어요."
nv_1256580169,도우터 건대점,건대,카페 디저트,"별점
4.5",4,,,"깔끔하고 분위기 있는 브런치 카페예요.


• 라자냐: 소스가 깊고 진해서 든든한 한 끼 식사로 딱이에요.
• 부라타 프렌치 토스트: 부드러운 빵과 신선한 치즈의 조화가 완벽해요. '겉바속촉' 제대로입니다!"
nv_1256580169,도우터 건대점,건대,카페 디저트,"별점
4.5",4,,,"너무너무 만족했고, 재방문 의사가 다분히 있습니다! 매장도 너무 예쁘게 꾸며져있어서 야외 테라스 나무밑에서 먹었는데, 다음번엔 다른 자리도 앉아보고 싶고, 메뉴가 너무 마음에 들었어서 다른 메뉴도 시켜보고 싶어 재방문하고싶어지네요^^. 오픈런! 추천합니다."
nv_1256580169,도우터 건대점,건대,카페 디저트,"별점
4.5",4,,,"건대에서 분위기 좋고 디테일까지 신경 쓴 공간 찾는 분들께 추천하고 싶은 곳!
인테리어가 감각적이라 들어가자마자 기분이 좋아지고, 전체적으로 깔끔하고 편안한 분위기라 오래 머물기 좋았어요. 메뉴 구성도 센스 있고 맛 밸런스가 좋아서 만족도 높았습니다🙂 직원분들도 친절해서 더 좋은 기억으로 남았고, 사진 찍기에도 분위기가 예뻐서 건대 데이트나 친구들과 가볍게 방문하기 좋은 공간 같아요✨ 재방문 의사 있는 곳!"
nv_1256580169,도우터 건대점,건대,카페 디저트,"별점
4.5",4,,,"자라메슈가 프렌치토스트 처음먹어보는데 아이스크림 크게 올라가고 설탕도 아주 맛있어서 달달 맛나요❤️
바질파스타는 약간 취향은 아니지만 그래도 맛있구
부라타 프렌치토스트는 와서 맨날 시키는 템❤️"
nv_1256580169,도우터 건대점,건대,카페 디저트,"별점
4.5",4,,,"음료와 커피 포함해서 주문한 메뉴 다 너무 맛있게 먹었어요! 양식이 밍밍해지기 쉬운데, 메인 재료의 맛을 너무 잘 살려서 풍미와 맛이 빼어났어요. 에그인헬은 토마토가 풍부했고, 알리오올리오는 마늘 풍미와 루꼴라가 너무 잘 어울렸습니다. 그리고 말차오트 마셔봤는데 말차 향이 너무 향긋하고 진해서 깜짝 놀랏어요. 잘 먹고 갑니다."
nv_1256580169,도우터 건대점,건대,카페 디저트,"별점
4.5",4,,,"우연히 방문한 곳인데 분위기가 너무 좋네여!! 여유로운 오후에 브런치 먹기 딱 좋을만한 장소에요~ 너무 예뻐서 들리자마자 기분이 좋아졌어요!

맛집으로 유명하다고 해서 거래처 방문 전 방문했습니다. 디저트들도 고급스러운 메뉴가 많아서 좋네요.

개인적으로 다음에는 빙수를 먹어보고 싶어요 ㅎㅎ"
nv_1256580169,도우터 건대점,건대,카페 디저트,"별점
4.5",4,,,"키워드 다섯개 선택하는게 모자란가게 처음이었어요
에그인헬이랑 브런치 플레이트 둘이서 시켰는데 진짜 배부르게 먹었어요 양진짜많고 너무맛있었어요 에그인헬 처음먹어봤는데 다른데서 못먹을거같아요 계란노른자가 진짜부들부들하고 촉촉해서 맛있었고 빵들 겉에가 바삭하고 속은 촉촉한데 따뜻해서 너무 만족스러웠어요 그리고 빵 소스가 두개인것같은데 꿀이 진짜 너무 맛있었어요 건대오면 다시오기로했어요 글구 직원분 서비스가 넘 좋으셔서 밥먹는내내 기분이 좋았어요 최고 ㅎㅎㅎㅎ"
nv_1256580169,도우터 건대점,건대,카페 디저트,"별점
4.5",4,,,"작지만 야외테라스 공간도 있어서 날씨좋은날 브런치먹으러 오기좋아요👍 3층 루프탑도있고 공간도 넓었고 분위기도 좋아서 소개팅,데이트하기 좋아보였어요😊 프렌치토스토 맛있고 커피도 맛있엇는데 다음엔 브런치먹으러 와보려구요~"
nv_1256580169,도우터 건대점,건대,카페 디저트,"별점
4.5",4,,,쉬림프 오일 파스타랑 시리얼 프렌치 토스트 브리오슈 먹었어요. 일단 오일 파스타 루꼴라 향이 잘 느껴져서 너무 맛있었어요🤍 토스트는 완전 퐁신 그자체여서 너무 맛나게 먹었습니다🤍 다음에 또 방문할래요~
nv_1865564928,로스터리 엔오알엠,건대,카페 디저트,,1054,,,"커피도 맛있고 바나나브레드도 참 맛있었어요.
건대에 이런 카페가 있다니 성수 근처 카페에서 조용하고 여유로운 시간을 보낸 게 오랜만인 것 같네요.
공간도 멋있었습니다 추천할만한 카페에요 :)"
nv_1865564928,로스터리 엔오알엠,건대,카페 디저트,,1054,,,"일단 커피가 맛있습니다. 직원분이 친절하고 분위기도 좋네요ㅎㅎ 회사랑 좀 멀지만, 퇴근 후 가끔 오기 편한 것 같아요.

주문한 커피는 질감도 좋고 부드럽게 잘 넘어가고 물 처럼 꿀꺽꿀떡 삼키는 질감은 아니지만, 몽글 몽글해서 다크초콜릿 느낌 카카오 87% 가 있다면 그런 초콜릿에 뒷맛이 클린컵보다는 쌉싸름하게 퍼지면서 좋게 끝나네요.

여기만의 킥은 아이스로 시키면 단단한 얼음이 나옵니다. 위스키 바에서 나올 사각 얼음이 나오기에 얼음이 녹으면서 커피 맛과 향이 서서히 변해가는 재미도 있습니다. ★ 리뷰 쓰면 드립백도 선물로 주셔요ㅋㅋㅋㅋ"
nv_1865564928,로스터리 엔오알엠,건대,카페 디저트,,1054,,,"분위기 너무 좋아요 🥹 여유롭고 완전 힐링되요
제대로 된 호지차는 처음 마셔보는데 진하고 맛있어요
피스타치오 디저트도 시켰는데 맛있고,음료와 함께 곁들이기 좋아요
커피 종류가 많은데 다 마셔보고 싶어요ㅎㅎ
기회가 되면 다음에 또 와보고싶어요👍🏻"
nv_1865564928,로스터리 엔오알엠,건대,카페 디저트,,1054,,,"지나가면서 꼭 들려보고싶었는데 드디어 와봤어요
커피 종류도 많고 차도있어서 좋아요
층고가 높아서 답답하지도 않고
그리고 디저트 최고 존맛임"
nv_1865564928,로스터리 엔오알엠,건대,카페 디저트,,1054,,,"건대 입구에 이런 품격있는 로스터리 카페가 있다니 놀라웠어요. 바리스타님의 일대일 응대와 친절한 설명이 곁들여지고 공간과 음악이 특히 맘에 들었어요. 말차라떼 진하니 시럽 적당하게 달달하구요, 바나나브레드엔 버터가 올려져서 버터 녹여 먹으니 고급진 맛이에요.(진심 이 조합 강추합니다!ㅎㅎ) 혼자 와도 좋고, 여럿이 와도 좋은 엔오알엠 ! 담에 드립 커피 좋아하는 신랑 데리고 또 와야겠어요 !"
nv_1865564928,로스터리 엔오알엠,건대,카페 디저트,,1054,,,"호지차라떼 처음 먹어봤는데 깔끔하고 달지 않아 맛있었어요 위스키얼음처럼 큰얼음을 넣어주시는데 얼음에 로고가 있어서 신기했어요ㅎㅎ
커피는 콜롬비아 리오 둘세 게이샤 워시드 마셨는데 시향도 해주시고 베르가못과 자스민 향이 풍부해서 정말 기분 좋게 마셨어요:D"
nv_1865564928,로스터리 엔오알엠,건대,카페 디저트,,1054,,,"커피모르는 사람이라 호지차 시켰는데, 다른데서 마시던 것보다 훨씬 깔끔하고 맛있었어요. 특히!!! 위스키마냥 큰 얼음 넣어주셔서 기분 좋게 마셨어요.
디저트도 군더더기 없이, 튀는 것 없이 부드럽게 먹을 수 있었어요.
커피좋아하는 사람들은 좋아할 것 같아요. 종류도 다양하고 시향도 편히 할 수 있게 되어 있어요."
nv_1865564928,로스터리 엔오알엠,건대,카페 디저트,,1054,,,"핸드드립, 바나나 브레드, 호우지차 라떼를 주문했는데 전부 정말 만족스러웠어요☺️☕️

핸드드립은 패션프루트 향이 인상적이었고, 밝은 산미가 느껴져서 정말 맛있었어요💛
바나나 브레드는 바나나의 향이 은은하게 퍼지고, 고소하면서 겉은 바삭하고 속은 촉촉해서 너무 맛있었답니다🍌✨
호우지차 라떼도 향이 정말 좋고 우유와 조화가 잘 어울려서 인상적이었어요!

분위기도 너무 좋아서 재 방문 의사 100%인 카페예요☺️☺️"
nv_1865564928,로스터리 엔오알엠,건대,카페 디저트,,1054,,,커피에대한 전문성이 느껴지는곳! 원두 종류도 다양하고 특히 원두향 시향존이 있어서 좋았다! 커피는 말할것도 없이 맛나고 말차라떼도 진하니 너무 맛있고 특히 시럽조절되는거 너무 좋아! 음악도 좋아요 ♡ 혼자와도 좋고 여럿이와도 좋은곳 로스터리 엔오알엠! 커피의 품격이 느껴지는곳
nv_1865564928,로스터리 엔오알엠,건대,카페 디저트,,1054,,,건대입구에 이런곳이 있다니 .. 넘좋아요 커피가 맛있고 만드는모습 눈앞에서 볼수있어서 재밌어요 오픈스타일이라 청결하게 유지되는게 다 보여서 그것도 참좋네요 다른메뉴도 더 먹어보고싶어요 또올래요!!
nv_726103904,도쿄빙수 건대점,건대,카페 디저트,,1778,,,"전체적으로 보면, 이곳은 화려함보다는 편안함에 집중한 카페입니다.

아메리카노의 맛과 양, 그리고 공간의 분위기가 잘 어우러져 있습니다.

특히 커피 한 잔을 분위기 있게 즐기고 싶은 분들이나

책을 읽거나 대화를 나누며 시간을 보내고 싶은 분들에게 적합합니다.

건대입구역 먹자골목에서 조용하고 편안한 카페를 찾고 있다면 방문해볼 만한 선택지입니다."
nv_726103904,도쿄빙수 건대점,건대,카페 디저트,,1778,,,비주얼 지렸..! 넘 맛있는 딸기빙수❤️
nv_726103904,도쿄빙수 건대점,건대,카페 디저트,,1778,,,"도쿄빙수10주년 축하합니다 🍧❤️
너무 맛있어요!"
nv_726103904,도쿄빙수 건대점,건대,카페 디저트,,1778,,,말차빙수 맛있었어요! 사람이 많아서 기다릴 뻔 했는데 딱 두 자리 있어서 바 테이블에 앉았습니다. 빙수 만드는거 구경도 하고 방명록도 쓰면서 편안한 시간 보냈어요! 딸기빙수랑 토마토 빙수 많이 드시던데 다음엔 그 메뉴로도 먹어볼게요! 아 당고도 진짜 맛있었어요!
nv_726103904,도쿄빙수 건대점,건대,카페 디저트,,1778,,,"맛있어요
토마토 빙수 의아했는데
맛있어요 굿굿"
nv_726103904,도쿄빙수 건대점,건대,카페 디저트,,1778,,,"도쿄빙수 건대본점 피스타치오 빙수는 진한 피스타치오 풍미와 부드러운 얼음, 산뜻한 베리 소스 조합이 인상적인 메뉴"
nv_726103904,도쿄빙수 건대점,건대,카페 디저트,,1778,,,"아이랑 건대 나들이 왔다 좋아하는 빙수집 왔는데 이벤트중이었어요!
전에 망고 빙수도 맛있게 먹었는데 토마토빙수도 맛있네요!
토마토 빙수는 처음 먹어봤는데 우유 얼음과 토마토 향이 잘 어울렸어요👍"
nv_726103904,도쿄빙수 건대점,건대,카페 디저트,,1778,,,"빙수는 항상 너무 맛있어요
처음주신 커피가 탄맛이 너무 나서 말씀드렸더니 교체해주셨어요 그 후에 먹은 커피는 맛있었어요
대처를 너무 친절하게 해주셔서 감사합니다"
nv_726103904,도쿄빙수 건대점,건대,카페 디저트,,1778,,,"피스타치오빙수는 라즈베리의 상큼함과 피스타치오의 고소함이 자연스럽게 어우러지는 메뉴였습니다. 부드러운 빙수 식감과 산뜻한 맛 덕분에 부담 없이 즐기기 좋았습니다. 함께 주문한 갓구운 감자떡은 단짠단짠의 매력이 있어 빙수와 잘 어울리는 간식이었고, 차가운 빙수와 따뜻한 떡의 조합이 디저트 경험을 더 풍성하게 만들어 주었습니다."
nv_726103904,도쿄빙수 건대점,건대,카페 디저트,,1778,,,"토마토 빙수 먹으로 레츠고
도쿄 빙수 토마토는 믿고 먹는 메뉴 -!!
추가로 주문한 애플망고 빙수 맛은 좋지만
토마토가 대장이긴 하네요"
nv_1959399064,카페 오캄,건대,카페 디저트,,2373,,,"카이막 너무 먹고싶어서 왔는데
너무 잘 찾아온 것 같아요
집 앞에 카이막 맛집 있어서
너무 좋네요
아메리카노랑 바질토마토에이드도
맛잇어요!!!
넘 귀여운 고양이 직원분이
문 앞에서 맞이해줍니다!!"
nv_1959399064,카페 오캄,건대,카페 디저트,,2373,,,"루프탑까지 자리도 많고 메뉴들이 너무 맛있어용
고양이도 있어용 😻
시원하고 분위기도 너므 좋아서 자주 올 것 같아용 💕💕"
nv_1959399064,카페 오캄,건대,카페 디저트,,2373,,,"건대 디저트 맛집 찾다가 발견한 카페 오캄입니다
디저트도 맛있어요
특히 딸기 치즈 바스케 진짜 꾸덕하니 부드럽거 고소하면서 맛있어요
음료도 마음에 쏙 듭니다
직원분들인지 사장님들인지 모르지만
친절은 기본으로 장착되어 있고요
인테리어도 아기자기 예쁜곳 입니다"
nv_1959399064,카페 오캄,건대,카페 디저트,,2373,,,"티라미슈랑 망고캐이크랑 고민했는데 망고케이크가 땡겨서 망고케이크로 주문했어요!
근데 비주얼은 티라미수가 훨씬 이쁘더라고요!
매장도 넓고 사진찍기도 너무 좋아요😘"
nv_1959399064,카페 오캄,건대,카페 디저트,,2373,,,분위기도좋고 카이막바게트 넘 추천이옹 따끈따끈한 바기트에 카이막올려먹으니 환상이고요 ㅠㅠ 티라미슈도 넘 맛있어요 데이트하기에도좋고 친구들이랑 오기에도 넘 좋은거같아용!!
nv_1959399064,카페 오캄,건대,카페 디저트,,2373,,,카페 분위기 너무 좋아요! 3층에는 루프탑도 있고 카페 곳곳에 고양이 사진이 넘 귀여워요~ ♡ 디저트들도 맛있고 대화하기도 조아용 건대입구쪽 카페 올 일 있음 자주 올 거 같아요~!
nv_1959399064,카페 오캄,건대,카페 디저트,,2373,,,"골목에 위치한 귀여운 카페예요!
2,3층도 있고 좌석이 다양해서 수다떨기도 공부하러 오기도 좋은 공간 같습니당 ㅎ ㅎ
디저트 종류가 많아서 너무 좋아요 !!!!!
카이막 너무 따끈따끈꾸덕하고 맛있뜹니다 .. 제 생에 카이막 첫 시도였는데 완전히 반했어요 🥰🍼
무엇보다 알바생 분이 진짜 친절하시구 귀엽네요
또 올게용 ^.^"
nv_1959399064,카페 오캄,건대,카페 디저트,,2373,,,짱 기여운 고양이가 있어요~~음료도 맛있고 디저트도 맛있어서 건대올때마다 자주 방문하는 카페입니당 ㅎㅎ쇼파있는것도 너무 좋어욤 ㅎㅎ
nv_1959399064,카페 오캄,건대,카페 디저트,,2373,,,데이트겸 공부하러 들렀는데 인테리어도 아기자기해서 이쁘고 뷰도 좋아서 집중하기 좋응것 같아요! 그리고 문앞에 아주 귀여운 고양이가 있어서 들어갈때부터 귀엽습니다😻
nv_1959399064,카페 오캄,건대,카페 디저트,,2373,,,"자두에이드 망고빙수 아이스아메리카노 시켰는데
에이드가 엄청 맛있네요
망고빙수도 주문과 동시에 손질하시네요
생망고라 짱좋아요"
nv_37122450,옥루몽 어린이대공원점,건대,카페 디저트,,2470,,,"진한 우유얼음이 곱게 갈려 입안에서 녹는다.
담백한 팥고명과 두툼하게 쫄깃쫄깃 입안가득 인절미도 죄고"
nv_37122450,옥루몽 어린이대공원점,건대,카페 디저트,,2470,,,"옥루몽 인절미 빙수는 콩가루의 진한 고소함과 부드러운 우유 얼음, 그리고 팥과 인절미 조합이 잘 어우러진 전통 스타일 빙수다.

자극적으로 달기보다는 담백하고 고소한 맛이라 끝까지 질리지 않고 먹기 좋고, 인절미 특유의 쫀득한 식감도 꽤 만족스럽다.

화려한 토핑보다 기본에 충실한 빙수를 좋아한다면 추천!

일반빙수보다 인절미에 콩가루 감안하면 이거로 가야지!"
nv_37122450,옥루몽 어린이대공원점,건대,카페 디저트,,2470,,,"알갱이가 살아있는 팥은 과하게 달지 않아 고급스럽고, 쫄깃한 인절미 떡이 듬뿍 올라가 씹는 재미가 일품이네요. 무엇보다 이쁜 그릇에 정갈하게 담겨 나와 눈으로 먼저 먹는 기분이었어요. 시원한 얼음과 고소한 풍미가 어우러진 최고의 맛입니다. 비주얼과 맛 모두 잡은 곳이라 강력 추천해요!"
nv_37122450,옥루몽 어린이대공원점,건대,카페 디저트,,2470,,,"최애 빙수는 옥루몽!!!여름, 사계절 모두 빙수가 생각나면 고고 옥루몽😍특히 어린이대공원역점 옥루몽이 최고👍다 맛있는데 그 중 흑임자빙수가 최고❤️2026년 여름을 기다리며 첫 빙슈^^"
nv_37122450,옥루몽 어린이대공원점,건대,카페 디저트,,2470,,,"국산 팥빙수를 좋아해서 검색하고 왔어요.
매장도 깔끔하고 좋아요.
다음엔 쌀식빵도 먹어봐야겠습니다^^"
nv_37122450,옥루몽 어린이대공원점,건대,카페 디저트,,2470,,,"빙수 맛있어요 팥이 수제인듯
첨 방문했는데
재방문의사있어요"
nv_37122450,옥루몽 어린이대공원점,건대,카페 디저트,,2470,,,"좋아용ㅎㅎ남자사장님께서 빙수 리뷰이벤트로 받은 모나카 애기못먹이고있으니 내용물빼고 겉부분만 또 따로 챙겨주셔서 아기랑 잘먹고왔어요 넘 친절하고 빙수도 맛있어요
재방문할게요^^"
nv_37122450,옥루몽 어린이대공원점,건대,카페 디저트,,2470,,,"전통 팥빙수랑 가마솥 전통팥죽 시켰는데 독특하고 맛있어요! 팥빙수는 달콤한 팥 한가득이구 귀리 튀긴거(?)랑 대추 말린 게 엄청 바삭바삭해서 맛있었어요😍 전통팥죽이랑 단팥죽 중에 뭐 시킬까 고민하다가 전통팥죽 시켰는데 담백하니 맛있었어요! 곁들어진 오미자도 상큼해서 좋았어요 완전 분위기 좋구 디저트도 맛있는 전통카페네요,,💕"
nv_37122450,옥루몽 어린이대공원점,건대,카페 디저트,,2470,,,"이곳 전통팥빙수의 가장 큰 특징은 재료 구성이 단순하지만 균형이 잘 맞는다는 점입니다. 우유 빙수에 팥, 인절미, 튀밥, 대추 고명으로 구성되어 있습니다. 화려한 과일이나 과도한 시럽 없이 전통적인 요소에 집중한 형태입니다.

특히 우유 얼음은 입자가 곱고 부드러워 숟가락이 자연스럽게 들어가며, 전체적인 식감을 부드럽게 만들어 줍니다. 처음 한 입에서는 우유의 담백함이 먼저 느껴지고, 이후 팥의 단맛이 천천히 올라옵니다.

전통 팥빙수는 기본적으로 단맛이 있는 디저트이기 때문에, 아메리카노와의 조합이 중요합니다. 이곳 아메리카노는 산미가 강하지 않고 비교적 깔끔한 타입이라 빙수와 잘 어울립니다."
nv_37122450,옥루몽 어린이대공원점,건대,카페 디저트,,2470,,,"팥빙수 너무 맛있요.국산 팥에 포장도 맘에들어요.
여름내내 자주 올것같아요."
nv_1552792341,쎈느 건국,건대,카페 디저트,,530,,,"매장이 엄청 커서 쉬다가기 좋습니다
두 번째 사진은 까눌레 칼을 받지 못해 포크 두 개로 열심히 쪼개고 잇는 모습입니다"
nv_1552792341,쎈느 건국,건대,카페 디저트,,530,,,디저트쪽에 덮개가 없어서 하루살이 붙어있는거 봤습니당.. 그리고 화장실 잠금장치 바꾸실 의향은 없으실까요..? 안에서 잘 안 열려서 갇힐뻔 하구.. 열다가 손가락 살 좀 뜯겼습니다 날카로운 부분이 있더라구요ㅠㅠ 피도 나서 소독하고 밴드 붙였어요😭🥹 그래도 매장 분위기는 정말 좋습니다 너무 예뻐용
nv_1552792341,쎈느 건국,건대,카페 디저트,,530,,,"실내 인테리어 감각적이고 너무 좋네요.
힙하네요. ㅎㅎ
굿굿"
nv_1552792341,쎈느 건국,건대,카페 디저트,,530,,,"업무차 근처에 들렀다가 방문했습니다. 이전에 성수점은 가본 적이 있는데 건국점이 보여 궁금해서 들어가 보게 되었어요. 이곳은 직접 로스팅한 원두를 사용한다고 하는데, 주문한 기본라떼를 마셔보니 확실히 인상이 좋습니다. 우선 산미가 거의 없어 부드럽고 고소한 쪽에 가까운 스타일이라 부담 없이 마시기 좋았습니다. 우유와의 밸런스도 안정적이고, 거품도 비교적 곱게 올라와 라떼의 질감이 부드럽게 느껴집니다. 베이커리 메뉴도 생각보다 다양하게 준비되어 있어 커피와 함께 즐기기 좋습니다. 통창 구조라 매장이 답답하지 않고 개방감이 있으며, 좌석 수도 넉넉한 편이라 여유롭게 머물기 좋습니다. 성수점보다 비교적 한적한 분위기라 업무 보거나 잠시 쉬어가기에도 괜찮은 공간이었습니다. ☕️☺️"
nv_1552792341,쎈느 건국,건대,카페 디저트,,530,,,"성수에 있는 센느가 건대에도 크게 생겼어요.
외관에 카페 이름이 안써있는데 어떻게 알고들 찾아가는지 신기할 따름.
물음표만 있는 외관이 궁금증을 자아내고, 내부는 엄청 넓습니다. 건대입구역에서 보기드문 나름의 큰 대형카페에요.

☕️말차라떼(6,500), 밀크티(7,500) 주문.
말차라떼는 우유거품 아래로 맛이 달고 진해요.
다 맛있는데 밀크티가 더 취향 저격이였습니다.
향도 좋고 너무 맛이 세지 않으면서 맛있었어요.
커피만 잘하는줄 알았는데 차 음료도 퀄리티가 괜찮았던..
시그니처음료랑 아메리카노도 추천해요.

좌석 형태는 다양하고 평일에도 늦게까지 손님이 많아요.
조금 시끄러울 수도 있는데 수다떠는 사람, 노트북하는 사람등 다양합니다.
화장실 새로 만들어서 완전 좋아요!
트랜디한 카페를 찾는다면 추천"
nv_1552792341,쎈느 건국,건대,카페 디저트,,530,,,휴 제가 커피쏟아서 폐끼쳤는데도 금색머리 직원분께서 아주 친절하게 응대해주셨어요.. 넓직하고 적당한 카페소음속에 집중하기 좋은 분위기입니다. 바 자리가 많아서 좋아요.
nv_1552792341,쎈느 건국,건대,카페 디저트,,530,,,평소 쎈느 성수점 들리는데 오늘은 건국점 방문하게 되었어요! 1층에 넓소 자리가 많아서 좋은 것 같아요. 커피 원두는 늘 마시는 플로렌스 (산미)로 했어요. 건대입구역이랑 가까워서 종종 들릴게요.
nv_1552792341,쎈느 건국,건대,카페 디저트,,530,,,"여기 시그니처 초코라떼?마셔봤는데 맛있네요!
주차 가능하고 매장 넓어서 건대 카페 찾으시면 이용하기 좋습니다!"
nv_1552792341,쎈느 건국,건대,카페 디저트,,530,,,카페에 로스팅 기계도 보이고 커피도 산미있는 맛이 너무 좋아요
nv_1552792341,쎈느 건국,건대,카페 디저트,,530,,,"성수에 있는 쎈느가 건대에도 생긴지 몰랐어요 .
분위기가 완전 힙하고 매장이 엄~청 넓어요 ㅎㅎ 매장에 로스팅 머신도 크게 있고 제과 제빵 종류도 엄청 많아요!!
아이스아메리카노 시켰는데 산미있는것도 있고 고소한 것도 있고 디카페인도 있고 1000원추가하면 사이즈업으로 큰사이즈 변경도 되더라고여!!!!
너무 좋았어서 다음에도 건대쪽 가게 되면 방문하고 싶어요 !! 직원분들도 친절하시고 뭔가 전문성이 있어보여서 좋았습니다. 🫶🫶"
nv_1816711702,남해물고기 잠실새내점,잠실,한식,,2565,,,"오랜만에 남편이랑 남해 물고기 잠실새내 점에서 한상세트 코스를 먹었더니 정말 대접받는 기분에 너무 맛있고정성스런 코스여서 기분이 아주 좋았어요.
바다 한가운데 있는 듯 숙성회가 다른 곳보다 두툼하고 다양하고 아주 맛이 좋아서 그냥 입 안에서 살살 녹네요. 맞아요.. 좋은 일이 있거나 손님 접대하거나 데이트할 때는 여기 오면 횟집이지만. 분위기눈 레스토랑 같고 맛은 바다를 옮겨온 듯한 그런 정성스러운 회맛이
뛰어난 곳이라 좋더라구요 . 한상차림 코스가 아주 가성비도 뛰어나고 맛도 너무 좋아요. 마지막 매운탕은
완벽한 식사를 마무리해주네요 ㅎㅎ
너무 괜찮은 한상을 받아서 오늘 저희 이벤트는 성공한 것 같네요."
nv_1816711702,남해물고기 잠실새내점,잠실,한식,,2565,,,"저녁에 와봤는데 깔끔하고 좋은 것 같아요. 사장님도 친절하고 좋습니다. 음식도 다 맛있고 다음에는 점심 특선이랑 물회도 한다고 해서 물회 먹으러 와볼게요.
#잠실새내맛집 #잠실맛집 #잠실새내데이트 #잠실단체모임"
nv_1816711702,남해물고기 잠실새내점,잠실,한식,,2565,,,"사시미 오마카세 한상차림 2인 먹었습니다!!!!!
양도 많고 메뉴도 다양해서 먹는 재미가 쏠쏠합니다 ㅎㅎㅎㅎ 친절하시게도 모든 메뉴를 잘 설명해주셔서, 더 맛있게 먹을 수 있었습니다.
식사 장소도 편안하고 넓고 쾌적하여 완전 강추합니다 ㅎㅎㅎ"
nv_1816711702,남해물고기 잠실새내점,잠실,한식,,2565,,,"접근성좋고, 주차, 역에서 도보로 오시기에 편리합니다.
매장도 깔끔하고 넓어서 회식, 모임장소로 아주 좋아보여요.
회도 싱싱하고 정말 부드러웠어요.
모든 요리들 간도 알맞게 잘 맞았어요.
직원부들도 친절하시고 회좋아하시는분들은 꼭 남해물고기에서 식사해보시길 추천드립니다:)"
nv_1816711702,남해물고기 잠실새내점,잠실,한식,,2565,,,"오마카세 한상 구성이 장난아닙니당!!!
39,000원에 이 이렇게 나온다니 다른 횟집가서 단품 시켜먹는 것보다 남해물고기 오마카세 한상이 훨씬 좋아요
코스로 나오는데 정망 한상 제대로 꽉차고 무엇보다 사시미가 너무 맛있어요!!
종류가 다 다른데 그에 어울리는 소스, 고명도 다 다르게 올리셨거든요ㅎㅎㅎ 매장도 넓고 깨끗 깔끔해서 대접받는 느낌과 캐주얼함 동시에 가지고 있어서 모임, 회식하기도 너무 좋을 것 같아용❤️"
nv_1816711702,남해물고기 잠실새내점,잠실,한식,,2565,,,"남해물고기 잠실새내점에서 사시미오마카세 먹고 왔어요
잠실새내 근처에서 신선한 해산물 맛보고 싶을 때 방문하기 좋은 곳이에요
사시미 구성이 깔끔하고 다양하게 나오고 한 점씩 먹을 때마다 신선함이 느껴져서 만족스러웠어요
두께감도 적당하고 식감도 좋아서 술안주로도 식사로도 잘 어울렸습니다
매장 분위기도 편안하고 직원분들도 친절하게 응대해주셨어요 애피타이저부터 1차 2차로 식사가 나눠나와서 푸짐하고 부모님과 천천히 이야기 나누며 먹기 좋았어요
특별한 날이나 맛있는 사시미가 생각날 때 다시 방문하고 싶은 곳입니다"
nv_1816711702,남해물고기 잠실새내점,잠실,한식,,2565,,,"점심 정식먹으러 오는데 깔끔하고 퀄리티 좋아요
청결하고 깔끔한곳 좋아하는 분들 추천이요
여기 고등어 구이 점심도 맛있어요!❤️❤️❤️
#잠실새내맛집#잠실맛집#잠실새내데이트#잠실단체모임"
nv_1816711702,남해물고기 잠실새내점,잠실,한식,,2565,,,"이 가격에 이런 훌륭한 퀄리티라니?

인테리어 깔끔하고, 창도 커서 요즘 같은 날씨에 창가자리 앉아서 먹으면 너무 좋을것같아요.

회 킬러인데 회퀄리티 엄청 좋음!! 우니도 궁금해서 시켜봤는데 비리지도 않고 너무 맛있었어요.

식전죽, 물회, 사시미 한상, 파스타, 가오리찜, 가지튀김, 매운탕 이렇게 나오는데 구성 진짜 좋구요, 배 터집니다. 제가 가본 잠실새내 횟집 중에 탑이에요. (유명한데 다가봄)

데이트코스로 방문했는데 가격대도 괜찮고 고급져서 청모하기도 좋을것같아요. 추천함!!"
nv_1816711702,남해물고기 잠실새내점,잠실,한식,,2565,,,"가볍게 점심에 왔는데 세트 메뉴도 알차고 회도 신선하고 맛있어요. 샤브샤브가 세트로 있어서 다 먹고 깔끔하게 마무리하기에도 너무 좋아요. 특히 같이 마신 생맥도 진짜 추천합니다.

#잠실새내맛집 #잠실맛집 #잠실새내데이트 #잠실단체모임"
nv_1816711702,남해물고기 잠실새내점,잠실,한식,,2565,,,남해물고기 잠실새내점 친절하고 분위기도 좋아서 종종 오는데 오늘은 회 구성도 다양하고 흔한 회종류가 아니여서 더 맛있게 잘 먹었어요! 창문까지 열어두니 요즘같은 날씨에 야장 느낌까지 너무 좋네요~ 구성이 다양해서 너무 좋아요 남편과 너무 좋은 저녁식사 시간이라 기분 좋습니당~
nv_2059365032,방이섬,잠실,한식,,951,,,"처음방문해요.
미더덕회는못먹어봤지만
호래기회는처음먹어봤는데
고소하고 싱싱해서 호래기입문하게만들어주셨네요
배고파서 비빔밥도먹었는데 서비스로 백김치무덤주셔서 맛있게잘먹었네요.
재방문의사있습니다~"
nv_2059365032,방이섬,잠실,한식,,951,,,"원래 무늬오징어회 먹고 싶어서
ㅇㅇ횟집 왔는데 웨이팅 다하고 들어갔더니
품절이라는 청천병력을 듣고 나온 뒤
근처에 오징어회 파는데 찾다보니
방이섬이라고 생긴지 얼마 안된 곳이 있어 와봤어요!
일단 웨이팅이 좀 있었지만
직원들분들 진짜 하나하나 다 너무 친절하고 (멋쁘시고)🥰
가게도 깔끔하니 아주 좋아요

시끌벅적한 길가 아닌 곳에 잇어서 더 좋네요!!🤩

호래기회랑 갑오징어숙회 먹었는데 진짜 존맛!!!!
비린내도 안나고 일단 지금 먹는 중이라
기본적인 회도 시켜보러 가볼게요

나중에 방이동와서 회나 해산물 땡기면 일단 여기부터 웨이팅 걸듯한건 확정!💚💚💚💯"
nv_2059365032,방이섬,잠실,한식,,951,,,"해산물 맛집 방이섬 드디어 왔습니다!!
쭈꾸미 머리 알 실해서 너무 좋고요!!👍
물회도 존맛탱!!
야장 느낌이라 지금 날씨에 오기 너무 좋고,
사장님도 직원분들도 너무 친절하세요!!
싱싱하고 맛있는 해산물에 한잔하기 좋은 방이섬🥰"
nv_2059365032,방이섬,잠실,한식,,951,,,"회식겸 처음 방문한 곳인데용

물회도 너무 새콤하지 않은게 적당히 간돼 잘 맞고 메뉴 빨리 나오고 근데 너무 신선하고 아주 제대로 맛집입니다!

각종 모임 데이트에 강추😄"
nv_2059365032,방이섬,잠실,한식,,951,,,"지난번에 왔다가 웨이팅있어서 못간게 아쉬워서 다시 방문했습니다!

메뉴가 여느 횟집에서 흔히 먹을 수 없는 다양한 메뉴가 있어서 넘 좋았어요! (막회, 포뜬 한치회 등 메뉴 고르기 힘들었어요)

기본 안주고 마른 멸치인 게 넘 좋았어요!

자리도 마침 창가쪽에 앉아서 기분 좋게 먹었고 사장님도 메뉴 나올 때마다 잘 설명해주시니 아 진심으로 영업하시는 구나 싶었네요!

재방문 의사 (자주 오고 싶어요) 있어요!!
추천합니다 👍"
nv_2059365032,방이섬,잠실,한식,,951,,,친한 언니가 하도 맛있다고 해서 예약해서 왔어용 퇴근하자마자 바로 튀어왔는데도 만석에 완전 핫플이네영~~~ 예약안했으면 못먹을뻔~~~! 기대감 가득 안고 왔는데 역시나 맛도리!! 제주갑오징어통찜 먹었는데 통찜+수제비라 국물도 있고! 메뉴 한 놈으로다가 두메뉴 먹는 기분 삽가넝~~~완전 추천메뉴임미둥! 직원분들 세상친절하심. 고민말고 오셔요~~~~~!
nv_2059365032,방이섬,잠실,한식,,951,,,"요즘 제철인 호래기, 멍게 ~ 너무 맛있네요.
메뉴도 다양해요.
신선하구요.
아이들 먹을 돈까스도 있어서 ~
아이들은 돈까스 먹구요
저희는 남편이랑 맛있게 먹었어요~

다음에는 둘이 와서 편히 맛있게 먹고 싶네요😄"
nv_2059365032,방이섬,잠실,한식,,951,,,"음식이 정말 맛있고, 직원분들이 매우 친절하십니다.
머무는 동안 편안하고 즐거운 시간을 보낼 수 있었습니다.
세심한 배려에 감사드리며, 좋은 기억으로 남을 것 같습니다.
다음에 또 방문하고 싶다는 생각이 절로 듭니다.
모든 면에서 만족스러운 경험이었습니다."
nv_2059365032,방이섬,잠실,한식,,951,,,"봄비가 부슬부슬 내리는 날 오후에 오랜만에 친구들이랑 함께 푸짐하고 맛있는 막회와 통콜뱅이탕에 술 한잔 기분 좋게 즐길수 있었던 방이동먹자골목 맛집 추천해리는 방이섬은 잠실역10번출구와 몽촌토성역2번 또는 3번출구에서 걸어서 10분 정도 거리에 위치한 방이동 횟집으로 제철 신선한 회와 해산물 다양한 일품 요리들을 부담없는 맛집으로 마치 바닷가 위치한 현지 횟집 느낌이 드는 게, 오랜만에 친구들이랑 풍성하고 맛있는 일품요리에 술한잔 하기에도 괜찮은 게, 방이동 회식장소 추천해드리기에도 충분하죠. 신선하고 큼직한 통골뱅이 듬뿍 들어간 통골뱅이얼큰탕은 국물 맛도 일품이고 큼직하고 두툼한 막회는 봄동 위에 냉이, 약부추 올려 큼직하게 쌈을 싸 먹어주니 절로 엄지척하게 만들고 여기에 마무리 봄동비빔밥까지 최고였어요."
nv_2059365032,방이섬,잠실,한식,,951,,,"아이랑 같이 방문하니 돈까스 서비스로 주셨어요^^
제철호래기회도 맛있고,, 원래 해산물모둠에 호래기가 들어가는데 호래기를 별도로 시키니 도다리 등 제철회로 변경해 주셨어요
새우튀김에 새우도 크고 맛있어요!"
nv_1145238754,동화고옥 롯데월드몰점,잠실,한식,,4923,,,"✔️ 주문메뉴
금란 갈비 코스(런치)🥢

✔️ 음식
전체적으로 자극적이지 않고 깔끔한 한식 코스라 편하게 먹기 좋았어요🌿
특히 양념갈비가 부드럽고 간이 세지 않아서 인상적이었어요🥩
전채부터 후식까지 흐름이 자연스럽게 이어져서 코스 완성도가 느껴졌어요🍵

✔️ 분위기
룸 위주라 조용하고 프라이빗한 식사 가능해서 좋았어요🔐

✔️ 서비스
직원분들 응대 차분하고 음식 설명도 해주셔서 좋았어요

✔️ 가격
가격대는 있는 편이지만 분위기와 서비스까지 고려하면 납득 가능한 수준이에요💰

✔️ 총평
잠실역 맛집 중에서 격식 있는 식사 원할 때 추천할 만한 곳이에요📍
상견례, 부모님 생신, 가족모임으로도 만족도 높을 것 같아요👨‍👩‍👧‍👦"
nv_1145238754,동화고옥 롯데월드몰점,잠실,한식,,4923,,,"석촌호수는 지금 벚꽃이 절정이라
호수뷰 룸에서 식사가 정말 힐링이었습니다!
코스마다 먹기 아까울 정도로 비주얼도 훌륭하고
메뉴 하나하나 식재료 선정과 레시피가
독특하면서도 건강했어요~
식사 속도에 맞춰 배려있게 코스진행도 해주셨던
서버분께 감사드립니다
부모님 생신이나 기념일에 꼭 다시 오고픈 잠실역 맛집이었습니다"
nv_1145238754,동화고옥 롯데월드몰점,잠실,한식,,4923,,,상견례 자리로 예약한 동화고옥 👨‍👩‍👧‍👦 장소와 식사 서빙 등 모든 게 너무 좋았습니다 👍 특히 고기류와 마지막 메인 식사가 정말 맛있었습니다 👏 기념일을 만들어서라도 다시 가고 싶은 곳이네요 🤣
nv_1145238754,동화고옥 롯데월드몰점,잠실,한식,,4923,,,"잠실 롯데월드몰 동화고옥에서 저녁 식사를 했습니다.
석촌호수가 보이는 룸으로 안내받았는데, 창밖으로 보이는 뷰가 정말 좋아서 식사 분위기가 한층 더 특별하게 느껴졌어요.

음식도 정갈하게 나오고, 하나하나 깔끔해서 중요한 식사 자리나 기념일에 방문하기에도 좋을 것 같았습니다.
프라이빗한 룸에서 조용히 대화하며 식사할 수 있어서 만족스러웠고, 저녁 시간대의 석촌호수 뷰가 특히 인상적이었습니다.

분위기, 음식, 뷰 모두 만족스러웠던 곳이라 다음에도 특별한 날 다시 방문하고 싶습니다."
nv_1145238754,동화고옥 롯데월드몰점,잠실,한식,,4923,,,"동화고옥 롯데월드몰점은 맛, 분위기, 서비스 어느 하나 빠지는 게 없는 곳이었어요.

훌륭한 코스 요리는 물론, 프라이빗한 룸에서 즐기는 석촌호수 뷰까지.
동화고옥에서 즐거운 식사시간을 가지며 정말 넘 좋아서 시간가는줄 모르겠더라구요."
nv_1145238754,동화고옥 롯데월드몰점,잠실,한식,,4923,,,13개월 아기랑 아쿠아리움왔다가 찾아간 곳이에요! 프라이빗하게 룸으로 되어있어 아이와 편하게 먹을 수 있고 유아 의자 유아식기 모두 준비해주셔서 좋았어요. 직원분들이 친절하시고 코스도 정갈하게 나와서 편하게 먹을 수 있었어요! 매번 외출 시 식당가는게 너무 힘들었는데 아이와 함께한 나들이에 오랜만에 식사까지 즐거웠습니다 !
nv_1145238754,동화고옥 롯데월드몰점,잠실,한식,,4923,,,"잠실에 위치한 ""동화고옥 롯데월드몰점"" 한식 찐! 맛집! 다녀왔습니다. 동화고옥 한식 맛집으로 유명한데 그 중 가장 분위기 좋고 탁트인 석촌호수 뷰맛집에 프라이빗하게 룸으로 되어있어서 입호강에 눈호강까지 하고 왔습니다. 더 좋은건 각종 할인과 프로모션이 있어서 미리 예약하고 가시면 완전 혜택 빵빵합니다. 주문한 메뉴는 영빈갈비코스에요. 코스구성이 알차고 신선하고 고기질이 👍 끝내줘요! 코스가 아주그냥 꽉꽉 차있네요~^^ 넘넘 맛나게 최고의 식사를 맛보고왔습니다. 코스마다 정성이 느껴지고 상차림도 깔끔하고 정갈합니다. 데이트나 기념일, 각종 모임에 딱! 입니다. 룸이 너무 잘 되어있어요. 거기다가 콜키지도 완전 프리! 넘 좋죠?
직원분들도 친절하시고 설명도 잘 해주시고요~ 가성비있고 재방 300% 에요!"
nv_1145238754,동화고옥 롯데월드몰점,잠실,한식,,4923,,,"오늘 점심에 상견례 잘 마쳤습니다😅
내부가 살짝 어두워서 걱정했는데 오히려 식사 분위기가 좋았어요! 식당이 내부라서 들어가는 길을 미리 안내해야할 것 같아용!
음식도 정갈하고 너무 맛있어요
골동면도 추천! 다들 맛있게 잘 드셔주셔서
무사히 잘 마쳤습니다!
서버, 계산 봐주신 매니저님 점장님 감사해요!🥰"
nv_1145238754,동화고옥 롯데월드몰점,잠실,한식,,4923,,,"연인과 200일 기념으로 방문했습니다 !
직원분들이 친절하게 다 안내해주시며 , 코스요리 나올 때 음식 소개와 먹는 방법등을 친절하게 알려주셔서 잘 모르는 메뉴더라도 맛있게 먹을 수 있었습니다 :)
너무 좋았어요 !!! 다음에 또 방문하고 싶어요 !"
nv_1145238754,동화고옥 롯데월드몰점,잠실,한식,,4923,,,부모님 환갑기념 방문했는데 멋진 생일상도 갖다주시고 가족들 사진도 친절하게 찍어주셔서 감사했습니다. 덕분에 즐거운 시간 보냈습니다! 메뉴도 정갈하게 잘 나와서 여러모로 만족스러운 식사였습니다.
nv_1112863263,지강한식당 잠실점,잠실,한식,,1,,,"잠실 KT타워 지하에 있어서 접근성이 아주 좋아요. 늦은 점심 시간에 방문했는데도 매장이 깔끔하게 잘 관리되어 있어 쾌적하게 식사했습니다. 닭갈비 양념이 너무 자극적이지 않으면서도 감칠맛이 좋아 밥 한 그릇 뚝딱했네요. 2인 기준 가격대도 합리적이고, 무엇보다 위치가 좋아서 근처 직장인들이나 잠실역 들르시는 분들께 추천합니다"
nv_1112863263,지강한식당 잠실점,잠실,한식,,1,,,"투움바랑 그냥 닭갈비 고민하다가 투움바치즈닭갈비로 시켰는데 느끼하지 않았고 그냥 닭갈비보다 약간 색다른 맛이 나서 좋았어요!
그리고 이벤트로 받은 묵사발도 정말 넘맛!!
지금 날씨에 딱 좋았어요.
반찬도 맛있어서 기분 좋게 잘 먹었습니다!🧡"
nv_1112863263,지강한식당 잠실점,잠실,한식,,1,,,"""치즈 강이 흐르는 지강한식당! 압도적인 비주얼의 철판 요리 🧀""
안녕하세요, 우순이입니다! 오늘은 잠실에 위치한 '지강한식당 잠실점'에 다녀왔어요.
철판 한가운데에 고소한 모짜렐라 치즈가 듬뿍 뿌려져 있고, 양옆으로 라면 사리와 통통한 쫄면 사리가 가득해서 골라 먹는 재미가 쏠쏠합니다. 매콤달콤한 양념에 쫄깃한 식감이 어우러져서 치즈에 푹 찍어 먹으니 정말 환상적이더라고요!
기본 찬으로 나오는 마카로니 샐러드, 어묵볶음, 콩나물무침도 깔끔하고 쌈무에 싸 먹으면 꿀맛입니다. 특히 살얼음 동동 띄워진 시원한 묵사발(계란 톡!)이 매콤한 입안을 싹 씻어줘서 메인 요리와 최고의 조합이었어요. 든든하고 맛있는 한 끼를 찾으신다면 강력 추천합니다! 👍"
nv_1112863263,지강한식당 잠실점,잠실,한식,,1,,,"덕분에 맛있는 데이트를 했습니다🥰
남편이랑 검색해서 찾아갔는데 너무 배가 고픈나머지 낙지치즈닭갈비가 아닌.. 그냥 투움바치즈닭갈비를 먹었네요ㅜㅋㅋ
그치만 너무 맛있어서 놀랬습니다!!
느끼하지도 않구 음식들이 다 맛있어요🤍

진짜 가본 닭갈비집 중에 제일 분위기가 좋구
데이트로 완전 딱이에요!
커피 후식까지... 완벽합니다👍🏻👍🏻👍🏻
음식에 진심인 매장인게 느껴져요~
다음엔 낙지치즈닭갈비 먹으로 또 올께요☺️"
nv_1112863263,지강한식당 잠실점,잠실,한식,,1,,,"이미 밑반찬부터 끝났습니다..너무 맛있어요...!!감자채볶음,어묵,마카로니 넘 맛있구요 메인메뉴인 투움바치즈닭갈비는 그냥 미쳤어요 치즈,로제,투움바 좋아하시면 무조건 맛있어요!! 트러플감자파튀도 무조건 시켜드세요! 빠삭 고소하니 맛있습니당 살짝 느끼해질때쯤 묵사발까지! 잘먹고갑니당!!"
nv_1112863263,지강한식당 잠실점,잠실,한식,,1,,,"사장님께서 너무 친절하시고 반찬도 깔끔하고
무엇보다 메인요리들이 진짜 맛있어요👍🏻👍🏻👍🏻
매장도 쾌적하니 아기데리고 방문하기도 좋습니다
부모님의 만족도가 최고였어요
재방문의사 100% 입니다🫰🏻"
nv_1112863263,지강한식당 잠실점,잠실,한식,,1,,,"닭갈비.닭도리탕.치킨.닭구이.... 🐔
닭이란 닭은 다~~~~ 환영해요^^ 오늘은 지강한식당이 점점 더 유명해져서 와봤답니다.

먼저나온 반찬 5종류를 먹어보니~ 바로 엄지척이에요!!
특히 오뎅볶음~ 매콤한게 계속 당겨요🐽
콩나물과 감자채볶음도 합격이에요~~^^
메인메뉴 치즈닭갈비도 비쥬얼도 예뻤지만~ 너무 고소한 치즈에 🧀 다 조리되어나와서 먹기까지 편했어요!!!

끝내주게 시원한 살얼음동동 묵사발까지 들이키니 30도의 날씨는 잠시 잊어버렸습니다ㅎㅎ
진짜, 기본 반찬에 이만큼 신경쓰는 닭갈비집은 여기뿐일껄요??

잠실에서 꼭 와봐야할 곳~✔️ [지강한식당]"
nv_1112863263,지강한식당 잠실점,잠실,한식,,1,,,"투움바 닭갈비 궁금해서 처음 먹어봤는데 매콤한 닭갈비에 크리미한 투움바 소스랑 고소한 치즈가 더해지니까 계속 손이 가는 맛이었어요! 너무 느끼하지 않고 은근 매콤해서 조합이 정말 잘 어울리더라고요. 같이 주문한 트러플 감자전도 바삭하고 담백해서 닭갈비랑 곁들여 먹기 딱 좋았어요.
분위기까지 좋아서 맛있게 한 끼 하고 온 곳이에요 :)"
nv_1112863263,지강한식당 잠실점,잠실,한식,,1,,,"낙차새먹으러 왔어용~
오픈이후로 쭉 방문하고 있는데 언제와도 넘 맛있고 친절해요. 수저도 항상 개별포장되어있어서 깔끔하고
매장도 청결하고 분위기도 얌전해서 소개팅이나 부모님 모시고 오기도 좋아요!
대기가 있을때도 있지만 은근히 회전이 빠르고(닭갈비 메뉴 먹는 분들이 많은데 닭갈비가 다 익혀서 나오거등요)
매장앞에 대기공간도 엄청 넓게 잘 되어있어서 기다리기도 편해요
소피텔 지하라서 화장실도 청결하게 잘 관리되고 있슴다
강추하는 식당이에요 :)"
nv_1112863263,지강한식당 잠실점,잠실,한식,,1,,,"지강은 가족과 함께 주기적으로 오는 곳입니다.
잊을만하면 생각나는 맛집입니다^^
온 가족이 호불호없이 좋아하는 메뉴가 다 있는 곳이라 식사하고나면 만족도가 높습니다♡
밑반찬도 맛있고 재료가 신선해서 더욱 맛있게 식사하고 갑니다~!"
nv_20708311,남경막국수 가족1,잠실,한식,"별점
4.37",4,,,"막국수 땡겨서 다녀왔어요♡
곤막ㆍ들깨ㆍ비막ㆍ도토리묵
ㆍ감자전ㆍ온면ㆍ만두ㆍ메밀동동주
까지♡
너무 맛나게 먹고왔습니다"
nv_20708311,남경막국수 가족1,잠실,한식,"별점
4.37",4,,,"막국수 하면 맨날 족발집 막국수만 생각났는데, 이런 막국수는 처음이예요!!
진짜 맛있고, 자꾸 생각나요ㅎㅎ

음식이 진짜 빨리나오고, 점심시간에 가면 사람들이 좀 있어서 대기할 수도 있지만 조금 지나서 갔더니 대기없이 들어갔습니다!
다음엔 곤드레 막국수 먹어보려구요...♥︎"
nv_20708311,남경막국수 가족1,잠실,한식,"별점
4.37",4,,,들막 맛있어서 자주갑니다
nv_20708311,남경막국수 가족1,잠실,한식,"별점
4.37",4,,,전체적으로 간간한 맛의 막국수였어요. 들깨막국수는 추천하지만 비빔막국수는 입맛에 크게 맞지는 않았어요 ㅠㅠ
nv_20708311,남경막국수 가족1,잠실,한식,"별점
4.37",4,,,브타 없어서 야구 관람 전 방문하기 좋아요.
nv_20708311,남경막국수 가족1,잠실,한식,"별점
4.37",4,,,"자주가는 막국수 집입니다 예전보단 맛이 좀 변했지만 여전히 맛있어요
근데 평일이던 주말이던 갈때마다 느낀건데 홀에서 항상 사람 한명이 일을 하고 계시네요
친절하신데 너무 바쁘세요 빈테이블있어도 못 치워서 웨이팅을 해야 하는 상황도 종종있고
음식 서빙 하시랴 반찬 세팅 하시랴 쓰레기 버리랴 테이블 치우고 정리하시고 계산까지 근데 한분이 다 하시다 보니 쓰레기 버린손으로 쓰레기 봉지도 만지시고
테이블 정리하느라 행주만지신 손으로 서빙도 하시고 손님에게 나가는 그릇도 만지시고 반찬도 담으시고 물병도 물컵도 계산까지 다 그냥 맨손으로 전부 혼자 하시던데 위생에 좀 더 신경 써 주시면 좋겠어요"
nv_20708311,남경막국수 가족1,잠실,한식,"별점
4.37",4,,,맛있고 풍성하게 먹을 수 있어요 곤막 꼭 드세요!!!!!!!
nv_20708311,남경막국수 가족1,잠실,한식,"별점
4.37",4,,,우연히 맛 본 뒤로 이거 때문에 연고도 없는 잠실에 두 달 동안 네 번 옴. 서울 서쪽에도 하나 차려 주시면 안 되나요.
nv_20708311,남경막국수 가족1,잠실,한식,"별점
4.37",4,,,"강원도 속초에서 유명한 막국수 맛집입니다

본점에서도 먹고 여기서도 먹었는데 맛은 똑같아요
양도 많고 들기름 막국수 곤드레 막국수 다 맛있어서 뭘 먹어야 될지 고민입니다"
nv_20708311,남경막국수 가족1,잠실,한식,"별점
4.37",4,,,우연히 들어왔는데 너무 맛있게 잘먹었어요 진부하지 않은맛!! 자리도 넓고 간단히 먹으려던게 다른 메뉴까지 맛보고 싶게 만드네요 재방문 할것 같아요 잠실맛집~ 굿~ 추천해요 코박고 흡입했네요^^
nv_1396547893,돈순장 잠실새내 본점,잠실,한식,,3120,,,고기 진짜 부드럽고 잡내 없어서 맛있게 잘 먹었어요! 숯불로 구워주셔서 향도 너무 좋고 편하게 먹을 수 있어서 더 만족했습니다 👍 직원분들도 친절하시고 분위기도 좋아서 재방문할게요 😊
nv_1396547893,돈순장 잠실새내 본점,잠실,한식,,3120,,,돈순장 고기집 고기가 그렇게 맛있다고 지인이 추천해서 친구랑 같이 방문했는데 진짜 너무 맛있게 먹고 가요!! 반찬도 정갈하고 맛있고 고기도 너무 맛있고 무엇보다 편하게 먹을수 있데 잘 구워주셔서 굿굿👍👍
nv_1396547893,돈순장 잠실새내 본점,잠실,한식,,3120,,,집 근처라 지나다닐 때 마다 항상 사람이 많아서 궁금해서 와봤는데 예약 안 했으면 큰일날 뻔 했어요! 이미 만석이더라구요 분위기도 너무 좋고 소주 얼음 바스켓도 센스 만점이에요ㅜㅜ 진짜 고기도 너무 맛있습니다 !!
nv_1396547893,돈순장 잠실새내 본점,잠실,한식,,3120,,,"친누나랑 주말에 놀러나오면 돼지고기 먹고 싶을 때 오는 맛집이에요! 직원분들도 친절하시고 고기도 잘 구워주시고! 개인적으로는 항정살이 제일 맛있고, 부모님은 목살을 제일 좋아하세요! 서비스도 좋아서 자주 오는 단골 고깃집이에요!"
nv_1396547893,돈순장 잠실새내 본점,잠실,한식,,3120,,,"늘 고기를 맛있게 구워주셔서 좋아요 :)
인테리어도 깔끔하고 반찬들도 맛있습니다!!!
다음에 또 올게요 ~!"
nv_1396547893,돈순장 잠실새내 본점,잠실,한식,,3120,,,"잠실새내 에서 돼지고기 맛집 1등이에요
돈순장 멜젓 미쳤고 젓갈도 너무 맛있어요
반찬들도 정성 담겨서 거를거 없이 진짜 맛있음
고기 보다 해산물 좋아하고
고기질이나 냄새에 민감한 사람인데
정말 맛있고 육즙 팡팡터져요 끝내줍니다ㅠㅠ
된장술밥도 미쳤음.. 꼭 드세요
뼈삼겹 세트메뉴 맛있어서 두세트 먹음ㅋㅋㅋㅋ"
nv_1396547893,돈순장 잠실새내 본점,잠실,한식,,3120,,,"돈순장 잠실새내점 방문후기입니다
날씨좋은 일요일 아이와 놀고 가족과 동서가족,처형과 함께 식사하러 왔습니다
인테리어가 좋고 맛도 좋고 전체적으로 다 좋네요
잠실새내 자주오는데 재방문의사 100프로입니다
야구 좋아하시는 분들 잠실에서 야구보고 오기 정말 좋을거 같네요"
nv_1396547893,돈순장 잠실새내 본점,잠실,한식,,3120,,,"잠실새내 근처 고깃집 찾아보다가 맛있어보여서 왔는데 직접 구워주시고 곁들임도 많아서 다양한 맛으로 먹었어요!! 고기 질 좋고 맛있어여:) 👍🏻👍🏻
재방문 각입니댱"
nv_1396547893,돈순장 잠실새내 본점,잠실,한식,,3120,,,지나가다 보고 들어온 곳인데 인생 고기집이 될 것 같아요!! 숯불향이 싹 베인 고기 육즙이며 육질이며 환상적이고 사이드로 나오는 찬들과 양념들도 너무 맛있습니다. 또 오게될 것 같아요!
nv_1396547893,돈순장 잠실새내 본점,잠실,한식,,3120,,,"와~~ 여기 새내역 찐 맛집 인정합니다!!!
숯도 너무너무 좋구요~~ 처음에 주시는 반찬들도 하나같이 넘나 맛있습니다👍👍
고기도 다 구워주시니 얼마나 좋은지요~~~
덕분에 행복한 저녁식사였습니다 🙏🏼"
nv_2027995134,석문어 잠실새내점,잠실,한식,,120,,,문어버섯전 대박 대박!! 석문어 완전 맛있어요!! 혜자로운 가격에 푸짐하게 주니까 단체로 가서 먹기에 딱 좋았고 안에 넓은 룸도 4-5개 정도 있더라구요 야구장에서 야구 끝나고 또 가려구요💕👍 주차 매장 앞에 무료로 할 수 있어서 좋았어요
nv_2027995134,석문어 잠실새내점,잠실,한식,,120,,,야구장 가기전에 칼국수 먹고싶어서 찾아왔는데 진짜 너무 맛있어요!!!!! 매장도 진짜 깔끔하고 칼국수 국물 진짜 최고 ㅠㅠㅠ 김치도 직접 담그신다고 하는데 맛있어서 놀랐어요 잠실새내 룸 맛집 야구장 맛집 찾으시는분들 강추해요 💛💛
nv_2027995134,석문어 잠실새내점,잠실,한식,,120,,,"석문어 잠실새내점에서 문어 진심세트 먹었어요. 문어가 질기지 않고 쫄깃해서 맛있었고, 수육이랑 백김치, 해초, 미나리 조합도 잘 어울렸어요. 순한육수는 꽃게, 조개, 버섯이 들어가서 국물이 시원하고 깔끔했습니다. 돌문어버섯전도 바삭하고 고소해서 만족스러웠어요. 마지막에 미나리죽 추가해서 먹으니 든든하고 좋았습니다. 가족과 건강하게 먹기 딱 좋은 구성이라 재방문 의사 있어요!"
nv_2027995134,석문어 잠실새내점,잠실,한식,,120,,,"오픈준비중이어서 눈여겨보다가 오픈일에 방문~
세트메뉴 구성이 좋아서 메뉴고민 덜었네요.
해초링 문어숙회 낄끔하고 무김치도 맛있어요.
직원분들이 세심히 챙겨주셔서 기분좋게 잘 먹었습니다. 번창하시길~~😊❤️"
nv_2027995134,석문어 잠실새내점,잠실,한식,,120,,,"부모님 모시고 다녀왔는데 정말 만족스러운 식사였습니다!
'문어진심세트'로 주문했는데 메뉴 구성이 정말 다양하고 알차서 어머니도 너무나 잘 드셨어요.
음식 하나하나 정성이 느껴지고 맛도 훌륭해서 마지막 한 점까지 기분 좋게 먹었습니다.
매장 분위기도 깔끔해서 가족 모임이나 부모님 식사 대접하기에 딱 좋은 곳이네요. 잠실새내 맛집으로 인정합니다. 다음에 또 방문할게요!"
nv_2027995134,석문어 잠실새내점,잠실,한식,,120,,,"문어가 진짜 쫄깃하고 신선했던 잠실새내 문어요리 맛집 🐙
특히 문어숙회는 질기지 않고 부드럽게 씹혀서 계속 손이 갔고, 같이 나온 미역줄기·쌈채소 조합도 너무 잘 어울렸어요.
전체적으로 퀄리티가 좋아서 술 한잔하기에도 딱 좋았던 곳이에요.
분위기도 깔끔하고 메뉴 구성이 다양해서 재방문 의사 있는 곳✨
잠실새내에서 문어요리 찾는다면 추천!"
nv_2027995134,석문어 잠실새내점,잠실,한식,,120,,,"두번째 방문
소고기 미나리 칼국수 빨간육수 + 돌문어 바삭 파전
하얀육수랑 먹을 땐 갓 무쳐낸 김치가 그렇게 맛나더니 빨간육수를 먹으니 김치에 손이 안가지더니 죽만들어 먹으니 다시 김치에 손이 마구마구 ㅋㅋ 갓 담근 겉절이가 맛있고
파전은 이름 그대로 처음부터 끝까지 계속 바삭했어요.
3명이서 방문 점심특선 칼국수 2인분에 파전 1개 주문해서 배부르게 먹었어요
완전 가성비 짱"
nv_2027995134,석문어 잠실새내점,잠실,한식,,120,,,"칼국수와 수육을 시켰는데 가브리살 수육이랑 완전 촉촉하고 부드러웠어요. 칼국수 면도 부드럽고 쫄깃쫄깃해서 너무 잘 먹었습니다☺️
미나리가 들어가는 진짜 향긋하고 육수도 시원하고 맑아요 ㅎㅎ
칼국수 시키면 죽까지 나아서 가성비가 최고에요"
nv_2027995134,석문어 잠실새내점,잠실,한식,,120,,,"야구경기 끝나고 걸어서 15분이내에 있는 우연히 발견한 맛집이어서 더 기분좋게 맛있게 먹었습니다! 진짜 돌문어숙회에 소주1병, 전골에 1병, 전에 1병 순삭 가능할것같요. 신상 맛집이 되실것같은데 앞으로도 번창하길 바랄게요! 임산부가 너무 만족해서 먹어서 사심반영하여 리뷰 남겨요🤗🌸🌷"
nv_2027995134,석문어 잠실새내점,잠실,한식,,120,,,"최초의 돌문어 전문점 석문어 방문했어요.
오픈 전 인테리어 공사때부터 눈여겨보던 곳인데 드디어 다녀왔어요.
점심시간 웨이팅 조금 있었고 매장은 깔끔하고 룸도 있어서 모임하기 좋아 보여요.

점심특선 바지락 미나리 칼국수 먹었는데 샤브샤브처럼 즐기는 스타일이라 색다르고, 바지락이 미리 익혀 나와서 쫄깃하고 이물감 없이 먹기 좋았어요. 미나리랑 특제 소스 조합도 괜찮고 겉절이도 신선해서 잘 어울렸어요.

마무리로 죽이랑 문어무침 서비스까지 챙겨주셔서 만족스러웠고, 전반적으로 깔끔하고 가성비 괜찮은 점심 맛집이에요."
nv_2027347728,남도보쌈짚 잠실직영점,잠실,한식,,747,,,"잠실 '남도보쌈짚 잠실직영점' 다녀왔어요!
2인 세트 메뉴를 주문하며 2천 원을 추가해 '짚불보쌈'으로 변경했는데 정말 대박입니다. 보쌈의 부드러움은 살아있으면서 불향이 싹 입혀져 혀에서 축제가 벌어지는 엄청난 풍미였어요.
세트에 포함된 막국수는 특이하게 땅콩 같은 견과류와 건포도가 들어있습니다. 부드러운 고기와 면의 조합에 견과류의 크런치함이 더해져 식감에 재미를 확 살려주더라고요.
사이드로 나온 파김치와 보쌈김치도 훌륭했고, 쫄깃한 우렁이가 듬뿍 들어간 야채무침까지 완벽했습니다. 전체적인 맛과 식감의 밸런스가 너무 좋은 맛집으로 강력 추천합니다!"
nv_2027347728,남도보쌈짚 잠실직영점,잠실,한식,,747,,,보쌈 고기가 잡내 하나 없이 정말 야들야들하고 부드러워서 감탄하면서 먹었습니다. 입안에서 살살 녹네요. 무엇보다 직원분들이 너무 친절하셔서 식사하는 내내 대접받는 기분이 들고 기분이 좋았습니다. 맛과 서비스 모두 대만족이라 앞으로 보쌈 생각날 때는 무조건 여기로 오려고요! 재방문 의사 100%입니다.
nv_2027347728,남도보쌈짚 잠실직영점,잠실,한식,,747,,,"우리두리 2인세트 먹었는데 구성도 알차고 맛있었어요!
보쌈은 잡내 없이 부드럽고, 고소한 맛이 좋아서 쌈이랑 같이 먹기 딱 좋았습니다.
쟁반국수도 양념이 새콤매콤해서 보쌈이랑 조합이 정말 잘 맞았어요.
반찬도 깔끔하게 나오고 테이블 구성이 푸짐해서 둘이 먹기 충분했습니다.
데이트 식사로도 부담 없고, 든든하게 한 끼 먹기 좋은 곳이에요 😊"
nv_2027347728,남도보쌈짚 잠실직영점,잠실,한식,,747,,,"고기가 너무 부드럽고 짚불에 익혀서인지 불맛이 좋았어요👍
같이 주시는 사이드도 양도 넉넉해서 맛있게 먹었어요! 특히 파김치가 너무 맛있네요😊
막걸리 무한리필이 말이 안됩니다 너무 맛있게 잘먹었습니다"
nv_2027347728,남도보쌈짚 잠실직영점,잠실,한식,,747,,,"짚불보쌈 시켰는데 은은하게 풍기는 짚불 향이 고기를 더 맛있게 느껴지게 하네요!
고기도 비계와 살코기 비율이 딱 좋고 야들야들 너무 부드러웠어요!
게다가 소쿠리에 한 상 가득 차려지는 밑반찬, 김치, 막국수까지 대박!
남도식이라 그런지 감칠맛이 예술!
새로 생긴 곳이라 매장도 깨끗하고 직원분들도 친절해서 좋았습니다~!"
nv_2027347728,남도보쌈짚 잠실직영점,잠실,한식,,747,,,"보쌈이 땡겨서 방문한 남도보쌈짚은 가성비가 너무 좋더라구요!
보쌈양도 3인으로 적당하고 짚불향? 이 싹 나면서 맛도리였습니다. 막걸리도 무한리필이고 보쌈이랑 너무 잘어울리네요.
세트에는 우렁 초무침이랑 막국수도 있어서 가성비 최곱니다"
nv_2027347728,남도보쌈짚 잠실직영점,잠실,한식,,747,,,"그냥 남도보쌈이랑 짚불보쌈이 있었는데 짚불보쌈은 뭐가 다른가해서 시켜봤더니 보쌈 딱 들었을 때 짚불에 직화구이 먹는 것처럼 향이 퍼지더라구요! 보쌈 한 점 한 점 전부 다 짚불 향이 나고, 세트 메뉴에 같이 나온 쟁반국수도 너무 잘 어울렸어요! 그리고 제일 대박인게 막걸리가 무한리필인게 너무 대박이었어요! 막걸리도 딱 달달해서 보쌈이랑 너무 잘 어울렸어요~! 파김치, 보쌈김치도 다 맛있어요!"
nv_2027347728,남도보쌈짚 잠실직영점,잠실,한식,,747,,,"새로 생기지 얼마 안되서 내부가 깔끔하고 공간이 넓어서 단체모임하기에 좋은 장소입니다. 반찬도 소쿠리에 듬뿍 담겨져서 나옵니다. 보쌈은 짚향으로 구워져서 나와서 훈연의향이 가득하고 겉바속촉 느낌입니다. 또한, 막걸리를 무한리필로 드실 수 있으므로 보쌈과 함께 드시면 맛있게 드실 수 있습니다."
nv_2027347728,남도보쌈짚 잠실직영점,잠실,한식,,747,,,"우리두리 2인세트 주문해서 먹었는데..
양이 혜자네요..
고기도 짚불향이 은은하게 나는게 어찌나 맛나던지..이것저것 먹을게 많아 행복하네요.
가성비가 너무좋아서 단골될듯요.
거기다 막걸리도 공짜!!무제한이라니..
안올이유가 없는 집입니다.
추천해요!!!!"
nv_2027347728,남도보쌈짚 잠실직영점,잠실,한식,,747,,,남도보쌈 말고 짚불보쌈으로 먹길 잘한거 같아요 짚불향이 베어서 엄청 맛있더라고요 퍽퍽하지도 않고 김치 종류도 맛있네용 막걸리 무한리필인 점도 넘 좋았어요! 보쌈 땡기면 또 가려고요 막국수 양념도 굿!! 싹비우고 나왔어영
nv_1117571107,후발대 잠실점,잠실,한식,,2292,,,"잠실 야구 경기보고 근방에 있는 맛집✌️
후발대 라는곳을 여자친구 통해서 알게 되었는데 사장님들도 친절하시고, 직접 구워주시니 편하게 데이트 하는것 같습니다🫡

고기 맛있게 먹고 또 올수 있도록 하겠습니다!
후발대 흥해라!! 흥✌️"
nv_1117571107,후발대 잠실점,잠실,한식,,2292,,,"직접 다 구워주시고 너무 친절하셔서 기분 좋았습니다~~
고기도 맛있고 특이하게 감자랑 같이 싸먹는 방식이 있는데 너무 맛있었어요~~~
김치도 뚝배기?에 독특하게 담겨나오는데 같이 먹으니까 개꿀맛🧡잠실새내오면 재방문의사 있어요~~"
nv_1117571107,후발대 잠실점,잠실,한식,,2292,,,"잠실새내 맛집은 무조건 후발대..!.!!!
근처 야구장 다니는 먹산의 또간집입니다..
고기 너무 맛있고 직원분들 친절하시구용
오늘은 친구 데리고 왔는데 친구도 넘넘 맛있다네용-!
맛있게 잘먹었습니다:)"
nv_1117571107,후발대 잠실점,잠실,한식,,2292,,,"고기 질이 진짜 좋고 직원분이 직접 구워주셔서 편하게 먹었어요🥓
겉은 바삭하고 속은 촉촉해서 너무 맛있었고, 같이 구워주는 감자랑, 김치 조합도 최고였습니다.
특히 멜젓이랑 와사비 찍어 먹으니까 풍미가 확 살아나네요ㅎㅎ
재방문 의사 완전 있습니다!"
nv_1117571107,후발대 잠실점,잠실,한식,,2292,,,"여긴 야구인도 좋아하고 야구인 아니여도 좋아하는 후발대인데 예약해야 빠르게 입장 가능 ~
일단 고기 너무 맛있고 구워주시니 너무좋음 ㅋ
그리고 콜키지 프리임 ~ 종종 좋은술이 있으면 가지고 와서 마심 ㅎㅎ

예약만 성공하셨다면 대기없이 입장하셔서
맛있는 식사 하시면됩니다 ~

사장님 번창하세요"
nv_1117571107,후발대 잠실점,잠실,한식,,2292,,,"회사 동료들과 n번 방문 후에 처음으로 친구들과 함께 왔어요
친구들도 너무 맛있다고해서 오자고 하길 잘한 것 같아 뿌듯합니다ㅎㅎ
감자쌈 너무 맛있어요 다음에도 또 올게요!"
nv_1117571107,후발대 잠실점,잠실,한식,,2292,,,"야구 끝나고 방문했는데 고기도 너무 맛있고 분위기도 좋아서 정말 만족하고 왔어요😊 사장님도 친절하게 잘 챙겨주셔서 더 기분 좋게 식사할 수 있었고, 같이 간 엄마도 엄청 마음에 들어 하셨어요! 덕분에 좋은 시간 보내고 갑니다ㅎㅎ 다음 직관 끝나고 뒤풀이도 아마 또 후발대로 가게 될 것 같아요🙌"
nv_1117571107,후발대 잠실점,잠실,한식,,2292,,,"남자친구와 저녁 먹으러 왔는데 고기도 직접 구워주시고 먹는 방법까지 친절하게 알려주셔서 너무 맛있게 잘 먹고 왔습니다!
저희는 삼겹살 목살 특양구이 시켜서 먹었는데 다 맛있었고 추천드려요!😊😊"
nv_1117571107,후발대 잠실점,잠실,한식,,2292,,,"친구가 회사에서 지인들한테 추천받아왔는데 진짜 감자에 싸먹는게 존맛이에요,, 고기가 진짜맛있고 삼겹 목살 둘다 같이먹기에도 좋아요!! 사이드도 사진으론 못찍었지만 라면이랑 볶음밥도 진짜 맛있어요!!! 평소 알던맛아니에요 새내 오랜만에 와서 간만에 맛집 찾았어요 ❣️"
nv_1117571107,후발대 잠실점,잠실,한식,,2292,,,"드디어 후발대 방문했습니다💨
야구팬이라면 다 와보고 싶을 버킷리스트
특히 저는 롯데팬이라 진짜 와보고 싶었어요

기대 이상입니다 꼭 와보십시오
김치 꼭 마니마니드세요 맛있어요🤣🤣"
nv_11711647,불타는삼겹살 신천점,잠실,한식,,594,,,"고추장삼겹살 처음 먹어보는데 너무 맛있었어요
게다가 초벌되어 나와서 너무 편하게 먹었네요 가성비도 좋고 다음에 또 올것같습니다"
nv_11711647,불타는삼겹살 신천점,잠실,한식,,594,,,"고기는 직접 구워주시고 정말 빠르게 나오고요, 퀄리티도 진짜 장난 없어요🤤 김치랑 콩나물도 어찌 맛있던지..
야구장 직관 후에 필수코스!!로 방문하시길 추천합니다😊"
nv_11711647,불타는삼겹살 신천점,잠실,한식,,594,,,몇년동안 오고 있는 집이예요. 일단 여기는 한판에 다 구워져서 나와서 좋아요 ㅎㅎㅎ 그리고 고기가 두툼한데 굉장히 연한 편이예요👍저랑 같이 온 친구가 사실 여기를 훨씬 좋아한답니다.
nv_11711647,불타는삼겹살 신천점,잠실,한식,,594,,,"매번 편차없이 눈으로 봤을 때 기대한 걸 그대로 충족해줘서 계속 방문하는 곳. 다 구워져서 나와 냄새 문제에서 자유로운 게 크다. 고기 질도 좋은지 감칠맛 잘 난다.

볶음밥이나 김치도 자극적이지 않아 맵찔이들이 부담없이 먹기 좋다. 볶음밥은 비주얼과 다르게 직관적인 맛보다는 은은하게 감칠맛 도는 스타일"
nv_11711647,불타는삼겹살 신천점,잠실,한식,,594,,,"잠실새내에서 가성비 좋은 고기집 하면 가장 먼저 생각나는 곳. 기본찬으로 계후, 국수도 주고, 구워져서 나오기때문에 고기기름도 안튀고, 고기냄새도 많이 안배서 좋음 #오늘클립챌린지"
nv_11711647,불타는삼겹살 신천점,잠실,한식,,594,,,초벌되어 나온 삼겹살 너무 맛있어용!!!!! 볶음밥 꼭 드세용ㅋ
nv_11711647,불타는삼겹살 신천점,잠실,한식,,594,,,"불타는삼겹살 두툼한 생삼겹 완전 최고!! 육즙이 팡 터지고 고소함이 진해서 정말 만족스러웠어요. 불판에 김치와 콩나물까지 함께 구워 먹으니 너무 맛있더라구요. 고기가 구워져서 나와 바로 먹을 수 있어 편했고, 전체적으로 푸짐한 한상이었어요. 매장도 넓고 쾌적해서 회식이나 모임 장소로도 좋고, 직원분들도 친절해 기분 좋게 식사했습니다. 잠실새내역 고깃집으로 완전 추천해요💕"
nv_11711647,불타는삼겹살 신천점,잠실,한식,,594,,,맛있어요ㅎㅎ 콩나물이랑 김치 너무 맛있고 담에 고추장 삼겹살도 먹어보려구요 사장님들 친절하고 좋습니다
nv_11711647,불타는삼겹살 신천점,잠실,한식,,594,,,고추장 삼겹살 13000원인데 가성비 너무 좋고 맛있어요~! 밥과 한그릇 뚝딱 하는 맛입니다~
nv_11711647,불타는삼겹살 신천점,잠실,한식,,594,,,"초벌돼서 나와서 바로 먹을수 있고 안물리고 맛있네요, 직원분들 친절하시고 다음에는 두툼한거랑 생삼겹 먹어보려구요"
nv_1391128184,끌 잠실새내역점,잠실,일식,,4410,,,"잠실새내에서 분위기 좋은 요리주점 찾다가 방문했는데 정말 대만족하고 왔어요! 내부 인테리어가 깔끔하고 아늑한 감성이 가득해서 친구들이랑 모임하기에도 좋고 데이트 코스로도 딱이네요.

주문한 메뉴들이 하나같이 비주얼도 예쁘고 맛있어서 감탄하면서 먹었습니다. 안주가 아니라 거의 고급 요리 수준이라 술이 정말 달게 느껴지더라고요. 직원분들도 바쁜 와중에 너무 친절하게 응대해 주셔서 머무는 내내 대접받는 기분으로 편하게 즐기다 왔습니다.

안주 맛, 분위기, 서비스까지 삼박자가 모두 완벽한 곳이라 앞으로 자주 찾게 될 것 같아요. 조만간 다른 메뉴들도 도장 깨기 하러 꼭 재방문할 예정입니다. 잠실새내에서 갈만한 술집이나 맛집 찾으시는 분들께 완전 추천해 드려요!"
nv_1391128184,끌 잠실새내역점,잠실,일식,,4410,,,"방문하고 싶었던 곳 중 하나인데
드디어 방문 했어요~
초등 아이와 유치원생 아이도 일본 놀러온거 같다며 좋나하네요~ 철판 위에 따뜻하게 데워먹을 수 있어서 식지 않아 좋네요~ 음식도 너무 달거나 짜지
않아서 안주로 딱 좋아요 ~"
nv_1391128184,끌 잠실새내역점,잠실,일식,,4410,,,"가성비 좋은듯하네요.
전체적인 분위기는 오코노미 전문점답게 일본풍입니다.
음악까지도.
일본스타일답게 전체적인 음식은 달짝지근하네요.
기분나쁘지않음 달짝지근이라 괜찮게 먹을만합니다."
nv_1391128184,끌 잠실새내역점,잠실,일식,,4410,,,세번째 재방문이에요!! 친구들에게 항상 추천하고 오는 곳 입니다 ㅜㅜ 여기 야끼소바가 진짜 맛있어요 강추합니다.. 불닭 야끼소바도 매콤해서 맛있어요.. 굿굿 매장도 넓어서 좋아용 주말엔 예약하고 오셔야 할거같아요 굿!
nv_1391128184,끌 잠실새내역점,잠실,일식,,4410,,,"야구보고와서 뭘 먹을까 고민했는데 요즘 '핫'한 끌에 저희도모르게 끌려들어왔어요 ㅎㅎ
분위기도 좋고 가운데 철판이있어서 음식을 따뜻하게 먹을수있는게 무엇보다 좋네요 !
야구 다음코스는 앞으로 '끌'로 올게요 ㅎㅎ !"
nv_1391128184,끌 잠실새내역점,잠실,일식,,4410,,,"예전부터 너무 오고싶었는데 오늘 월요일이라 그런지 바로 입장했어요~ 철판 오꼬노미야끼 너무 먹고 싶었는데 맛있었어요~
담에 또올게여~~~•_•"
nv_1391128184,끌 잠실새내역점,잠실,일식,,4410,,,"야구보고 꽃게구이에 끌려서 와보자와보자하다가 드디어 왔어여! 바로 와서 그런지 바로입장했구
역시 기대만큼 맛있어요~!!!
술이 술술~~~
다음엔 돈가스나베도 먹어보려구여!"
nv_1391128184,끌 잠실새내역점,잠실,일식,,4410,,,"존맛 ㅠ 오코노미야끼 다 익혀서 나오는데 딱 맛있어요~!!!
여기는 간도 좋고 토핑도 완벽 (딴집은 짠데도 있고 토핑이 부실한데도 많은데 굿굿)
게구이 꼭 드세오 넘맛잇어요
데이트할려고왓는데 퍼먹구갑니다 생맥이 술술"
nv_1391128184,끌 잠실새내역점,잠실,일식,,4410,,,"다른메뉴들은 다 약간 기성품같은? 흔한 이자카야에파는 냉동제품 같은느낌인데
갑오징어랑 돈페이야끼(돼지고기계란말이?)는 진짜맛있었어요 !!
이거먹으러 재방문의사있어요"
nv_1391128184,끌 잠실새내역점,잠실,일식,,4410,,,잠실와서 어디갈지 검색하다가 이색적인 안주를 팔고 있어서 방문했어요 철판버터꽃게구이 이거 한번 먹어보고 싶어서 왔는데 꽃게는 말모♡ 오코노미야끼도 따뜻하게 먹을수 있고 맛있어요 잠실 올 일 있으면 또 방문하고 싶어요:)
nv_1926256525,이자카야 미주 삼성본점,잠실,일식,,1363,,,"2차로 종종 들리는 이자카야미주 삼성점

친절한 실장님덕분에 인근 무수히 많은 이자카야가 있음에도 불구하고 일행들과 자주 방문중

사케와 위스키 그리고 몰트위스키 하이볼까지 다양하고 맛있는 술들을 맛볼수있는것이 장점

위스키 가격을 조금만 내리면 더 자주 방문할듯하지만 :)

재방문의사 120%"
nv_1926256525,이자카야 미주 삼성본점,잠실,일식,,1363,,,"와 룸이 진짜 넓고 좋아요.
노래방 들어온 느낌입니다.

대게내장파스타 너무 꾸덕하고 녹진한게 정말 맛있네요..! 치킨도 미쳤습니다 엄청 빠삭해요!!

술 종류도 많고, 프라이빗하고 고급지고 완전 만족합니다👍"
nv_1926256525,이자카야 미주 삼성본점,잠실,일식,,1363,,,"토마토 나베 진짜 깊고 진하고 넘 맛나요 !!
가라아게는 바삭하고 염지도 잘되어 있는게 완저니 술안주 .. 🩷💜💖❤️‍🔥💝❤️💙🍻🥹🤤룸에서 대화하기 너무 좋아용 ㅎㅎ"
nv_1926256525,이자카야 미주 삼성본점,잠실,일식,,1363,,,"언니랑 일끝나고 술한잔 마시러 왔는데, 이곳은 술 안마시고 밥먹으러 와도 되겠는걸요?
김치어묵탕에 우동사리 추가했고 새우튀김도 시켰는데 새우는 주먹만하고 김치어묵탕은 안에 해산물이랑 오뎅이 얼마나 많던지 정말 맛있더라구요???
저녁 안먹고 와서 허겁지겁 다 먹는데 한시간도 안걸렸네욬ㅋㅋㅋㅋㅋ 정말 맛있습니다 다들 드셔보세요! 아주 강추강추!!"
nv_1926256525,이자카야 미주 삼성본점,잠실,일식,,1363,,,너무 괜찮아서 지인들 데리고 두번째 방문으로 혹시 몰라서 예약하고 이용했는데 역시 너무 좋았고요~ 모든 방이 다 룸이라 ㅎㅎ 같이 온 지인들 다 노래방 아니냐고 ㅋㅋ 이 넓은 방 써도 되는거냐고 ㅋㅋ 엄청 물어봤습니다! 우선 룸 컨디션 너무 좋고 쾌적해요! 음식 진짜 너무 맛있어서 술 엄청 마셨는데도 든든하게 먹어서 그런지 다음날 숙취 1도 없었습니다! 다음에 삼성역 인근 올 예정이라면 다른 메뉴도 먹어볼 예정이에요! 사케도 종류 많던데 다음엔 사케나 하이볼로 도전해봐야겠어요
nv_1926256525,이자카야 미주 삼성본점,잠실,일식,,1363,,,"룸이라 편하고 소모임하기 좋은 장소 입니다
생우니 한판이랑 하이볼 먹었는데
예쁜 플레이팅에 신선함도 좋았고
다음에 갈땐 해물토마토나베랑 위스키종류 먹어보고싶어요. 위스키 종류 다양해서 맘에듬
매장음악이 계속되는 JPop에 분위기 업!! 룸이라 대화에 거슬리지 않는 선에서 잔잔하게 들리는 것도 좋았습니다"
nv_1926256525,이자카야 미주 삼성본점,잠실,일식,,1363,,,"여기 들어오자마자 인테리어가 고급스러워서 깜짝 놀랬어요. 룸도 굉장히 넓고 깨끗하고 깔끔해서 중요한 모임이나 파티장소로 좋을것 같아요. 후토마끼랑 명란크림파스타 주문했는데 양에 한번 놀라고 맛에 또 놀랐어요. 2차로 방문해도 좋을것같고 1차로 방문해도 좋을것 같아요.
이자카야 미주 삼성본점 강추합니다. 다음에 또 방문할거에요!"
nv_1926256525,이자카야 미주 삼성본점,잠실,일식,,1363,,,"새로운 지인들과 재방문한 이자카야미주

제임슨위스키는 역시 예상대로 부드럽고 달큰한 편이라 어떤안주와도 잘 어울리고 가격도 대체로 저렴한편

그리고 헤네시 vsop 가격이 25에서 22로 낮춰진건 희소식이라 다음에 마셔볼 예정

기본안주인 새우칩이나 콩도 맛있고 특히 튀김류가 맛있어 방문할때마다 주문하는메뉴임

하루저녁에 두팀의 다른 지인들과 방문해서 똑같은 위스키만 두병을 마셨다는..

오늘도 조용하고 차분한 분위기에서 잘먹고 갑니다 :)"
nv_1926256525,이자카야 미주 삼성본점,잠실,일식,,1363,,,"삼성역 모임하거나 삼성역 회식장소로 완전 추천하는 삼성역 이자카야 미주 ~! 토마토나베, 고등어봉초밥, 하이볼도 전부 너무너무 맛있었어요! 룸도 너무 쾌적해서 삼성역 룸식당 찾는분들에게도 완전 추천합니다 👍👍"
nv_1926256525,이자카야 미주 삼성본점,잠실,일식,,1363,,,"언제 방문해도 친절한 사장님과 직원들 그리고 깔끔한 실내에 정갈한 요리를 맛볼수있는 이자카야미주

방문했던 고객임을 사장님이 먼저 알아주는것도 감사한 일이지만 깨끗한 실내에 조용히 편안하게 술자리를 가질수있다는점이 매력적임

물론 시끄러운 단체손님이 근처에 있을땐 소리가 들리긴함

제철모듬회 중짜는 가격이 제법 나가는 편이지만 막상 시키고 도착한 음식을 맛보면 하나하나 정성과 맛이 느꺼지니 인정

그리고 가라아게를 주문해보니 양도 많고 튀김도 잘 튀겨져 마요소스나 간장소스와도 궁합이 좋음 (케찹은 비추)

몰트위스키하이볼을 지난번 맛있게 먹은터라 사장님께 문의드리니 베이스가 글렌리벳12년산!
이후 주문한 제임슨하이볼은 상대적으로 밍밍해 담번엔 무조건 몰트로 시작해 끝을봐야할듯?

재방문의사 120%"
nv_1601177269,일도씨닭갈비 대치점,잠실,일식,,1049,,,밥시간 놓쳐서 찾다가 왔는데 브레이크타임 없어서 너무 좋규요 직원분이 친절하시고 전부 다 볶아주시니깐 여긴 먹기만 하면 되고 옷에 냄새도 안베이고 짱인듯해요 사리랑 볶음밥 추가 해서 먹으니깐 배터지게 먹고 가성비 미쳤네요 아 글고 단호박스프는 레스토랑보다 진허고 고퀄이네요 여기 좀 진심이신듯 오래장사하는집은 이유가 있네요
nv_1601177269,일도씨닭갈비 대치점,잠실,일식,,1049,,,"인생 닭갈비 맛집🧡
사실 메뉴 자체가 맛 없기 쉽지 않은 메뉴라서 큰 기대 없이 방문했는데, 여긴 양념도 깔끔하고 야들야들하고 부드러운 닭다리살도 맛있고, 그동안 먹었던 닭갈비 중에서도 손에 꼽을 정도로 맛있네요👍🏻
치즈닭갈비에 우동사리 조합은 진짜 최고입니다😎
사리도 떡, 치즈떡, 고구마떡, 고구마 등 다양하게 들어가서 양도 푸짐해서 대만족! 다음에 또 올게요~"
nv_1601177269,일도씨닭갈비 대치점,잠실,일식,,1049,,,"대치동 닭갈비맛집
대치역 닭갈비 맛집

국내산 생닭으로 탱글하고 촉촉한 닭고기에 매콤한 양념이 더해져 느끼하지 않고 맛있게 즐길 수 있다
전부 다 익혀서 갖다주니 편하게 집어먹기만 해 굳
볶음밥은 참기름이 아주 꼬소해서 무조건 먹어야!"
nv_1601177269,일도씨닭갈비 대치점,잠실,일식,,1049,,,"원래도 일도씨닭갈비 진짜 좋아하는데
대치점 너무 맛있어요!!♥️

매장 깔끔+닭고기 야채 치즈 다 신선하고
치즈의 고소함 가득~하면서
매콤+감칠맛 폭발하는 닭갈비의 맛!!!

사장님도 친절하시고 볶음밥 해주실 때도 정말 맛있게 만들어주셔서 감동했어요~~!!♥️
대치역 맛집으로 추천추천합니당"
nv_1601177269,일도씨닭갈비 대치점,잠실,일식,,1049,,,"치즈듬뿍 닭갈비 애정하는 곳이네요.
단호박스프 맛있고요.쌈무에 양배추샐러드는
닭갈비와 함께 먹기 좋았어요"
nv_1601177269,일도씨닭갈비 대치점,잠실,일식,,1049,,,"닭갈비의 특별함 일도씨닭갈비
치즈듬뿍 양념맛이 예술 친구와
친구와함께했던시간
맛있는 요리 덕분에
더 즐거운시간이었어요"
nv_1601177269,일도씨닭갈비 대치점,잠실,일식,,1049,,,"대치사거리역 뷰가 좋은 닭갈비 맛집으로 고급스러운 분위기도 좋아서 아내와 같이 오랜만에 데이트하면서 점심 먹기 좋았는데요

치즈닭갈비와 볶음밥 2가지 다 맛있어서 다음에 또 가보고 싶네요~!"
nv_1601177269,일도씨닭갈비 대치점,잠실,일식,,1049,,,"막걸리엑스포 갓다가 맛난 닭갈비 먹으러 방문했는데,
넘나 맛있게 잘 먹었습니다! 손님들도 많구 북적북적 하더라구요!! 직원 분들도 넘 친절하시구, 볶음밥이 넘넘 짱이에요!!! 꼭 추가해서 드셔보세오😆🧡"
nv_1601177269,일도씨닭갈비 대치점,잠실,일식,,1049,,,"캐주얼한 대치역 모임장소로 좋아요!
언제나 실패 없이 맛있는 양념의 특제닭갈비👍👍👍
모듬사리 꼬옥 추가하세영!

아는맛이 무서운 일도씨닭갈비 ㅎㅎ
맛있어서 대치동 맛집 어디갈까? 하면 항상 생각나는 곳이에요. 통창뷰도 시원하니 좋고 술 한잔 하기에도 좋은 안주메뉴 👍

마지막 피날레 볶음밥까지 벅벅 긁어먹고 행복했던 식사시간이였어오!"
nv_1601177269,일도씨닭갈비 대치점,잠실,일식,,1049,,,"닭갈비를 좋아하는데, 춘전 갈필요 없겠는데용??
닭다리살이 엄청 촉촉하고 부드러워용~!!
치즈 닭갈비에다가 모둠사리 넣고 먹었는데
너무 맛있더라구용~!!

쫄면사리도 아주 쫀득하고 특히나
같이 뿌려주신 치즈가~ 너무 맛나요!!
막걸리랑 함께 먹으니 더 꿀맛~!!

마지막엔 철판 치즈볶음밥도 먹었어요~!!
하트는 제가 만들어봤는데 어떤가요~??ㅋㅋㅋㅋㅋ

볶음밥까지도 완전 맛있었다는~!!
대치점은 바로 역앞이라 가기도 정말 편해용👍
닭갈비 땡길때는 1도씨닭갈비로~~ :)"
nv_1986455004,해목 롯데월드몰점,잠실,일식,,1,,,"주말에 아이와 함께 나들이 나왔다가 다른곳 웨이팅했다가 취소하고 좀 기다려도 너무 먹고싶어서 먹었는데 진짜 장어덮밥 맛집 맞네요~ 카이센동은 품절되서 ㅠ 참치 연어 네기도로 먹었는데 진짜 맛있었습니다!
입에서 연어랑 참치 녹아없어졌어요...원격줄서기도 되서 주말에 오실꺼면 줄서기하시는게 편할듯해요! 미슐렝 맛집👍🏻 담에 또 먹으러 오겠습니다!"
nv_1986455004,해목 롯데월드몰점,잠실,일식,,1,,,"여기 생각나서 또 방문했습니다~~
연어 참치 네기도로 셋다 모두 신선해서 더욱 맛있었어요 낫또쏘스에 네기도로 같이 먹는거 특히 별별미!!!
특별한 날에는 비싸더라도 여기서 가족들이랑 일본느낌 내러 한끼 하는 것도 좋을 것 같아요 :)"
nv_1986455004,해목 롯데월드몰점,잠실,일식,,1,,,"민물히츠마부시/ 텐푸라(참돔)/ 우메보시에이드/
네이버로 미리 예약대기를 걸어놓고 10번째정도됬을때 매장앞에서 기다리니 불러주셔서 입장!
좋아하는 매실에이드가 있어서 먹어봤는데 너무 맛있었어요! 강추!! 덮밥이랑도 잘어울려요!!
직원분들도 너무 친절하고 설명도 잘해주셔서 좋았어요~
전체적으로 간이 쎄지않고 조화롭게 먹을 수 있어요~
장어의 가시가 잘 안느껴지고 부드러워서 맛있었어요~
와사비랑은 원래 잘 안먹는데 잘어울려서 맛있게 먹었어요~
미소국도 너무 맛있었어요~
일본식 튀김도 좋아해서 시켰는데, 참돔과 관자 중 선택이 되서 참돔으로 먹었는데 너무 맛있었어요~ 전체적으로도 맛있는 튀김이였고, 유자소스가 취향적!
[매실에이드는 리뷰작성시 한잔 무료인데, 맛있어서 두잔시키고 한잔만 서비스 받았습니다]"
nv_1986455004,해목 롯데월드몰점,잠실,일식,,1,,,"매장 차분하고 깔끔해서 식사하는 내내 편안했고, 테이블 세팅이나 공간 구성도 정갈해서 첫인상부터 좋았습니다.

특히 히츠마부시를 처음부터 마지막까지 여러 방식으로 즐길 수 있게 안내가 잘 되어 있어서, 단순히 한 끼 먹는 느낌보다 제대로 대접받는 느낌이 들었어요.

장어가 정말 촉촉하고 부드러워서 씹을수록 고소한 맛이 잘 올라왔고, 양념도 과하지 않아서 장어 본연의 맛이 더 잘 느껴졌어요.

함께 나온 밑반찬들도 하나하나 깔끔했고, 마지막엔 오차즈케처럼 즐기면서 또 다른 맛으로 마무리할 수 있어서 만족도가 더 높았습니다.

한 가지 메뉴를 여러 방식으로 먹는 재미가 있어서 끝까지 질리지 않았어요.👍👍👍"
nv_1986455004,해목 롯데월드몰점,잠실,일식,,1,,,"연휴 마지막날, 마지막 식사를 의미있게 하기위해 외출했어요. 집이 더 좋은 아이 둘은 놔두고 부부 둘이서 식사하니 데이트하는 기분에 설레기도하고 좋네요.^^ 메인 메뉴 장어덮밥(민물히즈마부시) 장어가 고소하니 너무 맛났어요. 남편이 시킨 생연어참치덮밥에 연어와 참치도 싱싱하고 부드러워 입안에서 사르르 녹아 사라지더라고요. 제가 좋아하는 모듬 튀김도 시켰어요. 많아서 다 못 먹을 줄 알았는데, 먹다보니 맛있어서 남편이랑 똑같이 딱 반띵해서 다 먹었어요.ㅎ 맛있는 식사 했습니다. 감사합니다."
nv_1986455004,해목 롯데월드몰점,잠실,일식,,1,,,"부모님이랑 방문했는데 웨이팅이 금방금방 사라져서 많이 안기다렸어요! 장어덮밥도 진짜 맛있고, 참치랑 네기도로도 안 비리고 맛있어요! 하나의 덮밥에 먹는 방법이 여러가지라 맛있게 먹었습니다. 우메보시 에이드도 적당히 달고 맛있게 마셨습니다."
nv_1986455004,해목 롯데월드몰점,잠실,일식,,1,,,"롯데월드몰 맛집 탑티어… 해목 🥹🍣✨

여기는 진짜 웨이팅이 어마어마해서
🚨 무조건 테이블링 원격줄서기 하고 가셔야 합니다!! 🚨
안 하고 가면 기다림 꽤 길어요 😭📱

오랜만에 방문했는데도 역시 인기 여전하더라구요 👍

이번엔 카이센동 + 생연어·참치 주문했는데
재료가 진짜 신선해서 먹자마자 감탄 🐟✨
비주얼도 너무 예쁘고 한입 한입 행복했습니다 🤍

그리고 모둠튀김은 꼭 같이 드세요!! 🍤🔥
바삭하고 고소해서 조합 최고예요 😆

전체적으로 음식이 정갈하고 깔끔한데
맛까지 완벽해서
먹는 내내 기분 좋아지는 식사였습니다 🫶✨

롯데월드몰 가면 또 방문할 예정이에요 💯"
nv_1986455004,해목 롯데월드몰점,잠실,일식,,1,,,"해목 롯데월드몰점
히쯔마부시 먹으러 비오는데
방문11시30분 왔는데
4명이라 10분이상 기다려 입장.
특히쯔마부시 5만9천원 특카이센동 5만2천원 3개 주문.
저는 워낙 히쯔마부시 좋아해서 장어먹음.
여기가 고급지고 양도 많고 제가 좋아하는곳입니다.
특히 잠실 자주 오는듯.
역시 특은 양이 많은편 이네요.
배부릅니다. 보통 시켜도 충분할듯요.
개인적으로 오차쯔케 보다 기본으로 와사비만 얻어서 먹는걸 좋아해요.
오늘은 디저트로 밤양갱이 나왔는데 맛있네요.
히쯔마부시 맛집은 역시 해목입니다."
nv_1986455004,해목 롯데월드몰점,잠실,일식,,1,,,"어머니 모시고 잠실 롯데월드몰 해목에 방문했어요. 워낙 유명한 곳이라 기대하고 갔는데 역시나 대만족입니다!
대표 메뉴인 히츠마부시(장어덮밥)는 장어가 비린내 하나 없이 겉바속촉으로 양념이 잘 배어있고, 안내해주신 방법대로 녹차물에 말아 먹으니 감칠맛이 폭발하네요. 카이센동도 해산물이 정말 신선하고 종류가 다양해서 어머니가 정말 맛있게 드셨습니다.
매장 분위기도 고급스럽고 직원분들도 친절하셔서 부모님 모시고 가기에 최고의 선택이었던 것 같아요. 기분 좋은 한 끼 식사였습니다. 재방문 의사 100%예요!"
nv_1986455004,해목 롯데월드몰점,잠실,일식,,1,,,"남자친구와 기념일로 뭘 먹을까 하다가 분위기도 맛도 직원분들도 친절한 해목을 방문하게 되었어요!
해목은 늘 저에게 행복하고 맛있는 기억을 선물해 줬던 곳이라 특별한 날 가장 생각나는 곳이예요💕
부모님 모시고 와도 너무 좋아하시는 곳이라 남녀노소 누구나 즐겁게 식사 할 수 있는 곳 같아요!
추천 합니다 ◡̈"
nv_1506795911,깃뽀 잠실새내점,잠실,일식,,2650,,,친구랑 2차로 잠실새내 이자카야 찾다가 들어왔는더 지금 날씨에 딱이에요~ 바람 솔솔 불고 음식도 맛있고.. 배불러서 다양하게 먹어보진 못했지만 잠실새내 술집 찾는분들 여기서 1차부터 먹어도 너무 좋을 것 같아요ㅋㅋ
nv_1506795911,깃뽀 잠실새내점,잠실,일식,,2650,,,"🏮아늑한 조명속에 일본 현지 갬성 물씬나는 인테리어와 🎋도심속에서 대나무숲 갬성을 느낄수 있는 아늑한 분위기에 💠프라이빗한 오픈룸과 🪟테라스 야외석도 있어 분위기 넘 좋더라구요🤠

🍣숙성 모둠사시미는 🏵플레이팅부터 화려하고 숙성도 예술이고 두툼하고 쫄깃한 식감이 😋정말 환상적인 맛이었어요

🥩마장동 한우육회는 신선한 명품한우에 🥣특제 간장소스와 🍳노른자 톡 터트려 아삭한 배와 함께 먹으니 그야말로 짱맛도리였고 🍗치킨가라아게는 😋겉바속촉하니 소스에 곁들여 먹으니 💢중독성이 강한 맛이었어요

📲네이버 영수증 리뷰이벤트로 🍮꿀 모찌리도후까지 받게되어 꾸덕하고 달달하니 디저트로 제격이었어요🎐"
nv_1506795911,깃뽀 잠실새내점,잠실,일식,,2650,,,잠실새내 술집 찾다가 안주가 다양해서 들어왔는데 분위기도 좋고 맛있었어요 술먹을때 이지카야 종종 찾는데 다음에 또 올거같아요 술 종류도 다양하고 안주 종류도 다양하고 너무 시끄럽지않고 데이트 친구들이랑 먹으러오기 좋을거같아요
nv_1506795911,깃뽀 잠실새내점,잠실,일식,,2650,,,"야구 보러 왔다가 잠실새내 이자카야 유명한 곳이 있다고 해서 들려 봤어요! 남편이랑 둘이서 왔는데, 프라이빗 하게 먹을 수 있고, 통창 뷰에 창이 열려 있어 시원한 공기 느끼며 술도 안주도 맛있게 먹을 수 있어서 좋았습니다. 무엇보다 여기 안주 퀄리티가 정말 좋더라고요! 모츠나베랑 고로케는 무조건 드셔보시는 것 추천드려요 ㅎㅎ"
nv_1506795911,깃뽀 잠실새내점,잠실,일식,,2650,,,"분위기 너무 좋고, 시원해요~👏👏👏
대나무컨셉으로 깔끔하게 인테리어가 되어있고, 프라이빗하게 좌석이 마련되어있어 대화하기 좋아요:)
안주도 가성비 너무 좋게 맛있고 예쁘게 잘나와서 추천👍
(특히 모츠나베 육수 진짜 미쳤어요!!!❤️)
잠실새내 이자카야 찾고있다면 꼭 방문해보세요!!🔥"
nv_1506795911,깃뽀 잠실새내점,잠실,일식,,2650,,,"잠실새내 이자카야 중에서도 원탑인 깃뽀❤️
이번이 두번째 방문인데 언제와도 음식이
알차고 너무 맛있는 것같아요!!
저번에도 시킨 연어사시미 퀄리티는 말해뭐해고
오코노미야키 감자전도 너무 바삭거리고 존맛탱..!
안주랑 술 조합이 너무 좋아서 술도 술술 넘어가요!!
그리고 테라스석 분위기가 진짜 너무 좋아서
데이트하기에도 친구들이랑 오기에도
너무 즐거운 장소인 것 같습니당😊
잠실새내에서 사시미 맛집 안주맛집을 찾으신다면
깃뽀로 오시는 거 강추해요!!"
nv_1506795911,깃뽀 잠실새내점,잠실,일식,,2650,,,"잠실새내 술집 중에서 데이트하기 제일 좋은 곳인것같아요..!
안주가 탄탄하고 맛있어서 자주 방문하고 있어요👍🏻
데이트하기 좋는 잠실새내이자카야 찾는다면 이곳 추천합니다👍🏻"
nv_1506795911,깃뽀 잠실새내점,잠실,일식,,2650,,,"모둠회 구성이 넘 좋고, 완전 신선하고 맛있어요.
대광어, 연어, 육사시미, 수비드전복 하나하나 넘 맛있고 입에서 녹아요. 초밥밥과 김도 있어서 싸먹어도 맛있어요.
모츠나베는 일본식 소유 간장 베이스 먹었는데 곱창도 듬뿍 들어가고 야채도 듬뿍 들어가서 끓일수록 육수가 진하게 넘 맛있어져요! 함께 제공되는 깃뽀 소스에 찍어 먹으면 더 맛있네요~
유린기도 고기와 야채 듬뿍듬뿍 제공돼서 완전 맛있게 먹었네요.
요리 종류도 많고 다 맛있어서 자주 오게 될 것 같아요.
좌석도 창가 좌석부터 커텐 좌석까지 소개팅부터 각종 모임, 데이트 등 방문하기 좋을 것 같네요.
위치도 좋고 음식 퀄리티가 높고 가성비가 좋아서 잠실새내맛집으로 넘 추천드려요!
술 종류 많은 것도 완전 좋네요!!
추천합니다✨✨"
nv_1506795911,깃뽀 잠실새내점,잠실,일식,,2650,,,"잠실 근처 이자카야 중 분위기랑 음식이 맛있어요
숙성회 ....짱
가라아게도 바싹해서 맛있어요
안주가...정성이 가득해요
전 추가로 타코와사비 시켜서 나왔구요
전복은 늦어서 못찍었어요
근데 맛있음요
예약하셔야 해요
저희는 이른시간방문 했어요"
nv_1506795911,깃뽀 잠실새내점,잠실,일식,,2650,,,"잠실새내 이자카야 맛집 찾으시면 무조건 깃뽀 추천합니다!!
모듬숙성회, 유린기, 물회 주문해서 먹었는데 모든 메뉴가 다 넘 맛있어요!! 인테리어도 깔끔하고 분위기가 젛아서 데이트하기도 좋고 친구들 여러명이랑 방문하기도 좋을 거 같아요~"
nv_1263035580,소피텔 앰배서더 서울 미오,잠실,일식,"별점
4.5",4,,,"1주년 결혼 기념일, 미오에서 최고의 식사를 하다!
1주년 결혼 기념일을 소피텔 호텔에서 호캉스를 하기로 하고, 지인의 추천을 받아 오게 된 미오.
사전에 메모를 남기며 예약을 하였더니 케이크 이벤트도 해주셨다.
너무도 정갈하고 깔끔한 코스 구성에 맛은 물론, 직원 분들의 친절함에 편안한 시간을 보낼 수 있었다!

기념일이 있다면 미오를 강추!
좋은 날, 또 방문해야지 :)"
nv_1263035580,소피텔 앰배서더 서울 미오,잠실,일식,"별점
4.5",4,,,"주말 런치 코스(10만원)로 이용했습니다!
성인 남성 2인로 이용하여도 적지않은 양에 음식도 맛있었습니다! 혹시나 부족할까봐 후토마키(추가) 이용하였는데 기본 코스만으로 충분했던것 같습니다!
할인 가능 사항이 없어 할인 내용은 없었습니다.
이용은 안했지만 식사후 현장에서 아르코 멤버쉽가입하면 음료 서비스가 있으니 참고하세요!"
nv_1263035580,소피텔 앰배서더 서울 미오,잠실,일식,"별점
4.5",4,,,기념일에 찾았는데 음식 하나하나 섬새하고 맛있어서 만족스러웠고요. 직원분께서 기념일 케이크도 재공해주셔서 행복한 시간 보냈어요. 다음 기념일에도 오자고 했어요.
nv_1263035580,소피텔 앰배서더 서울 미오,잠실,일식,"별점
4.5",4,,,"어머니 생신에 방문 했습니다
음식이 정갈하고 맛있어요~
굉장히 친절하시고 편안한 분위기에서 식사 했습니다"
nv_1263035580,소피텔 앰배서더 서울 미오,잠실,일식,"별점
4.5",4,,,"남편이랑 결혼한지 1주년 기념 및 크리스마스라 미리 예약하고 갔는데 너무 만족했습니다!
음식도 하나하나 다 맛있고 신경 쓴 티가 많이 났습니다!
그리고 테이블간 간격이 있어서 매장이 꽉 찬 느낌이 안 들어서 조용하면서 여유있게 잘 있다가 왔습니다 :)"
nv_1263035580,소피텔 앰배서더 서울 미오,잠실,일식,"별점
4.5",4,,,"엄마 칠순 식사를 어디에서 할까하다 미오로 선택했는데, 전반적으로 깔끔한맛에 직원분들의 친절함까지 만족스러운 식사였어요. 소피텔은 항상 서비스가 좋아요. 좋은 시간 보내고 갑니다.^^"
nv_1263035580,소피텔 앰배서더 서울 미오,잠실,일식,"별점
4.5",4,,,"친구들과 연말 모임으로 예약후 방문했습니다.
아담하지만 로비에 만들어놓은 트리 너무예뻤구요,
오랜만에 만난 모임이라 저희들끼리 이야기를 많이해서, 직원분들 코스 마다 설명해주실때 난감하셨을것 같은데 배려해주셔서 감사했습니다.
음식은 말할것없이 좋았고, 연말한정 메뉴에 포함된 샴페인 서비스까지 완벽했습니다!"
nv_1263035580,소피텔 앰배서더 서울 미오,잠실,일식,"별점
4.5",4,,,"어머니 환갑 기념으로 평소 드시고싶어 하셨던 일식 코스요리를 대접하러 미오에 방문 했어요.
입장부터 퇴장까지 매끄럽고 잘 준비해주신 느낌이 좋았어요.
사진운 피트 룸? 에서 본 전망인데, 날씨가 흐리긴 했지만 통창의 개방감이 좋았어요.
재료 신선하고 맛도 좋았고요. 첫 접시에 나온 모나카가 너무 맛있었어요.
그리고 식사 중간에 부족한 부분 없는지 세심히 살펴주셨고, 마지막에 가족 사진 요청도 들어주셔서 정말 감사했습니다.
부모님 모시고 오랜만에 근사한 식사할 수 있어서 행복했어요😊"
nv_1263035580,소피텔 앰배서더 서울 미오,잠실,일식,"별점
4.5",4,,,"작년에 런치 오마카세 먹고 반해서 오늘은 오이와이 코스에 클라우드베이 쇼비뇽블랑을 함께 즐겼어요.
전채부터 마무리 디저트까지 가볍지만 짜임새 있는 구성으로 편안히 맛볼 수 있었어요♡
사시미는 선도가 좋은 편이었고 손질을 잘 하셔서 식감도 만족스러웠어요.
서버분께서 술잔이 비지 않도록 관심있게 눈여겨 보시고 세심히 챙겨주신 점도 감사했어요.
그리고 전채와 디저트에 사용하신 모나카! 이 집은 진심 모나카 맛집이기도 하네요♡♡♡ 한입 베어물면 파사삭 부서지며 곁들인 재료와 함께 입안에 녹아드는 그 맛을 잊지 못해 또 방문할 것 같네요!"
nv_1263035580,소피텔 앰배서더 서울 미오,잠실,일식,"별점
4.5",4,,,맛있는 식사 했습니다. 사쿠라 코스 맛있었어요.
nv_1160275656,스시이세이 롯데백화점 에비뉴엘 잠실점,잠실,일식,,4175,,,"잠실 맛집
월드타워 맛집

잠실 에비뉴엘 6층의 일식당
카운터석에선 오마카세 스시를, 테이블에선 모둠 스시와 솥밥, 구이, 튀김 등 다양한 일식 요리를 즐길 수 있는 곳
매장이 넓고 쾌적해서 편하게 식사하기 좋다"
nv_1160275656,스시이세이 롯데백화점 에비뉴엘 잠실점,잠실,일식,,4175,,,석촌호수 벚꽃 축제 갔다가 스시이세이에서 너무 맛있게 먹었어요. 눈과 입이 이렇게 즐거운 곳이라니 같이 간 사람들이 제 안목에 감탄했답니다. 칭찬받았어요.
nv_1160275656,스시이세이 롯데백화점 에비뉴엘 잠실점,잠실,일식,,4175,,,"레전드 야르 레전드 존맛탱입니다 🥹🥹
지라시스시 한 입 먹자마자 온갖 맛들의 향연
네기도로에 연어알에 각종 조각난 회들 대박적

연어덮밥도 입에 착 감기는게 미친 존맛탱
역시 제가 매우 자주 오는 일식집입니다!
감태 리필 가능하구요 서비스 좋아요
롯데 오실 일 있으시면 와보세요 🩷"
nv_1160275656,스시이세이 롯데백화점 에비뉴엘 잠실점,잠실,일식,,4175,,,"알차고 푸짐하고 정말 반하고 왔던 지라시스시
먹어도 계속 나오는 회양이 많아서 좋았고
감태 조합이 좋았어요
따뜻하게 먹었던 버터향이 은은하게 나던
고소하고 부드럽던 장어덮밥까지
맛나게 식사했고 다음에는 다른 메뉴들 먹으러 다시 올게요"
nv_1160275656,스시이세이 롯데백화점 에비뉴엘 잠실점,잠실,일식,,4175,,,"매장에 들어서면 고급스럽고 정갈한 인테리어가 먼저 눈에 들어와 분위기가 편안하면서도 세련되게 느껴졌습니다.💯
촛불처럼 은은한 조명 아래 자리 잡은 테이블은 음식에 집중하기 좋고, 대화도 자연스럽게 이어졌습니다.👏👏
지라시스시와 오마카세 코스는 신선한 재료의 감칠맛이 입안 가득 퍼져 감동적이었고, 매 한 점이 정성이 느껴지는 맛이었습니다.😍😍
특히 장어 솥밥과 사시미는 식감과 풍미가 깊어 마지막 한 입까지 여운이 남았습니다.😋
서비스 역시 세심하고 친절해 음식 설명과 추천이 자연스럽게 이어졌습니다.
창밖 조경 뷰가 보여지는 창가 자리는 여유 있는 분위기를 더해줍니다.👏👏
가격대는 프리미엄이지만, 그만큼의 만족감과 품격 있는 식사가 보장됩니다.
분위기 좋고 특별한 날 기억👍👍👍"
nv_1160275656,스시이세이 롯데백화점 에비뉴엘 잠실점,잠실,일식,,4175,,,"생일이라 런치/룸코스 이용했어요
키큰 남자분께서 룸안내와 음식 서빙, 음식 설명 도와주셨는데 정말 친절하셨어요👍🏼 알러지 부분도 한번 더 체크해주시고 주방에 전달해서 대체 음식으로 준비해주시는 배려도 감사했어요🤗
음식도 전반적으로 맛있고 신선했어요😋
재방문의사 10000% 입니당ㅎㅎ 다음번엔 오마카세 먹어보고 싶네요~

출입구 계산하는쪽이 넘 복잡하고 정신없는거 빼곤 다 만족합니다~^^"
nv_1160275656,스시이세이 롯데백화점 에비뉴엘 잠실점,잠실,일식,,4175,,,"와이프랑 오랜만에 방문했는데 역시 맛있게 먹고 갑니다.
오마카세나 스시만 먹다가 솥밥 메뉴도 함께
주문해봤는데 담백하게 기분좋게 식사했네요.
n번째 스시먹으러 오는 집이라 스시는 역시👍👍"
nv_1160275656,스시이세이 롯데백화점 에비뉴엘 잠실점,잠실,일식,,4175,,,"고급미 뿜뿜하는 장소 롯데월드몰맛집!
입구에서부터 수조덕분에 분위기 너무 좋은데,,음식들도히 하나같이 퀄리티너무좋아요ㅜㅜ스시 입에서 살살녹고 붓카케우동면도 엄청 쫄깃쫄깃♡
롯백에비뉴엘잠실점에서 분위기좋고 퀄리티좋은 일식집 찾는다면, 스시이세이 입니당룰루"
nv_1160275656,스시이세이 롯데백화점 에비뉴엘 잠실점,잠실,일식,,4175,,,"잠실에 맛있고 고급진 일식집으로 추천 받아 방문했습니다. 지라시스시는 재료가 신선하고 다양하게 올라가서 맛있게 먹었습니다. 도미솥밥은 따뜻하고 고소해서 만족스럽게 싹싹 비웠습니다 ! 소바 맛집이라 미니소바도 같이 곁들이기 좋았어요. 일본풍 정원 느낌의 차분한 인테리어라 분위기도 좋았어요. 🍣🌿 모두 만족스러웠어서, 다음에도 쇼핑 후 재방문하려구요 !"
nv_1160275656,스시이세이 롯데백화점 에비뉴엘 잠실점,잠실,일식,,4175,,,한 달 한번 미팅으로 만나는 원장님께 새학기 맞이 특별 식사자리를 마련해봤습니다. 복잡하지 않고 식당 안에도 프라이빗한 공간 구성이라 편안한 대화와 함께 맛있고 기분좋은 식사 잘했네요. 잠실 일식 맛집입니다.
nv_1228268834,깃뽀 방이점,잠실,일식,,3538,,,잠실 근처 이자카야 중 분위기랑 음식이 제일 괜찮은 이자카야에요 ㅎㅎ 잠실 근처에서 소개팅이나 데이트 하기 좋아요^^ 방이동 이자카야 깃뽀
nv_1228268834,깃뽀 방이점,잠실,일식,,3538,,,"친구 생일이라 동네인 잠실 근처에 이자카야 찾아보고 깃뽀가 마음에 들어 방문했어요! 주말이라 그런지 대기 약 10-15분 정도 하고 들어갔습니다. 이자카야라 그런지 분위기도 좋고 안주가 정말 맛있어요! 음식 종류가 다양해서 원하시는 메뉴 선택해서 드시기 좋을 거 같아요👍 다음에도 이자카야 오게 되면 고민없이 깃뽀로 올 거 같아요😊 잠실 방문하시게 되시면 고민없이 깃뽀 추천드립니다. 소개팅이나 데이트하기 좋은 방이동 술집, 잠실 근처라 접근성도 좋아요!"
nv_1228268834,깃뽀 방이점,잠실,일식,,3538,,,"잠실에서 분위기 좋은 방이동 술집 찾다가 방문한 이자카야인데 기대 이상이었어요. 안주 퀄리티가 전체적으로 좋고 술이랑 조합도 잘 맞아서 대화하면서 오래 있기 좋았어요.
특히 분위기가 데이트 장소로도 추천할 만한 방이동 이자카야 입니당! 직원분들도 친절하고 음식 나오는 속도도 괜찮아서 만족했습니다!
다음에 잠실 근처에서 술 약속 있으면 또 방문할 것 같아요!"
nv_1228268834,깃뽀 방이점,잠실,일식,,3538,,,"퇴근 후 잠실 근처에서 간술할 이지카야 찾다가 지인 추천으로 와봤어요
방이동 이자카야는 여기가 맛있다고 해서 와봤는데 확실히 안주도 맛있고 분위기도 좋네요!
다음에 방이동에 술집 찾게 되면 다시 오려구요 ㅎㅎ"
nv_1228268834,깃뽀 방이점,잠실,일식,,3538,,,"❤️방이동 이자카야, 깃뽀 추천!! 😆❤️
사시미 먹고 싶은데 방이동에 술집이 많아서 어딜 갈까 고민하다가 바깥에 있는 벚꽃 인테리어가 예뻐서 들어왔는데요! 이자카야라 술이랑 안주 조합도 좋고, 잠실 근처 이자카야 중 분위기랑 음식이 괜찮은 것 같아요! 플레이팅도 예쁘고, 분위기도 좋아서 친구끼리도 연인끼리도 좋을 것 같아용!!.
일단 제가 좋아하는 명란구이가 저염이라 젤 좋음..
맛있는 안주와 도쿠리 먹고싶으면 깃뽀로 오세용~"
nv_1228268834,깃뽀 방이점,잠실,일식,,3538,,,"방이동 이자카야를 찾다 왔는데 최곱니다
진짜 너무 맛있고 인테리어도 좋습니다!
숙성회가 정말 식감도 좋고 신선해요
인테리어와 맛이 완벽해서 데이트로 와도 좋을 거 같습니다.
방이동 술집 찾고 싶으면 여기가 최고입니다!!"
nv_1228268834,깃뽀 방이점,잠실,일식,,3538,,,"안주도 너무 맛있고 맥주도 맛있어요
잠실 접근성도 좋아서 친구랑 수다떨면서 걸으니 금방입니다
먹자골목 입구라 찾기도 쉽고 맛있게 잘먹고갑니다
먹는데 미쳐서? 음식사진 한개도 못찍음요🤣🤣🤣"
nv_1228268834,깃뽀 방이점,잠실,일식,,3538,,,"오랜만에 제대로 먹으려고 모둠 숙성 사시미 시켰는데 28피스 구성이 대박이에요!
한우에 찐전복까지 있어서 입에서 살살 녹아요
숙성회라 그런지 식감이 진짜 쫀득쫀득해서 한 점 먹을 때마다 감탄함..💖
날씨 쌀쌀해서 국물도 땡기길래 관동식 스키야키도 주문했는데 탁월한 선택이었음!
국물 진하고 재료가 듬뿍이라 속이 확 풀리는 느낌이에요. 🫶🏻
여기에 이까게소 튀김까지 같이 먹으니까 바삭함까지 완벽.. 겉바속촉 제대로라 배부른데도 계속 손이 가더라고요. 🦑
전체적으로 분위기도 너무 좋고 음식 하나하나 정성이 느껴져서 완전 만족했어요!
사진도 잘 나와서 인스타 업로드 각임..📸
근처에서 분위기 있게 맛있는 회랑 스끼야끼 즐기고 싶을 때 무조건 추천이에요.
재방문 의사 200%입니다아-!! 🔥"
nv_1228268834,깃뽀 방이점,잠실,일식,,3538,,,방이동 술집 맛집이라 그래서 검색하고 처음왔는데 분의기 좋은거 같아요 이자카야다운 분의기가 들어오자마자 물씬~! 칸막이구역 데이트 강추합니다!
nv_1228268834,깃뽀 방이점,잠실,일식,,3538,,,방이동 이자카야 술집은 깃뽀만한데가 없습니다. 안주들이 하나같이 되게 맛이 호텔 요리처럼 고급진데 가격이 엄청 가성비가 좋아요. 그리고 도쿠리 이렇게 간 얼음에 정성스레 플레이팅 해주는집 첨봤어요. 진짜 맛집은 이런 사소한 디테일을 놓치지 않는것 같습니다. 타코와사비도 이렇게 맛있게 푸짐하게 나오는집 첨봤고 명란구이도 넘 맛있어요. 하지만 제일 충격인건 역시 시그니처 메뉴인 사시미 슈토아에인데 다들 꼭 드셔보세요 ㅎㅎ
nv_1118591580,훈지,잠실,일식,,472,,,"면만 먹었을때는 양이 좀 아쉽다..! 싶었는데
밥까지 말아먹으니까 배 완전 빵빵 부르고 만족스러웠어요
맛있어요오.. 또 갈거야"
nv_1118591580,훈지,잠실,일식,,472,,,"이를 어찌하면 좋은가 너무 맛있다
아부라소바 중 압도적 1등이구욤!!
감칠맛 대 폭발에 지금까지 경험해본 맛이랑 사뭇 달라요
계속 입에 들어가고 토핑도 푸짐해서
밥까지 무료 추가해서 싹싹김치를 조졌습니다
제 잠실 최최최애 가게라죠 🥹🩷"
nv_1118591580,훈지,잠실,일식,,472,,,"잠실에 놀러왔다가 맛집 같아서 방문했어요!
아부라소바 처음이라 생소했는데 엄청 고소하고 맛있었어요👍🏻 기본만 먹어보다가 다시마식초랑 마요네즈도 꼭 같이 뿌려서 드셔보세요! 또 다른 색다른 맛이 나네요😋
주말 점심 시간엔 밖에 줄서서 기다리셔야 되더라고요
저희도 10분정도 기다렸다가 들어갔아요"
nv_1118591580,훈지,잠실,일식,,472,,,"감칠맛이 뭐야? 묻는다면 이걸 먹일 거예요
오늘은 커리랑 기본 아부라소바!!
편식대마왕 둘이서 싹싹 비웠어요
너무 행복합니다"
nv_1118591580,훈지,잠실,일식,,472,,,"공부하다 훈지 땡겨서 눈물이 나서 옴 (진짜임)
기본 아부라소바의 이 꾸덕함 보이시나요
간도 적당하고 감칠맛 미쳤음
너무 예뻐서 그렇지 맛은 상상 그 이상이에요
물릴 때 쯤 단무지 먹고 무료 밥 추가까지
서울 어떤 아부라소바 먹어도 여기 생각만 남 ㅜㅜ
서비스 너무 감사드리고 번창하세요 ㅠㅠㅠ"
nv_1118591580,훈지,잠실,일식,,472,,,리뷰가 너무 좋아서 꼭 가보고 싶었는데 드디어 방문했네요! 우선 맛도 맛인데 사장님이 너~~무 친절하셔서 재방문하고 싶어요!! 기본 아부라소바도 살짝 매콤해서 매운맛으로 안 시켜도 괜찮더라구요! 이 퀄리티에 단돈 만원이라니!!! 너무 맛있게 잘 먹었습니다-!
nv_1118591580,훈지,잠실,일식,,472,,,"오늘도 감동적인 맛입니다❤️🤍
여기에 친구, 가족 모조리 데리고 왔는데
호불호 없이 100% 만족입니다 믿으십시오

오늘은 편식쟁이 중딩 동생 데리고 왔는데
완전완전 맛있다고 밥까지 추가해서 비벼먹었어요
감칠맛 폭발 아부라소바를 모두 드셔봐야 합니다

훈지 앰배서더 있으면 저 좀 시켜주세요
이러다가 잠실 주민들 다 데리고 가겠습니다"
nv_1118591580,훈지,잠실,일식,,472,,,"훈지의 은혜는 하늘 같아서~
면 반만 달라고 했고요!
감칠맛 폭발에 그냥 미쳐버립니다
훈지 운명적으로 땡기는 날엔
무슨 짓을 해서라도 먹어야합니다"
nv_1118591580,훈지,잠실,일식,,472,,,"먹어본 아부라소바 중에서 가장 맛있었어요.
중간에 다시마식초, 마요네즈 넣어 먹으니
천국 그 자체.
마지막에 비벼먹을 밥 주시는데 차슈 한장 센스까지
너무 맛있게 먹고 갑니다!!
스스메!!!"
nv_1118591580,훈지,잠실,일식,,472,,,"오늘도 너무 맛있는 훈지ㅜㅜㅜ
별 말이 필요 없네요 잠실새내 최고의 맛집입니다
왜 이런 맛집은 내 학원 근처에 없는가
한 380번 방문한 것 같아요"
nv_1546654146,팔각동,잠실,일식,,1266,,,"진짜 맛있네요… 숙성회 숙성도도 딱이고.. 사이드도 모두 맛있어요. 동네에 있었으면 매일 갔었을 것 같아요
하이볼도 스위트랑 드라이 선택 할 수 있어서 좋아요 근데 안주가 정말 최고에요…"
nv_1546654146,팔각동,잠실,일식,,1266,,,"두번째 방문인데 여전히 맛있어요! 숙성회 엄청 부드럽고 제철 생선으로 매번 채워주시는 것 같은데 정말 모든 종류가 빠짐없이 맛있습니다! 예약 후 이용하니까 서비스로 술찜도 주시고, 참돔머리구이랑 네기도로도 맛있어요! 고등어봉초밥은 더 일찍 방문해서 꼭 먹어볼게요!!"
nv_1546654146,팔각동,잠실,일식,,1266,,,"사시미 싱싱하고 고등어회도 안비리고 맛있어요
동파육도 부들부들하니 맛있었고
네기도르마끼는 꼭 시키세요
배부를까봐 반줄만 시켰는데 한줄시킬걸 후회햇스요... ㅎㅎㅎㅎ
분위기도 좋아서 데이트하러 오기좋아요!"
nv_1546654146,팔각동,잠실,일식,,1266,,,"동네사람인데 드디어 와봤어요!!!
소문만 듣고 못왔는데 소문대로 너무 맛있네요ㅠㅠㅠㅠㅠㅠ
도대체 왜 이제야 온거야ㅠㅠㅠㅠ

사시미는 신선하고 도톰해서 진짜 맛있고 다른데 많이 없는 삼치가 있어서 좋았어요! 동파육은 말뭐… 뷰들뷰들 챱챱 짱맛입니당!!! 자주올께요!!!"
nv_1546654146,팔각동,잠실,일식,,1266,,,"예약하고 갔는데 오픈에 맞춰가서 바로 앉을 수 있었어요. 들어가자마자 느껴지는 일본 감성 인테리어가 진짜 멋지더라구요. 벽에 걸린 포스터나 책의 디테일이 있었어요. 일본 요리, 회에 대한 책등이 있었고 사소한 디테일이 많아 신경을 많이 쓰신 것 같았어요. 그리고 사케병이 진열되어 있었는데요. 분위기를 더 일본 감성 나게 해주더라구요! 오랜만에 이자카야가서 사시미를 먹었는데, 분위기가 너무 좋으니 음식이나오기 전부터 기분이 좋더라구요. 오픈 키친이라 안에 요리 만드는 것도 다 보이구요. 사장님과 바로 바로 이야기 할 수 있는 점도 좋았어요. 송리단길에 숨은 맛집이자 아지트가 아닐까 싶어요. 찐 대화 나누고 싶으면 꼭 방문 해보세요. 전 가족과 갔는데 애인과도 친해질 것 같아요~~"
nv_1546654146,팔각동,잠실,일식,,1266,,,너무 맛있어서 재방문했어요. 사시미 감칠맛나고 너무 맛있고 마라두부면은 몇 주째 생각나서 계속 오고싶었는데 대기가 많아서 실패하다 오늘 성공했습니다. 오늘 고등어봉초밥이 매진이었는데 다음엔 일찍와서 먹어볼래요!
nv_1546654146,팔각동,잠실,일식,,1266,,,"고등어봉초밥 왕 맛있어요
진짜 맛이 찐하고 최고최고......🙂‍↕️
추천 메뉴 중에 옥돔구이랑 우엉리조또 먹어봤는데 대박 바삭하고 맛도리에요 허,,, 너무 맛있어요"
nv_1546654146,팔각동,잠실,일식,,1266,,,"지인이 맛집이라고 추천해줘서 네이버예약하고 방문했습니다~!
안주들 진짜 너어어어무 맛있었어요🥹 재료들이 다 신선한게 느껴져요!
참돔광어가 봄제철메뉴라고해서 주문해봤는데 회가 두껍고 쫀득하니 맛있었어오
바지락술찜은 예약하고 방문하면 작게 서비스로 주시더라구요 이것도 가볍게 먹을만 했습니당
그리고 가지볶음 진짜 강강추에요!!👍 넘 맛있어서 주문하길 잘했다는 생각까지.. 쵝오👍
그리고 가벼운 안주로 보리된장오이도 주문했는데 오이 완전 신선하구 된장도 넘 맛있었어요
(도로마끼도.. 마지막에 서비슿..🫶)
안주실패 없는 이자카야 쵝오에오💕

생맥주도 진하니 맛있었고, 이후엔 하이볼도 마셨는데 갠적으로 달달한거 좋아해서 매실하이볼 딱이었습니다ㅎㅎ

담에 또 방문할게용!!"
nv_1546654146,팔각동,잠실,일식,,1266,,,"주말에는 웨이팅이 길어서 못오다가 평일에 왔는데 평일에도 사람이 많고 인기만점이네용
모둠회도 맛있고 날씨가 쌀쌀하다고 바지락술찜도 저셔서 너무 맛있게먹었습니다
또 올것같아용 🤍💕"
nv_1546654146,팔각동,잠실,일식,,1266,,,"모듬사시미 시켰는데 맛있어요!

종류도 다양하고 하나하나 맛이 좋아요!

사장님도 친절하시고 가게 분위기도 좋아요!

고등어 봉초밥을 추가로 먹고싶었는데 ㅠ 빨리 품절되니 서둘러 시키시길 추천드립니당"
nv_1095748709,구룡각 잠실 가락시장역점,잠실,중식,,3068,,,"지난번에 와보고 맛있어서 이번에는 코스로 먹어봤습니다. 요리라는 느낌이 들 정도로 너무 맛있네요!!

너무 무겁지도 않고 자극적이지도 않아서 정말 맛있게 끝까지 먹었네요 ㅎㅎ

특히 동파육.. 부드럽고 달달하고 또 먹고싶은..
그리고 마지막에 나온 볶음밥이 대단히 맛있네요!!"
nv_1095748709,구룡각 잠실 가락시장역점,잠실,중식,,3068,,,와. 동네에 마싯는 중국집이 없어서 검색해서 찾아왔는데 잡채밥 진짜맛있어요. 짜지도않고 적당히 매콤하니 진짜 최고에요. 제대로된 잡채밥이고 짬뽕도 너무 맛있어요. 다음에 다른것도 먹으로 다시와야겠어요. 최고최고
nv_1095748709,구룡각 잠실 가락시장역점,잠실,중식,,3068,,,"재방문이에요 ♥️
가락동에 중국집 맛집이 정말 없었는데
구룡각이 생겨서 너무 좋아요!!!

맛도 좋은데 가격도 착하고 분위기는 또
왜이렇게 좋아요..
손님 대접이나 가족모임, 간단 식사
모두모두 너무 좋은곳이에요!!!!

무엇보다 맛있어서 최고 ♥️"
nv_1095748709,구룡각 잠실 가락시장역점,잠실,중식,,3068,,,"특별한 가족행사에 찾은 구룡각 잠심맛집은
가락시장역에 인접해있어 접근성도 좋아요.
구룡각 중화요리에 기분좋은 가족모임입니다.
전복해물 누룽지탕,탕수육,쇠고기 고추잡채 먹고 식사류도 주문해서 먹었어요.
맛있는식사에 기분도 짱!!!"
nv_1095748709,구룡각 잠실 가락시장역점,잠실,중식,,3068,,,"이런곳이 있는 줄 몰랐네요!! 너무 청결하고 맛도 맛있고 가격도 좋은 최고의 중식당~ 식사장소로도 회식장소로도 행사장소로도 모두 잘 어울리는 곳이에요 !!😁

#양재동맛집 #가락동맛집 #가락시장맛집 #중식맛집"
nv_1095748709,구룡각 잠실 가락시장역점,잠실,중식,,3068,,,"송파 회식 장소 찾다가 예전에 맛있게 먹었던 기억이 있어서 가락시장역 바로 옆에 있는 구룡각으로 다시 방문했습니다 😊

역시 재방문하게 되는 이유가 있더라고요. 주차 편하고 매장도 넓어서 직장인 회식하기 부담 없는 분위기였습니다.

이번에도 짬뽕밥, 유린기, 탕수육 주문했는데 짬뽕밥은 불맛이 정말 좋아서 국물 먹는 순간 바로 생각났어요. 얼큰하면서 깊은 맛이라 해장 느낌으로도 좋았습니다.

유린기는 바삭한 식감이 살아있고 소스 조합이 깔끔해서 계속 손이 갔고, 탕수육도 고기 상태나 튀김 퀄리티가 좋아서 다들 만족하면서 먹었네요 👍

음식 퀄리티나 양 생각하면 가성비도 정말 좋은 편이라 회식이나 모임 있을 때 다시 찾게 되는 곳인 것 같습니다"
nv_1095748709,구룡각 잠실 가락시장역점,잠실,중식,,3068,,,"집 근처에서 중식 생각날 때마다 정말 자주 방문하는 곳이에요. 갈 때마다 사장님이랑 직원분들이 항상 밝고 친절하게 맞이해 주셔서 먹기 전부터 기분이 좋아집니다.

당연히 제일 중요한 음식 맛도 최고예요. 면발도 쫄깃하고 국물이나 소스 간이 과하지 않고 딱 맛있어서 질리지 않고 계속 찾게 됩니다. 오래오래 번창하셨으면 좋겠어요. 조만간 또 먹으러 갈게요!"
nv_1095748709,구룡각 잠실 가락시장역점,잠실,중식,,3068,,,"간만에 짜장면이 먹고 싶어서 예약없이 왔어요
점심시간이지만 대기없이 들어왔어요
매장은 엄청 깨끗하고 직원분들 친절하십니다
음식도 빨리 주셨어요
간짜장을 시켰는데 계란후라이를 같이 주십니다
너무 행복하네요
간짜장 맛있어요
오미자차도 후식으로 주세요"
nv_1095748709,구룡각 잠실 가락시장역점,잠실,중식,,3068,,,"어버이날을 맞아 부모님과 함께 가족모임을 가졌어요.
부모님도 좋아하시고 아이들도 잘 먹을 수 있는 메뉴를 고민하다가 송파 가락시장역 맛집, 가락동 룸식당으로 유명한 구룡각을 선택했답니다. 구룡각은 가락시장에서 매일 공수한신선한 재료로 요리를 만든다고 하는데요. 그래서인지 음식 하나하나에서 재료의 신선함과 웍의 불맛이 잘 살아 있어 역시 송파 가락시장역 맛집이라는 생각이 들었어요.중식당에 오면 꼭 주문하게 되는 메뉴!! 탕수육은 저희 집 꼬마친구가 특히 좋아하는 메뉴라 빠질 수 없는데요.
구룡 탕수육은 겉은 바삭하고 속은 촉촉한 찹쌀 탕수육 스타일로 쫀득한 식감과 새콤달콤한 소스 조합이 정말 좋았어요."
nv_1095748709,구룡각 잠실 가락시장역점,잠실,중식,,3068,,,"4인 식사라서 탕수육을 중간 사이즈 시킬까 하다가 일단 소 사이즈 주문했습니다. 잡채밥과 쟁반짜장 양이 먹기에 넉넉해서 부족하지 않았습니다.
탕수육 특히 맛있고, 리뷰 이벤트로 주신 오이무침과 후식 오미자 상큼하고 맛있어요."
nv_2030115085,띠목 송리단길점,잠실,중식,,275,,,골라먹는 재미에 자주와요. 아이도 좋아하고 가족이 다 만족해해요. 맛있어요.
nv_2030115085,띠목 송리단길점,잠실,중식,,275,,,훠거 먹고싶어서 왔는데 너무 재밋고 음식이 신선해요! 먹고싶은걸 바로 집어서 넣어서 먹을수 있어서 편해용 ㅎㅎㅎ맛도 일품!!2가지 맛으로 먹는것을 추천드려용 넘 마싰어용!
nv_2030115085,띠목 송리단길점,잠실,중식,,275,,,"*반반탕 (6,000)
마라홍탕(신라면 맵기) & 백탕 주문했어요!
1인 훠궈라 완전 위생적이고 프라이빗해요
반반으로 먹을 수 있어서 넘 좋고 불도 알아서 조절 가능해서 완전 편해요
*양어깨살(5,000)
양고기 향이 은은히 나면서 기름이 거의 없어서 너무 고소하고 좋았어요!
*소스바 (1,000)
원하는대로 소스를 만들어 먹어서 좋았어요
*꼬치 1개 1,000
회전방식이라 원하는대로 골라 먹는 재미가 있어요!
*야채 1개 500
숙주 배추 비타민 청경채 쑥갓 공심채 각 종 버섯 등 아주 다양해요
*새우완자(3,900)
새우완자 마지막에 꼭 먹어야돼요! 생새우살이라 진짜 맛있어요!
리치는 무료로 줘서 디저트 까지 가능!"
nv_2030115085,띠목 송리단길점,잠실,중식,,275,,,1인 훠궈집이 생겼길래 방문했는데 음식도 너무 깔끔하고 가성비 넘 좋고 진짜 맛있어요ㅠㅠ마라탕보다 훠궈가 훨씬 맛있고 가성비도 좋아서 자주 올 것 같아요!!!1인 회전훠궈집 생겨서 너무 행복해요ㅠㅠㅠ직원분들도 엄청 친절하시고 빈 그릇이 생기면 빠르게 음식 채워주셔서 넘 좋아요!!!종류도 많은데 조금씩 여러가지 먹을 수 있는 게 최고인 것 같아요ㅠㅠ완전 추천합니다!!!
nv_2030115085,띠목 송리단길점,잠실,중식,,275,,,"띠목 송리단길점

어린이날 아이와 외식하러 방문했어요
첫방문 이후 주마다 한번씩 오게 되네요

버섯 두부 채소류를 좋아하는데
종류가 다양해서 골라먹기에 너무 좋아요

탱글탱글 새우완자도 너무 맛있어요~~
강추해요!!!!

같이 마시는 차파이 음료도 입가심하기에
깔끔하고 좋네요 :D

오늘도 맛있게 잘 먹었습니다 ~

#잠실맛집 #잠실마라탕 #잠실현지인추천
#잠실샤브샤브 #잠실훠궈
#송리단맛집 #송리단데이트 #송리단아이와"
nv_2030115085,띠목 송리단길점,잠실,중식,,275,,,"띠목 송리단길점

평일 저녁 7시 방문해서 대기없이 바로입장
했어요 :D
재료 신선하고 맛있어요~
아이와 방문해서 배부르고 맛있게
먹고갑니다 : )"
nv_2030115085,띠목 송리단길점,잠실,중식,,275,,,"띠목 송리단길

꼬치 회전 훠궈 맛집
내 입맛대로 꼬치 골라서 먹는 재미가
쏠쏠하네요 :D
혼자 방문해도 부담없이 먹기 좋을듯 해요
초딩아이와 같이 왔는데 백탕 국물에
재미있게 꼬치, 집게 골라먹고 기분좋다 하네요 ㅎ

홍탕 국물도 칼칼하니 맛있고
어깨살 소고기도 질이 좋은듯 해요

소스바에서 취향대로 만들어 곁들여
먹는재미도 좋아요 :D

맛있게 잘 먹고 갑니다

#잠실맛집 #송리단길맛집 #잠실훠궈
#송리단길아이와 #송리단길데이트
#롯데월드맛집 #잠실데이트
#잠실아이와"
nv_2030115085,띠목 송리단길점,잠실,중식,,275,,,"띠목 송리단길점

지난번 방문하고 너무 맛있었어서 재방문했어요
평일저녁 7시쯤 왔는데 사람들 많네요
매콤마라홍탕에 달달한 카이웨이 산사음료
너무 잘 어울려요 ㅎㅎ
아이는 오늘도 갈비탕 국물에 우목심 두접시
뚝딱이네요 ㅎ
오늘도 맛있게 잘 먹고 갑니다 :D

@@ 영수증리뷰 새우완자 너무 맛있어요 ♡_♡

#잠실맛집 #송리단길맛집 #잠실마라탕
#송리단마라탕 #송리단훠궈
#잠실데이트 #송리단데이트
#송리단아이와 #잠실아이와"
nv_2030115085,띠목 송리단길점,잠실,중식,,275,,,***주머니 유부 같은 거 드실 때 안에 뜨거운 국물 화상 조심하세요***샤브샤브 알아보다가 회전초밥처럼 컨셉 독특한 궁금해서 방문했는데 재료도 신선하고 좋았어요 꼬치로 하나하나 내가 원하는 걸 먹으니까 좋고 위생적이라서 좋았어요 탕도 맛있어요 저는 홍탕은 매콤하고 자극적이라 좋고 백탕은 약간 라이트한 느낌이에요 처음보는 재료도 있어서 좋아요!
nv_2030115085,띠목 송리단길점,잠실,중식,,275,,,새로 생긴 훠거집이라고해서 훠거 먹으러왓는데 너무맛잇어요ㅠㅠㅠ홍탕 토마토탕 반반 시켝고 꼬치도 합리적인 가격에 골라 먹을수있어서 진짜최고엿습니다ㅜㅜ
nv_2066998075,역대짬뽕 송파점,잠실,중식,,1360,,,"아이들과 먹으러 왔어요. 탕수육과 짜장 세트 있어서 아이들과 먹기 좋아요! 어른들한테는 탕수육의 양파샐러드가 느끼함을 잡아주네요^^
짬뽕은 1단계로 주문했는데, 매콤하다 느낌 정도로 먹기 좋았어요. 신라면보다 정말 조금 매운 느낌이에요~
공기밥이 무료라 좋습니다^^"
nv_2066998075,역대짬뽕 송파점,잠실,중식,,1360,,,"중국집 가고 싶을 때 무조건 오는 식당이에요 ㅎㅎㅎ
음식 맛 항상 맛있고 직원분들이 친절하셔서 좋아요 😳
감사히 잘 먹었습니다 ~"
nv_2066998075,역대짬뽕 송파점,잠실,중식,,1360,,,"석촌동 맛집 역대짬뽕 또 왔습니당
어제 한잔하신 상무님과 함께
오늘 점심으로 역대짬뽕 모시고 왔습니당
짬뽕밥이랑 잡채밥이랑 크림새우,군만두까지
오늘은 특별메뉴로 주문했어요


크림새우도 바삭촉촉 맛있어요
군마두도 바삭바삭해서 넘 맛있네용"
nv_2066998075,역대짬뽕 송파점,잠실,중식,,1360,,,"역대짬뽕송파점 첫방문
으~~~~~불맛 지대입니다
술국에 소주 시매요👍🏻👍🏻👍🏻👍🏻
1차먹구와서 요리는못먹었지만
담에 요리먹으러 재방문의사120 퍼입니다👍🏻👍🏻👍🏻👍🏻👍🏻👍🏻🤣🤣🤣🤣"
nv_2066998075,역대짬뽕 송파점,잠실,중식,,1360,,,"집 앞에 생겨서 한번 가보려고 했는데 쉬는 날 이라 왔습니다
직원분이들 아주 친절하게 설명하여 주시고
짬뽕도 맛있었습니다
그런데 매운단계 더 매웠으면 좋겠어요
제일 매운 메뉴로 시켰는데 조금 아쉬웠습니다
다음에 또 오겠습니다"
nv_2066998075,역대짬뽕 송파점,잠실,중식,,1360,,,"울동네 가락동 짬뽕 맛집 역대짬뽕 송파점
불맛가득한 짬뽕과 짜장 나홀로세트
가성비도 최고 90번을 볶아 만들어낸 진짜불맛 나는 짬뽕
단짠에 짜장소스에 쫄깃한 면발에 짜장면과
세트로 나온 탕슉과 만두
너무 맛있어요 석촌동 짬뽕 맛집을 찾으신다면
역대짬뽕 송파점 추천해요"
nv_2066998075,역대짬뽕 송파점,잠실,중식,,1360,,,"석촌동 중국요리 단골집 역대짬뽕~^^
직장이사님들과 점심때 또 방문했어요
해장이 필요하시다 하여 모시고 왔습니당
매운거 못드시는 이사님은
게살볶음밥 시키시구
저는 탕짬면^^
욕심쟁이 같지만
두가지맛을 한꺼번에^^
오늘도 역시 엄지척~~
맛나요~~
고추짬뽕에 밥도 말아드셨답니당
강추강추합니다"
nv_2066998075,역대짬뽕 송파점,잠실,중식,,1360,,,"음식이 전체적으로 정말 깔끔하고 맛있어요!!
짬뽕은 1단계 기본이 신라면 정도인데 저는 3단계시켜서 나댔다는 생각이 들어요. 많이 맵네용
탕수육은 이렇게 고기가득인 탕슉이 처음이라 감동이고
추천합니다!!!!"
nv_2066998075,역대짬뽕 송파점,잠실,중식,,1360,,,지나가다가 우연히 발견해서 방문하게 되었습니다!! 늦게까지도 영업을 해서 좋았고 음식이 진짜 너무 맛있어요!! 짬뽕도 얼큰하니 맛있고 탕수육도 맛있어서 놀랐습니당 직원분들도 친절하셔요!! 가까운 거리에 있는 곳은 아니지만 종종 역대짬뽕 먹으러 올 거 같아요!!
nv_2066998075,역대짬뽕 송파점,잠실,중식,,1360,,,반반메뉴 및 다양한 종류와 빠르게 나오는 음식 만족합니다. 맛있어요! 깔끔하고 셀프바도 깨끗하고 편해요 매실 음료까지♥️♥️
nv_1584016812,만옥 롯데월드몰점,잠실,중식,,5352,,,기본에 충실한 맛입니다! 짜장면에 땡초도 적당히 매톰해서 단맛과 잘 어울려서 정말 맛있게 먹었구요. 짬뽕도 불맛에 해산물 가득이라 속풀이느낌으로 잘 먹었어요. 특히 빨리 나와서 배고플 때 진짜 좋었어요!
nv_1584016812,만옥 롯데월드몰점,잠실,중식,,5352,,,"전체적으로 음식 하나하나 정성 들어간 느낌이었고, 매장 분위기도 깔끔하고 편해서 식사하기 좋았어요.
양도 꽤 넉넉해서 둘이서 배부르게 먹었습니다!
세트메뉴로 꼭 드세요!❤️❤️❤️
다음엔 다른 메뉴도 먹어보고싶네영
중식 좋아하시는 분들 꼭 가보세요 진짜 만족하실 거예요💛"
nv_1584016812,만옥 롯데월드몰점,잠실,중식,,5352,,,"엄마랑 잠실 데이트 겸 방문했는데 2인 세트라 양이 적당히 나올 줄 알았는데 짜장, 짬뽕 양이 폭력적이네요...;;;ㅋㅋㅋ 조금씩 나눠서 먹었는데 둘 다 맛있었고 탕수육은 기본으로 골랐는데 이것도 고기양이 많고 쫀득해서 맛있었어요 중새우는 맛도 3가지로 먹을 수 있어 골라먹는 재미도 있었어요 특히나 추가로 주문한 1L오렌지 에이드도 금방 먹을 줄 알았는데 결국 남겼다는... 암튼 전체적으로 양도 푸짐하니 가족들과 다 같이 먹기 좋은 곳인 거 같아요!"
nv_1584016812,만옥 롯데월드몰점,잠실,중식,,5352,,,"자매끼리 영화관 데이트를 하고 식사하러 왔어요.
4대 문파라고 해서 기대기대~~~
인테리어는 깔끔하고 좋네요!
음식도 2인 세트 먹으니 다양하게 먹을 수 있고 좋아요."
nv_1584016812,만옥 롯데월드몰점,잠실,중식,,5352,,,요즘 제대로 된 중식이 먹고싶었는데요. 잠실 맛집 검색하다가 중화요리 4대 문파 명장 유방녕 셰프의 만옥 롯데월드몰점에 다녀왔어요. 짜장면 랩소디에도 나온 중식 맛집이라 기대하고 갔는데 탕수육이 진짜 예술이더라구요 히히
nv_1584016812,만옥 롯데월드몰점,잠실,중식,,5352,,,연휴라 지방에서 서울여행 왔는데 미세먼지가 안좋아서 롯데월드몰로 피신왔어요. 식당이 워낙 많으니까 고민하다 짜장면랩소디에 나왔다길래 맛보러 왔는데 너~~~무 맛있었어요😆🫶 신랑이랑 짜장면 짬뽕 나눠먹어봤는데 둘 다 맛있기 힘든데 둘 다 맛있어서 돈이 아깝지 않았습니다. 🥹 다음에 서울 놀러오면 또 방문하고 싶어요.
nv_1584016812,만옥 롯데월드몰점,잠실,중식,,5352,,,"합리적인 가격에 배부르게, 맛있게 먹을 수 있는 곳!!!!
부모님이 짜장면이 드시고 싶다 해서 왔는데, 가격도 괜찮고 매장도, 맛도 깔끔해서 기분좋게 즐기고 갔어요.

만옥짜장면은 일반 짜장면보다 살짝 매콤해서(많이 안매워요) 매운 거 좋아하시는 분들에게 추천 드려요👍"
nv_1584016812,만옥 롯데월드몰점,잠실,중식,,5352,,,"주말에 가족들과 롯데몰 방문해 중식당 찾다 맛집이길래 와봤어요 ㅎㅎ
세트로 먹었고 짜장면 짬뽕 볶음밥 탕수육 중새우
메뉴구성도 좋고 다 맛있어요~
짬뽕도 많이 안매워 아이가 잘먹었고
새우랑 탕수육도 엄청 맛있네요"
nv_1584016812,만옥 롯데월드몰점,잠실,중식,,5352,,,또 왔습니다!! 만옥에 여름 메뉴가 왔어요!!! 바지런히 먹으러 왔습니다!! 역시 존맛탱👍🏻🩷
nv_1584016812,만옥 롯데월드몰점,잠실,중식,,5352,,,세트메뉴 시켰는데 구성이 좋아용! 식사랑 요리 선택할 수 있는데 짜장 짬뽕 탕수육 이렇게 기본(?)메뉴로 선택했어요. 아니 근데 짜장면집이 유독 그렇긴 하지만 어떻게 이렇게 빠르게 나오죠..? ㅋㅋㅋㅋㅋ 배고파할 틈도 없이 나왔어요...! ㅋㅋㅋㅋㅋ 근데 맛도 있어... 특히 짜장면에 올라간 청양고추 덕분에 느끼할 틈이 없어요!!! 짜장면 강추합니다. 중식 먹고 싶을 때 오면 좋을 것 같아요~👍
nv_1203994543,바이완 잠실본점,잠실,중식,,4692,,,"일층에 세워진 입간판의 쇠고기짬뽕 비주얼을 보고 혹해서 들어왔습니다ㅎㅎ 근데 너무 탁월한 선택이었네요 짬뽕밥은 불맛그자체이고 맵기가 기분좋은 매운정도라 너무맛있고, 짜장면도 꾸덕파라 더 맛있게 먹은듯 합니다ㅎㅎ 맛집을 발견해서 더 기분좋고 자주 방문할 생각입니다ㅎㅎ"
nv_1203994543,바이완 잠실본점,잠실,중식,,4692,,,짬뽕먹으러 2주만에 다시방문했습니다 요즘 날씨가 좋긴한데 저녁엔 쌀쌀해서 국물이 땡겨서 또 왔습니다! 고기들어가는 짬뽕은 국물이 느끼할수있는데 바이완은 그런거 없이 깔끔한맛을 내서 너무 좋습니다! 탕수육도 바삭바삭하고 하나하나가 큼지막해서 오늘도 배터지게 먹고갑니다~~!!
nv_1203994543,바이완 잠실본점,잠실,중식,,4692,,,"잠실 들른김에 중식이 급땡겨 찾다가 발견한 바이완
내부도 청결하고 테이블이 앉기 편해서 좋습니다
짜장면은 꾸덕하니 정석적이었고 탕수육은 바삭하니 시간지나서 먹어도 눅눅하지않더라구요
잠실새내역 근처 들리실예정이라면 강추드립니다~"
nv_1203994543,바이완 잠실본점,잠실,중식,,4692,,,넓고 깨끗해서 모임하기도 혼밥하기도 좋습니다. 음식이 매우맛있는데 특히 탕수육 짬뽕이 맛있습니다.
nv_1203994543,바이완 잠실본점,잠실,중식,,4692,,,진짜 맛있어요. 탕수육 꼭 드세요 진짜 바삭하고 맛있습니다. 간만에 진짜 누룽지탕도 먹고 너무 좋았습니다. 짬뽕도 많이 안 맵고 좋았어요.
nv_1203994543,바이완 잠실본점,잠실,중식,,4692,,,"양 많아서 배부르게 먹기 좋고, 무난합니다.
간이 전반적으로 자극적이지 않아요.

짬뽕은 묵직하게 깊기보단 적당히 깊고, 이국적인 맛 살짝 있는 느낌이라 일반 짬뽕이랑 살짝 다른 느낌도 나요. 맵찔이분들은 몇 입 찬스만 가능합니다.

탕수육은 튀김옷이 두꺼운 편이고, 적당히 아그작하게 바삭한 느낌이에요. 소스는 달콤상콤인데 쎄지 않고 자연스러워요., 옛날식 케찹 탕수육 소스에서 케찹빠진 느낌?"
nv_1203994543,바이완 잠실본점,잠실,중식,,4692,,,"지인들이 오면 방문하는 바이완
여기는 진짜 맛있습니다 잠실새내 오실 일 있으면
꼭 방문하시길 추천드립니다!!
메뉴는 다 맛있습니다 특히 탕수육 꼭 드세요!!
진짜 맛있습니다 직원분들도 친절하셔서 기분좋게 먹고 갑니다👍👍"
nv_1203994543,바이완 잠실본점,잠실,중식,,4692,,,"아들이랑 농구보러왔다가 처음 방문했어요
짬뽕 면이 쫄깃하고 양도 넉넉해요. 해물이 많이들어가서 국물도 시원해서 초등학생 아들이 잘먹네요!
진짜게살볶음밥도 게살의 부드러운 맛이 좋은데, 밥은 고슬고슬 잘볶아져서 진짜 맛있어요~👍
다음에 또 방문하겠습니다~"
nv_1203994543,바이완 잠실본점,잠실,중식,,4692,,,매번 교회올때마다 오게되요ㅎㅎ 일요일에 안열려있으면 섭섭할것같아요ㅎㅎ 소고기짬뽕 면도 너무탱글쫄깃하고 맵기도적당해서 너무맛있어요ㅠㅠ 짬뽕밥도 강추합니다ㅎㅎ 늘 맛있고 맛에 변함이 없어서 더좋습니다 또오겠습니다 번창하세용ㅎㅎㅎ
nv_1203994543,바이완 잠실본점,잠실,중식,,4692,,,"지나가다가 들렀는데 기대 이상이었어요! 탕수육이 맛있다는 지인 추천이 있었는데, 음식 간도 잘 맞고 전체적으로 깔끔한 느낌이라 편하게 식사하기 좋았습니다. 직원분들도 친절하셔서 기분 좋게 먹고 왔어요 😊"
nv_1339832450,난랑,잠실,중식,,1293,,,주말에 중식이 땡겨서 집근처 중식당 찾다가 발견한 난랑! 짬뽕 국물이 불맛이 나면서 너무 맵지않고 담백해서 맛있게 먹었어요! 망고크림새우 처음먹어보는데 소자도 양이 많고 새우가 통통해서 씹는 맛이 있어요!
nv_1339832450,난랑,잠실,중식,,1293,,,"얼큰한 짬뽕과 망고크림 새우 조합 최고…
망고크림새우는 새우가 엄청 튼실하고 통실해서 먹는 맛이 나더라구요
가위로 잘라서 먹어도 한 입 가득 들어가는데 통으로 베어물었을 때 그 새우가 톡 터지는 식감..진짜 갓벽🫶🏻🥹
짬뽕은 난랑 베스트 메뉴 중 하나였는데 엄청 얼큰 칼칼 얼얼해서 해장으로 딱이었어요💛"
nv_1339832450,난랑,잠실,중식,,1293,,,"차돌짬뽕 맛있게 먹었습니다!

양이 많네요. 가격이 적지 않아서 물가가 많이 올랐군 싶었는데 고기, 숙주, 양파등등 양이 푸짐합니다. 면은 한참 밑에 있어요. 국물도 녹진,매콤하니 맛있었고요. 저에게는 매콤했지만 일반적으로는 맵지 않을거라 생각합니다. 한끼 든든하게 먹었어요.

잘 먹었습니다!"
nv_1339832450,난랑,잠실,중식,,1293,,,"중식당 난랑에서
해물우동 짜장면 탕수육 시켜먹었는데
셋다 다 맛있고 양도 많아요
특히 해물우동 아이가 먹기에 부담없어서 넘 좋았어요
프라이빗한 룸에서 먹을수 있어서 더 좋습니다 👍👍"
nv_1339832450,난랑,잠실,중식,,1293,,,"차돌짬뽕과 해물짬뽕 맛있게 먹었습니다!

차돌짬뽕은 국물이 녹진하고 숙주나물이 많고
해물짬뽕은 양파가 많고 시원합니다.
두짬뽕 모두 맛있는데 재료가 서로 다른 굵기로 먹기 좋게 썰려 있어 식감도 좋습니다. 가격만 보면 다소 비싸게 느껴질 수 있겠으나 면이 저아래에 있어서 찾아서 꺼내 먹어야 할만큼 재료가 푸짐해서 배부르게 먹을 수 있어요.
바람 많이 부는 날, 뜨끈한 국물이 생각날 때 먹기 좋습니다.
잘 먹었습니다!"
nv_1339832450,난랑,잠실,중식,,1293,,,"오늘은 맛있는 음식이 먹고싶어져서 방문해봤는데,
맛있어 보이는 망고크림새우에 반해서, 짬뽕과 같이 시켜먹었어요.
너무 맛있어요! 이게 생각날때마다 방문하게 될거 같아요.
요즘 중식이 다 비슷비슷한 맛이라고 생각했는데 여기만의 특색이 있어서 너무 즐거운 식사였습니다🤗"
nv_1339832450,난랑,잠실,중식,,1293,,,망고 새우 처음 먹어봤는데 진짜 맛있더라구요! 짬뽕은 딱 클래식한 맛 잠실 맛집으로 추천합니당
nv_1339832450,난랑,잠실,중식,,1293,,,"퇴근 후 친구와 방이먹자골목에서 찾은 중식맛집!!
차돌짬뽕은 불향 가득 얼큰한 국물에 차돌의 고소함까지 더해져 완전 취향저격!!
망고크림새우는 바삭한 식감에 달콤상큼한 소스가 찰떡이라 계속 손이 갔어요!
분위기도 좋아서 잠실회식, 방이동회식은 물론 데이트, 모임 장소로도 추천해요💛"
nv_1339832450,난랑,잠실,중식,,1293,,,"방이동 먹자골목에 있는 난랑 방문했어요.
짜장면은 소스가 진하고 면이 탱글해서 계속 손이 갔고, 짬뽕은 국물이 시원하면서도 깊은 맛이라 정말 만족스러웠어요.
탕수육은 바삭함이 살아있고 소스도 과하지 않아 좋았어요. 전체적으로 음식 퀄리티가 안정적이라 방이동회식이나 잠실회식 장소로 추천해요."
nv_1339832450,난랑,잠실,중식,,1293,,,"너무 맛있어요
잠실에서 오래된 중국집입니다
여기서 이렇게 꾸준히 하고 있다는것
대단하십니다
변함없이 맛있는 중화요리
좋습니다"
nv_1237824591,모던눌랑 잠실점,잠실,중식,,2213,,,메뉴 다 맛있었어요 특별한 중식 먹고싶을때 가면 좋을것같아요 직원분들도 다들 너무 친절했습니다
nv_1237824591,모던눌랑 잠실점,잠실,중식,,2213,,,"가족 행사가 있어서 예약하고 이용했어요! 예약부터 서비스까지 모두 친절하게 잘해주시고, 행사 특성에 맞게 개별디쉬로 나눠 주셔서 좋았어요! 음식이 나오는 타이밍도 좋았고 전반적인 서비스 모두 좋았습니다. 음식도 맛있게 먹었어요..!

딱 한가지 아쉬웠던건 코스에 있었던 스테이크가 좀 심하게 짰습니다.. 다른 음식 모두 맛있게 먹었던터라 아무생각없이 먹고는 깜짝놀랄정도였어요...그리고 오버쿡이 되어서 육포를 먹는듯한 식감이었습니다.. 기대했던 메인 음식중 하나라 아쉬움이 오래 가는 것 같습니다.."
nv_1237824591,모던눌랑 잠실점,잠실,중식,,2213,,,"사실만 씁니다. 가족모임으로 갔는데 서비스가 솔직히 너무 실망스러웠습니다. 중요한 모임을 갖는다면 여기는 비추입니다. 찻잔은 있는데 차가 계속 안 나와서 요청드려야 가져와주셨습니다. 이후 술을 시켰는데 잔은 없이 술만 가져다주셨네요. 저희 룸 담당 젊은 남자 서버분이 음식 설명도 전혀 안 들리게 대충 하고 나가셔서 이게 무슨 음식인지 저희끼리 추측해서 먹는 상황.. 한창 식사 중인데 나가는 길에 불을 끄고 문 닫고 나가신다거나(모르고 팔로 친 걸텐데 계속된 실수로 저희는 황당), 마무리 식사 주문하기도 전에 맡겨둔 케이크를 룸으로 들여보내는... 마지막에는 결제하는데 영수증을 잘못 주셨습니다. 30만원 넘게 썼는데 다시는 안 갈 생각입니다."
nv_1237824591,모던눌랑 잠실점,잠실,중식,,2213,,,"미리 앞당겨서 어버이날 식사
퓨전 중국음식으로 예약하고 이용해서 기다림없이 입장했어요.그린빈스볶음은 적극 추천합니다.
소보텔호텔 지하1층에 있어서 주차도 편리해요."
nv_1237824591,모던눌랑 잠실점,잠실,중식,,2213,,,"#잠실맛집
#우럭튀김은 직접 잡아서 보여주고 요리해주니
더 신선함
#민트쉬림프도 소스가 특별하여 느끼함이 없다
기념일에 코스선택도 좋은듯 하다"
nv_1237824591,모던눌랑 잠실점,잠실,중식,,2213,,,"생선 요리가 제일 맛있어고 전체적으로 맛은 깔끔



서빙하는 남자 직원 ..교육이 필요할거 같음
너무 무례한 말투 .. 다시는 안감

요식업에서 서비스하는데 너무 전문성이 없이
어디 동네 시장 노상에서 먹는 것도 아니고

다른 블로그나 후기에도 맛은 괜찮은데
직원들이 별로라더니 .. 진짜 별로네"
nv_1237824591,모던눌랑 잠실점,잠실,중식,,2213,,,"음식이 느끼함 없이 너무 깔끔하고!
분위기도 좋고! 모임하기 딱이였어요~
5월 가족들과 가기 너무 좋을듯👍🏻"
nv_1237824591,모던눌랑 잠실점,잠실,중식,,2213,,,"친한 친구들과 2025년도 송년회를 모던눌랑 잠실점에서 했어요. 룸과 홀을 고민하다가, 룸의 경우 최소이용 금액이 있어서 홀로 선택했는데, 홀도 괜찮았습니다.

유린기, 민트쉬림프, 마파 차오판, 어향가지 차오판, 탕수육을 먹고, 식사메뉴로 굴탕면과 짜장면을 먹었어요.
저는 몇 번 와본 곳이라 자신있게 추천하고 장소를 골랐는데, 처음 오신 지인분들께서 다들 맛있다고 또 오자고 다음에도 계속 여기서 모이자고 얘기하셔서 뿌듯했어요!

연말이라 방문객들이 많네요. 가시기전에 꼭 예약하고 가시고, 특별한 날, 단가 좀 있게 드실 경우는 룸 강력 추천해요. 이번에는 이용하지 않았지만 라이브코스의 피쉬요리도 정말 맛있고.. 후식도 특별한 곳입니다."
nv_1237824591,모던눌랑 잠실점,잠실,중식,,2213,,,라이브코스 10만원코스 4인 이용했구요. 전반적으로 처음엔 양이 적다고 생각했지만.. 생우럭튀김이 맛있었어요. 직원분들이 친절하셨어요. ^^
nv_1237824591,모던눌랑 잠실점,잠실,중식,,2213,,,조용한분위기에서 맛있는 식사했어요ㅋ 갈릭페퍼쉬림프 양주볶음밥 맛있었고 짜장면은 생각보단 쏘쏘ㅋ 그래도 담당 서버분이 정말 친절하셔서 좋았어요
nv_1012639989,중식당 케이웍,잠실,중식,,1200,,,"드디어 중국냉면의 계절이다
잠실새내 중식 맛집 케이웍 짬뽕짜장은 기본으로
맛있고 계절메뉴 중국냉면 👍
담에는 야구장서 주문해서 먹어야지"
nv_1012639989,중식당 케이웍,잠실,중식,,1200,,,"음식이 맛있어요
류린기에 닭이 부드럽고 파랑 상추가
맛있어요."
nv_1012639989,중식당 케이웍,잠실,중식,,1200,,,"삼선짬뽕에 버섯 빼고 밥으로!
해산물 양 지인짜 많더라고요 오징어 전복 문어
불맛보단 삼삼하고 시원한 해장 느낌
저는 늘 먹던 불맛 차돌짬뽕으로 시켜야겠습니다"
nv_1012639989,중식당 케이웍,잠실,중식,,1200,,,"짬뽕이 당겨서 열심히 검색하고 찾아온 보람이 있네요. 짬뽕은 기대했던 대로라 대만족입니다! 짜장면은 제 입맛엔 살짝 달았지만, 단맛을 좋아하는 분들은 만족하실 것 같아요."
nv_1012639989,중식당 케이웍,잠실,중식,,1200,,,탕수육은 살이 가득하고 맛있어요. 삼선짬뽕은 정말 시원하고 부드럽습니다. 찐맛집이에요!
nv_1012639989,중식당 케이웍,잠실,중식,,1200,,,"담백하고 깔끔한 맛이 좋았던 중식당이었어요.
짬뽕은 기름지지않고 칼칼한 맛이 개성있었고
탕수육은 고기가 꽤나 크지막한게 돈가스처럼 입안가득한 느낌이 좋았어요. 기름사용한 중식당 음식인데 전혀 부담스럽지않고 깔끔해서 좋았네요! 룸도 잘 되어있고 단체모임하기 좋고 매일 열려있어 언제든 편하게 이용하기 좋아요."
nv_1012639989,중식당 케이웍,잠실,중식,,1200,,,"회사 근처라 평일에도 자주오긴 하는데 딸아이도 여기 음식 너무 좋아해서 주말에도 종종 아이 데리고 와서 먹어요~
제가 좋아하는 삼선짬뽕 재료 싱싱하고 해산물도 많이 들어 있어서 그런지 국물이 진짜 깔끔하고 맛있어요. 짜장면 소스도 짜지 않고 너무 맛있어서 소스까지 남김없이 다 먹게 되네요.
종합운동당 근처 중식당 중에 제일 맛있어요!
강추입니다!!"
nv_1012639989,중식당 케이웍,잠실,중식,,1200,,,"고슬고슬한 볶음밥 스타일 좋아한다면 이집 밥에 반할 듯! 잡채밥도 맛있어요. 게후도 올라가고 탕슉도 잘하심.
누구랑 같이 가면 다들 만족하는 곳. 양도 많습니다 - 돼식가들 가서 다 먹고 배불러 졸려 할 정도의 양."
nv_1012639989,중식당 케이웍,잠실,중식,,1200,,,"지난번 굴짬뽕 주문 후 내음식이 다른 테이블로 가버린뒤 다른사람들 나온 밥으로 배채우고 ...별다른 사과없이 지나가버려 실망하고 한동안 안갔음..
오늘은 비도 오고 해서 한달? 만에 방문함
이번에 갔을때도 지난번처럼 그럼 영원히 빠이빠이 하자고 우스개 이야기하고 갔음
처음으로 군만두 서비스를 받아봄 오잉?!!
음식맛은 그대로 였고
오늘은 매장에 손님이 많지 않아 음식도 빨리나와서 좋았음 결론 담에 또 올게요
잘 먹고 갑니당"
nv_1012639989,중식당 케이웍,잠실,중식,,1200,,,"와.... 진짜 중식당중에 원탑이에요!
탕수육 미쳤어요 ㅠ 와 ..육즙이 장난 아니고
엄청 부드럽고 유니 짜장 너무 마싰고
짬뽕 뷸맛 미쳤어요 ㅠ잡채밥도 찐이에요
가성비도 좋은데 다른 중식당이랑은 진짜 맛 자체가
다르네요! 2층인데도 손님이 많은 이유가 있네요~~
다음에 또 들릴게요^^"
nv_1669270521,도원반점 석촌호수점,잠실,중식,,1365,,,"동네주민으로 석촌호수뛰고 낮술이나 할까 하고보니 소주가 3900!!가성비너무좋은데 음식퀄리티도 너무 좋구요
요즘볶음밥 짬뽕에 말아먹는데 유행이라던데!! 마침 메뉴가있어서 너무마싯게먹었네요
미니메뉴마저도 푸짐하게 나와서 아주 배불리 낮술했습니다 ^^주방장님도 신라호텔 출신이라셔서 뭔가 더 기분좋게 식사한거같아요 ㅋㅋㅋ또올께요!!"
nv_1669270521,도원반점 석촌호수점,잠실,중식,,1365,,,이코스먹고왔는데 (인당15000원) 이가격에 이렇게 다양하게 요리를 맛볼수있다니 대박인것같아요 음식 맛도 너무 좋고 깔끔하니 대만족합니다 자주올것같아요
nv_1669270521,도원반점 석촌호수점,잠실,중식,,1365,,,메뉴가 다양해서 너무 좋고 조용한 분위기에서 식사할 수 있어서 좋았습니다 메뉴 전부 다 맛있고 고추잡채밥 버섯이 맛있어요
nv_1669270521,도원반점 석촌호수점,잠실,중식,,1365,,,"엄마가 와보고 싶어하셔서 처음 방문했어요!
가격 대비 2인 코스 요리가 알차서(짜장면 나오기 전까지 찍었어요!) 다음에도 무조건 또 오려구요!!
직원분들도 다 친절하시고 좋았어용
석호에서 벚꽃 구경하고 저녁에 오기 짱 좋아용🩷"
nv_1669270521,도원반점 석촌호수점,잠실,중식,,1365,,,"가성비 있는 가격에 코스요리 나오는 중국집👍👍

석촌호수 벚꽃 축제로 돌아다니다가 방문했어요!!

간판부터 호텔 조리장이셨던 쉐프님이 하신다고 해서 들어가게 되었는데 가성비도 좋고 여러 요리를 맛있게 먹을 수 있어 너무 만족 했습니다!!💯

가볍게 한잔하면서 먹기도 좋은 소주 가격에 맛있는 음식들을 먹을 수 있어 좋았어요😀"
nv_1669270521,도원반점 석촌호수점,잠실,중식,,1365,,,이코스 3인 주문했습니다. 다양한 중식 요리 곁들일 수 있어요. 특히 식사메뉴를 미니/일반 사이즈 짜장짬뽕 중 선택할 수 있어 각자의 기호와 식사량에 맞게 조절할 수 있는 부분이 좋았습니다. 기본적으로 미니유린기 등 미니메뉴들이 있어서 한두가지 더 시켜먹어보시는 것도 추천드려요
nv_1669270521,도원반점 석촌호수점,잠실,중식,,1365,,,"석촌호수 왔다가 점심으로 먹기 좋았어요!
인당 15000원 코스로 가성비있게 먹었습니다~
친절하시고 음식도 빠르게 나왔어요
중국요리 땡기는 날 또 생각날 것 같아요"
nv_1669270521,도원반점 석촌호수점,잠실,중식,,1365,,,"전체적으로 구성좋고 맛있었지만.
탕수육에서 잡내가 난점과
짜장 짬뽕면을 미리 뽑아놓은건지
홀에서 먹었지만 배달시켜먹는 조금 뿔은 면이었어요.
짜장 맛은 좋았어요"
nv_1669270521,도원반점 석촌호수점,잠실,중식,,1365,,,"지나갈 때마다 가봐야지 생각만 했다가 오늘 드디어 방문했다.
잘 끓인 계란탕에 먼저 감동
새우,해삼, 오징어가 들어간 약간 매콤한 후난식 볶음밥을 먹고 다시 한번 고수의 손맛을 느껴본다.
재방문각"
nv_1669270521,도원반점 석촌호수점,잠실,중식,,1365,,,예전에 방문하고 맛있어서 재방문했어요!! 다양한 요리들을 코스로 먹을 수 있어서 만족도 높고 음식 하나하나 다 맛있어요ㅎㅎ 특히 유린기가 진짜 맛있으니까 꼭 드세요!!ㅎㅎ
nv_1067891546,댄싱홍콩 롯데월드몰점,잠실,중식,,9423,,,"맛있어요~ 여러군데 찾다가 여기로 정했는데 너무 오기 잘한 거 같아요. 짱 막있어요.
조금 기다리긴했는데 웨이팅도 뭐 한 2분? 음식 뭐 먹울지 고민하니까 바로 불러주셔서 사람 엄청 많았는데 배고 고팠는데 정말 빠르고 맛있게 먹었어요~"
nv_1067891546,댄싱홍콩 롯데월드몰점,잠실,중식,,9423,,,"종류별로 주문했어요.
맛있어요~. 가족들이 만족했어요.
다음에도 방문할께요.~"
nv_1067891546,댄싱홍콩 롯데월드몰점,잠실,중식,,9423,,,"계란순두부울면과 라구소스가지구이덮밥 먹었어요.
맵기 조절이 가능해서 좋아요. 면발도 쫄깃하고 순두부와 누룽지를 함께 먹을 수 있어요. 엄마께서 별미라며 맛있게 드셨어요.
가지튀김덮밥은 라구소스가 맛있었는데 양이 밥에 비해 약간 적어 아쉬웠어요. 가지와 꽈리고추가 바삭하게 튀겨져 맛있어요."
nv_1067891546,댄싱홍콩 롯데월드몰점,잠실,중식,,9423,,,"잠실 롯데월드몰 지하 댄싱홍콩 메뉴 구성 좋고 오늘
먹은 홍콩짬뽕 모듬딤섬 깔끔 담백했어요 친절은 덤"
nv_1067891546,댄싱홍콩 롯데월드몰점,잠실,중식,,9423,,,"안녕하세요~~ 리뷰어 토리입니당 :)

오늘은 롯데월드몰에서 데이트하다가 딤섬이 먹고싶어서 찾아간곳 소개해드릴게요 바로 댄싱홍콩이에요!!

모둠 딤섬이 있어서 딤섬을 종류별로 맛볼수 있는게 정말 좋았어요ㅎㅎ
사천해물볶음면은 기본맛으로 시켰는데 맵찔이인 저한테 매웠지만 완탕면하고 같이 먹으니 너무 맛있었답니다

완탕이 맵지도 않고 자극적이지도 않은데 정말 맛있어서 아이들하고 방문해도 정말 좋을것 같아요!!"
nv_1067891546,댄싱홍콩 롯데월드몰점,잠실,중식,,9423,,,"가지 덮밥은 토마토 베이스라서 많이 맵지 않아요
살짝 느끼한?? 매콤한 메뉴랑 같이 먹으면 좋을 듯합니다
부추딤섬은 피가 쫀득하고 새우가 들어있어서 맛있게 먹었습니다
바 자리가 몇 자리 있어서 혼밥해도 괜찮을듯"
nv_1067891546,댄싱홍콩 롯데월드몰점,잠실,중식,,9423,,,"잠실왔다가 방문했어요
자리도 여유있어서 바로 앉았구 음식도 빨리 나와서 좋아요!
그리고 맛있습니다 비프라이스, 계란순두부울면 꼭 드셔보세여!"
nv_1067891546,댄싱홍콩 롯데월드몰점,잠실,중식,,9423,,,"넘넘 맛있게 먹었어요!!👍👍
짬뽕 츄천이요!ㅎㅎ💕🫶
아기랑 같이 갔는데 직원분들이 너무 친절하시고
아기 예쁜 눈으로 봐주셔서 맘편히 먹었어요💕
음식도 맛있고 빠르게 나와서 더더 좋았습니다!
잘먹었습니다🥰"
nv_1067891546,댄싱홍콩 롯데월드몰점,잠실,중식,,9423,,,"홍콩짬뽕 기본맛-열라면 정도의 맵기
라면 열라면보다 매운것 같다. 매운거 좋아하면 좋아할듯.다진 돼지고기와 채소, 해산물이 들었고 고기 육수의 진한맛 국물이 맛있게 맵다.
채소의 아삭함이 살아있어서 좋고 건더기가 푸짐하게 들어있다.또 오고싶은 맛임."
nv_1067891546,댄싱홍콩 롯데월드몰점,잠실,중식,,9423,,,"딤섬 먹고 싶어서 찾아왔는데 기대 안한 완탕면도 감칠맛 나게 맛있고.. 볶음면도 맛있었다. 살짝 아주 살짝 매콤하다 했는데 나중에 입술 얼얼.
딤섬도 컵이 받쳐져있어서 들고 옮길때 안찢어져서 효율적이었음.
홍콩보다 맛있는거같다..."
nv_1905340643,꼰미고 송리단길점,잠실,양식,,3780,,,"여러번 방문했는데 항상 맛있어요!!
매장도 깔끔하고 타코집인만큼 손 씻는 곳도 잘되어있어요.
분위기 좋은 곳에서 현지식 타코 드셔보고 싶으신 분들 추천합니다!

¡Esto fue un tesoro encontrar en Korea! Los sabores son auténticos y deli-deliciosos"
nv_1905340643,꼰미고 송리단길점,잠실,양식,,3780,,,일욜 오픈런하여 1번으로 입장하였고 다양한 구성이 맘에 들어 샐러드세트에 까르니따스와 새우타코를 주문하였는제 까르니따스는 거북하지 않은 육향과 부드러운식감이 베르데소스와 궁합이 좋았고 새우는 실하게 구워진 세마리가 마지막까지 입안에 꽉차서 좋았음 샐러드도 양이 많아 세트로 2인이 배부르게 먹을만한 양이었음 텍스멕스가 아닌 멕시코 식당이나 한국입맛에 최적화된 실력있는 식당임
nv_1905340643,꼰미고 송리단길점,잠실,양식,,3780,,,타코와 소스는 좋았다~~ 타코랑 맥주만 시켰다면 더 만족했을 듯~ 타코는 집에서 만들 수 있는 메뉴라 더 그랄수도~
nv_1905340643,꼰미고 송리단길점,잠실,양식,,3780,,,개마시씀ㅠㅠㅠ 까르니따스 진짜 최애ㅠㅠㅠ 너무 맛있음ㅠㅠㅠㅠㅠ 소스도 다 맛있고 브리또 쫀득ㅠㅠㅠ 맨날 먹고싶음
nv_1905340643,꼰미고 송리단길점,잠실,양식,,3780,,,캐치테이블로 미리 예약할 수 있어서 좋았어요! 사람 많은 데는 이유가 있네요!! 세트메뉴로 다양하게 즐길 수 있어서 좋았고 다 맛있었어요~~ 너무 자극적이면 물릴 수 있는데 적절하게 맛있어요!! 다음에 또 올 거 같아요~!!
nv_1905340643,꼰미고 송리단길점,잠실,양식,,3780,,,인기가 많은곳인지 대기손님들이 항상 있는거같네요! 처음와봤는데 구성 괜찮고 맛있었어요! 손에 좀 많이 묻는데 주방 앞쪽에 손씻는곳도 있어서 좋네용~
nv_1905340643,꼰미고 송리단길점,잠실,양식,,3780,,,"처음와봤는데 전체적으로 타코안에들은 내용물이 되게 실하고 맛있어요!!
안에 좌석도 4인테이블 2개, 2인테이블 5개 있어서 딱 적당하구요.
재방문의사 있습니다!!!"
nv_1905340643,꼰미고 송리단길점,잠실,양식,,3780,,,오우 너무 맛있게 잘먹었습니다 ㅋㅋ 타코를 사랑하신다면 꼭 드세요!!! 세번드세요!!
nv_1905340643,꼰미고 송리단길점,잠실,양식,,3780,,,"주말 대기가 이리도 긴줄 알았다면 대기먼저 걸고 석촌호수를 걸을껄 했어요. 주변에서 놀거리 구경거리는 많아서 시간 보내기 어렵지는 않지만 이렇게 긴줄 모르고 간거여서 지치긴 했어요.
하지만 기다린 보람 있게 맛있는 집이어서 다행이었습니다.
도래창 처음 먹어보는데 제 입에 잘 맞고 고소하고 맛있었어요.
맥주와 함께 하기 딱인 곳입니다.
타코 좋아하시면 꼭 가보세요."
nv_1905340643,꼰미고 송리단길점,잠실,양식,,3780,,,트위터에서 사장님의 특별한 이력을 보고 꼭 와야지!! 하고 벼르다가 오늘 드디어 와봤어요>< 진짜 진짜진짜로 맛있습니다… 양도 완전 많아요!!! 저도 여기서 타코 24개 먹고 싶습니다… 다음에 꼭 또 올게요! 진짜 맛있어요!!👍🏻👍🏻👍🏻👍🏻
nv_37244455,그랜드 인터컨티넨탈 서울 파르나스 메르카토521,잠실,양식,,1326,,,"마르게리따피자♡바질스파게띠♡게살리조또

생맥주는 20% 이벤트 할인중였어요

모두 맛있었고 할라피뇨도 피클까지 맛났어요♡"
nv_37244455,그랜드 인터컨티넨탈 서울 파르나스 메르카토521,잠실,양식,,1326,,,예전에 구매했던 에코백이 더러워져서 새로 사러 왔어용🙂 이제 키링은 판매 안 하나봐요 안 보이네요 ㅎㅎ
nv_37244455,그랜드 인터컨티넨탈 서울 파르나스 메르카토521,잠실,양식,,1326,,,음식이 맛있었어요 마침 프렌치파파 콜라보 기간이었고 이미 다녀왔을때 정말 맛있게 먹었던지라 온 가족 초대해서 다시한번 더 다녀왔던 런치입니다 .
nv_37244455,그랜드 인터컨티넨탈 서울 파르나스 메르카토521,잠실,양식,,1326,,,"그랜드델리와 GS편의점 자리가 ‘메르카토 521’라는 베이커리샾과 이탈리안레스토랑으로 12/22 변모되었다. 베이커리샾 변화 중 가장 두드러진 점은 오전 7시 오픈 7:30부터 크루아상이 나오기 시작해서 매30분 간격으로 프레쉬한 빵들이 줄지어 나온다. 그랜드델리시절보다 종류가 다양해진 듯. 이탈리안 레스토랑 메뉴를 보자면 하와이안 스타일 아사히볼, 파스타, 샐러드, 해산물 플레이이트 등 브런치에 적합한 메뉴들이 많다. 만만한 샐러드와 파스타 가격은 3만원 혹은 3만원 후반이다. 인터콘 호텔로비옆이라 접근성이 좋아 소모임 하기에 적당하고 개방형 공간이라 사람구경하기 좋은 카페이다. 베이커리 샆 커피가격(8-9천원)과 레스토랑의 커피 가격(1만9천원)이 다른 것은 좀 특이하다. 레스토랑 음식 맛은 어떨까?"
nv_37244455,그랜드 인터컨티넨탈 서울 파르나스 메르카토521,잠실,양식,,1326,,,매장이 예쁘고 음식도 다 맛있어요. 직원분들도 너무 친절하셔서 좋은시간보냈습니다~
nv_37244455,그랜드 인터컨티넨탈 서울 파르나스 메르카토521,잠실,양식,,1326,,,"옛날에 델리였는데
mercato521로 바꿩
예전 덜리공간이 있고 가볍게 식사할수있는 mercato521공간이 나뉘어져 있음♡"
nv_37244455,그랜드 인터컨티넨탈 서울 파르나스 메르카토521,잠실,양식,,1326,,,"델리 있던자리어 mercato521이 몋개원전부터 생겨
와보고싶더곳이라 사진 마니올려요
블랙퍼스트는 10시반까지 이용가는하고
토스트류 달걀요리등이 있어요 (커피 포함해 나옵니다)

점심은 파스타 와인 등 이용할수 있는거 같아요

아보카도 에그 ooo 토스트였는데
메뉴명이 확실치 않아요ㅜㅜ
양이 아주 많다고는 할수 없으나
맛이 정말 정말 좋습니다♡♡♡

런치때도 재방문의사 100%!!!!"
nv_37244455,그랜드 인터컨티넨탈 서울 파르나스 메르카토521,잠실,양식,,1326,,,"❤️너무 친절하고 맛있고 분위기가 좋아요❤️
새로 단장하고 처음 가봤는데 알리오올리오 하고 버거 진짜 강추예요~ 비쥬얼도 맛도 넘 좋아요
직원분들 모두 친절하시고 응대 잘해주셔서 잘 먹고왔어요. 다음에는 랍스타 피자 먹어보려고요😊"
nv_37244455,그랜드 인터컨티넨탈 서울 파르나스 메르카토521,잠실,양식,,1326,,,"가족 모임을 ""그랜드 인터컨티넨탈 서울 파르나스
메르카토521""에서 (이름이 정말 기네요) 가졌는데,
좋은 추억이 되는 자리였습니다.
음식 맛도 좋지만 일단 럭셔리한 호텔 내부가 마음에
들고, 느긋하게 앉아서 가진 식사 및 대화의 시간이
마음을 여유롭게 해서 아주 만족 했습니다.
다음에는 호캉스로 한번 오고 싶은 곳이네요.
덕분에 온 가족이 즐겁고 행복한 시간 보내고 갑니다."
nv_37244455,그랜드 인터컨티넨탈 서울 파르나스 메르카토521,잠실,양식,,1326,,,"양상추가 많이 들어간 샌드위치가 먹고 싶다는 아이의 요청으로 현대백화점에 샌드위치를 찾으러 갔으나 샌드위치 자체가 거의 없고 잠봉에 루꼴라 정도 들어있는게 다 더라구요~ 그래서 델리 올라왔더니 야채 듬쁙 샌드위치가 여러종류 있었어요! 전 연어들어간거 먹고 싶었으나 아이 기호 고려해서 닭고기 들어있는걸로 했는데 너무나 만족!! 엄청 커서 둘이 한쪽씩 먹으니 배부르고요 빵도 호밀빵 느낌에 호두 콕콕 박혀있어서 식감이
좋아요 근데 샌드위치 이름에 사과도 들어있는것 같았는데 내용물에 사과는 없었어요~ 함께 구입한 에그타르트도 크롸상 느낌나는 버터향 가득한 타르트지라 완족스러웠습니다"
nv_1440313611,까사피에스타 송파본점,잠실,양식,,4271,,,매장 인테리어도 너무 예쁜데 직원분께서도 정말 친절하시고 무엇보다 음식이 너무너무 맛있어요ㅠ😭 덕분에 친구들이랑 서울 여행 재밌게 즐기다 갑니다 !!! 멀리 지방에서 왔는데 다음에 이 가게 때문이라도 다른 소중한 인연들이랑 꼭 송파에 다시 머물러있다가 가고 싶다는 생각이 들게 해준 따뜻하고 기분 좋은 식당이었습니다. 메인만 맛있는 게 아니라 사이드도 하나하나 다 맛있었어요. 특히 꿀치즈볼은 고소하면서 부드럽고 달달해서 메인 다 먹고 입가심으로도 좋았어요. 메인으로는 명란크림파스타가 정말정말 맛있어서 남자 네 명이서 서로 입에 넣어주고 그랬답니다 ☺️ 꼭 다시 방문할게요 감사합니다~~
nv_1440313611,까사피에스타 송파본점,잠실,양식,,4271,,,"사진 찍는 재주는 없지만 맛나보이고 실제로도 맛나네요

개인적으론 트러플향이 진해서 좋은거 같습니다.

식전 빵도 따뜻한 수준이 아닌 매우 부드러워서 아이도 잘먹네요 리조또 파스타 둘다 아이가 좋아하는 맛이라 좋았습니다."
nv_1440313611,까사피에스타 송파본점,잠실,양식,,4271,,,"파스타 꾸덕하고 필라프 매콤하니 피자까지 아주 맛있어요~
중간에 맛있어서 추가 주문까지~
특별한 날 방문했는데 기억에 남을 추억입니다♡"
nv_1440313611,까사피에스타 송파본점,잠실,양식,,4271,,,신메뉴위주로 주문해서 먹어봤는데 부채살 스테이크는 질긴게 하나도 없고 수제갈릭토마토소스랑 너무 잘어울리고 샐러드에 식전빵까지 구성이 너무 알차요!!! 파스타는 한입 🍝먹자마자 이집 맛집이다! 느낌이 오는 맛이였어요~!소스에 고기도 많고 매콤한단계도 선택할수있어서 좋아요👍
nv_1440313611,까사피에스타 송파본점,잠실,양식,,4271,,,"식전빵에 샐러드부터 스테이크 메뉴1 + 기타 메뉴 추가1 + 음료까지 코스 구성이 알차요!
가격도 너무 착하고 맛있어요.
크림파스타는 자칫 느끼할 수 있는데 맵기 조절이 가능해서 너무 맛있게 잘묵었어요"
nv_1440313611,까사피에스타 송파본점,잠실,양식,,4271,,,언제와도 맛잇고 조용하고 빨리나오고 친절합니다 ㅎㅎㅎ 단골 ㅎㅎㅎ
nv_1440313611,까사피에스타 송파본점,잠실,양식,,4271,,,"친구가 너무 맛있다고 추천해줘서 방문했는데 진짜 너모 맛있네요 🥹💖
부채살 스테이크는 수비드라서 넘 촉촉했구 소스도 특색 있어서 넘나 잘 어울렸어요 그리고 신메뉴인 불고기크림파스타도 진짜 완전 추천 ㅠㅠㅠ 페투치네면으로 바꿔먹기 레전드 맛도리용 🫶
이 가격에 이런 메뉴를 먹을 수 있다는거에 진짜 놀랍 ,,, 사장님 조금 일하시구 많이 버세요 🙇‍♀️"
nv_1440313611,까사피에스타 송파본점,잠실,양식,,4271,,,"송파 최고의 레스토랑👍👍👍👍👍
고퀄리티 메뉴들을 합리적인 가격대에 맛볼 수 있어 넘 좋아요😍❤️

이번에 새롭게 나온 봄 신메뉴들....!!!🌼🌸
신선하고 산뜻한 샐러드와 남녀노소 모두 좋아하는 소시지 가득 나폴리탄 파스타🍅 간 소고기가 듬뿍 들어가 있는 크림파스타에~~!! 부채살 스테이크까지🧄🥩

오랜만에 폭식 제대로 했습니다( ≧∀≦)ノ
넘 맛도리에요!!! 봄 신메뉴 강추드려요⭐️⭐️⭐️"
nv_1440313611,까사피에스타 송파본점,잠실,양식,,4271,,,"아이들이 식전빵을 너무 좋아해서 스테이크를 주문 하기 시작했는데 이젠 부드러운 수비드 스테이크는 빠질 수 없는 메뉴가 되었어요. 빵+크림파스타 먹으러 오는 아이 스테이크 바질+크림 먹으러 오는 아이..
다양하게 먹기 좋아요^^ #잠실맛집 #잠실파스타 #잠실스테이크"
nv_1440313611,까사피에스타 송파본점,잠실,양식,,4271,,,식전빵이 너무 귀야워서 찍었네요 알리오올리오 파스타랑 페페로니 피자도 먹었는데 사진이 안남았어여 알리오올리오 살짝 맵게 시켰는데 너무 맛있었어요 피자랑 잘 어울린거 같아요 피자도 부드럽고 아이는 쉬림프 필라프 먹었는데 깨끗이 다 먹었습니다 다음에 도 방문해야 겠어요👍👍
nv_1513288596,래빗캐슬 잠실,잠실,양식,,7685,,,"여기 씨푸드 봉골레파스타 진짜 개맛도리구요.. 파스타안에 해산물도 많아서 정말 맛있게 먹었어요.
서비스로 티라미수도 주시고 부채살 스테이크의 익힘도 정말 좋았어요.
식전빵의 온도랑 식감도 좋고 버터도 정말 맛있어요
다른 맛있는 메뉴도 많아보였고, 예약없이는 입장 거의 힘든 이유를 알 것 같아요..
쨌든 강추드립니다"
nv_1513288596,래빗캐슬 잠실,잠실,양식,,7685,,,"남편이랑 결혼 기념일 맞아 방문 했어요!
음식이 하나하나 너무 맛있네요!
분위기도 너무 좋아요!
이렇게 많이 시켰는데 가격도 너무 좋네요!
담에 또 방문 확정이에요♡
잠실에서 파스타 먹을 일 있으면 여기 또 올래요!"
nv_1513288596,래빗캐슬 잠실,잠실,양식,,7685,,,"저녁 모임을 해야하는데 리뷰가 괜찮은 곳을 찾다가 예약하게 되었습니다
리뷰가 너무 좋기도 했고 메뉴도 마음에 들었거든요
가서 직접 먹어보니 메뉴 하나하나 정성스런 만듦새도 좋았고 맛은 더 좋았습니다
또 올께요^^"
nv_1513288596,래빗캐슬 잠실,잠실,양식,,7685,,,"우리동네 맛집으로 유명해요. 아이가 피자먹고싶대서 왔어요. 역시나 분위기가 좋고 젊은층 좋아하는 메뉴다보니 커플들이 많아요.
4인좌석은 2개정도라 3인 이상 방문시는 예약추천해요.

식전빵은 버터가 예술이고요.
해물크림 파스타는 재료 싱싱하고 맛있었고
페스카토레 피자는 갑오징어와 해산물 듬뿍이라 해산물 좋아하면 추천해요.

양은 남성분은 1메뉴 적당하고 여성이라면 살짝 많아서 든든하게 먹을 수 있어요."
nv_1513288596,래빗캐슬 잠실,잠실,양식,,7685,,,매장 청결 상태도 너무 좋고 무엇보다 직원분들이 정말 친절하셔서 기억에 남아요. 메뉴 설명도 상세히 해주시고 세심하게 챙겨주셔서 대접받는 느낌이었습니다. 편안한 분위기에서 즐거운 시간 보낼 수 있어 만족스러웠어요. 주변 지인들에게도 추천하고 싶은 곳입니다!
nv_1513288596,래빗캐슬 잠실,잠실,양식,,7685,,,와이프 기념일이라 식사예약하고 왔어요!!! 고심해서 고른 보람이 있을 정도로 센스좋고 맛있는 식당이었어요. 아이가 있어서 넓은 자리 부탁드린다고 메모 남겼더니 창가에 있는 가장 큰 자리로 안내해주셔서 편안하게 맛있게 먹었어요!! 강추입니다!!
nv_1513288596,래빗캐슬 잠실,잠실,양식,,7685,,,"너무 맛있었어요~♡
매장 인테리어도 엄청 아기자기하게 이쁘고 생각보다 넓어서 쾌적해요 식전빵에 버터 진짜 무조건이고 뇨끼도 싹싹 긁어먹었네용ㅎㅎ
생일 기념 데이트로 왔는데 다음에는 친구들 모임으로 다시 오려구요💕"
nv_1513288596,래빗캐슬 잠실,잠실,양식,,7685,,,"가게 외관도 내부도 분위기가 너무 좋아요!
여성분들끼리 오기도 좋고 커플끼리 오기도 좋은
낭만적인 분위기고 내부는 넓진않아서 옆좌석
말소리가 크게 들리는 게 단점이라면 단점😅
음식은 포테이토 수프,먹물파스타,라따뚜이
이렇게 시켰는데 음식이 하나하나 정성들인
느낌이고 개인적으로 포테이토스프 추천!!
저녁시간쯤되니까 자리가 꽉차서 예약하시면
원하는 자리 앉으실 수 있을 것 같아요~!"
nv_1513288596,래빗캐슬 잠실,잠실,양식,,7685,,,"결혼 기념일, 딸과 함께 방문하여 맛있게 먹었습니다. 라비올라의 부드러움, 새우 크림파스타의 고소함, 스테이크의 맛이 조화를 이루었습니다. 추천 합니다♡"
nv_1513288596,래빗캐슬 잠실,잠실,양식,,7685,,,"파스타가 생각날땐, 나만의 토끼굴 래빗캐슬로 :)

오늘은 라비올리.
노르망디산 우유로 만든 유풍미가 뛰어난
프랑스 최상급 크림에 트러플, 마스카포네, 리코타, 모짜렐라로 속을 채운 크림 라비올리라고 하네요.
올 때마다 느끼는거지만, 트러플 리조또, 새우크림 파스타 등 크림 베이스 요리 참~ 잘하는 곳!!

느끼함을 잡아주기 위해 살짝 매콤한 명란 먹물 스파게티를 함께 주문.
저염숙성 백명란과 새우, 편마늘이 들어간 베네치아 스타일의 자극적이고 매콤한 오일 파스타.
아마도 래빗캐슬에서 유일한 스파이시 메뉴?!

리코타 치즈 샐러드 추가~
제철야채, 리코타 치즈, 오리엔탈 드레싱, 발사믹 베이스.
오늘은 썬드라이드 토마토가 있었는데, 살짝 해동이 덜된듯. 오늘의 유일한 단점, 하지만 제가 정말 애정하는 곳"
nv_1923702493,앨리나인,잠실,양식,"별점
5",5,,,파스타랑 리조또 다 특색있고 넘 맛있게 잘 먹었어요. 한식 한스푼이 가미된 이탈리안을 이렇게 멋지게 풀어내시다니 쉐프님 센스에 만점드리고 싶네요. 우드톤에 아늑한 실내분위기에 테이블간 간격도 넓어 대화나누기 넘 좋았어요. 다른 메뉴도 더 먹어보고 싶어서 또 와야겠어요. 멋진 런치 선사해주셔서 감사합니다.
nv_1923702493,앨리나인,잠실,양식,"별점
5",5,,,사진 찍을 새도 없이 다 먹어버렸어요... 된장크림파스타랑 양송이 타파스 먹었는데 다음에도 똑같이 선택하고 싶을 만큼 대만족입니다! 송리단길에 파스타집 많아서 고민하고 비교해서 찾은 곳인데 단골될 것 같아요 ㅎㅎㅎ 다음에는 저녁에 와서 와인 먹고 싶네요!
nv_1923702493,앨리나인,잠실,양식,"별점
5",5,,,여기 파스타가 찐찐 맛있어요 분위기도 좋고 직원분들도 친절하세요 ㅎㅎ 한식과 양식이 퓨전돼서 입맛에 더 잘 맞았어요 청어알이 ㄹㅇ 킥
nv_1923702493,앨리나인,잠실,양식,"별점
5",5,,,"분위기 좋은 앨리나인

좋은 사람들과 맛있는 음식을 즐기기에 좋았습니다.

기본 하우스 샐러드가 제공되네요.
샐러드 좋아해서 메뉴에도 있으면 좋겠어요!
양송이 타파스 추천드려요.

서비스도 편안하게 해주셔서 감사했습니다."
nv_1923702493,앨리나인,잠실,양식,"별점
5",5,,,"분위기 좋고 음식도 진짜 맛있었어요!
양송이 타파스는 버섯 향이 진하고 식감도 좋아서 계속 손이 갔고, 항정살 꽈리고추 알리오올리오는 느끼하지 않고 매콤해서 조합이 너무 좋았습니다 👍
매장 분위기도 깔끔하고 직원분들도 친절해서 편하게 식사했어요. 다음에 또 방문하고 싶은 곳입니다 :)"
nv_1923702493,앨리나인,잠실,양식,"별점
5",5,,,평일 첫시간 방문이라 한적하고 좋았습니다. 식전에 따로 샐러드도 주셨구요~ 버섯 리조또랑 해물 누룽지 파스타 먹었는데 넘넘 맛있었어요! 양도 여자 두 명이 먹을 정도로 딱 적당하고 간도 알맞고 버섯 해산물 등등 신선했습니다. 첫타임 고객이라고 밤치즈케이크?도 서비스로 주셨는데 모든게 다 맛있었어요👍 쉐프님 매우 친절하시고 매장도 예쁩니다! 먹는데 집중해서 매장사진을 제대로 못찍었는데 데이트하기 좋은 곳이예요💕 다음에 또 갈게요!!
nv_1923702493,앨리나인,잠실,양식,"별점
5",5,,,"6일 전에 예약 후 이용했고, 직원분들이 친절하시고 음식들이 식당 고유의 맛들이 있는거 같고 리조또가 특히 어머니 입맛에 잘 맞았다고 하시네요:) 저는 양송이 타파스가 빵이랑 잘 어울려서 맛있게 먹었습니다🥰"
nv_1923702493,앨리나인,잠실,양식,"별점
5",5,,,생일 기념으로 예약해서 다녀왔습니다ㅎㅎ 대구 리조또가 정말 평생 먹은 리조또중에 제일 맛있었어요!!!! 다른 메뉴들도 하나같이 맛있었고 와인들도 가성비 있어서 너무 좋았어용 다음에 다른 메뉴 먹으러 또 오고 싶어요! 싹싹 긁어먹은 사진도 첨부합니다:)!!
nv_1923702493,앨리나인,잠실,양식,"별점
5",5,,,"음식사진은 먹느라…제대로 못찍었는데,
아기랑 함께 방문해서 양송이타파스, 차돌된장크림파스타, 버섯리조또 주문해서 먹었어요 :) 매운맛 조절도 가능하고, 아기식기, 의자 모두 다 준비되어 있었구 무엇보다 친절하고 아기가 잘먹어서 더 만족스러웠네요❤️ 마지막에 나온 샤베트도 건강하고 맛있어요~~~! 정말 만족스러운 식사였어요😍😍"
nv_1923702493,앨리나인,잠실,양식,"별점
5",5,,,"인테리어도 예쁘고 음식도 너무 맛있어요
무엇보다 너무 친절하셔서 먹는내내 기분이 좋았습니다.
덩치 있으신 남자 사장님? 이것저것 서비스도 챙겨주시고 덕분에 행복한 식사였습니다 좋은 기억 만들어주셔서 감사합니다 또 방문하겠습니다!!"
nv_2073616411,르뵈프 롯데월드몰점,잠실,양식,,192,,,"르뵈프가 잠실에 생겼단 얘길 듣고 지인들과 오랜만에 출동했어요. 롯데월드몰을 자주 오는 분이 아니면 장소찾기가 조금 어려울 수 있어요. 명품관쪽이 아니고 반대쪽 건물 6층에 있는 29STREET 안에 위치해있어요. 이미 명품관쪽으로 올라오셨다면 실외로 이어진 통로가 있으니 참고하세요.

솔직히 쇼핑몰에 있는 식당에 대한 기대가 크지 않았는데 역시가 역시더라고요. 메뉴 하나하나가 파인다이닝에서 볼법한 정성이 들어가 있는 게 느껴졌어요.

두루두루 다 맛있어서 오히려 메뉴추천이 어려울 정도! 가장 특이하면서 재밌었던건 비프 똠양 컵라면이에요~ 말 그대로 컵라면에 다져서 조리한 소고기와 똠양꿍 국물맛을 냈는데 이거 아주 킥이더라고요~ 고수 매니아인 전 당연히 듬뿍 넣어서 먹었는데 조금씩 넣어가며 조절해보세요."
nv_2073616411,르뵈프 롯데월드몰점,잠실,양식,,192,,,스테이크 굽기랑 고기 퀄리티가 진짜 미쳐버렸🥩 브리오슈+무화과버터부터 꼬냑 아이스크림까지 코스처럼 즐기기 좋고 분위기도 좋아서 데이트나 기념일 식사로 주마다 오는곳👌
nv_2073616411,르뵈프 롯데월드몰점,잠실,양식,,192,,,"이미 여의도에서 스테이크 맛집으로 유명한 르뵈프가 잠실 롯데월드몰에 2호점을 오픈했다고 해서 방문했어요. 따로 큰 홍보를 하지 않으시는 것 같아 직접 후기를 남겨봅니다.
저는 런치로 스테이크와 연어 플래터를 맛보았는데, 함께 서빙된 적채, 크림 스피니치, 오르조 파스타, 브리오슈 브레드까지 구성 하나하나가 정말 맛있어서 싹싹 긁어먹었네요. 기본적으로 소스 맛이 워낙 훌륭한 곳이라, 배가 불러 차마 맛보지 못한 파스타와 라자냐 또한 분명 맛있을 것 같다는 확신이 들었습니다.
함께 주문한 시저 샐러드는 채소가 아주 싱싱했고, 감자튀김은 시원한 생맥주와 찰떡궁합! 끊임없이 손이 갔습니다..🫠 비프 똠양 컵라면은 개운하게 싹 정리해주는 맛이라 꼭 한 번 드셔보시길 추천합니다!"
nv_2073616411,르뵈프 롯데월드몰점,잠실,양식,,192,,,"여의도 르뵈프 갔다가 너무 맛있어서 감동 받았었는데 잠실 롯데월드몰도 핫하다고 해서 기대를 정말 많이 하고 갔어요.
분위기도 너무 좋고 진짜 인생 샷도 남겼답니다. 사진 왜케 잘나와요....? 모든 메뉴들 역시 다 맛있구요. 진짜 너무 너무 행복했어요.
그리고 와인 진짜 꼭 드셔 보세요. 진짜 이날 이후 계속 와인 + 르뵈프 음식이 계속 생각나요. 보니까 옆에서는 비지니스 미팅 하시는 분들이며 데이트 하시는 분들 모임 등등 다양한 분들들도모두 편하고 행복하게 좋은 시간 보내시고 것 같더라구요. 저도 진짜 너무 맛있어서 감동 받고 갑니다."
nv_2073616411,르뵈프 롯데월드몰점,잠실,양식,,192,,,"르뵈프 스테이크, 문어 뽈보, 클래식 라자냐, 켈리 생맥주 시켰어요!

금요일 오후 6시 50분 도착했고, 웨이팅 없었구요.

안심스테이크 맛있어요!

🐙❤️뽈뽀도 완전 부드러웠고요❤️ 🐙

스테이크 또 먹으러가고 싶어요!😍"
nv_2073616411,르뵈프 롯데월드몰점,잠실,양식,,192,,,"세트메뉴를 시키고 장말 맛있게 먹었어요!
모든 음식이 다 맛있더라구요
다만 스테이크 퀄리티가 너무너무너무 떨어지더라구요
물론 가격대도 비싸지 않아서 좋은 부위를 쓸 거라는 생각은 안 했지만 질기고 잡내나고 너무 심하더라구요.. 메인으로 갖고있는 메뉴인데 퀄리티가 이게 맞는건가 싶을 정도로요.
나머지 음식들은 정말 맛있었어요!
하지만 만약 세트가 아니라 메인메뉴만 2개 시켰다면 화가 많이 날 맛이긴 하더라구요"
nv_2073616411,르뵈프 롯데월드몰점,잠실,양식,,192,,,"여의도 스테이크 맛집 르뵈프가 잠실에!

🍭맛
- 4.5세트 메뉴 먹었습니다
시저샐러드, 브리오슈로 시작하는데 ㅠㅠ 빵 넘나 맛있고 세트에서 와인은 뽈뽀로 변경했는데
극강의 부드러운 문어였습니다
가장 좋았던 건 스테이크 였습니다
소스도 담백하고 감칠맛도는 데미글라스였구요
고기는 정말 부드러웠어요
연어스테이크는 껍질 팬프라잉으로 정말 바삭하게 구워냈고 안은 촉촉했어요 기름지지 않아서 기대를 안했는데 정말 완벽했습니다
라자냐는 상큼하고 묵직했고
똠양라면이 미쳤어요 이건 무조건 드세요
칼칼함과 산미가 대박이네요

🍭내부모습
- 여의도는 타겟이 연인이나 회사사람들 같았는데
저는 잠실은 가족모임 하기에도 좋을 것 같아요
테이블도 크고 어느정도 간격도 있습니다

🍭서비스 외 기타
- 서버분들 진짜 친절합니다!!"
nv_2073616411,르뵈프 롯데월드몰점,잠실,양식,,192,,,"스테이크
파스타 연어스테이크등
모두 제대로인 메뉴들 이었습니다
여의도에 이어 잠실도 최고였습니다
특히 스테이크는 화이트 와인과도 잘 어울리고
구워진 정도가 너무 좋았습니다
그리고 아티초크 처음먹어 봤지만 굳입니다
왜 줄서는 지 확실한 이유가 있는 곳이었습니다"
nv_2073616411,르뵈프 롯데월드몰점,잠실,양식,,192,,,"르뵈프 잠실 롯데월드몰점 다녀왔어요. 여의도에서 워낙 좋아하던 곳이라 기대했는데 잠실에도 생겨서 접근성이 더 좋았어요. 본점과 다르게 코스가 아닌 세트 메뉴로 한상 가득 나와서 이것저것 같이 즐기기 좋았어요. 브리오슈에 무화과 버터 조합 예술이고요 시저샐러드도 감칠맛이 좋아서 전 무조건 다먹어요. 치즈 까르보나라 파스타는 꾸덕하고 고소하니 꼭 시켜야하고요 라구 파스타는 고기가 큼직하게 들어가 씹는 맛이 살아있어요. 스테이크는 부드러운 결에 르뵈프 특유의 깊은 소스가 특별함을 더했고요크림 시금치, 적채, 아티초크, 아스파라거스 같은 사이드도 고기랑 잘 어울렸어요. 마지막 꼬냑 아이스크림까지 향긋하게 마무리돼서 최고! 아 똠얌라면은 아무리 배불러도 꼭 드세요!!!!"
nv_2073616411,르뵈프 롯데월드몰점,잠실,양식,,192,,,"여의도 르뵈프도 너무너무 좋아하는 공간인데 잠실도 생겼다니!! 근데 여기만의 특별한 메뉴가 생겼네요🥹✨ 거기다가 스테이크가 연어스테이크 추가라니!!! 넘사벽 퀄리티 스테이크인데 가격도 착한걸로 유명한 르뵈프인데ㅠㅠ진짜 잠실에서도 이렇게 착하게 팔면,,남는게 있으시려나.,, 거기다 파스타도 추가 생기다니ㅠㅠㅠㅠㅠ너무 혜자실게요ㅠㅠㅠㅠㅠㅠㅠㅠㅠㅠ채고에요ㅠㅠㅠㅠ 공간도 너무너무 예쁘시고 늘 여기 매니저님들 친절은 거의 호텔리어급...🥹✨ 감사합니닿ㅎㅎ"
nv_35051350,요리하는남자,잠실,양식,"별점
4.59",4,,,"송파 잠실 데이트명소 맛집… 찾았어요🥹
리코타치즈를 직접 만드시는데 꾸덕하니 청포도와 정말정말 잘어울려요! 입맛 돌고 피자 끝에 발라먹어도 넘 잘어울리네요!!! (∗❛v❛∗)
분위기도 잔잔하고 톤다운된 녹색이 고급져서 가족식사, 회식하기에도 좋아요~
다음에 벚꽃피면 데이트겸 또 올게요!"
nv_35051350,요리하는남자,잠실,양식,"별점
4.59",4,,,새내역에서 제일 맛있는 이탈리안 식당입니다 ^^ 오늘 먹은 버섯크림 리조또와 라자냐 고르곤졸라 피자 모두 맛있었어요 도우가 정말 쫀득하고 맛있어요 올때마다 실패하는 메뉴없이 늘 만족하며 맛있게 먹고 갑니다 ♡♡
nv_35051350,요리하는남자,잠실,양식,"별점
4.59",4,,,청포도리코타치즈가 생각날 때 오는 곳! 나오자마자 정신없이 먹어서 예쁜 사진이 없네요😅 고르곤졸라도 깊은 맛이 일품이고 명란오일파스타는 처음 먹어보는데 너무 맛있어요!!!!! 매번 너무 맛있게 먹고 갑니다 감사합니다~~
nv_35051350,요리하는남자,잠실,양식,"별점
4.59",4,,,잠실새내에서 유명하다길래 와봤는데 요즘 다녀온 식당 중에 제일 맛있었어요..✨ 피자토핑도 많이 올라가있고 파스타에 새우도 통통하고!! 그중에서도 청포도리코타치즈가 진짜 대박이에용.. 💚 왜다들 이거 먹으러오는지 알 것 같아요.. 치즈를 매장에서 직접 만든다고 하셨는데 와 넘넘 마싯어서 싹싹 비웠어요~ 분위기도 좋고 직원분들도 왕친절하시구 다음에 또 오려구요👍🏻 강추입니다!!😍
nv_35051350,요리하는남자,잠실,양식,"별점
4.59",4,,,"쏟아지는 비를 뚫고 회사동료들과 모임하러 왔어요
다양하게 골고루 주문해서 먹었는데 다 너무 맛있었고 단체모임 하기 좋았어요
서비스로 주신 고르곤졸라피자와 생일이라고 말씀드리니 챙겨주신 티라미스까지!!
메인 요리부터 디저트까지 너무 다 완벽!!!! 강추입니다!!!"
nv_35051350,요리하는남자,잠실,양식,"별점
4.59",4,,,"고온에서 구어서 그런지.. 피자 도우 쫄깃함 미쳤어요!
빵부분이 담백해서 계속 리코타치즈 올려서 꿀부려 먹엇어요 ㅎㅎ
프로슈토 루꼴라는 원래좋아하는데 간 맞게 짭쪼름해서 좋았구 ㅎㅎ 남앗는데 포장도 해주시더라구요❤️
진짜 최애는 뚝배기 파스타였는데 ㅎㅎ 뜨끈해서 추운몸도 녹였고 맵칼해서..ㅎㅎ 진한 토마토 국물이 해장각입니다🫠
라라랜드같은 분위기도 너무 좋아요 ㅎㅎ 일하시는 종업원분들이 참 친절해서 사랑하는 사람과 데이트가면 ㅎㅎ 성공하실거에요! 잠실에서 피자먹고 싶다? 요리하는 남자가면 됩니다🖤"
nv_35051350,요리하는남자,잠실,양식,"별점
4.59",4,,,청포도리코타치즈 보고 여기 오기로 결정했어요!! 근데 리코타치즈가 지이이이이잉ㄴ짜 맛있어요 오빠랑 데이트 왔는데 음식이 너무 맛있어서 행복해요 명란오일파스타도 맛있고 피자들은 이제 먹을건데 진짜 맛있을것같아요 오빠가 먹었는데 진짜 맛있대요ㅋㅌㅋㅌ다음에 또 올게용
nv_35051350,요리하는남자,잠실,양식,"별점
4.59",4,,,"메뉴들이 다 맛있어요(ˊ• ૢ·̫•ˋૢ)
청포도 리코타치즈는 또 방문하고싶을만큼 맛있고 특별한메뉴같아욤! 파스타랑 피자도 물론 맛있습미댱!!
분위기도 좋고 인테리어도 예뻐서 다시 올것같아요!
잘먹었습니다ෆෆෆ"
nv_35051350,요리하는남자,잠실,양식,"별점
4.59",4,,,"정말 너무너무 맛있는 요리하는 남자…🤍

청포도 리코타 치즈가 일주일에 한번씩은 생각나요!! 배달 지역이 조금 더 넓었으면 좋겠다는 생각이 들 정도로 너무 맛있어요ㅠㅠ

벚꽃 보고 먹으니 더 맛있어요🌸"
nv_35051350,요리하는남자,잠실,양식,"별점
4.59",4,,,"고급스럽지만 캐주얼하고 편안한 분위기, 친절하면서도 활기찬 직원분들의 미소가 음식만큼이나 인상적인 느낌을 주는 잠실새내역 맛집이었어요.

화덕에서 구운 피자를 즐길수 있는 특별함과 메뉴 하나하나에서 느껴지는 정성의 맛에 늘 감동받아요.
함께 방문했던 언니도 오늘부터 1일 이라며 모임하러 가족 외식 공간으로 너무 흡족했다 하더라구요.

무엇을 주문하던 늘 만족감이 느껴지는 애정하는 곳이랍니다.

♡♡♡♡♡"
nv_35751325,빌즈 잠실,잠실,양식,,6517,,,"정기적으로 와줘야되는 빌즈 ..! 이번 시즌 신메뉴인 쇼쿠팡 타르틴이랑 펌킨 샐러드 완그릇 뚝딱했네요🤤
타르틴은 할루미로 선택했는데 너무너무 맛있어요 꼭 드세요~! 또 펌킨 샐러드의 단호박이랑 시트러스 요거소스랑 너무 잘 어울려서 놀랐어요

직원분들 항상 친절하셔서 기분좋게 먹고갑니다☺️"
nv_35751325,빌즈 잠실,잠실,양식,,6517,,,"메뉴 모두 건강한 맛으로 기분 좋게 식사했어요☺️
새우 샐러드는 동남아 여행가고싶어지는 맛이네요🥗"
nv_35751325,빌즈 잠실,잠실,양식,,6517,,,"빌즈 잠실

빌즈는 저녁에 오니 더 멋져요..
롯데월드광장의 루미나리에를 빌즈에 앉아서 바로 볼 수 있어 좋아요.

새우 링귀니 파스타의 새우가 통통해서 식감이 좋고
커리는 두부랑 생선 중 선택할 수 있는데
생선을 선택했는데 단백하고 고구마가 좋았어요. 커리에 퀴노아 섞인 건강한 밥이고,

스테이크는 양은 많지 않지만 식감이 좋고 곁들여 나온 데친 깻잎 야채가 나오는데 불맛여서 맛있어요.
테이블마다 촛불이 켜져서 분위기가 아늑합니다. 또 오려고요."
nv_35751325,빌즈 잠실,잠실,양식,,6517,,,메뉴가 줄어들어 아쉬워여
nv_35751325,빌즈 잠실,잠실,양식,,6517,,,"라운지스타일의 공간도 멋지고 채소를 따로 담아주는 스타일의 버거가 부드러운 패티와 번이 맛있어서 아주 맘에 들었다. 루꼴라파수타는 상큼한 맛의 소스가 느끼함을 잡아준다.
TWG의 얼그레이가 있고 호지차,칵테일등 음료가 매우 다양하다."
nv_35751325,빌즈 잠실,잠실,양식,,6517,,,"메뉴가 모두 어디서도 먹어보지 않았던 특별한 맛을 지니고 있었어요 🥰 맛있게 잘 먹었습니다!
다만 겨울에는 통창에 웃풍이 불어 내부가 매우 춥습니다ㅜㅜ 음식도 좀 빨리 식는 느낌이에요. 눈이 예쁘게 온 날이라 함박눈 내리는 것 보면서 먹었습니다☃️"
nv_35751325,빌즈 잠실,잠실,양식,,6517,,,언제와도 편하고 좋은 브런치 카페예요 특히나 큰 창이 있는 곳이라 오전이나 낮이 더 좋더라구요 커피가 양이 좀 작아 늘 아쉽긴 해요 그래도 모임 때면 늘 찾게 되는 곳이네요
nv_35751325,빌즈 잠실,잠실,양식,,6517,,,"신선한 제철 메뉴로 건강한 이미지를 가지고 있던 빌즈였는데..
점심은 이미 다른 곳에서 먹은 상태라, 친구들과 커피와 디저트만 먹으러 갔는데..
케익류는 저 두가지 (커피월넛케익, 리코타 버터밀크 머핀) 였어요.
그래서 두가지 시켰는데....
월넛 케익 속 월넛이... 기름쩐내가 나더라구요.
한 입 먹고.. 못 었어요.
어딘가에서 공급받아서 판매하는 거라 매장에서는 월넛 상태를 모르셨겠..죠? .."
nv_35751325,빌즈 잠실,잠실,양식,,6517,,,"수플레 맛있어요 🍌
새우파스타는 식으니까 면냄새 좀 났어요 ㅠ ㅡ ㅜ
그래도 쾌적하고 분위기 좋아서 대화하기 굿이에용"
nv_35751325,빌즈 잠실,잠실,양식,,6517,,,점심 먹고 후식까지 거~하게 먹고 나서 석촌호수 한바퀴...
nv_1716710999,송리단취향,잠실,양식,,4486,,,"송리단길에서 분위기랑 맛 둘 다 잡은 곳 찾으면 여기 무조건 가야 해요.

밀푀유 라자냐는 부드럽고 진한 풍미가 제대로고, 스테이크 트러플 파스타는 향부터 고급지고 맛이 꽉 차 있어요.

회오리 오므라이스는 비주얼도 예쁘고 맛도 완성도 높아요.

웨이팅 있는 이유 바로 납득되는 곳, 재방문 의사 확실합니다."
nv_1716710999,송리단취향,잠실,양식,,4486,,,전부터 오고 싶었던 송리단취향에서 트러플스테이크파스타를 먹었는데 진한 트러플 향이 너무 좋았고 부드러운 스테이크에 면을 취향에 맞게 잘라먹으니 재밌었어요 회오리 오무라이스도 부드럽고 라자냐도 양이 많고 소스가 대박이었어요😆🧡
nv_1716710999,송리단취향,잠실,양식,,4486,,,"해외파 셰프들이 운영하는 유럽 가정식 캐주얼 양식당!

석촌호수 바로 옆 송리단길에 있어서 밥 먹고 나서 산책까지 이어지는 데이트 코스로 딱이에요

수건 파스타, 오므라이스, 라자냐 다 시켜봤는데 전부 맛있었어요.

근데 그 중에서도 회오리 오므라이스가 진짜 최고였어요!

일본식으로 만든 건데 계란이 엄청 포슬포슬하고 안에 소고기 필라프가 들어있어요.

스테이크 트러플 수건 파스타(26,900원)도 SNS에서 많이 봤는데 실물이 진짜 넓어요.

가위로 잘라서 노른자 터뜨려서 트러플 크림에 비벼 먹으면 돼요.

밀푀유 라자냐(24,500원)는 생면 켜켜이 쌓여있고 라구 소스가 와인향 나면서 진해요. 새콤한 거 싫으시면 참고하세요!

주말엔 웨이팅 있으니까 일찍 가시는 거 추천해요."
nv_1716710999,송리단취향,잠실,양식,,4486,,,"송리단길에서 양식먹고 싶어서 갔는데 대만족!
독특한 메뉴도 많고 양도 많고 무엇보다 다 맛있었어요!
트러플 좋아하시면 스테이크 트러플 수건 파스타 완전 추천👍
접시가 예뻐서 사진도 잘 나오네용 재방문의사 있어요💗"
nv_1716710999,송리단취향,잠실,양식,,4486,,,"매장 분위기가 깔끔하고 음식 비주얼이 정말 훌륭합니다. 스테이크와 크림 파스타 조합이 특히 인상적이었는데, 고기도 부드럽고 소스와 잘 어우러져서 마지막까지 맛있게 먹었습니다. 오므라이스도 계란이 부드럽고 소스 맛이 진해서 좋았습니다. 특별한 날 방문하기 좋은 곳입니다."
nv_1716710999,송리단취향,잠실,양식,,4486,,,"송리단길에서 항상 눈길이 가던 식당이였어요!
이번에 웨이팅 잠깐 10분 하구 들어왔는데 와 플레이팅 너무 이쁘고 음식도 맛있어서 왜 데이트맛집인지 바로 인정! 음식 비쥬얼 사진 찍기도 좋고 맛도 좋아서 소개팅이나 데이트 친구모임은 여기서 하기 딱 좋아용🤩😍"
nv_1716710999,송리단취향,잠실,양식,,4486,,,진짜 분위기도 엔틱하고 메뉴 구성도 좋아서 맛있게 먹었어요 ㅎㅎ 라자냐 완전 맛도리 !! 파스타 잘라먹는 맛도 있고 고소하고 풍미 가득이라 에이드랑 잘 어울려서 둘이서 싹 비우고 갑니당 >_< 또 오고싶어요 직원분도 엄청 친절하셔서 기분좋게 먹고 가요 ㅎㅎ
nv_1716710999,송리단취향,잠실,양식,,4486,,,"소스 맛집입니다. 비쥬얼도 신경을 많이 쓴것같아요.
사람들이 많이 찾아주시는 것 같습니다.
아쉬움이 있다면 인기메뉴가 적지않은 가격이라서.. 피클정도의 반찬이 있었으면 했습니다.
음식은 만족스러웠습니다."
nv_1716710999,송리단취향,잠실,양식,,4486,,,"송리단길 파스타 맛집 인정이에요! 특히 스테이크 트러플 파스타 면이 일반 면이랑 달라서 소스도 잘 배고 식감이 정말 쫀득해요. 라자냐도 겹겹이 층이 느껴져서 너무 맛있게 먹었어요.
매장 인테리어도 유럽 빈티지 감성이라 사진 찍기 좋아요. 음식 맛은 물론이고 인테리어와 조명, 가구와 그릇까지 모두 디테일하게 신경 쓴 느낌이었어요. 특히 창가자리에 자연광이 들어오니 막 찍어도 예쁘더라구요.
송리단길 데이트 필수코스입니다아〰️"
nv_1716710999,송리단취향,잠실,양식,,4486,,,"가게 분위기도 아늑해서 데이트하기 너무 좋아요!
접시도 되게 독특하다고 생각했는데 전부 폴란드 수입그릇이라고 하더라구요.
메뉴들 다 비주얼도 너무 이쁘고 맛있어요.
특히 스테이크 트러플 수건 파스타 완전 맛있어서 추천합니다 ㅎㅎ
요즘 날씨도 좋아서 석촌호수 산책하러 오셔서 들러보세요❤️"
nv_1779761206,스카이가든,잠실,양식,"별점
4.53",4,,,"뷰도 좋고 음식도 맛있다고 회사동료가 추천해줘서 와봤어요. 리조또 먹어보더니 남편이 이렇게 맛있는 리조또는 처음이라네요 ㅋㅋ 양도 적당해서 좋네요!
밥 먹고 차까지 마시면 금상첨화예요.
주말에 나들이 겸 와보세요^^"
nv_1779761206,스카이가든,잠실,양식,"별점
4.53",4,,,"시간 변동이 몇번 있음에도 불구하고 창가자리로 주셨어요 ㅠㅠ! 뷰가 너무 이뻐서 다음에 또 재방문 하고싶습니다 ㅎㅎ 주말 오후 낮에는 사람이 별로 없어서 분위기도 좋았습니당
할머니 생신이라 방문했는데 너무 좋아하셨어요‘ㅜ!"
nv_1779761206,스카이가든,잠실,양식,"별점
4.53",4,,,"늘 기념일 마다 식사하러 온것도 벌써 3번째네요 ㅎㅎ
뷰도 너무 좋고 가격도 정말 합리적이라 생각해요!
특히나 페어링 되는 술이
매번 제 취향이라 좋았답니다 ㅎㅎ
두번째 방문때는 고기가 조금 질겨서 아쉬웠는데
이번에 방문하니 너무 완벽한 조리여서 만족했습니다!

앞으로도 늘 성장하길 바라요 :)"
nv_1779761206,스카이가든,잠실,양식,"별점
4.53",4,,,"롯데타워 뷰 맛집이에요>_<
바라보고 있으면 기분이 좋습니다
직원분들도 친절하시고 재료도 신선하고 좋아요^^
만족스러운 식사였습니다"
nv_1779761206,스카이가든,잠실,양식,"별점
4.53",4,,,"첫방문인데 뷰도너무좋고 음식도 맛있네요
재방문하고싶습니다"
nv_1779761206,스카이가든,잠실,양식,"별점
4.53",4,,,"감성브런치와 석촌호수 아름다움은 여행온 느낌이라 힐링하기엔 최고급~
안심스테이크는 육즙밸런스가 좋아
까사솔리스 카베르네 소비뇽 레드와인 환상궁합~ 샤프하면서 드라이한 풍미가 깔끔해서 빈티지 샴페인? 돔페리뇽 같았네요

좋은사람들과 4인코스 모임으로
오래 기억에 남는곳~ 언제나 남녀노소 모두에게
감동을 남기게 되네요 감사합니다"
nv_1779761206,스카이가든,잠실,양식,"별점
4.53",4,,,"가족모임이여서 예약하고 왔는데
직원분들도 너무 친절하고
높은것이여서 뷰도 좋고 음식도 맛있었습니다.
추천드려요"
nv_1779761206,스카이가든,잠실,양식,"별점
4.53",4,,,"기념일 겸 여자친구 생일로 방문했는데 너무 좋은 시간이었습니다!
창가에서 보이는 석촌호수 뷰가 정말 예뻤고 전체적인 분위기가 로맨틱해서 데이트하기 좋았습니다 ㅎㅎ
음식도 맛있고 서비스도 좋아서 이벤트 있을때 재방문 하겠습니다 :)"
nv_1779761206,스카이가든,잠실,양식,"별점
4.53",4,,,"예약하고 방문했어요. 2인 코스로 주문해서 창가자리에서 먹었어요~
코스 메뉴는 되게 빨리나오는 편이에요! 조명이 안켜져서 뷰가 아쉬웠지만 음식 양도 많고 코스 메뉴도 다양해서 맛있게 먹었어요~ 기념일이나 특별한 날에 방문 추천합니다!"
nv_1779761206,스카이가든,잠실,양식,"별점
4.53",4,,,"음식도 맛있고 분위기가 좋아요!!
석촌호수가 잘 내려다 보이는 좋은 양식집이에요
코스요리도 종류가 다양해서 좋았습니다"
nv_1339377662,정담옥,잠실,술집,,24,,,"순대국 맛집이에요.
‘1인정식‘ 주문하니 순대국과 매운 뼈찜이 함께 나와요.
순대국 양 많고 맛있어요.
뼈찜이 더 좋네요. 양 많고, 특히 살코기가 부드럽고 양이 많아서 좋아요. 단, 저에겐 많이 맵네요.
순대국은 주문시 맵기 선택이 가능해서 좋아요."
nv_1339377662,정담옥,잠실,술집,,24,,,고기 양이 많아서 깜놀! 자주 가는 곳이에요
nv_1339377662,정담옥,잠실,술집,,24,,,"진짜 맛있어요ㅠㅠㅠ순대국엔 고기가 한가득이고
숯불뼈구이는 은은한 불향에 고기가 진심부드럽고
최고입니다!!💛 담에 또 올게요☺️"
nv_1339377662,정담옥,잠실,술집,,24,,,정담옥 올때마다 뼈찜을 먹고있는데 항상 존맛이에요 ㅠㅠ 살도 많고 부드러워요 🤍🤍 남은건 포장해서 갈 때도 많을만큼 양도 진짜 많아요 ..!!!. ♥️♥️
nv_1339377662,정담옥,잠실,술집,,24,,,건더기가 아주 푸짐하게 들어가서 배부르게 즐길 수 있었어요👍 들깨도 원없이 이용 가능하고 배추김치가 정말 맛났습니다😋
nv_1339377662,정담옥,잠실,술집,,24,,,"수육국밥을 내 입맛에 맞게 간 맞춰서 먹으면 너무 맛나요! 2인 정식으로 시키니 수육국밥/순대국 선택해서 삼겹살, 숙주, 순대 편백찜으로 먹으니 아주 든든하고 맛있게 먹고갑니다!"
nv_1339377662,정담옥,잠실,술집,,24,,,"배가 고파서 음식나오자마자 먹느냐 바빠서 음식사진은 못찍었는데 맛있었어요
11시쯤 갔는데 2시 야구 보러 오신분들이 식사하러 많이 오시는것같았어요
야구 보기전에 뜨끈하게 배 든든히 채우고 가기 좋을거같아요
국밥먹을때는 국밥도 중요하지만 밑반찬도 중요하잖아용
여기는 국밥 뿐만아니라 밑반찬도 맛있어요 깍두기... 집에 싸가고싶었어요
다음에 야구보러가게되면 여기서 밥먹고 가고싶어요~~

아 그리고 혼밥하기도 좋을거같은게 테이블마다 핸드폰 거치대가 있더라고요 혼밥하면서 야구보기 최고..!!"
nv_1339377662,정담옥,잠실,술집,,24,,,"순대국+뼈구이 세트 먹었는데 진짜 강추에요~
순대국에 고기 양 진짜 많고 국물은 맑으면서 진해요!
뼈구이는 진짜 부드러우면서 살도 엄청 많이 붙어 있어요.
둘 다 잡내 전혀 없고 진짜 맛 괜찮아요~~~ 재방문 각👍"
nv_1339377662,정담옥,잠실,술집,,24,,,"1인 정식시키면 진한 순대국이랑 매코미뼈구이 즐길수있어요 착한가격 합리적인 메뉴구성
너무맛있고 좋습니다ㅎㅎ"
nv_1339377662,정담옥,잠실,술집,,24,,,"21,000원에 혼술 하기 아주 좋은 식당입니다.
맛도 보장됨. 와!! 맛집이노..ㄷㄷ 이 정도는 아님"
nv_1607611734,펍마이마이,잠실,술집,,3144,,,피자 너무 맛있고 술도 다양해서 넘 좋아요! 공간도 넓어서 친구들이랑 시간 보내기도 좋고 대화나누기도 좋아요! 야구 팬들이 많더라구요 분위기가 신나서 넘 좋구 논알콜 음료도 있어서 만족했어요!!!! 인생네컷 찍는 곳도 있구 한 건물 전체 다 사용 가능하고 돌아다니면서 게임도 할 수 있어서 시간 보내기 넘 좋은 곳인 것 같아요 완전 강추드립니다✨✨✨✨
nv_1607611734,펍마이마이,잠실,술집,,3144,,,첫 방문이라고 직접 오셔서 메뉴 설명 자세히 해주시는데 고객응대에 진심인 펍이에요! 분위기도 술 즐기기 너무 좋은 곳이고 빅스크린도 있어서 스포츠 좋아하시면 여기 좋아요. 음식도 전부 맛있고 특히 피자가 가격에 비해 두껍고 커서 놀랐어요. 매장에 있는 게임기 전부 무료라 술 즐기면서 오락도 하는 게 특색있어요! 여기 진짜 강추합니다.👍👍👍👍👍
nv_1607611734,펍마이마이,잠실,술집,,3144,,,"매장이 굉장히 넓고 깔끔해서 단체로 오기에 좋고
오픈되어 있어 야외 야장 분위기로 대향스크린도 있어서 이번 월드컵때 오면 완전 대박일거 같아요👍
포테이토랑 페퍼로니 피자에 스텔라맥주 시켰는데
궁합 너무 좋습니다~ 맛있게 먹고 가요 ㅎㅎ"
nv_1607611734,펍마이마이,잠실,술집,,3144,,,"잠실새내역에서 야구 생중계를 즐길수 있는 모임장소에요! 지하~루프탑까지 총 5층을 이용할수 있는 엄청 큰 장소고, 야구를 큰 화면으로 즐길수 있어서 너무 좋아요!
경기장 안가도 충분히 즐길수 있을것 같습니다 ㅎㅎ
사장님도 친절하시고 음식도 맛있어요
특히 게임기나 인생네컷을 무료로 즐길수 잇어서 데이트 장소로도 좋은것 같습니다"
nv_1607611734,펍마이마이,잠실,술집,,3144,,,"야구동호회 정모 장소로 예약하고 방문 했습니다. 3층까지 홀에 큰 스크린이 있어 중계보기 좋을 것 같더라구요. 저희는 룸 예약 했는데 4층에 따로 있어 맘껏 소리지르고 편하게 중계 볼 수 있어 좋았습니다. 안에 따로 에어컨도 있어서 여름에 직관은 더우니 시원하게 중계보러 오세요! 층마다 다트, 농구게임 등 게임기도 있어서 다양하게 놀기 좋을 것 같고, 인스타 팔로우 하시면 인생네컷도 찍을 수 있습니다. 단체사진 한장 재밌게 남겼네요!"
nv_1607611734,펍마이마이,잠실,술집,,3144,,,"오랜만에 지인들이랑 펍마이마이 다녀왔는데 분위기가 정말 괜찮았어요.
시끄럽기만 한 술집이 아니라 편하게 이야기 나누기 좋아서 좋았고, 안주도 전체적으로 맛있었어요. 모임 장소로 추천하고 싶어요!"
nv_1607611734,펍마이마이,잠실,술집,,3144,,,"다섯번째 방문입니다,, 오늘은 2층 이용했는데 1층이랑은 다른 분위기여서 색다른 기분으로 즐겼습니다!
매번 올 때마다 친절하게 응대해 주셔서 감사하고, 남자친구랑은 처음 왔는데 너무 만족해서 제가 다 좋더라구요 ㅎㅎ
음식이랑 술은 항상 맛있고 큰 스크린으로 편한 자리에서 직관 할 수 있어서 너무 좋습니다! 또 올게요~ 😘"
nv_1607611734,펍마이마이,잠실,술집,,3144,,,어제 지나가다가 봤는데 오늘 바로 오게되었습니다!! 야구 켜주시는 신천 술집이네요 ㅋㅋㅋㅋ안주도 제가 좋아하는 것 ^^ 피자 치킨 그리고 색다르게 칼비빔면도 있고 된장 술밥두 있어요 ㅋㅋㅋㅋㅋ맛있겠다..여름에 덥고 벌레때문에 야구장 갈 수 없을 때 다시 오려고 합니다^^ 직원분도 엄청엄청 친절하세요~~~1 2 3 4층과 지하1층까지 있다요~층별로 다른 팀껄 틀어주십니다
nv_1607611734,펍마이마이,잠실,술집,,3144,,,"직관 못가면 어때!! 야구장 대신 펍마이마이로 오세요! 처음 방문인데 각 층별로 모든 구단 야구를 볼 수 있어요! 오늘은 2층이 엘지 트윈스 경기라서 편하게 즐기고 왔어요!!!!! 경기가 좀 루즈해진다 싶어서 중간에 오락도 즐기고, (무려 오락기는 무료, 무제한 이용) 남자친구랑 간만에 맥주다운 맥주 먹는다며 좋아하네요 !! 일단 ...여기...... 크림 스파게티 맛집이에요...꾸덕파스타 극호이신분들은 꼭 드셔보세요 헬창 남친이 반해서 다음에 또 오자고 하네요ㅎㅎ"
nv_1607611734,펍마이마이,잠실,술집,,3144,,,"진짜 직원 분들 너무 친절하시고..센스 만점.. 사람도 많이 없어서 조용한 분위기에서 너무 재밌게 즐겼습니다
야구 스크린도 있고 인생네컷도 찍을 수 있어요!! 게임도 4개 다 꽁짜고 너무 즐겁고 재밌었어요
음식도 너무너무 맛있었어요 !!! 적극 추천합니다!!
특히 친구들끼리 잠실에서 재밌게 즐기고 싶은 분들은 꼭 여기 오세요!!!"
nv_1753238133,잊힐리야 잠실새내,잠실,술집,,2139,,,"잠실새내에서 분위기 좋은 육회집 찾다가 간 잊힐리야🍶

육회가 그냥 고소한 스타일보다
양념맛이 확 살아있는 달달매콤한 느낌이라
술이 계속 들어가는 맛이었다🤍

특히 육회가 비리지 않고
식감이 쫀쫀해서 안주로 딱!
전이랑 같이 먹으니까 조합 좋았고
전체적으로 “한식주점 감성” 분위기가 좋아서
시끄러운 술집 싫어하는 사람들 취향일 듯✨

조명도 은근 분위기 있어서
데이트나 여자들끼리 가기 괜찮았고,
전통주 종류도 다양해서
천천히 한잔하기 좋았던 곳🍾

다만 주말엔 사람 많아서
조용한 자리 원하면 조금 일찍 가는 거 추천!"
nv_1753238133,잊힐리야 잠실새내,잠실,술집,,2139,,,"동네분위기 좋은 술집
분위기 좋고 안주 맛있어서 자주 오는곳이에요
안주도 맛있고 바테이블이 야외에 있는것처럼 되있어서
좋아요"
nv_1753238133,잊힐리야 잠실새내,잠실,술집,,2139,,,"지난 번에도 회식 2차로 왔었는데, 맛있고 다양한 메뉴 즐기면서 재미있게 시간 보낸 기억이 있어서 다시 방문했어요.
잠실새내 술집 치고 너무 시끌벅적하지도 않고, 직원분들도 친절하시고 좋아요. 무엇보다 시키는 메뉴 족족 다 맛있고, 술도 종류가 많아서 골라 마시는 재미가 있어요! 추천추천☺️"
nv_1753238133,잊힐리야 잠실새내,잠실,술집,,2139,,,"분위기 너무 좋은 잠실새내 근처 술집!
육회가 먹고싶어서 왔는데
육회 너어어무 맛있어요!!
서울 놀러와서 술집 성공❤️❤️"
nv_1753238133,잊힐리야 잠실새내,잠실,술집,,2139,,,매장 분위기가 좋고 음식도 맛있어요! 직원분들도 친절하시고 예약도 가능하더라구요! 모임하기도 좋아요~
nv_1753238133,잊힐리야 잠실새내,잠실,술집,,2139,,,음식도 너무 맛있고 술이 너무 저렴한데 고급진 맛이 나요 너무 맛있습니다!! 분위기도 너무 좋아서 1차로도 좋고 2차로도 완전 추천합니당
nv_1753238133,잊힐리야 잠실새내,잠실,술집,,2139,,,"ㅎㅎ 음식이 정갈하고 맛있게 보여요
맛은 당연히 좋구요!

웰컴 드링크도 한잔하고 시작하는 곳

방이전은 기본으로 시킬것!"
nv_1753238133,잊힐리야 잠실새내,잠실,술집,,2139,,,"다른 곳은 사람 많아서 정신 없었는데 여기는 대화하기 너무 좋고 바깥보면서 조용히 먹으니 정말 좋았어요!
웰컴 드링크로 대나무 술을 주는데 맛있어서 주문했어용
육회도 양이 정말 많고 맛있어요!! 👍👍❤️"
nv_1753238133,잊힐리야 잠실새내,잠실,술집,,2139,,,모임하러 왔는데 안주가 너무 맛있어요~~~완전 기대이상이고 잠실새내 6인이상 모임하러 오시는분들 강추입니당!! 술도 다양하고 안주도 다양하고 최고입니당!! 쌀소주도 깔끔하니 맛있어서 오시는분들 꼭 맛보세요!!
nv_1753238133,잊힐리야 잠실새내,잠실,술집,,2139,,,"일단 웰컴드링크가 나오는 게 신기했구요, 전골에 고기가 정말 많이 들어있어요…! 들어가있는 재료도 정말 다양하고요. 매장도 새로 생긴 것처럼 깔끔하고 인테리어가 예뻐요! 단체로도 오기 너무 좋을 것 같아요 :)"
nv_1860700340,벌스,잠실,술집,,956,,,"음식이 맛있어요! 야구끝나고가니 야구보고 온 팬들도 많고, 야구 응원가를 틀어줘요! 플레이리스트 응원가인지 끝나면 일반노래로 넘어가요! 야구응원가를 신청하면 틀어주는걸까요?"
nv_1860700340,벌스,잠실,술집,,956,,,"넓은 내부로 단체 모임하기에도 좋았고, 분위기도 있어서 데이트하기에도 좋은 분위기였어요. 그리고 음식들도 술안주로 딱이었고, 로제 떡볶이는 매우 추천합니다!"
nv_1860700340,벌스,잠실,술집,,956,,,맥주가 아주 청량해요!! 볶음밥 에그인헬에 적셔먹는 게 맛도리 비밀레시피......!! 큰 야구 경기 있을 때도 와보고싶어요
nv_1860700340,벌스,잠실,술집,,956,,,요즘같은 날씨에 창문열어놓고 술먹기 딱 좋아요 ~~~ 👍 안주도 맛있음 떡볶이 강추 (쫌 매워여)
nv_1860700340,벌스,잠실,술집,,956,,,"사장님이 너무 친절하시고
돼지고기김치찌개는 집에서 먹는 기분
밥말아서 먹고 돈가스까지 먹으면 얼마나 맛있게요
아니 그리고 세상에 맛감자가 다 있다니 이거 요즘 진짜 귀한겁니다....
잘 먹었습니당ㅎㅎㅎ"
nv_1860700340,벌스,잠실,술집,,956,,,"비오는 월요일 저녁 남편이랑 한잔하러 갔는데 의외로 너무 맛있는 음식에 배부르게 먹고왔어요! 에그인헬은 치즈 가득하고 소세지, 계란까지 들어있어서 든든하게 먹을 수 있었어요 ◡̈ 명란크림파스타는 명란이 정말 이래도 되나 싶을 정도로 들어있어요! 끝까지 감탄하면서 먹었네용 👍👍👍"
nv_1860700340,벌스,잠실,술집,,956,,,맛있어 보이는 안주가 다양해서 놀랐어요!! 그중에서 선택한 깍볶과 치킨가레아게!! 넘 훌륭한 선택~ 그리고 한맥 크리미가 있어서 먹어봤는데 진짜 완전 강추입니다!! 완전 부드랍!!
nv_1860700340,벌스,잠실,술집,,956,,,잠실새내에 이렇게 안주가 맛있는 술집이 있었다니... 대박이에요! 명란크림파스타는 꼭 드셔보세요👀 파스타집보다 맛있습니다... 사장님 이렇게 명란을 가득 주시면 남는게 있으신가요😭 그릇 바닥까지 긁어먹었어요😂😂 모둠소세지는 종류별로 있어서 골라먹는 재미가 가득해요⭐️ 무조건 재방문각🎉✨️
nv_1860700340,벌스,잠실,술집,,956,,,"맥주랑 간단하게 스트레스 풀어보세요!
상세내용은 블로그에서 확인하세요!"
nv_1860700340,벌스,잠실,술집,,956,,,분위기도 좋고 야구 경기 끝나고 들르기 좋고 대형화면에 다양한 메뉴 단체석도 있고 생맥주도 맛있고 너무 친절하셔서 또 방문하고 싶어요
nv_1669505136,손자네,잠실,술집,,1359,,,메뉴도 많고 너무 맛있어요!! 시골 할머니댁에 놀러 온 기분입니당 모임하기 딱 좋아요 ㅎㅎ
nv_1669505136,손자네,잠실,술집,,1359,,,"야구 보면서 먹을 수 있는 곳 찾아서 왔어요!
야구가 길다보니 계속 있으면서 조금씩 시켜먹을 사이드 안주가 많은 곳이 좋은데, 여기에 사이드가 다양하게 있어서 좋았어요ㅎㅎ"
nv_1669505136,손자네,잠실,술집,,1359,,,"■ 형아의맛집 : 손자네 ■

잠실새내의 방앗간인 손자네~~~~
형아는 익숙하고 편안한게 참 좋다!!

오늘도 어김없이 스팸계란말이에다가
소주 한잔하면서 일 얘기로~~~~~~

그래도 종종 온다고 서비스 안주까지
주시니 땡큐베리감사~~ 😊🙏🤗🥰

#형아의맛집 #잠실새내 #손자네 #방앗간"
nv_1669505136,손자네,잠실,술집,,1359,,,"손자네 안주 너무 맛있고 기본안주 너무 귀여워용ㅎㅎㅎ 그리고 서빙해주시는 여자사장님이 엄청 친절하시고 아름다우십니당, 4-5번째 방문인데 올때마다 넘 만족하고 갑니당💕"
nv_1669505136,손자네,잠실,술집,,1359,,,"기본안주가ㅠ너무 귀욥지 않나요? 근데 맛도 있고
와 근데 수육이 진짜맛있어요! 꼭 드셔보셨으면 좋겠을만큼 김치들이 맛도립니다👍👍👍"
nv_1669505136,손자네,잠실,술집,,1359,,,음식 너무 맛있어서 자주 옵니다 분위기도 좋고 인테리어가 할머니 집에 온듯한 느낌이라 편안해서 더 맛있게 먹었어요 또 올게요 ~
nv_1669505136,손자네,잠실,술집,,1359,,,"기본 안주부터 감성 너무 좋고
오뎅탕 나오는 거 미쳤어요 짱!!!!!!!
배불러서 사이드만 시켰는데
안주 맛있는 거 넘 많아서
담엔 메인메뉴 시키려구요!!
매장 분위기랑 노래도 너무 좋아요
다음에 또 올게요 😻"
nv_1669505136,손자네,잠실,술집,,1359,,,"여기는 야장 감성 제대로 갖고 가는 곳인거 같아요. 안주도 레트로 스타일이 있고, 무엇보다 분위기가 정말 괜찮습니다. 음식도 술집이라고는 믿기지 않으면 큼 전문성이 있고 퀄리티가 괜찮아요. 잠실에서 야장 분위기 찾으시는 곳이라면. 이 자리 미리 선점 하시길 바랍니다."
nv_1669505136,손자네,잠실,술집,,1359,,,"분위기 미쳤고 음악 너무 좋고 음식까지 맛있는데 직원까지 완전 쏘친절.. 그리고 적혀있는 룰 보고 박수

바로 저장했고 단골예약이에요 직원분들 바빠서 힘드실텐데 끝까지 친절하셔서 더 좋은시간, 맛있는 음식이었어요 응원할게요!!! :)"
nv_1669505136,손자네,잠실,술집,,1359,,,"홍초 쏘주도 엄청 맛있고, 기본 안주도 맛있어요.
메인 메뉴들도 양 많고 맛있네요.
데이트 및 술 먹고 싶으면 손자네 추천합니다~~"
nv_1829811853,수다주막,잠실,술집,,532,,,떡볶이도 맛있고 얼음 생맥주도 시원하니 맛있어요
nv_1829811853,수다주막,잠실,술집,,532,,,"최근에 방문한 이 술집은 전체적으로 분위기와 서비스 모두 만족스러운 곳이었다. 입구에 들어서자마자 은은한 조명과 감각적인 인테리어가 눈에 띄었고, 시끄럽지 않으면서도 적당히 활기 있는 분위기가 인상적이었다. 친구들과 대화를 나누기에 딱 좋은 환경이었다.
메뉴는 다양하게 구성되어 있었는데, 기본적인 맥주부터 시작해서 칵테일까지 선택의 폭이 넓었다. 특히 시그니처 칵테일은 비주얼과 맛 모두 훌륭해서 한 번쯤은 꼭 시도해볼 만하다. 안주도 기대 이상이었는데, 간단한 스낵류부터 든든한 메뉴까지 준비되어 있어 술과 잘 어울렸다."
nv_1829811853,수다주막,잠실,술집,,532,,,야구도 보고 생맥주도 먹고 안주도 맛있고 뷰도 좋아요!! 여길 왜이제왔을까요~~ 자주올게요 🥰
nv_1829811853,수다주막,잠실,술집,,532,,,"날씨도 좋은데 창문활짝 열어놓고 술 마시는 분위기 넘 좋은 주막이였어요!!!
안주도 다양하고 얼음 생맥주도 넘 시원하고 맛있었어요❤️ 창밖으로 보이는 성당 뷰가 의외의 멋진 뷰였어요."
nv_1829811853,수다주막,잠실,술집,,532,,,"메뉴가 알차고 맛있고
야구를보면서 즐길수있어 더욱 좋아요
얼음맥주 너무시원하고 살얼음 소주도 굿굿
즐거운모임하기너무좋아요"
nv_1829811853,수다주막,잠실,술집,,532,,,"4월의 어느날 분위기좋은 수다주막
얼린컵에 시원한 생맥주에 파채듬뿍
돼지불고기 ᆢ두부김치와 함께 즐거운 수다타임 넘 좋네요 통창너머 풍경도 좋네요"
nv_1829811853,수다주막,잠실,술집,,532,,,"우연히 2층보다 발견한 수다주막
안주들이 너무 다양해서 고르기 힘들었어요.ㅋ
베스트로 선택한 콩불과 주먹밥
적당히 매콤하고 적당히 달달도 하고
손으로 조물조물 셀프주먹밥과 찰떡입니다.
가볍게 한잔하기좋아요"
nv_1829811853,수다주막,잠실,술집,,532,,,처음으로 방문했습니다. 직장 동료들과 함께 방문했어요. 맛있는 안주와 즐거운 음악에 신이 나요. 좋은 분위기에 즐겁게 놀게요..
nv_1829811853,수다주막,잠실,술집,,532,,,메뉴가 다양하고 양이 많아요. 밥술 하기에도 좋을 정도로 음식이 맛있어요.
nv_1829811853,수다주막,잠실,술집,,532,,,"알바분~잘생기심^^
꽃도보고~분위기좋고
노래도좋음^^"
nv_1101816105,오비베어 방이점,잠실,치킨,,405,,,"가성비 좋고 단체모임에 딱이에요!
송리단길술집이나 방이동먹자골목맛집에서 먹다가 2차 로 오기 좋은 위치고, 정감가는 분위기 좋아요"
nv_1101816105,오비베어 방이점,잠실,치킨,,405,,,"아이마냥 천진난만한 친구 생일이라ㅋㅋ
편한 자리 잡으려고 방문했는데 테이블 간격도 넓고
생일축하 음악 틀어주셔서 넘 즐거웠어요 🎵
직원분들도 모두 친절하셔서 재방문 하구 싶어요 ^ㅡ^"
nv_1101816105,오비베어 방이점,잠실,치킨,,405,,,"너무너무 친절하셔서 기분 좋아지는 매장입니다.
매장도 넓고 분위기도 좋아요~
안주도 맛있어서 술이 꿀떡 꿀떡 넘어갑니데이~"
nv_1101816105,오비베어 방이점,잠실,치킨,,405,,,"가성비 있는 단체 모임하기 좋고, 노래 선곡도 좋아요!
회식장소로 딱입니다 ㅎㅎ"
nv_1101816105,오비베어 방이점,잠실,치킨,,405,,,안주랑 맥주가 너무 맛있고 직원분이 친절해서 더 즐거웠던거 같아요 분위기두 좋도 자주 올거 같아요 방이동 먹자골목중에 제일 맛집이네요
nv_1101816105,오비베어 방이점,잠실,치킨,,405,,,"오랜만에 친구들 만나서 여기저기 찾다가 방문했어요! 6명이라 단체석 찾기도 쉽지 않았는데 매장도 넓고 2,3차로 방문해도 손색없을 정도의 메뉴들이라서 너무 좋았습니다! 노래 소리도 딱 적당해서 너무 만족하고 가요~!~!"
nv_1101816105,오비베어 방이점,잠실,치킨,,405,,,"메론 진짜 맛있구 2-3차로 오기 좋은 곳입니당
안주도 맛있구 맥주 3병에 9,900원..!
가성비도 좋고 최고입미당
방이동 온다면 여기 필수!!!! 구석이라 조용하고 대화도 잘 들리는 곳!!!!!!!
안주도 맛있습니다요 지금 4번째 방뭉"
nv_1101816105,오비베어 방이점,잠실,치킨,,405,,,"우아 리뷰이벤트루 팥빙수 대박
사실 팥빙수 한번 돈주구 사먹어봤는데
넘 맛있어서 또 받았어용

8천원 가량인데 리뷰이벤트 꽁짜인거 대박이니깐
많이들 오세요
사장님 짱 친절하세요
창문열어논분위기두 넘 조아요

찐리뷰임"
nv_1101816105,오비베어 방이점,잠실,치킨,,405,,,"가성비 가격대에 메뉴도 너무 맛있고 지인과 재밌게 놀았어요

안에 공간도 넓어서 단체 모임에 좋을 것 같습니다

적극 추천합니다

#송리단길술집 #방이동먹자골목맛집 #분위기 굿"
nv_1101816105,오비베어 방이점,잠실,치킨,,405,,,"허겁지겁 먹어버리느라 맥주 사진밖에 없네옄ㅋㅋㅋㅋㅋㅋㅋㅋㅋㅋㅋ 대학생활이 생각나는 클래식한 맥주집이에여 개인적으로 이런 분위기 너무 애정하는 사람이라 완전 만족합니당 직원분들도 너무너무 친절하셔서 기분이 자동으로 조아져요!!!!! 🩶🩶🩶

#송리단길술집 #방이동먹자골목맛집 #분위기"
nv_2047320661,서아진 루프탑 송리단길점,잠실,치킨,,1934,,,석촌호수 왔다가 들린 곳인데 롯데타워가 보여서 너무 좋았어요!! 잠실 놀러오면 꼭 오세요 뷰도 좋고 친절하시고 아주 맛있습니다 메뉴 구성도 알차고 공간도 넓어서 단체로도 좋아요 야외도 좋지만 홀내부도 너무 이뻐서 사계절 내내 올 수 있는 맛집이어여 다음에 잠실오면 석촌호수 구경하고 또 방문할 예정입니당!!ԅ( ˘ω˘ԅ)
nv_2047320661,서아진 루프탑 송리단길점,잠실,치킨,,1934,,,"뷰도 좋고~ 음식도 맛있고!! 송리단길 올때마다 여기를 오고있습니다!!!!야장하면 서아진입니다!!!!
친구랑 와도 데이트를 해도 적격입니다!!!
앞머리 있느 직원분도 너무 친절해서 마음이 따뜻해집니더!! 서아진 너무 좋어요"
nv_2047320661,서아진 루프탑 송리단길점,잠실,치킨,,1934,,,"분위기 좋은 석촌호수 루프탑 술집 찾다가 방문했는데 데이트하기 딱 좋았어요🌙
야경 보면서 먹으니까 분위기가 진짜 좋더라구요!

저희는 순살 닭볶음탕, 오코노미야키, 기린 생맥주 주문했는데 조합이 완전 최고였어요🍺
닭볶음탕은 순살이라 먹기 편하고 매콤달달해서 술안주로 딱이었고, 오코노미야키는 겉바속촉 느낌이라 같이 먹기 좋았어요ㅎㅎ
기린 생맥주도 시원해서 음식이랑 잘 어울렸어요.

석촌호수 보이는 루프탑 분위기 덕분에 데이트 코스로 추천하고 싶은 곳!
사진 찍기에도 예쁘고 대화하기 좋은 분위기라 재방문 의사 있어요✨"
nv_2047320661,서아진 루프탑 송리단길점,잠실,치킨,,1934,,,롯데타워뷰 미쳤어여 루프탑가고싶었는데 탕먹고 싶어서 야외 테라스 자리로 왔는데 여기도 뷰가 대박이에요 ! 야외만 좋은게 아니라 홀내부도 이쁘게 되어있어서 사계절 내내 올수있는 맛집입니다 ! 야장술집으로 진짜 분위기 개맛집 ♥ 심지어 테라스는 강아지도 출입이 가능하다네영
nv_2047320661,서아진 루프탑 송리단길점,잠실,치킨,,1934,,,"음식도 맛있고 날씨가 좋아서 테라스에 앉으면 너무 좋아요! 특히 꿀치즈 안주로 너무 맛있어요! 석촌호수에서 야외와서 조용하고 분위기도 너무 좋네요!
특히 롯데타워가 보여서 저녁타임에는 더 이쁠거같아요!"
nv_2047320661,서아진 루프탑 송리단길점,잠실,치킨,,1934,,,"비오는날 석촌호수 벚꽃구경왔어요
비오는날이라 그런지 더 운치있더라구요~
롯데타워도 보이는 곳이라서 전망도 좋구요 날만 좀더 따뜻하면 루프탑도 좋을듯해요
맛있는 안주와 간단한 술로 친구들과 즐건시간 보내고 가요"
nv_2047320661,서아진 루프탑 송리단길점,잠실,치킨,,1934,,,"날씨 좋은날 가족과 강아지와 함께 방문했는데 해지는것도 보여서 사진 엄청 이쁘게 나오더라구요 ㅎㅎ
강아지랑 같이 방문했는데 테라스(매장쪽 야외 테라스)는 유모차가 쉽게 갈 수 있는데 루프탑까지는 한층 계단 올라와야해서 유의해서 방문해주세요!"
nv_2047320661,서아진 루프탑 송리단길점,잠실,치킨,,1934,,,"우연찮게 들어갔다가 횡재한 기분이예요
2차하기 딱 좋은 장소예요
마카팬까지 주셔서 더 로맨틱했네요
직원분들도 친절하시고 루프탑 분위기가
너무 좋아요
더 더워지기전에 또 방문할래요"
nv_2047320661,서아진 루프탑 송리단길점,잠실,치킨,,1934,,,분위기깡패ㅠ 야장느낌 낭낭한 송파 맛집이에요.... 루프탑 너무 고즈넉하고 좋아요 석촌호수랑도 가깝고 롯데몰 근처 나들이왔다가 오기 진짜 너무너무 좋을것같아요. 직원분들도 친절하시고 다음에 서울 놀러오는 친구들있으면 무조건 데려올것같아요 완전 대 강추🥰👍 날 좋을때 다시 재방문 예정이에요!! 춘삼이랑도 같이 좋으시간 보내다가요 감사해용
nv_2047320661,서아진 루프탑 송리단길점,잠실,치킨,,1934,,,석촌호수 왔다가 좋은 분위기 마무리하려고 롯데타워 보이는 야장술집 찾아왔어요. 송리단길 여러곳 다녀봤는데 분위기 최고라고 할 수 있을것 같아요! 재방문의사 있어요! 애견동반도 가능하다고 하네요!
nv_1729506048,치키니즘 자양점,잠실,치킨,"별점
4.61",4,,,맛있게 잘 먹었어요~^^
nv_1729506048,치키니즘 자양점,잠실,치킨,"별점
4.61",4,,,"집앞이라 자주 먹어요
로스트치킨도 맛있고 반반도 맛있게먹는데
오늘은 조굼 아쉽
담엔 닭다리살도 많이 있었으면 좋겠어요 ㅠ ㅠ"
nv_1729506048,치키니즘 자양점,잠실,치킨,"별점
4.61",4,,,서울가면 또 시켜먹을것같아요
nv_1729506048,치키니즘 자양점,잠실,치킨,"별점
4.61",4,,,너무 맛있었어요~^^
nv_1729506048,치키니즘 자양점,잠실,치킨,"별점
4.61",4,,,"일상의 소소한 즐거움 중 하나가 치킨이 아닐까요~
아이들과 먹으려고 순살로 주문했어요. 순삭이었습니다.
저희집 고정치킨집입니다. 매번 잘 먹고 있습니다."
nv_1729506048,치키니즘 자양점,잠실,치킨,"별점
4.61",4,,,"매콤달콤할땐 역시바베큐로스트
강추해요 굿굿!!"
nv_1729506048,치키니즘 자양점,잠실,치킨,"별점
4.61",4,,,"너무 맛있었어요!
카레향퍼지는데 군침 싹 도네요.
새우튀김도 곁들여 먹으면 바삭바삭해서 조합 너무 좋은듯^^"
nv_1729506048,치키니즘 자양점,잠실,치킨,"별점
4.61",4,,,늘 맛있게 먹고있어요^^ 바삭바삭 매콤달콤!
nv_1729506048,치키니즘 자양점,잠실,치킨,"별점
4.61",4,,,"피곤한 퇴근길에 사가는 치킨이 힐링입니다^^
매콤한 바베큐랑 담백한 로스트 1마리씩 사가니 가족들도 좋아하시네요!"
nv_1729506048,치키니즘 자양점,잠실,치킨,"별점
4.61",4,,,치킨이 참 맛있어요 멀어도 또 가봤어요 정말 맛있고 저렴합니다
nv_1204339849,잠실치킨,잠실,치킨,,49,,,"카스 생맥주 입니다!
배가 부르기도 하고,
마른안주가 궁금해서 시켜봤는데
양이 어마무시하네요 ㅎㅎ

K - 플래터 제대로네용"
nv_1204339849,잠실치킨,잠실,치킨,,49,,,"사장님의 오랜 업력을 느낄 수 있는 바이브의 가게
다음번엔 꼭 과일치킨을 시켜 볼 예정"
nv_1204339849,잠실치킨,잠실,치킨,,49,,,"정감있는 분위기가 매력적인 곳이예요~
아낌없이 주시는 강냉이와 땅콩 기본안주는 혜자스럽습니다:)"
nv_1204339849,잠실치킨,잠실,치킨,,49,,,"방이동 먹자골목에 오래된 잠실호프 가게에요.
오래된 만큼 단골도 많을꺼고 맛있네요.
다음에는 다른 메뉴도 도전~~ 해봐야겠어요.
후라이드 바싹하고 맛있습니다."
nv_1204339849,잠실치킨,잠실,치킨,,49,,,"치킨 맛있고
기본 안주도 최고!"
nv_1204339849,잠실치킨,잠실,치킨,,49,,,"치킨이 정말 미쳣음,, 마싯어용 딱 옛날치킨 맛"
nv_1204339849,잠실치킨,잠실,치킨,,49,,,"팩트만 적겠음
생맥주(5,500원) 주문하면 사진의 저 3000cc에 있던 맥주(거품 걷어낸 걸로 추측, 설마 남긴맥주는 아니겠지,,)따라주고 기계에서 조금만 따라줌
그거 보고 놀라서 생맥주 인데 새로 따라달라 했더니 그러면 한통에 한잔씩 버려야 해서 안된다. 이것도 방금 따른거다 하며 무엇이 잘못되었는지 인지 못하심
맥주 더먹을거면 병맥주 먹어라하며 저희팀에게는 생맥주 안판다 선포하심

상치우고 쓰레기도 맨손으로 하시고
손님오면 뻥튀기, 땅콩도 맨손으로 담아주심

맥주만 40년 했는데 맥주 얘기 제가 처음이라 하시던데..

뭐 여러모로 다들 직접 겪어보고 싶으면 가보시길 .."
nv_1204339849,잠실치킨,잠실,치킨,,49,,,가성비좋아요
nv_1616116728,국민통닭 잠실본점,잠실,치킨,"별점
4.71",4,,,"후라이드 16,000
양념치킨 17,000
오랜만에 방문했어요.
우와
양념치킨양이
갈수록 적어진것 같아요.
그래도
기름은 깨끗한것 같아요.
샐러드바에
파채
맛있게 잘 먹었어요."
nv_1616116728,국민통닭 잠실본점,잠실,치킨,"별점
4.71",4,,,"문 열고 들어서자마자 조명이랑 인테리어가 너무 예뻐서 놀랐어요! 보통 치킨집이랑 다르게 분위기가 정말 고급스럽고 좋아서 데이트나 모임 하기 딱이네요.
치킨 비주얼부터 압도적인데, 겉바속촉의 정석입니다. 기름지지 않고 담백하면서도 감칠맛이 최고예요. 맛있는 음식에 분위기까지 더해지니 술이 술술 들어가네요. 재방문 의사 200%입니다"
nv_1616116728,국민통닭 잠실본점,잠실,치킨,"별점
4.71",4,,,애들이 외식 어디서 하고 싶냐하면 10번 중 9번은 국민통닭 가자고 합니다. 모든 음식이 다 맛있고 샐러드바는 머무 혜자스러워서 고마운 마음이 들 정도에요~동네에 이런 치킨집이 있음에 행복합니다♡ 사장님 돈쭐나세요~~
nv_1616116728,국민통닭 잠실본점,잠실,치킨,"별점
4.71",4,,,"옛날통닭부터 현대식 치킨까지 메뉴 구성이 다양해서 선택의 폭이 넓고, 매장도 전반적으로 깔끔, 맛 역시 느끼하지 않고 담백해서 정말 만족스러웠습니다.
예전에 한 번 방문했다가 너무 맛있었던 기억이 있어 이번에 다시 재방문했는데, 역시 기대를 저버리지 않았습니다.
분위기도 좋아서 데이트 장소로도 추천하고 싶은 곳. 잠실에서 치킨 맛집 찾는다면 한 번쯤 꼭 가볼 만합니다!! 강추!!."
nv_1616116728,국민통닭 잠실본점,잠실,치킨,"별점
4.71",4,,,제 최애 맛집에 오랜만에 왔어요! 올때마다 늘 친절하시고 맛도 여전히 맛있어요!! 후르츠칵테일있는건 더더더더 좋아요 ㅎㅎ :)
nv_1616116728,국민통닭 잠실본점,잠실,치킨,"별점
4.71",4,,,석촌호수 운동하고 들렀는데 치킨이랑 떡볶이 넘 맛있어요 순삭했네요 생맥주랑도 너무 잘어울리는 조합이네요 치킨 맛집입니다 또 오겠습니다
nv_1616116728,국민통닭 잠실본점,잠실,치킨,"별점
4.71",4,,,"야장은 아니고 실내에서 먹었는데, 생각보다 분위기가 꽤 세련되고 깔끔해서 좋았어요. 동네 통닭집 느낌보다는 살짝 트렌디한 호프집 감성이라 데이트로 와도 괜찮을 듯한 분위기였습니다.

통닭은 겉바속촉 정석 스타일! 바삭한 튀김에 속은 촉촉해서 기본에 충실한 맛이었고, 같이 시킨 떡볶이는 달달매콤해서 통닭이랑 번갈아 먹기 딱 좋았어요.

무엇보다 기본 안주가 푸짐하게 나와서 상이 은근히 꽉 차는 느낌 👍 괜히 기분 좋아지는 구성이라 술도 자연스럽게 잘 들어가더라고요.

석촌호수 근처에서 깔끔한 분위기에서 통닭 + 떡볶이 조합 즐기고 싶다면 추천합니다 😊"
nv_1616116728,국민통닭 잠실본점,잠실,치킨,"별점
4.71",4,,,서울로 놀러온 여행객입니다. 치맥이 땡겨서 즉석으로 알아보고 들어갔다가 맛있어서 감동 받음.. 샐러드바가 따로 있는게 너무 혜자예요!!! 사는곳엔 이런곳이 없는게 아쉬운정도... 넘 잘 먹고 갑니다 😆
nv_1616116728,국민통닭 잠실본점,잠실,치킨,"별점
4.71",4,,,동네 맛집이에요!!! 자주 찾아오는데 리뷰는 첨 남겨봐요 - 제 최애는 국민닭강정에 감튀입니다. 입가심으로 치킨무랑 샐러드 먹으면 무한으로 들어가요 🫠
nv_1616116728,국민통닭 잠실본점,잠실,치킨,"별점
4.71",4,,,"아이들과 롯데월드 갔다가 늦은 저녁 겸 야식 먹으러 처음 방문했어요.
남편이 검색해서 온 곳인데 카페 같은 치킨집이랄까~
인테리어가 카페 같으면서 너무 깔끔하고 예뻤어요.
사장님도 친절👍🏻👏🏻 베스트 메뉴인 국민통닭과 순살양념, 국물 떡볶이 주문 했는데 다 맛있어서 아이들과 순식간에 먹었네요!
특히 샐러드바가 있어서 넘 좋았어요.
소스도 다양하구요~
다음에 근처 오면 또 방문하고 싶은 맛집이랍니다😋"
nv_13443386,맥호프 잠실본점,잠실,치킨,"별점
4.73",4,,,"동네에서 맥주로 유명한곳이라 지인이랑 방문했는데
소문대로 맥주 대박입니다🩷
콘치즈 훈제통닭도 맛나고 야구보면서 야장서
맥주마시기도 딱이에요 ✨️
담번에 친구랑 다시 오려고요🥰🫰🏻"
nv_13443386,맥호프 잠실본점,잠실,치킨,"별점
4.73",4,,,"잠실새내에서 경기 끝나고 어디 갈지 고민될 때 생각나는 곳이에요 이번엔 생일 모임으로 방문했는데 분위기부터 제대로였어요 ㅎㅎ

여긴 생맥주 종류가 정말 다양해서 맥주 좋아하는 사람들은 바로 만족할 곳이에요 한잔씩 취향 따라 골라 마시는 재미도 있고, 시원하게 관리된 맛이 확 느껴지더라고요

음식도 술집 안주 느낌을 넘어서 한 끼처럼 든든했어요 철판 오징어 야끼우동은 불향 가득하고 새우까지 넉넉하게 들어가 있었고, 철판피자는 치즈 풍미가 진해서 손이 계속 갔어요 간장치킨은 바삭달달한데 감자튀김이랑 샐러드까지 같이 나와서 조합이 좋았어요

테라스 야장 자리도 있어서 날씨 좋은 날 오면 분위기 최고예요 야구 보고 여운 이어가기 좋은 잠실새내 회식, 모임, 2차 장소로 추천합니다"
nv_13443386,맥호프 잠실본점,잠실,치킨,"별점
4.73",4,,,"잠실새내역 맥호프 다녀왔는데 야구 보면서 맥주 한잔하기 딱 좋은 분위기🍻⚾️
야구 보면서 먹으니까 맥주가 술술 들어감요ㅎㅎ

안주는 훈제통닭이랑 떠먹는 피자 주문했는데
훈제통닭은 촉촉하고 은은한 훈연향이 괜찮았고,
떠먹는 피자는 치즈 듬뿍이라 맥주 안주로 잘 어울렸음👍

야구 시즌에 가볍게 한잔하기 좋은 곳!
재방문 필수예요!!"
nv_13443386,맥호프 잠실본점,잠실,치킨,"별점
4.73",4,,,"야장에 계절에 잘어울리는 수제 맥주집입니다.
대형 스크린도 있어 야구를 좋아 하시는분들께 적극 추천합니다.
안주도 앗있고 수제맥주도 맛있어서 만족합니다."
nv_13443386,맥호프 잠실본점,잠실,치킨,"별점
4.73",4,,,우리동네 가장 맥주가 신선한 곳! 야장의.계절은 맥호프와 시작!!치킨은 치킨 전문점보다 더 맛있어요 ㅠㅠㅠ
nv_13443386,맥호프 잠실본점,잠실,치킨,"별점
4.73",4,,,"먹기 바빠 사진은 미리 못찍었지만 안주 다 맛있고 모임하기 좋아요~ 여러번 방문했지만 부담없이 모임하기 좋은 곳이예요~ 야구시즌엔 야구경기보며 즐길수 있어서 좋아요~ 다만 오늘 주문시마다 바로바로 응대가 안되서 그게 조금 불편했으나 전반적으로 만족스러웠어요~
재방문의사 있어요~"
nv_13443386,맥호프 잠실본점,잠실,치킨,"별점
4.73",4,,,ssg랜더스랑 두산베어스 경기 끝나고 왔는데 모둠 소세지가 너무너무 맛있고 알바생이랑 사장님이 너무너무 친절하십니다!! 야구 관람하시고 혹은 야구 보러 오시면 너무너무 좋을거같습니다!!
nv_13443386,맥호프 잠실본점,잠실,치킨,"별점
4.73",4,,,"친구들과 좋은날씨에 야장을 가고싶어서 왔는데 야구도 중개해주시고 야장테이블에서 자연풍 맞으면서 술마시니까 분위기 너무 좋네요!!
맥주도 다양하고 관리도 잘하셔서 마지막 한잔까지 탄산감있게 먹을 수 있는 생맥주 너무 좋아요!!
잠실 맥주 맛집 👍👍"
nv_13443386,맥호프 잠실본점,잠실,치킨,"별점
4.73",4,,,"아주 깔끔한 호프집 느낌이라 분위기가 너무 좋아요!
직원분들도 친절하시고 음식도 맥주도 맛있었어요❤
메뉴가 다양해서 든든한 안주들과 1차로도 좋고 2차로 간단한 안주와 함께 먹기도 좋을 것 같아요
좋은 시간 보내고 갑니다!!"
nv_13443386,맥호프 잠실본점,잠실,치킨,"별점
4.73",4,,,집 앞이라 자주오는데 크림 생맥주도 일품이고 안주도 맛나요. 치킨이 메인인데 오늘은 배불러스 깔라말리 시켰는데 요것도 맛나요^^
nv_1478103368,크래프트아일랜드 잠실점,잠실,치킨,,4297,,,잠실 크래프트아일랜드 방문했는데 치킨 맛있었고 다른 메뉴들도 맛있어보였는데 양이 많아 못먹었네요~ 잠실올 일 있다면 방문해보세요
nv_1478103368,크래프트아일랜드 잠실점,잠실,치킨,,4297,,,맛있어요.
nv_1478103368,크래프트아일랜드 잠실점,잠실,치킨,,4297,,,"스타파크 아파트 상가에 있고 본관.별관도 있음.
직원분 친절하시고 4명가서 4개 시켰더니 양이 많아서
절반은 포장해 왔음. 깔보나라 스파게티도 고소하고 꾸덕하니
아이들이 좋아했어요."
nv_1478103368,크래프트아일랜드 잠실점,잠실,치킨,,4297,,,"강아지 산책하다가 배고파서 즉흥적으로 들렀는데
음식도 맥주도 넘 맛있구 사장님도 왕왕 친절하셨어요!!!
멍멍이 간식까지 서비스로 챙겨주셔서 감사했습니다ㅠㅠ

야장하기 완벽한 날씨라 테라스석 이용했는데 먼지가 하나도 없고 테이블도 청결하구 좋았어요"
nv_1478103368,크래프트아일랜드 잠실점,잠실,치킨,,4297,,,처음 가본 식당인데 직원분도 너무 친절하시고 음식도 진짜 맛있어요. 봉골레 파스타랑 까르보나라👍👍👍 내부도 이쁘게 꾸며놓으셨어요 다음에 잠실 갈때 또 올게요!!😻
nv_1478103368,크래프트아일랜드 잠실점,잠실,치킨,,4297,,,"맥주 한잔 딱 먹고 싶을때
정말 좋습니다"
nv_1478103368,크래프트아일랜드 잠실점,잠실,치킨,,4297,,,"잠실에서 맥주 마실 곳 찾다가 크래프트아일랜드 잠실점 다녀왔어요. 잠실 맥주집 찾을 때 종종 이름은 봤는데 직접 가본 건 처음이었습니다.

저희는 감바스랑 페페로니 피자 주문했는데 둘 다 맥주랑 잘 어울리는 메뉴였어요. 감바스는 마늘향이 진해서 빵이랑 같이 먹기 좋았고, 페페로니 피자는 짭짤하면서도 도우가 괜찮아서 맥주랑 같이 먹기 딱 좋더라고요.

특히 일요일에 항상 계신 직원분이 친절하게 응대해주셔서 좋았어요. 제가 평소에 안 마시던 맥주가 있어서 고민하고 있었는데 하나 추천해주셔서 마셔봤는데 생각보다 너무 맛있어서 기억에 남네요.

잠실에서 분위기 편하게 맥주 한잔하기 좋은 곳이라 다음에도 또 들를 것 같아요. 잠실 맥주집 찾는 분들이라면 가볍게 들르기 괜찮은 곳 같습니다."
nv_1478103368,크래프트아일랜드 잠실점,잠실,치킨,,4297,,,"분위기도 좋고 매장도 깔끔해요
파스타와 피자도 호불호없이 다 잘 먹을 수 있는 맛입니다
특히 알리오올리오가 정말 맛있었어요
쉬림프피자도 새우토핑이 큼지막해서 좋았습니다"
nv_1478103368,크래프트아일랜드 잠실점,잠실,치킨,,4297,,,맛은 있는데 너무 외져서 샤롯데씨어터에서 나와서 갈때도 너무 어두운곳을 20분이상 걸어가고 잠실역이나 잠실새내역 찾기도 어렵고 비싸네요 크리스마스 이브에 이럴줄 알았음 호수라도 있는 석촌호수옆으로 갈걸 그랬어요 집이 종합운동장이라 길 잘 아는데 잠실역찾다 택시타고 집에 왔어요 다신 안갈것 같아요
nv_1478103368,크래프트아일랜드 잠실점,잠실,치킨,,4297,,,"Very good experience, I like this hair style"
nv_1065301076,옛날통닭호프 잠실동점,잠실,치킨,"별점
4.36",4,,,"옛날통닭 왕왕 맛있어요!!!
야장자리도 있어서 넘 좋았고
고추튀김도 바삭바삭하니 완전 맥주안주입니다♥️"
nv_1065301076,옛날통닭호프 잠실동점,잠실,치킨,"별점
4.36",4,,,"고추튀김도 실하고 치킨도 맛있어요!
야장 있어서 롯데타워뷰로 보며 먹기 좋아요"
nv_1065301076,옛날통닭호프 잠실동점,잠실,치킨,"별점
4.36",4,,,"여기 옛날통닭 좋아해서 자주 방문하는데 양념이 진짜 맛있어요!
달콤하면서도 살짝 매콤한데, 위에 뿌려진 땅콩이 고소함을 더해줘서 계속 손이 가는 맛이에요.

치킨도 겉은 바삭하고 속은 촉촉해서 양념이 묻어도 눅눅하지 않아서 좋아요~ㅎㅎ
파닭,양념, 후라이드 다 맛있어요~ 또먹을거에요👍"
nv_1065301076,옛날통닭호프 잠실동점,잠실,치킨,"별점
4.36",4,,,"거의 포장만 해서 먹다가
친구랑 애기 한명씩 데리고 왔어요~
일전에 포장 할 때 얘기 나눠보니
젊은 사장님들 중 한분이 애기아빠셔서
그런지 깨끗한 기름 쓰실것 같고
음식도 깨끗한 것 같아서
믿고 먹고 있었어요~^^
오늘은 친구랑 너무 잘 먹었어요~🤗🤗"
nv_1065301076,옛날통닭호프 잠실동점,잠실,치킨,"별점
4.36",4,,,삼전역 부근에서 옛날통닭먹고 싶을때 찾아가는 곳. 기본안주로 뻥튀기 대신 닭다리 과자를 주는게 센스있는 곳입니다. #오늘클립챌린지
nv_1065301076,옛날통닭호프 잠실동점,잠실,치킨,"별점
4.36",4,,,파닭이 진짜 맛있어요 ~~ 너무 알싸하지도 않고 딱 적당한 겨자맛이라 넘 맛있게 먹었어요!
nv_1065301076,옛날통닭호프 잠실동점,잠실,치킨,"별점
4.36",4,,,"집 앞 옛날치킨 집에서 저녁 겸 생맥주 한잔했어요! 음식들이 다 맛있고 음악 선곡이 넘 좋은곳^^
추천해요!"
nv_1065301076,옛날통닭호프 잠실동점,잠실,치킨,"별점
4.36",4,,,"종종 동네에서 오는 맛집입니다!
항상 튀김이 바삭해서 이미 몇번이고왔네요
잡내도 나지않고 좋아요
야장시즌에는 분위기가 정말 좋아서
저녁시간 언제든지 오던 행복하게 먹을 수 있습니다"
nv_1065301076,옛날통닭호프 잠실동점,잠실,치킨,"별점
4.36",4,,,"지나가다가 늘 보기만했는데
드디어 방문했습니다ㅎㅎ
후라이드 치킨 너무 맛있어요.
맛있다고 소문이 자자하더니 진짜 존맛ㅎㅎ
바삭하고 고소해서 애들이 먹고도 또 사달래서
그 자리에서 재주문해서 통닭3마리 했습니다.

사장님 친절하시고 애들한테 잘해주셔서 감사했습니다. 과자도 계속 주셔서 애들이 너무 좋아했어요~~~

번창하세용♡♡♡"
nv_1065301076,옛날통닭호프 잠실동점,잠실,치킨,"별점
4.36",4,,,"오늘 통닭집 하나 제대로 뚫었음 ㅋㅋ

일단 치킨이 진짜 바삭바삭… 겉은 완전 크리스피인데 안은 촉촉해서 먹자마자 “와 여기 뭐지?” 싶었음 🤤

직원분들도 완전 친절해서 기분 좋게 먹고 나옴. 이런 데는 또 가게 되잖아 ㅋㅋ

그리고 똥집도 미쳤음… 쫄깃쫄깃하면서 간도 딱 맞아서 술 안주로도 개좋을 듯 👍"
nv_1581867019,유지안호프,잠실,치킨,"별점
4.3",4,,,"산책 중에 우연히 발견한 곳으로 한번 방문했었는데 맛있고 괜찮았어서 재방문했어요😊
음식들이 다양하고 맛있어서 너무 좋아요👍
역 바로 앞이라 집가기에도 딱입니당😆"
nv_1581867019,유지안호프,잠실,치킨,"별점
4.3",4,,,"❤️ 해물짬뽕탕❤️
홍합, 조개, 오징어, 꽃게, 새우•• 해물들이 엄~청 푸짐하고 엄~청 신선해요~!!
마치 해산물들이 입안에서 춤추는 것만 같아요~🦑🦐
국물을 한 사발 들이킬 때면 해물들이 머금고 있던 시원한 바다의 향이 그대로 들어온답니다~🐳🩵 사장님께서 밥도 두 공기 가득~🍚주셔서 얼큰한 국물과 배불리 먹을 수 있었어요~ (*´ ˘ `*).｡oO ( 🥨 )

💛후라이드 치킨💛
매일 저녁, 나루역 앞에서 내려 집에 싸들고 가고 싶은 맛이에요✨
한 입 베어무는 순간 입안 가득 행복이 퍼지는거 있죠~☘️
갓나와 엄청 따끈따끈하고 바삭한 식감에 속살은 보들보들 육즙까지 장난 아니에요~🐣

🧡골뱅이소면🧡
매콤달콤새콤한소스가 골뱅이와 소면과 함께 버무려져 환상의 맛을 자아내요😻🌺 골뱅이의 쫄깃함🥺 잊을 수 없어"
nv_1581867019,유지안호프,잠실,치킨,"별점
4.3",4,,,갑오징어가맛있어요
nv_1581867019,유지안호프,잠실,치킨,"별점
4.3",4,,,바빠서 주문을 혼동해요
nv_1581867019,유지안호프,잠실,치킨,"별점
4.3",4,,,"유지안호프의 시그니처메뉴 치킨과 골뱅이입니다
제가 먹은 최고의 치킨과 골뱅이예요
질리지 않는 매콤함의 골뱅이
바삭바삭 치킨 정말 맛있어요
잠실 사랑방 인정이예요
자주 놀러올게요~~^^"
nv_1581867019,유지안호프,잠실,치킨,"별점
4.3",4,,,굴전 신선하게 굴맛 살아있어요 꼬막도 맛있습니다 술안주로 굿
nv_1581867019,유지안호프,잠실,치킨,"별점
4.3",4,,,"한잔 먹고 지하철타고 집에가기 좋습니다
과메기도 싱싱하게 있어요"
nv_1581867019,유지안호프,잠실,치킨,"별점
4.3",4,,,아저씨 입맛인 제게 딱인 곳입니다. 골뱅이소면 너무 자극적이지 않게 맛있고!! 계란말이가 웬 2만원 !!! 이랬는데 크기가 2만원 아깝지않습니다. 치킨은 주문들어간 후에 튀겨주셔서 나오는데 시간이 조금 걸리지만 바로 튀긴 그 맛이 매력👍🏾👍🏾👍🏾 또 방문하고 싶은 곳입니다. 주차장 건물 뒤에있어서 이용하기 편했습니다
nv_1581867019,유지안호프,잠실,치킨,"별점
4.3",4,,,"* 후반, 양반 (21,000원)
* 치즈계란말이 (20,000원)

어릴 적부터 봐왔던 동네 맛집입니다.
뭐 동네 주민분들은 너무 잘 아는 맛집이지만
주변 한강이나 근처 놀러 오신다면
꼭 한번 다녀오세요!
야장 기간엔 야장도 즐길 수 있고
야장을 원하시면 미리 전화해서 자리 확인 먼저하세요

이모님들 너무 친절하시고요
맥주 너무 시원합니다.
치킨이 옛날 치킨이고 바삭하고 매콤합니다.
반반 맛, 가성비 최고입니다!
매운 치킨에 허겁지겁 맛있게 먹었네요!
계란말이도 엄청 크네요 ㅋㅋ

자세한 리뷰는
블로그 검색 : wankki
인스타 ID : @wankki__"
nv_1581867019,유지안호프,잠실,치킨,"별점
4.3",4,,,동네 후라이드는 여기가 최곱니다.
nv_2057373368,행복한우동가게 석촌호수점,잠실,분식,,24,,,"석촌호수 산책하고 가는 길에
간단히 식사하고 가려 들렀다 알게된 동네 맛집❤
2번째 방문했는데...
대표메뉴 우동이 깔끔하고
인기 많은 돈가스도 맛나당~ㅎㅎㅎ
기름이 깨끗한지 고소한 맛이 살아 있고
나오는 김치도 생생하니 맛깔나서
느끼하지 않게 깔끔하고 맛있게 먹었다
직원분들도 너무 친절하셔서 좋은 느낌에 감사!
✺◟(∗❛ัᴗ❛ั∗)◞✺"
nv_2057373368,행복한우동가게 석촌호수점,잠실,분식,,24,,,국물이 예술이에요! 양도 많고 맛있습니다. 석촌호수 근처에서 간단한 점심으로 추천해요. 저는 가족과 함께 왔는데 아이가 편히 앉을수 있는 좌석이 있어서 좋았어요. 사장님 넘 친절하시고 기분 좋은 식사였습니다. 또 방문 할거에요.👍
nv_2057373368,행복한우동가게 석촌호수점,잠실,분식,,24,,,"야식 먹으러 나왔다가 우동 생각나서 찾아왔어요.
매장 깔끔하고 우동 따땃하니 맛있어요.
아이까지 3명이서 우동 2개에 물만두 추가 했는데
아주 탁월한 선택이었네요.
물만두는 또 왜케 맛있어ㅋㅋ
국물 맛이 좀 진하지만 어묵우동에 고춧가루 팍팍 완전 최고예요👍"
nv_2057373368,행복한우동가게 석촌호수점,잠실,분식,,24,,,"모밀, 제육볶음, 물만두, 돈까스까지 푸짐하게 즐기고 왔습니다. 무엇보다 매장 바로 앞에 편리하게 주차할 수 있는 공간이 있어서 차를 가지고 방문 가능합니다.
음식들도 전체적으로 아주 깔끔하게 나와서 기분 좋게 식사할 수 있었습니다. 직원분들도 친절하셔서 머무는 내내 만족스러웠네요. 주차가 편하고 깔끔한 맛집을 찾으신다면 꼭 한번 방문해 보시길 적극적으로 추천해 드립니다!"
nv_2057373368,행복한우동가게 석촌호수점,잠실,분식,,24,,,"지나가면서 자주 봤는데 처음 방문했어요! 출출한데 시간이 늦어서 고민중인데 24시간인거에요- 그래서 바로 들어왔는데, 메뉴 다양하고 가성비 너무 좋고 심지어 다 맛나네요~^^ 자주 올께요. 아이들과 오기도 좋고요 간단히 술 한잔 하기도 좋습니다! 좋은 곳 발견!!!"
nv_2057373368,행복한우동가게 석촌호수점,잠실,분식,,24,,,"늦은시간까지 밥겸 술겸 할수 있는 곳이라 혼자도 자주오는데 오늘은 남친이랑 와서 이것저것 시켰어요
우동은 면이 얇아서 후루룩 들어가고 국물 안주로도 좋아요 쟁반 모밀은 먹기 불편한 점 빼고는 더운 날씨에 꼭 시켜야 하고 여기 돈까스 엄청 크고 맛있어요 돈까스 맛집이네요 왠만한 분식집 보다 맛있네요
오징오 덮밥도 강추 합니다 일주일에 3본 오는 집은 첨이네요"
nv_2057373368,행복한우동가게 석촌호수점,잠실,분식,,24,,,"일끝나고 자주와요❤️
두부랑 김치가 다 맛도리라 진짜 매일 오고싶은집이에요ㅠㅠ
화장실도 내부에 있고 24시라 해장하러 오기도 좋고 화장실때문에라도 다른 곳 안가고 여기로 오게되요!! 강추입니다❤️"
nv_2057373368,행복한우동가게 석촌호수점,잠실,분식,,24,,,"석촌동 행복한우동가게 24시로 바뀌어서 올수 있었어요~~!!!!!!!
오징어덮밥 돈까스 시켰는데 맛있어요
오징어덮밥은 살짝 맵삭하니 불맛나서 맛있고
돈까스 남산돈까스풍이에요!!!!맛있습니다
자주올것같아요!!!"
nv_2057373368,행복한우동가게 석촌호수점,잠실,분식,,24,,,세번째? 네번째? 방문입니다! 퇴근 후 고추우동이랑 돈까스와 한잔과 함께 하루 마무리 하기 좋은 24시간 우동집! 오늘하루도 맛좋은 음식들과 함께 지내봅니다 ㅎㅎ 석촌호수 앞에있어서 위치도 괜찮아요~~ 추천합니다 :)
nv_2057373368,행복한우동가게 석촌호수점,잠실,분식,,24,,,"집 근처라 항상 와보고 싶었는데 가족들이랑 드뎌 왔어용 ㅎㅎㅎㅎ
낮이라 술은 한잔 못했지만...
음식이 전체적으로 깔끔하고 한끼하기 딱 좋아요 ㅋㅋ
사진은 못찍었지만 4명이서 5개 먹었습니다 ㅋㅋㅋㅋㅋㅎㅎ
담에 또 올게용~~~♡"
nv_1514591801,오로라 김밥,잠실,분식,,642,,,"오로라 김밥 정말 최고입니다♡♡
왜 유명한지 알겠어요~~
별 5개가 모자라요.
패키지도 넘 예뻐서 고급 선물받은 느낌이예요~
포장도 대치동 학원가 답게 서랍처럼 열고 먹게되어 있네요. 아이디어 넘 굿입니다.
저는 명란 아보카도 김밥과 키토김밥 구매했는데 양도 푸짐해서 둘이서 배부르게 맛있게 먹었어요^^
다른 김밥과 비교불가입니다.

기름기도 없어서 입안이 깔끔하고 건강한 느낌입니다♡♡
누구나 먹어도 넘 맛있는 김밥입니다~~
강력추천합니다~"
nv_1514591801,오로라 김밥,잠실,분식,,642,,,"오늘 떡볶이랑 김밤 포장 주문해서 피크닉 갔는데 넘 맛있고 신선하고 자극적이지 않아서 조앗어요 ㅠㅠ 지금 딱 피크닉 날씨니까 다들 포장 주문 하셔서 놀러가십쇼 ! 💟
떡볶이 쫜득하고 김밥 삼삼해서 최강입미다"
nv_1514591801,오로라 김밥,잠실,분식,,642,,,친절하시고 국물도 같이 포장해주셨어요~ 오류 때문에 리뷰 다시 남겨요^^
nv_1514591801,오로라 김밥,잠실,분식,,642,,,아이가 여기 김밥 좋아해서 오늘도 주문요. 항상 직접가서 주문했는데 미리 포장주문하고가니 기다리고가지 않아도 돼서 좋네요. 떡볶이는 처음 주문해봤는데 매콤하니 맛있어요~
nv_1514591801,오로라 김밥,잠실,분식,,642,,,깔끔하고 맛있어서 애용하는 곳입니다. 친절하고 빠른 서비스에 만족합니다.
nv_1514591801,오로라 김밥,잠실,분식,,642,,,밥도 촉촉하고 재료가 신선합니다
nv_1514591801,오로라 김밥,잠실,분식,,642,,,바쁠시간에 음식도 빨리 나오고 맛도 있네요. 건강하게 한끼 먹으니 좋아요
nv_1514591801,오로라 김밥,잠실,분식,,642,,,"직접 만드는 키토 건강 대치 김밥
먹어보시면 아세요^^"
nv_1514591801,오로라 김밥,잠실,분식,,642,,,"김밥맛집인건 검색해서 알았는데
떡볶이도 맛있어요 ㅋㅋㅋㅋㅋ
제발 드셔주세요...
그리고 직원분 친절함 미쳤구요
먹고나서 속도 편안해서 좋았어요
또 먹으러 올예정"
nv_1514591801,오로라 김밥,잠실,분식,,642,,,날씨가 좋아서 포장해서 한티근린공원에서 먹었어요! 기분이 좋아지는 맛..❤️ 명란아보카도김밥과 스팸김밥은 최고의 조합!!
nv_1239981129,우곱집 잠실본점,잠실,분식,,7839,,,"둘이서 모둠곱창 2인분 주문했는데 초벌해서 금방 나와서 좋았어요! 직원분이 직접 구워주셔서 편하게 먹을 수 있었고 굽기 상태도 딱 좋았습니다 😊

기본반찬으로 나오는 게장이 직접 담그신 건지 맛있어서 계속 손이 갔고, 김치찌개도 양이 푸짐한 데다가 맛까지 좋아서 만족스러웠어요. 곱창도 잡내 없이 맛있게 잘 먹고 갑니다!"
nv_1239981129,우곱집 잠실본점,잠실,분식,,7839,,,"매번 와도 맛있어요!
지인들 왔을때나 이 근처 약속은 무조건 여기 오는 것 같아요:)
사장님도 친절하시고 직원분들도 친절하십니다.
반찬류 찌개류 맛없는게 없어서 사이드 다 추천 특히 볶음밥!!
다음에 또 올게용"
nv_1239981129,우곱집 잠실본점,잠실,분식,,7839,,,최근 먹었던 곱창중 단연 최고입니다. 식감도 맛도 너무 좋았습니다 사장님 얘기를 들어보니 많이 고민하시고 연구하신것같은데 그 노력이 잘 들어가있는것같습니다 진짜 맛있어요!! 그리고 찌개. 후식 카이막까지 진짜 만족입니다!!! 재방문 무조건입니다
nv_1239981129,우곱집 잠실본점,잠실,분식,,7839,,,잠실 올 때 마다 오는 곳인데 늘 맛있어용! 단체로도 오고 개인으로도 자주 오는 곳인데 고기 질도 좋고 다 구워주셔서 편하고 맛있게 먹어요❤️ 잠실맛집 강추
nv_1239981129,우곱집 잠실본점,잠실,분식,,7839,,,"야구 작관 끝나고 유명하다해서 찾아온 집입니다
들어서자마자 매장 너무깔끔하고 사장님친절합니다
엄청난 사이즈 대창과 곱창 염통구이 그리고 정갈한 반찬이랑 찌개까지 푸짐한 한상 나오고 특제소스에 찍어먹으면 소주 한 병 뚝딱입니다.
직관 올때마다 곱창 최애맛집 선정입니다."
nv_1239981129,우곱집 잠실본점,잠실,분식,,7839,,,여자친구와 곱창이 먹고싶을때마다 지하철타서까지 오는 집이에요. 숯불에 구워지는 곱창이랑 대창이 다른 어떤곳보다 맛있습니다!
nv_1239981129,우곱집 잠실본점,잠실,분식,,7839,,,"여자친구랑 좋은날이면 항상 오는 우곱집..! 벌써 몇번째 오는지도 모르겠네요
처음왔을땐 여기밖에 없었는데 여기저기 점점 많아지네요 그만큼 너무 맛있습니다..ㅜㅜ 다들 꼭 먹어쥬세요.."
nv_1239981129,우곱집 잠실본점,잠실,분식,,7839,,,정망 맛있는 우곱집! 제가 먹어본 곱창 중 제일 퀄리티 좋고 통통하고 맛있어요. 아이들도 정말 좋아해서 곱창 먹고 싶을 때마다 우곱집만 옵니다~ 김치찌개도 맛있고 대창도 진짜 고소해요~~ 음식 너무 깔끔합니다^^
nv_1239981129,우곱집 잠실본점,잠실,분식,,7839,,,한우곱창 맛집 우곱집 첫방문. 주말 회사 출근으로 이모를 보러와준 조카와 언니랑 점심에 방문했어요. 사실 완탕면집갈까 곱창집 갈까 고민하다가 조카가 고기라고해서 왔는데...소갈비시킬줄알았는데...한우육회를 시키더라구요!! ㅋㅋ 육회양념이 마늘맛이 강해서 아이가 먹기엔 좀 매웠는지 육회먹고싶다고 한주 노랠 불러서 시켜주었는데 별로 안먹더라구요 ㅠ.ㅠ. 곱창모듬 시키고 한우곱창 추가했서 언니랑 둘이서만 신나게 먹고 언니가 좋아하는 양볶음밥도 와구와구 후식은 카이막으로 잘먹고 갑니다. 곱창 잘 구워주셔서 먹기 편했어요. 참...양념소스에 마늘 고추가 부족해서 추가로 요청해서 듬뿍 넣어 먹으니 더 맛있더라구요!!
nv_1239981129,우곱집 잠실본점,잠실,분식,,7839,,,"곱창집이지만 인테리어 깔끔하고 직접 다 구워주셔서 좋아요~ 곱창상태가 좋으니 역시나 맛도 좋네요~
모임하러 왔는데 맛있게 먹고 가네요~"
nv_37061094,칼라분식 루프탑,잠실,분식,"별점
4.41",4,,,"대관해서 이용했습니다. 시장안에 이런곳이 있다는거 정말 아무도 몰랐을거에요. 솔직히 이태원에 있는줄 알았습니다. 맥주 음식 친절 모든게 좋았습니다.
정말 석양뷰는 최고였습니다.👍👍
사장님 와인 서비스도 최고!!"
nv_37061094,칼라분식 루프탑,잠실,분식,"별점
4.41",4,,,"사장님 먼저 반갑게 맞아주셔서 감사합니다. 🙏
오랜만에 찾아왔는데 1층 공사중이라 못 먹고 가나했는데 간판 달아주시는 사장님이 정상 영업중이라고 해서 올라갔네요.
루프탑이 확장되어서 편리하게 이용했고 카브루맥주? 와 콜라보 하셨다는 헤리테지 맥주는 정말 최고였습니다.
편하게 잘 쉬고 왔습니다👍
근데 1층 간판에 안보현과 노경은님은 무슨 관계이신지?
함께 간 일행들이 궁금해 하더라구요 ㅎ"
nv_37061094,칼라분식 루프탑,잠실,분식,"별점
4.41",4,,,"오랜만에 먹은 칼라분식떡볶이👍👍👍
역시 맛있네요!.잘먹었습니다!!!"
nv_37061094,칼라분식 루프탑,잠실,분식,"별점
4.41",4,,,치킨도 먹고 바베큐도 먹고 루프탑에서 생맥 마시니까 기분 좋네요ㅋㅋㅋ 야구도 볼 수 있고 야경이 짱입니다 분식집이라 떡튀순 시키려다 선택한 메뉴들인데 맛있어요~~~
nv_37061094,칼라분식 루프탑,잠실,분식,"별점
4.41",4,,,"야구보면서 치맥하기 너무 좋았어요~
치킨이 너무 맛있고 맥주 종류도 넘 다양하구 게다가 요일별로 맥주 행사를 해서 저렴하게 맛있는 맥주나 하이볼을 먹을 수 있는게 넘 좋더라구요~!!
잠실 갈 일 있으면 무조건 여기에서 모임할거같아요. 모임하기에도 너무 좋고 오리 바베큐 진짜 맛있어서 다들 기절해버림. 사진에는 없지만 순대도 먹었는데 다음에는 떡볶이. 순대. 튀김 세트로 먹어보려구요.
시장안에 숨어있는 분위기+맛 다 잡은 가게 찾았어요. 아래에 다들 꼭 방문해보세요~!!"
nv_37061094,칼라분식 루프탑,잠실,분식,"별점
4.41",4,,,깔끔하고 맛있습니다~!
nv_37061094,칼라분식 루프탑,잠실,분식,"별점
4.41",4,,,"유명한 곳이라 방문하였는데,
1층공사중이라 2층으로 올라가자마자 들리는 신경질적인 여자사장님 목소리에 그냥 나가야하나고민하다 앉았는데
점심먹고 있는 외국인직원에게 계속 윽박지르듯 뭐라고 하시고 제대로 밥도 못먹는 모습이 넘 안쓰러웠어요
남자 사장님으로 보이는 분과도 계속 투다투닥하시고.
시크한게 아니라 짜증과 신경질적인 모습이 넘 불편했습니다.

여러 메뉴를 시켜서 먹어보니 떡볶이와 순대는 맛있었고, 새우튀김은 새우는 거의 안보이고 튀김옷이 아주 두꺼웠고 닭껍질튀김은 바삭한데 오래된거 같아보였어요

다른층에 앉았으면 괜찮았을지 모르나 일반분식손님은 2층, 맥주손님은 3층인거 같았어요
가시방석 분위기 또 오기는 어려울거 같습니다."
nv_37061094,칼라분식 루프탑,잠실,분식,"별점
4.41",4,,,"잠실새내 새마을시장 안에 이런 분위기 맛집 있는지 처음 알았어요🥹
루프탑 공간이 생각보다 넓고 감성 있어서 요즘 날씨에 가기 딱 좋은 #잠실새내야장 🍻
생맥주 종류도 다양하고 안주랑 분식 메뉴까지 같이 즐길 수 있어서 너무 만족했어요!

특히 야구 경기 틀어줘서 친구들이랑 같이 보기 좋았고
진짜 #잠실야구장맛집 으로 추천하고 싶은 곳⚾️
통삼겹바베큐는 불향까지 입혀주셔서 맥주랑 조합 최고였어요🤍
단체 모임이나 데이트 장소 찾는 분들한테도 추천합니다!"
nv_37061094,칼라분식 루프탑,잠실,분식,"별점
4.41",4,,,"칼라분식은 다 맛있어요 ㅎㅎ
뷰 좋은 자리에서 맥주랑 같이 먹으면
완전 꿀맛이에요 ㅎㅎ
사장님도 직원분들도 친절하고
칼라분식 갈 때마다 너무 좋아요 ㅎㅎ"
nv_37061094,칼라분식 루프탑,잠실,분식,"별점
4.41",4,,,"비오는 날 치맥 하고싶어서 방문했는데, 매장도 깔끔하고 분위기도 좋아서 남자친구랑 맛있게 먹었네요 ㅎㅎ 재방문 예정입이다 🫶"
nv_1601414973,뽀빠이분식,잠실,분식,,1423,,,"혼자 1인분 먹고 계산하는데 2인분 가격 결제됐길래 잘못됐다고 얘기하니 장사하는 업장에서 누가 혼자 자리 차지하고 1인분 먹냐고 화내십니다. 그런거 민폐인거 모르냐 목청 높이시니 다른 손님들까지 다 쳐다봤습니다.

분식집 1인 식사 금지인거 처음 듣네요. 그게 상식이면 애초에 주문은 왜 받으셨나요? 음식 나올때는 왜 잘 주셨나요? 영수증 확인 안하면 바가지 쓸뻔했네요 대신 욕은 먹었습니다만"
nv_1601414973,뽀빠이분식,잠실,분식,,1423,,,초딩입맛이라면 통과~~ 달달하니 추억의 맛이에요!! ㅎㅎ 사장님이 츤데레? 스톼일이라고 해야하나 ㅎㅎ 뭐 제가봤을땐 정겨운 할머니 스타일이긴했는데 느껴지는게 사람마다 다를순 있을거 같아요~~^^ 즉떡도 여러가지가 있는데 요런 즉떡도 생갇날때가 있죠!! ㅎㅎ 성인 남자 여자 둘이서 밥하나 즉떡하나 이렇게 시켰더니 괜찮았어요~ 모자랄것같으면 튀김이나 사리추가 추천이요~~~ ㅎㅎ
nv_1601414973,뽀빠이분식,잠실,분식,,1423,,,할머니 손맛 최고~^^
nv_1601414973,뽀빠이분식,잠실,분식,,1423,,,"나 36살인데 졸라 맛있음(달기도 달아요 ㅋㅎ)
볶음밥 직접 비벼주시는게 인상적
할무니 까칠하시긴 함
자리가 불편해서 그런지 빨리 먹고 나오게됨 ㅜ"
nv_1601414973,뽀빠이분식,잠실,분식,,1423,,,1인분도 포장가능해요~
nv_1601414973,뽀빠이분식,잠실,분식,,1423,,,"💛옆팀분이 마지막이라서 같이 먹으러 왔어요💛
갑자기 가게된 곳인데 양도 많고 맛있네요😋
볶음밥이 진짜 맛있어요🍚
음식도 빨리나오구 담에 또 올거같아요👍"
nv_1601414973,뽀빠이분식,잠실,분식,,1423,,,"진짜 소문대로 불친절하네요 안녕하세요 떡쫄라주세요만 했는데 아래 위로 훑어보고 못 마땅한 표정으로 ㅋㅋㅋㅋㅋ 앉으세요 하시기에 자리를 보니 다른데 가서 앉으라 해서 남자 셋 남자 둘 있는 테이블 하나씩 제외하고 앉았어요
가져다주시기에 잘 먹겠습니다 반갑게 인사하며 제대로 닦여지지 않은 듯한 숟가락과 젓가락 통에서 셋트를 꺼냈죠 얼굴은 안 보구요 싸움 날 거 같아 그랬는지 ㅋㅋㅋㅋ

오뎅은 오래된 거거나 불량한 거 쓰시는지 냄새나고 야끼만두는 딱딱하고 라면과 쫄면은 덜 익었고
그나마 떡은 부드러워요

여기가 도대체 왜 유명한지 모르겠는 집이예요 조미료맛왕창

계산 후 안녕히 계세요 인사도 무표정으로 읽씹하심 큰웃음 지어 봅니다
아무리 맛있는 음식도 그딴식으로 주면 맛이 없고 기분이 나쁘겠죠"
nv_1601414973,뽀빠이분식,잠실,분식,,1423,,,"잠실토박이 떡볶이집이라 찾아왔다.
옛감성 즉석떡볶이 푸짐하고 식감 구성 좋은데 아주 달달해서 힘들었음.
조금만 덜 달았음 ㅎㅎ"
nv_1601414973,뽀빠이분식,잠실,분식,,1423,,,볶음밥 나오고 직접 볶아주세요.
nv_1601414973,뽀빠이분식,잠실,분식,,1423,,,"혼자왔다고 구석에 뭐 쌓인곳 옆으로 앉으라고 정해주는데 냄새가 나서 옮기려니까 안된다고 난리... 뭐 혼자 앉는 테이블이 있으면 이해라도 하는데 그냥 이어붙여진 상인데 무슨 상관인지...? 다먹고 물마시며 잠시 폰보니까 다먹었으면 빨리가라고 다른사람들 온다고 ㅋㅋㅋ 물 이제 마시기 시작했고요..? 내가 물떠놓고 고사를 지냈음 말이나 안하는데 한모금 마셨음 아니 기다리는 사람도 없고 자리도 남았더만 어이가없어서 냄새나서 거기 오래있을생각 나도 없었어요~~~
설마설마했는데 이렇게나 불친절한곳은 생전 처음이네 다신안감"
nv_1894243038,마미떡 송파점,잠실,분식,,4259,,,송파의 맛집 마미떡 송파점! 여기는 떡이 야들야들하고 너무 맛있어요. 튀김도 바삭하고 기름냄새 하나도 없어요. 특히 미역토핑이있는데 감칠맛이 나서 넣는 것을 추천합니다! :) 송리단길에서 즉떡이 땡길때는 마미떡 송파범 추천합니다!
nv_1894243038,마미떡 송파점,잠실,분식,,4259,,,"두번째 방문입니다! 저번이랑 똑같이 이번에도 평일 점심 네시쯤 방문했고 웨이팅 없이 바로 이용했습니다 2인세트가 2만원정도라 이번에도 가성비 좋게 맛있게 먹고 가요! 오늘은 떡꼬치도 처음 먹어 봤는데 여기 진짜 튀김 맛집인 것 같아요ㅠㅠㅠ 이 파채튀김이 얼마나 먹고 싶던지 여전히 맛있어서 기분좋게 점심 먹고 갑니다 그리고 에어컨 엄청 빵빵합니다 더위 피해 오세요~~~~!!
사장님이랑 직원분들 너무 친절하셔요!!!!"
nv_1894243038,마미떡 송파점,잠실,분식,,4259,,,"근방에 8시 30분 마감이 많아서 호다닥 달려왔는데
가격도 합리적이고 너무 맛있어요..!!!
다시마가 들어간 즉석떡볶이라니 특별하네요💞💞💞
사장님, 직원분들도 친절하셔서 좋았어요ㅎㅎ
감자튀김 맛있으니 꼭 드세요!!!"
nv_1894243038,마미떡 송파점,잠실,분식,,4259,,,즉떡매니아인데 넘 맛있었어요 ㅠㅠ 모짜치즈랑 치즈떡 추가해서 먹었어요 👍🏻❤️ 맵기는 추천 베스트로 먹었는데 딱맞게 맛있었습니다!! 잠실에서 즉떡 먹으러 올때는 역시 마미떡이네요 마무리 볶음밥까지 갓벽했습니다
nv_1894243038,마미떡 송파점,잠실,분식,,4259,,,"미역 들어간 국물이 감칠맛 있어서 계속 생각나는 맛이었어요ㅎㅎ 떡은 쫄깃하고 어묵이랑 같이 먹으니까 조합이 진짜 최고였고 가격도 괜찮고 양도 푸짐해서 두명이서 배불리 먹기 딱 좋았습니다 😋
매장 분위기도 편해서 재방문하고 싶은 떡볶이 맛집이에요 💛"
nv_1894243038,마미떡 송파점,잠실,분식,,4259,,,"떡볶이에 미역이 들어간 게 너무 맛있었어요
감칠맛이 계속 돌아서 싹싹 비웠습니다
파채 튀김도 너무 신기하고 달달한 맛도 나면서 바삭해서 진짜 맛있게 먹었어요
버터갈릭은 당연히 맛있었고 리뷰이벤트로 주신 떡꼬치도 완전 맛있었어요
깨가 뿌려져 있어서 더 맛있었어요
볶음밥도 무료인데 감칠맛있는 소스에 볶아 먹어서 너무 잘 먹었습니다
배부른데도 끝까지 먹었네요"
nv_1894243038,마미떡 송파점,잠실,분식,,4259,,,"원래 카페가려 했는데 길지나다 너무 맛있어보여서 떡볶이 먹자하고 들어왔는데
기대 이상으로 넘 맛있었습니다!
미역 들어간 떡볶이난 처음인데, 미역이 킥이네요😋
볶음밥도 포함되어 있어서 가성비 짱짱입니다!"
nv_1894243038,마미떡 송파점,잠실,분식,,4259,,,"오늘도 택시타고 방문한 우리의 맛집!
특별히 오늘은 새로운 맴버에게 이 좋은 곳을 전파하러 다녀왔어요 ㅠㅠ
역시 그녀도 대대대대대대 만족!
그거 아시죠? 맛집공유했을 때 만족하면 너무 뿌듯한거 ㅠㅠ 사장님 오래오래 영업해주세요 꼭이요"
nv_1894243038,마미떡 송파점,잠실,분식,,4259,,,"요즘에 즉떡 찾기가 힘들었는데, 맛있다고 해서 찾아왔는데 너무 맛있어요 ☺️!! 메뉴 구성도 알차고 파채 뒤김도 떡볶이에 곁들여 먹으면 ㅋㅋㅋ더 맛나더라구요 송리단길에서 떡볶이 찾으시면 와서 드셔보세뇨 추천이에요!!"
nv_1894243038,마미떡 송파점,잠실,분식,,4259,,,"잠실 즉떡집 유명하다해서 왔는데
내부는 아늑하지만 레트로 분위기에 맛있어요.
특이하게 미역이 들어가서 신기해요!

볶음밥도 무료로 먹을 수 있고 기본 구성도 괜찮은편!
가성비 좋은 곳이에요"
nv_21052324,환희분식,잠실,분식,"별점
4.47",4,,,맛있게 잘 먹었습니다:D
nv_21052324,환희분식,잠실,분식,"별점
4.47",4,,,"저번에 뽀빠이분식 처음가보고 계속 생각나더라구요.지나가다 횐희분식도몆번보았는데 이곳도 맛이어떨지 너무 궁금하더라구요. 일단 첫느낌은 뽀빠이보다 좀더 청결?해보이고 여사장님도 뽀빠이사장님보다 살짝 더 다정하시더라구요. 엄청 다정하시다라기보단..ㅋㅋ 맛도있었구요. 근데 혼자먹어서 그런지 아니면 뽀빠이에서 처음 접해서인지 제입맛에는 뽀빠이가 살짝 더맛있었던것같아요. 하지만 여기도 맛있어서 볶음밥도 먹어보려구요. 메뉴가 더다양하더라구요.카레쫄라 짜장쫄라마라쫄라? 있는것같았어요. 근데 뽀빠이든 환희분식이든 리뷰에 오뎅국물도 주시던데, 전 오뎅국물은 안주서더쿠요. 두군데다.ㅋㅋ 물론 없어도 양이충분히많아서 상관없지만 내심 기대했거든요. 어쨌든 생각나먼 또 방문하려구요. ^^주관적인 저의 견해였네요.ㅋㅋㅋ"
nv_21052324,환희분식,잠실,분식,"별점
4.47",4,,,"추억으로 먹는 떡쫄라!
오랜만에 잘 먹었습니다^^"
nv_21052324,환희분식,잠실,분식,"별점
4.47",4,,,내 추억의 쫄라. 장미상가가면 무조건 포장해서 냉동해놓고 생각날때 꺼내먹어요! 쫄라는 장미상가에서 환희분식이 제일 맛있다는 거 아시쥬?
nv_21052324,환희분식,잠실,분식,"별점
4.47",4,,,"* 쫄라 (6,000원)
* 환희볶음밥 (7,000원)

송파 주민입니다 장미상가에 어렸을 땐
맛집이 많았나 싶었는데
어른이 되고 보니 장미상가는 맛집 천국입니다.
쫄라 집도 예전에 다양하게 많이 갔는데
커서도 그 맛이 궁금해 방문해 보았습니다

가격 참 좋습니다..
어쩜 양 대비 가격이 이런 지..
어렸을 때도 이런 생각으로 먹었는데
추억 넘치는 맛이네요!
일만 쫄라 시키면 떡 2개 정도 들어있고요
쫄라 맛을 그대로 느끼 실 수 있고요!
저는 볶음밥 추천드립니다!
2차 먹고 3차로 방문했는데 맛있네요!

자세한 리뷰는
블로그 검색 : wankki
인스타 ID : @wankki__"
nv_21052324,환희분식,잠실,분식,"별점
4.47",4,,,"쯔양과 클릭비 김상혁 맛집이라는 환희분식. 떡쫄라랑 볶음밥에 돈까스 먹음. 쫄라라는거 첨 먹어보는데 매력적인듯. 만두, 김말이, 계란 추가 추천. 오래되서 허름해보이는데 진짜 청결함."
nv_21052324,환희분식,잠실,분식,"별점
4.47",4,,,쫄라 첨 먹왔는데 신선해요 ㅎㅎ 볶음밥도 먹었는데 치즈가 킥이에요 굿굿
nv_21052324,환희분식,잠실,분식,"별점
4.47",4,,,와 가성비쩌네요 양많아서 배터지게먹었어요 혼밥하기좋아여!
nv_21052324,환희분식,잠실,분식,"별점
4.47",4,,,"떡쫄라 궁금해서 먹어봤어요!
떡, 만두, 쫄면, 라면, 어묵, 양배추
기본적인 재료만으로도 넘 맛있었어요😋"
nv_1117017562,무궁화튀김,잠실,분식,"별점
4.35",4,,,혼밥하기 좋아요 자리가 불편하긴한데 분식이니까 감안하고 먹을 수 있습니다 맛있어요!!
nv_1117017562,무궁화튀김,잠실,분식,"별점
4.35",4,,,30년 먹은 분식집이고 늘 맛있어요
nv_1117017562,무궁화튀김,잠실,분식,"별점
4.35",4,,,"생활의달인 1006회 지하상가숨은보석으로
출연한 떡볶이라면 무궁화분식은
잠실 주민이라면 추억속에 자리잡은
오래된 노포 분식집이에요.

떡볶이 국물을 베이스로 조리한
떡볶이 라면 포함 김밥, 튀김, 국수까지
다양하게 가성비 있게 즐길 수 있어요.

점심시간에는 직장인들로 붐비고
저녁시간에는 학생들이 많이 찾는 곳이라
잠실 방문할 일 있을 때
꼭 들러 보세요!"
nv_1117017562,무궁화튀김,잠실,분식,"별점
4.35",4,,,김밥 4천원~ 혼밥하기 좋은 분식집이다.맛은 무난하다.
nv_1117017562,무궁화튀김,잠실,분식,"별점
4.35",4,,,맛있게 먹었어요:-)
nv_1117017562,무궁화튀김,잠실,분식,"별점
4.35",4,,,열무국수 따봉입니다.. 퇴근하고 해장 한사발 하고 갔는데 속이 싹 풀립니다 진심..❤️‍🔥 양 조금 더 많으면 더 좋겠어요 ㅋㅋㅋ
nv_1117017562,무궁화튀김,잠실,분식,"별점
4.35",4,,,"맛은 그냥저냥 무난한데, 일하시는 분들 너무 불친절해요.
바 형태라 다 들리고 보이는데 손님 험담하고, 할머니가 잘 모르시는데 엄청 면박주고, 계산해달라고 불렀는데 자기 할 거 다 하고 오고…
개불친절해서 다신 안갈거에요."
nv_1117017562,무궁화튀김,잠실,분식,"별점
4.35",4,,,간단히 먹고싶어서 선택한 곳. 떡뽁이 매콤해요 순대도 맛있고요 ~ 동네사람들 김밥도 많이 싸가시고 여느 상가마다있는 방앗간같은 곳이네요 .
nv_1117017562,무궁화튀김,잠실,분식,"별점
4.35",4,,,포장해서 먹느라 음식 사진은 없는데 옛날 느낌 분식 먹기 좋은곳이에요~ 7시 넘어서가니 튀김이랑 순대는 마지막 하나씩 남은거 샀네요. 운이 좋았어요:)
nv_1117017562,무궁화튀김,잠실,분식,"별점
4.35",4,,,"장미상가 처음 와보았는데 맛집이 많은것같은데 그중 분식 픽~ 무궁화분식
무궁화라면은 라볶이 먹는 맛이에요~
조금 달달하면서 떡볶이 국물맛에 만두,떡조금 올려주세요"
nv_37918202,오렌지분식,잠실,분식,"별점
4.31",4,,,넉넉한음식과 조용하고 아담한 분위기의 시장안 맛집이었습니다
nv_37918202,오렌지분식,잠실,분식,"별점
4.31",4,,,"새마을시장안에 있는 분식집이에요.
튀김은 깨끗하게 튀겨서 나와요.
따뜻하게 다시 튀겨주셨는데 기름이 덜 빠져서 기름이
많았어요.
어묵국물은 심심했고 어묵은 많이 불어서 ㅜㅜ
떡볶이는 조미료가 많이 들어갔어요.
아주 어렸을때 먹었던 맛이에요. ㅎㅎ
간단하게 허기 채웠어요."
nv_37918202,오렌지분식,잠실,분식,"별점
4.31",4,,,오랫만에 방문해서 떡볶이 ㅎㅎ
nv_37918202,오렌지분식,잠실,분식,"별점
4.31",4,,,"메뉴도 다양하고 너무맛있어요
떡볶이국물에 튀김 찍어먹었는데
알아서 국물다시 리필해주셨어요
너무 친절하세요
서울구경왔다가 찐맛집 들렸어요 오랜만에 분식 너무맛있게 먹고가요 강츄츄츄츄"
nv_37918202,오렌지분식,잠실,분식,"별점
4.31",4,,,친절하시고 떡볶이가 맛있습니다.
nv_37918202,오렌지분식,잠실,분식,"별점
4.31",4,,,"새마을시장에서 오래된 분식집.
세트구성이 단품보다 알찬편.
생활의달인을 통해 떡볶이가 소개된 곳.
딱 옛날 스타일의 밀떡으로 다양한 메뉴가 구비되어 있음."
nv_37918202,오렌지분식,잠실,분식,"별점
4.31",4,,,"너무 불친절하고 맛이 없어요
물어보는 질문에 인상쓰고 짜증스럽게 이야기해서 안먹고 나오려다가 먹었는데
간이 베이지 않은 밀떡
신선하지 않은 순대내장
튀김도 너무 떡볶이에 절여져서..
불친절 & 노맛 …!!!"
nv_37918202,오렌지분식,잠실,분식,"별점
4.31",4,,,떡볶이랑 범벅은 맛있었는데 순대간은 너무 비릿냐 심해서 다 남겼습니다 다음부터는 간은 빼달라고 해야겠어요
nv_37918202,오렌지분식,잠실,분식,"별점
4.31",4,,,"학교 앞에서 먹었던 떡볶이맛~~ 맛나게 먹었어요
김밥과 맛살튀김 떡볶이 국물에 찍어먹으면 왕맛있어요!! 포장해서 야구장에서 먹었는데 좋았어요 ㅎㅎ"
nv_1800924861,유미분김밥 잠실 롯데월드몰점,잠실,분식,,1701,,,"닭강정 맛있어요!!
절반 사이즈라 양도 적당해서 좋고, 가격도 저렴해서 좋아요.
닭강정 바삭하고 양념과 잘 어울려서 맛있어요. 그리고 떡도 맛있어요."
nv_1800924861,유미분김밥 잠실 롯데월드몰점,잠실,분식,,1701,,,"잠실 롯데몰 지하식품관?에서 처음먹어봤는데
가격도 괜찮고 다 맛있네요👍
식품관이라 취향에 따라 다른가게에서도 주문할수있으니
더 좋은것같아요. 앞으로 자주 방문하려구요!!"
nv_1800924861,유미분김밥 잠실 롯데월드몰점,잠실,분식,,1701,,,배고픔 후 먹는 분식은 짱!!!! 새우 투움바 파스타 떡볶이가 짱이네요
nv_1800924861,유미분김밥 잠실 롯데월드몰점,잠실,분식,,1701,,,가격은 솔직히 좀 비싼데 천원짜리 미역국에 닭강정+김밥까지 하면 그래도 뭐.... 괜찮은 거 같기도 해요!! 일단 시설부터 깔끔하고 뭔가 김밥은 세트에서 +500 추가했더니 묵은지김치같은 김밥이 나왔는데 뭔지 모르겠네요 그래도 맛있었어요ㅎ
nv_1800924861,유미분김밥 잠실 롯데월드몰점,잠실,분식,,1701,,,"김밥은 그래도 맛있게 먹었는데
라볶이의 면과 떡이 너무 맛이 이상하네요
특히 면이….엄청 이상한 맛이 납니다
결국 라볶이에서 파만 건져서 먹었네요
차라리 더 비싸게 받더라도 제대로된 맛을 먹을 수 있었으면 좋았을 것 같습니다"
nv_1800924861,유미분김밥 잠실 롯데월드몰점,잠실,분식,,1701,,,"묵참김 존맛 의외로 투움바로제파스타 존맛이고
기대했던 라볶이는 너무달아서 그저그랬음 좀 맵달이라기엔 달이 이겨서 매콤한 맛이 추가되야할듯.."
nv_1800924861,유미분김밥 잠실 롯데월드몰점,잠실,분식,,1701,,,"꼬시래기+진미채 김밥 너무 맛있어요
밥은 적고 꼬시래기가 많아서 다이어트에도 좋을 것 같아요
계란 라면은 적당히 매콤하고 맛있어요
맛있어서 롯데몰 갈 때 마다 자주 먹어요!"
nv_1800924861,유미분김밥 잠실 롯데월드몰점,잠실,분식,,1701,,,"*옛날 쌀떡볶이 (8,000)
일단 떡이 쌀이라서 엄청나게 부드럽고 쫄깃해서 식감이 너무 좋았어요! 어묵이랑 파랑 들어서 군더더기 없이 깔끔했고 국물이 완전 맛있었어요 너무 달지도 맵지도 않은 아주 딱 적절한 맛!
다시 생각나는 맛이에여

*로메인 텐더 김밥(9,000)
로메인 당근 달걀 치킨 텐더가 들어있고 머스타드 소스가 함께 나와서 조화가 너무 좋아요! 좀 비싸긴 하지만 넘 맛났어요

*기본 엄마 김밥(6,000)
기본인데 가장 맛있었어요 당근 오이 우엉 단무지 햄 오뎅 계란이 들어서 전반적인 맛의 조화가 너무 좋고 떡볶이에 찍어먹으면 존맛이에요!"
nv_1800924861,유미분김밥 잠실 롯데월드몰점,잠실,분식,,1701,,,"롯데월드몰 지하1층 삼삼오오 공간에 있는데 요즘같이 날씨 좋을 때 한강, 석촌호수, 공원에 포장해서 나들이 가기 좋습니다!

김밥도 닭강정도 맛있는데 분식치고는 비싸요 ㅎㅎ"
nv_1800924861,유미분김밥 잠실 롯데월드몰점,잠실,분식,,1701,,,"베이컨 로제 파스타 떡볶이랑 참치김밥 먹었어요~
키오스크로 편하게 주문하고, 음식도 빨리 나왔어요~
참치김밥은 당근김밥인줄ㅎ
떡볶이는 생각보다 양이 많더라구요~
간편하게 한끼 먹을때 좋을거 같아요
맛있게 잘 먹었어요~"
nv_1830163153,매주가,잠실,이자카야,,1720,,,항정수육 먹어주세요.. 다른 곳에서 먹을수없는 특별하고 맛있는 맛이에요! 김치전도 모든 부분이 바삭하고 맛있어요 ㅎㅎ 직원분들도 친절했습니다
nv_1830163153,매주가,잠실,이자카야,,1720,,,분위기도 좋고 왜 리뷰도 많은 지 알겠더라구요! 너무 맛있었어요🩷📍 명란구이랑 닭칼국수 완전 강추입니다아⭐️⭐️⭐️⭐️⭐️
nv_1830163153,매주가,잠실,이자카야,,1720,,,"처음 와봤는데 닭도리탕 국물 먹어보고 사리 시킬 생각 없었는데 바로 칼국수 사리 시켜버렸어요
살짝 매콤해서 매운거 못드시는분은 참고하시고 치즈감자전 진짜 안에 치즈 많이 들어가있고 좋은 치즈 쓴게 느껴져요 다음에는 다른 전 시켜서 먹어보려구요!"
nv_1830163153,매주가,잠실,이자카야,,1720,,,"창문 열려 있어서 답답하지 않고 분위기가 진짜 좋았습니당! 친구들이랑 가볍게 한잔하기 딱 좋은 느낌이라 대화하기도 편했어요!!
안주가 하나같이 너무 맛있고 플레이팅도 깔끔하게 나와서 만족도 높았고, 기본 안주까지 센스 있어서 술이 계속 들어가는 집입니다ㅎㅎ
분위기, 맛, 구성 다 좋아서 방이동에서 또 방문하고 싶은 곳이에요!"
nv_1830163153,매주가,잠실,이자카야,,1720,,,"닭캉국수전골이랑 닭볶음탕이랑 고민하다가 오늘은 매콤한게 더 땡겨서 닭볶음탕 시켰는데, 완전 선택 잘했어요 진짜 매운게 먹고 싶었는데 진짜 맛있게 매워요!!
육전도 넘넘 맛있고요!
다음에 닭칼국수 먹어보러 꼭 올게요ㅎㅎ
맛있게 잘먹었습니다🙏🏻"
nv_1830163153,매주가,잠실,이자카야,,1720,,,"비도 오는날 전이랑 소주 마시자고 여친하고 왔다가 안주 맛있어서 소주 4명 마시고 갑니다 ㅎㅎ
육전에 야채볶음하고 깻잎 너무 맛있었구요 정말 완전 강추 꼭 싸서 먹어봐요

그리고 매콤살코기닭도리탕??? 맵기 적당했어요 에어컨 아니였음 땀 한바가지 흘릴뻔 했네요 원래 이정도에서 마무리를 하는데 국물도 맛나고 해서 우동을 시켜서 같이 먹었습니다 완전 소주부르는 매콤함이 너무 좋앗어요"
nv_1830163153,매주가,잠실,이자카야,,1720,,,"남자친구가 추천해서 왔는데 생각보다 더 맛있어서 놀랐어요!
항정수육은 진짜 추천 쫄면이여서 그런지 쫄깃하고 무겁게 맛있는 느낌이 굳굳…
김치찌개는 얼큰해서 술안주로 딱이에요 이조합 매우 야르
다음에도 계속 오고싶을 정도네요!"
nv_1830163153,매주가,잠실,이자카야,,1720,,,"친구 생일 맞이로 왔는데 항정수육 너무 맛있었고, 바지락 술찜에 오징어 미나리전까지 최고,,,🥹💓 생일 자 친구가 만족스러운 식사해서 너무 뿌듯해요! 제대로 푸파하고 갑니다ㅎㅎ 식당 내부도 깔끔하고 개방감 있어서 분위기 좋게 오래 있다갑니다,"
nv_1830163153,매주가,잠실,이자카야,,1720,,,한식 주점이라 그런지 우삼겹들어간 메뉴가 진짜 맛있어요ㅠㅠ 그리고 분위기가 좋아서 대화하기도 편하고 오늘 날씨가 괜찮아서 통창 열어두셨는데 너무 좋았습니다!! 그리고 감바스 비싸긴해도 역시 맛있습니다 ㅠㅠ 담에도 또갈 방이동 맛집 술집
nv_1830163153,매주가,잠실,이자카야,,1720,,,"남자친구랑 불금을 즐겁게 보내고 싶어서 퇴근 후 방문했는데 직원 분도 친절하시고, 음식도 너무 맛있어요 !
테이블이 만석이라서 주말에는 웨이팅이 있을 수도 있을 것 같아용~ 그래도 방이동 안주 맛있는 술집 찾으면 매주가 또 방문할 것 같습니당 ㅎㅎ
맛있는 음식 감사합니다~ 🤭💛"
nv_1014129077,쿠시노아 잠실새내점,잠실,이자카야,,791,,,"잠실새내에 오리온 맥주 파는곳이 있다고 해서 들려봤어요. 우니플래터 포함된 세트로 괜찮은 가격으로 오뎅에 야키토리까지! 좋은 가격의 안주구성에 사케 많이 갖고있어서 쌀쌀한 날씨에 오뎅, 야키토리 안주 다 맛볼 수 있어서 사케 잔술로 즐기러 또 방문 하려고요. 친절은 덤 👀🤍"
nv_1014129077,쿠시노아 잠실새내점,잠실,이자카야,,791,,,"사진만보면 여기만 계속갔나? 싶지만. 그래도 마음편히 들릴수있는 곳이기에 2차로 종종 방문하는곳

가볍게 1차를 끝내고 2차로 방문해 오리온생맥과 서울의밤 한병으로 시작

오뎅은 3꼬치를 해야해서 주문하고 나머지 염통꼬치 2개 주문하고 명란구이도 처음주문해봤는데 크기도 적당하고 담백한 맛까지 역시 최적의 선택 :)

담백한 육수한잔 술한잔 기울이다보면 어느새 마시던 술이 끝을 보이게되

종종 방문하면 서비스안주도 당일 주류메뉴따라 주시곤하니 잦은방문이 필수인곳

재방문의사 120%"
nv_1014129077,쿠시노아 잠실새내점,잠실,이자카야,,791,,,"오뎅을 좋아하는데 친구가 냉큼 데리고 가준 곳
오뎅도 꼬치도 너,,,무 맛있더라구요
친구는 꼬치 잘 한다고 이것저것 도전 해 보더라구요
분위기도 이야기 노나기에 불편함 없었어요!
맛있는 곳을 찾은것 같아 기분 좋아요❤️"
nv_1014129077,쿠시노아 잠실새내점,잠실,이자카야,,791,,,"자주 방문하는 문어집 맞은편 쿠시노아 방문기

7시쯤 이른 1차를 마치고 인근에 무수히 많은 야키토리 이자카야 등 어디를 가야하나 서성이다 깔끔한 실내가 눈에띄어 방문해본곳

기본 오뎅빠이면서 사장님의 직화구이를
맛볼수 있는곳

각 자리마다 기본 3개를 주문하면 닭육수 베이스의 진득한 오뎅국물을 안주로 마실수있고 꼬치는 직화로 굽기때문에 먹어보고나서 필히 시켜야할곳 (염통 대창 삼겹 등 up to you taste)

한적했던곳이 8시가 지나니 어느새 사람이 가득해지고 차라리 1차로 일찍오는게 더 아늑하고 좋은느낌이라 이릭오기로 정한곳

사장님도 친절하고 재방문의사 120%"
nv_1014129077,쿠시노아 잠실새내점,잠실,이자카야,,791,,,잠실새내 쿠시노아! 일본 전통 꼬치구이와 참치 사시미를 먹을 수 있는 곳입니다! 작은 닷지바와 함께 아늑한 실내가 마음에 드는 곳이에요! 여기를 추천하는 이유는 일본 후쿠오카에서 방문했던 야키토리 집의 그 느낌이랑 똑같아서에요! 그리고 분위기가 정말 좋아서 썸이랑 같이오면 여기는 진짜 백프롭니다! 세트 메뉴 구성도 훌륭해서 멋진 저녁 술자리를 즐길 수 있어요! 무조건 추천입니다!
nv_1014129077,쿠시노아 잠실새내점,잠실,이자카야,,791,,,요즘 너무 추워서 오뎅바 오고싶었는데!! 쿠시노아 방문해서 오뎅+꼬치구이 먹었습니당 오키나와 생맥주도 너무 맛있었고 오뎅도 맛있어서 추천하고싶어요!! 일본이라고 해도 정말 믿을거같아요 ㅎㅎ 다음에 또 방문하겠습니당
nv_1014129077,쿠시노아 잠실새내점,잠실,이자카야,,791,,,열심히 검색하고 찾아본 후 방문 했는데 어묵도 맛있고 우니 단새우도 만족하며 먹었어요! 남자친구랑 방문해서 둘 다 만족한 곳 입니다 ㅎㅎ사장님도 친절하세용
nv_1014129077,쿠시노아 잠실새내점,잠실,이자카야,,791,,,분위기 너무 좋은 오뎅바 입니다! 잔잔하고 둘이서 대화하기 좋은 술집인거 같아요! 사장님도 친절하시고 매장이 인기 많아보이네요!! 좋은 추억만들고 가고 재방문 의사 있습니다!!!!
nv_1014129077,쿠시노아 잠실새내점,잠실,이자카야,,791,,,"다소 늦은시간 하루 두번이나 방문한 쿠시노아

조용히 혼술하는분들도 보이고 나름 일본풍 느낌이 물씬풍기고 친절한 사장님이 반겨주심

숙풀이 닭육수가 생각날때 아니면 화구에 구운 꼬치가 생각날때 마음편히 방문하기 좋은곳

수제꼬치 6종도 좋지만 취향껏 종류별로 주문해서 목살과 염통 정도 시키고 꼬불이 오뎅 두어개를 주문하면 사케나 소주 안주로 최적임

주류메뉴도 다양한 편이라 취향껏 가격별 골라서 마셔볼수있는것도 큰 장점

재방문의사 120%"
nv_1014129077,쿠시노아 잠실새내점,잠실,이자카야,,791,,,"참치뱃살과 사케는 찰떡궁합

염통과 닭산적 그리고 닭목살구이는 별미중의 별미

오늘도 자알 먹고 갑니다 :)"
nv_1424825658,추엌,잠실,이자카야,"별점
4.76",4,,,"석촌호수 데이트? 상급노하우 풉니다..

석촌호수 바로 뒤에 위치한 이곳은 신선한 재료들로 기깔나는 음식들을 선보이는 이자카야다.

나는 사시미 모리아와세와 일품요리를 내주시는 맡김차림을 주문했다.

처음에 매실주와 입맛돋움 요리 3종을 내주시는데 먹고 있으면 영롱한 빚깔의 모듬사시미가 나온다.

맡김차림을 주문하면 와인이나 사케 1병 콜키지 프리니까 화이트 와인 들고 오시면 좋을 것 같다.

여기에 참치와 아보카도를 버무려낸 아보카도 네기마구로, 수란을 올려낸 명란감자, 두부와 된장소스의 조합이 인상적이었던 다마미소 두부튀김까지 먹고 나베까지 한접시 해주면 이제 끝났겠지 하고 방심하는데 디저트까지 내주시고 나서야 마무리가 된다

석촌호수 갈일 있으면 [추엌] 저장해두셨다가 방문해보시길 추천드린다."
nv_1424825658,추엌,잠실,이자카야,"별점
4.76",4,,,"요즘 분위기 좋은 곳 찾다가 방문했는데, 전체적으로 만족도가 높았던 곳이에요!
우선 ‘추억 말김차림’ 코스로 주문했는데, 구성 자체가 되게 알차고 정갈하게 나오는 느낌이라 좋았어요. 입맛돋움부터 시작해서 사시미 모리아와세까지 이어지는데, 재료 신선도가 확실히 느껴져서 먹는 내내 기분 좋았어요.
특히 사시미가 잡내 없이 깔끔했고, 플레이팅도 예쁘게 나와서 사진 찍기에도 좋았어요. 코스 흐름도 부담스럽지 않게 이어져서 데이트나 조용하게 식사하기 딱 좋은 분위기였고요.
매장 분위기도 차분하고 깔끔해서 ‘말김차림’이라는 이름처럼 전체적으로 정돈된 느낌이라 더 좋았던 것 같아요."
nv_1424825658,추엌,잠실,이자카야,"별점
4.76",4,,,"맡김차림 너무 좋네요!

음식들 하나하나 맛있고, 직원분들이 섬세하게 챙겨주셔서 편하게 식사합니다😆

개인이나 단체 모임하기 쾌적합니다!

후식까지 꼭 드시길"
nv_1424825658,추엌,잠실,이자카야,"별점
4.76",4,,,"석촌호수 부근 일식집이에요 예약하고 방문했구 맡김차림으로 주문했어요 우니도 추가했습니다 에피타이저로 먼저 매실주랑 스프,방어가 나오구 그후에 사시미가 나와요 어떤종류의 사시미인지 종이에 쓰여져있어요 방어아나고고등어참다랑어단새우 등이 있었습니다 아나고가 좋았어여 요리5종으로는 아보카도네기마구로,대삼치구이,명란감자,두부튀김이 나오고 마지막에 나베가 나옵니당 나베에는 소면이 들어있었어요 음식들도 맛있구 양도 많아용 삼치구이가 특히 맛있었어요 대화하기 좋은분위기에요 주류종류도 많습니다"
nv_1424825658,추엌,잠실,이자카야,"별점
4.76",4,,,"(진짜 맛있지 않으면 정성스럽게 리뷰 안쓰는데
먹으면서 “안성재가 와도 합격 줄 맛이다.”계속 말하면서 먹음 ㄷㄷ)
파인다이닝에 나올법 한 디시수준이고
사시미, 스부타, 명란감자 먹었는데 진짜 다 다 신선하고 맛있는데
제일 킥인건 <<🥔명란감자>> 제발 꼭 드셔주세요 이것만 먹으러 또 올거임 ㄷㄷㄷ
트러플 좋아하는사람은 초강추
🤎트러플향이 입안 가득 첫입부터 퍼져요 ㅠㅠ🤎

+분위기도 넘넘이뻐서 계속 기분이좋았음!
데이트, 소개팅 맛집인듯❣️

진짜 너무 맛에 감동해서
3시간 먹으면서 시간을 선물받은 느낌이었다
너무너무감동적인 맛 진짜이정도로 리뷰 길게 안써요 ㄷㄷ"
nv_1424825658,추엌,잠실,이자카야,"별점
4.76",4,,,"일식 정말 좋아하는데 사시미와 요리 모두 너무 맛있었어요! 유자하이볼도 맛있었습니다!
다만 샐러드 양상추가 자른지 오래되어 색도 변하고 신선도가 떨어진 점은 아쉬워요
그거 빼고는 재방문 의사 있어요 👍🏻"
nv_1424825658,추엌,잠실,이자카야,"별점
4.76",4,,,"사시미퀄리티무엇!!10가지 신선 담백한 모리아와세 무조건강추! 세비체봄동파스타👍 냉파스타가 입맛돋궈요! 명란감자도..하..여기메뉴하나하나 진짜 장난아님. 이자카야지만 분위기는 5성급 호텔 레스토랑같이 차분하고 아늑해서 대화하고 하이볼즐기기에 더없이 좋았던 추엌!
식후에 석촌호수 한바퀴돌면 아주~ 저년마무리 해피~!"
nv_1424825658,추엌,잠실,이자카야,"별점
4.76",4,,,"구성도 너무 좋구요~
코스 요리 시키면
와인콜키지가 1병 무료라고해서
저희는 코스로 먹었어요~
이가격에 너무 만족합니다
재방문의사 100프로예요~ ^^"
nv_1424825658,추엌,잠실,이자카야,"별점
4.76",4,,,어버이날 기념으로 부모님과 맡김차림 먹으러 왔는데 너무 만족스럽게 잘 먹었습니다ㅎㅎ 메뉴 하나하나 다 맛있었고 가게 분위기도 좋았어요. 다음에 친구들이랑도 재방문하고 싶네요~!!
nv_1424825658,추엌,잠실,이자카야,"별점
4.76",4,,,"타지방에서 서울 잠실쪽으로 여행와서
찾은곳인대
진심 가성비 10000%입니다
인당 49000원이 아니라 더받아도
될만큼 음식맛있고 구성좋고
퀄리티좋습니다.
가게분위기도 너무좋습니다"
nv_1560084869,다이키 잠실새내본점,잠실,이자카야,,920,,,"분위기 좋고 데이트하기 딱 좋아요
전복크림파스타 찐맛도리..
전복이 숭덩숭덩 썰어 들어가있음 이게 19000원 맞냐구요 가성비 대박 ㅠㅠ 사케 종류도 많아서 담엔 사케 먹으러 오려구요!!"
nv_1560084869,다이키 잠실새내본점,잠실,이자카야,,920,,,"지인 추천으로 방문하게 된 곳인데, 기대 이상으로 너무 맛있어서 기분 좋게 식사하고 왔어요! 😊 후토마끼는 재료가 신선해서 한 입 먹을 때마다 만족스러웠고, 명란치즈감자도 맥주랑 잘 어울려서 정말 맛있게 먹었습니다. 전체적으로 분위기도 좋고 편하게 즐길 수 있어서 더 좋았던 것 같아요. 다음에 또 방문하고 싶은 곳입니다!"
nv_1560084869,다이키 잠실새내본점,잠실,이자카야,,920,,,"지인 소개로 오게된 잠실 새내 다이키!!
처음에는 무슨 이자캬야를 기다려서까지 가나?!
근처에 넘치는게 술집인데..
라고 생각했는데
일단 입장하면서 부터 직원 분들 너무 친절하시고
사장님.... 친절도 100000%
항상 이자카야는 많이 다녀서
비슷하겠구나 생각할 수 있는데
여기는 진짜 요리 맛집 입니다.
가격도 진짜 체감상 저렴하고
사케도 저렴하고
하나하나 맛 없는게 없네요
기다린게 전혀 아쉽지 않은 집입니다.
집 주변에 있었으면 진짜 좋았을 텐데 ㅠㅠ
매일 오고 싶다..정말....
너~~~~~무 맛있고 분위기 좋고
친한 사람들과 잠실 새내 오면
무조건 재 방문 의사 있습니다 🫣"
nv_1560084869,다이키 잠실새내본점,잠실,이자카야,,920,,,여친이 가자고 해서 온건데 너무 좋습니다 일단 음악 선곡 가게 분위기 넘 맘에 들어서 기대중인데 음식까지 너무너무 맛있어요!! 봉초밥은 샤리가 조금 쎄서 여친이 힘들어 하긴했는데 전 너무 맛있게 먹었습니다! 날씨 좋고 분위기 좋고 음식 좋고!! 오늘 너무 행복하네요
nv_1560084869,다이키 잠실새내본점,잠실,이자카야,,920,,,"좋아하는 오리온 맥주의 생맥이 있어서 너무 반가워서 바로 시켜마셨어요~~
역시나 맛있네요!!
시킨 안주도 다 비쥬얼도 좋고 맛도 맛있고
야구 경기 끝난 다음이라 밀려드는 사람과 주문으로 정신 없는 와중에고 사장님과 직원분들도 항상 웃는 얼굴로 응대해주셔서 감동이었어요
새로운 맛집 알게되서 너무 좋았어요!"
nv_1560084869,다이키 잠실새내본점,잠실,이자카야,,920,,,"지인이 오래전부터 입이 닳도록 맛집이라고 자랑을 해서 드디어 와봤습니당
생각보다 더 만족스러워서 리뷰 남겨요!
고등어는 비린내 날까 걱정했던것과 달리 먹어본 초밥중에 제일 맛있었습니당👍

파스타도 너무 맛있어서 먹는 도중에도 다음에 또 와서 다른 메뉴 다 먹어보고싶다는 생각이 드는곳이었어요!
분위기 또한 아늑해서 너무 좋았고 화장실이 실내에 남녀 구분 되어있어서 더 만족스러웠어요 청결,맛, 가격, 서비스까지 모든게 다 최고예요🥹🫶
그리고 사장님 짱 잘생기심😎"
nv_1560084869,다이키 잠실새내본점,잠실,이자카야,,920,,,"남자친구랑 데이트하다가 처음 와봤는데 다 맛있었어요
사시미에 있는 전복 먹고 맛있어서 전복크림파스타까지 먹게 됐는데 다 맛있어요
서비스로 모찌리도후도 주시고 직원분들도 친절하셔서 다음에 잠실로 놀러오게 된다면 또 올 것 같아요"
nv_1560084869,다이키 잠실새내본점,잠실,이자카야,,920,,,"너무 맛있어서 행복해요
사장님도 너무 친절해요
다음에 무조건 또 올 것 같아요🩵🩵🩵🩵"
nv_1560084869,다이키 잠실새내본점,잠실,이자카야,,920,,,"보석같은 잠실새내 다이키!
올만에 왔는데 반겨주시고 서비스까지 😢 😢
위스키도 짱맛! 훈연된 위스키도 너무 맛있었어요"
nv_1560084869,다이키 잠실새내본점,잠실,이자카야,,920,,,"사장님이 맛있고 음식이 친절해요🍲
고등어봉초밥 꼭 드세요🖤🖤🖤
맛없는 메뉴가 없고 진짜 다맛있어요
사케랑 전부 잘어울리는 최애 이자카야 될거같아요!"
nv_1588827398,이치고,잠실,이자카야,,841,,,맛있게 잘 먹었습니다!!🤩🤩🤩
nv_1588827398,이치고,잠실,이자카야,,841,,,생일 기념 식사로 갔는데 너무 좋았네요. 하나하나 다 맛있고 친절하시고 서비스 최고입니다. 자주 방문할게요.
nv_1588827398,이치고,잠실,이자카야,,841,,,일본 전통 멘치카스와 숙성회를 분위기 좋은 레스토랑에서 맛 볼 수 있다~! 입맛 까다로운 짝궁의 입을 확 사로잡은 맛있는 스시.....!!! 주말 데이트 장소로도 제격임
nv_1588827398,이치고,잠실,이자카야,,841,,,"숙성사시미가 유명하다고 해서 왔는데 괜찮았어요
옆테이블에 연예인도 있더라구요🥰🥰🥰🥰🥰"
nv_1588827398,이치고,잠실,이자카야,,841,,,"사시미가 너무맛잇어요
사시미 주문은 필수입니다!"
nv_1588827398,이치고,잠실,이자카야,,841,,,분위기가 정말 좋고 음식도 맛있어요
nv_1588827398,이치고,잠실,이자카야,,841,,,"이런곳을 이제 가봤다니!!~~
항상 저녁에한번 들러야지 하다가
점심런치도 있길래 갑자기 방문하게되었어요!~
음식 너무 맛있고 술도 다양해요!~
셰프님들 너무 친절하시네요~
각종 사케와 와인 샴페인까지 소모임하기에 손색이 없네요!~저도 저녁에 예약방문해야겠습니다.
너무 맛있게 잘먹었습니다😊"
nv_1588827398,이치고,잠실,이자카야,,841,,,점심에 엄마와 방문했는데 맛있게 잘 먹었습니다
nv_1588827398,이치고,잠실,이자카야,,841,,,고등어봉초밥! 재료가 다 떨어져서 추가주문 할수없는게 아쉬울정도로 너무 맛있었습니다!
nv_1588827398,이치고,잠실,이자카야,,841,,,"데이트 하기 좋은 분위기와 메뉴입니다 😃 예쁘고 아기자기해요. 저녁 늦게 갔는데 여성분들이 많이 계시더라구요. 어르신 부부께 추천받아 다녀왔는데, 남녀노소 좋아하시는 듯 합니다. 저녁 늦게 들어가서 사시미 말고 요리&해물 위주로 맛 보았는데 다음에 사시미랑 초밥 먹으러 또 방문하겠습니다. 금태스시 궁금해요 😽"
nv_1588827398,이치고,잠실,이자카야,,841,,,"이치고 런치메뉴에 반해서 저녁에도 방문해보고
오늘은 런치에 파스타에 도전해보았습니다.
이곳엔 셰프님이 많이 계시는데요 모두 친절하십니다~차분하시고 조용하신 사장님께서 주문한 파스타외에 샐러드를 서비스로 주셨습니다🤩
샐러드가 이렇게 맛있어도 되나요~싱싱해서인가요.ㅎㅎ해장파스타와 전복~파스타 주문했는데 정말 해장파스타였어요!~신라면만큼은 아니지만 매콤아니고 매운파스타맞아요!~맛있어요~^^
전복파스타 제 취향이었어요!~소스까지 싹싹 해씀니다. 😉🫠 저녁마다 손님이 꽉차있는 이치고에서 다음엔 사케를 먹어야겠습니다.🙂"
nv_1588827398,이치고,잠실,이자카야,,841,,,"친구랑 이자카야 탐방을 자주 하는데요 진짜 맛도리집을 발견 했어요🤗
안주도 다양하고 와인과 사케 종류도 아주 다양하게 있었습니다!서비스도 너무 좋고 재방문 의사 200%입니다:)"
nv_1588827398,이치고,잠실,이자카야,,841,,,"비교적 주차도 편하고 이것저것 맛있는 일식과 사케를 먹기 좋은 곳이라 또 방문할 예정ㅠㅠ 귀중한 손님이랑 가는걸 추천드려용,,,"
nv_1588827398,이치고,잠실,이자카야,,841,,,회식으로 방문했는데 다들 만족!!!!!!!!
nv_1588827398,이치고,잠실,이자카야,,841,,,👍👍👍👍👍👍👍👍👍👍👍
nv_1588827398,이치고,잠실,이자카야,,841,,,고급스럽고 정갈한 분위기의 일식 레스토랑입니다. 런치 메뉴로 파스타가 있기에 크게 기대 안했는데 이탈리아 레스토랑에 온 것같은 퀄리티가 나와 기대 이상이었어요. 서비스로 식전빵과 샐러드도 맛있었고 전반적인 요리 퀄리티가 높은 곳이라 생각됩니다. 고등어회도 판매하는 것으로 봐서 사시미 퀄리티도 좋을 것 같네요.
nv_1588827398,이치고,잠실,이자카야,,841,,,"넘.. 맛있어요..
네기토로마키.. 또 먹고싶다.."
nv_1588827398,이치고,잠실,이자카야,,841,,,스트레이키즈가 다녀갔다고 해서 갔는데 단골 될 것 같아요 너무너무 맛있었습니다 서비스로 주신 튀김도 너무 감사하고 맛있었어요 뭐하나 빠짐없이 좋았습니다
nv_1588827398,이치고,잠실,이자카야,,841,,,"예약 후 방문했고 대화하면서 식사 및 술 한 잔 하기 좋았습니다. 고등어 초밥 맛있었고, 우니 파스타도 괜찮았습니다:)"
nv_1588827398,이치고,잠실,이자카야,,841,,,연예인 맛집 이라던데 인정입니다👌👌👌👌👌
nv_1703843732,숯토리 잠실새내점,잠실,이자카야,,801,,,"야구를 보고 난 뒤로 단체로 간단하게 술 한잔 할 곳을
찾다가 찾았는데 직원분들도 다들 너무 친절하시고
음식들도 하나하나 빠짐없이 너무 맛있었어요!!
좋은 추억 만들어줘서 감사합니당🙇🏻‍♂️"
nv_1703843732,숯토리 잠실새내점,잠실,이자카야,,801,,,야구끝나고 지친 심신을 달래주는 감성적인 야끼토리 집이었어요 닭안창살은 진짜 맛있네요! 청포도 하이볼을 여자친구가 진짜 좋아했어요 차를 가져왔는데 아사히 제로가있어서 만족스러운 식사였습니다 자주올것같아요 !
nv_1703843732,숯토리 잠실새내점,잠실,이자카야,,801,,,망고 사와 마시고 싶었는데 아쉽게도 품절이라ㅠㅠ 대신 청포도 하이볼이랑 블루큐라소 하이볼을 마셨는데 너무 맛있었어요! 두번째 방문인데 직원분들도 항상 친절하시고 음식 너무 맛있습니당 특히 테바사키 진짜 맛나요😍
nv_1703843732,숯토리 잠실새내점,잠실,이자카야,,801,,,가성비도 좋고 분위기도 좋아서 간단하게 2차하기도 너무 좋아요 ㅎㅎㅎ 여기 특히 쿠시카츠가 전 제일 맘에 들었어요 ! ㅎㅎ 구성도 좋고 자주올 것 같아요 ㅎㅎ!!
nv_1703843732,숯토리 잠실새내점,잠실,이자카야,,801,,,"구성이 알찬데다가 가성비가 너무좋고
깔끔해요!!!분위기가 너무좋아요^^
가볍게 들어가서 무겁게 나오는... ㅋㅋ
맛있어요^^
추천해용♡♡ 먹는다고 사진을 많이 못찍엇는데
꼬치 진짜맛나요!!!!"
nv_1703843732,숯토리 잠실새내점,잠실,이자카야,,801,,,"세번째 방문인데요!!
꼬치 맛집입니다!!!! 튀김옷이 얇아서 느끼하지 않고 맛있어요
엉덩이는... 꼭 먹어야해요
가성비 있고 분위기 좋아서 오래있기 좋아요!!!
국물 요리 처음 시켜봤는데 칼칼하고 맛있어요~
자주 올것 같아용"
nv_1703843732,숯토리 잠실새내점,잠실,이자카야,,801,,,"야키토리가 진짜 맛있어요!
일본 분위기 물씬 풍기고 술도, 음식도 다양하고
잠실에 살면서 가본 술집 중 개인적으로 가장 만족했던 곳입니다
가격대는 있어도 오히려 가성비로 느껴질 정도로 퀄리티와 맛 어느 한곳 뒤쳐지는 부분 없는
최고의 이자카야라고 생각합니다
손님이 많을때는 메뉴가 늦게 나오고, 웨이팅이 조금 있다는 점 참고해주세요
두번째 방문이어도 새로운 느낌을 주는 곳입니다
연인과 가기 좋아요!"
nv_1703843732,숯토리 잠실새내점,잠실,이자카야,,801,,,"숯마카세 A set로 주문했는데, 다양한 부위를 코스처럼 즐길 수 있어서 만족도가 높았어요. 하나하나 숯불에 정성스럽게 구워 나와서 그런지 불향이 제대로 살아 있고, 고기 식감도 쫄깃하면서 육즙이 잘 유지돼서 정말 맛있게 먹었습니다. 구성도 알차서 가격 대비 가성비도 괜찮다고 느꼈어요.
특히 말차생맥주는 처음 마셔봤는데, 은은한 말차 향이 나면서도 맥주의 시원함이 잘 어우러져서 색다른 매력이 있었어요. 숯불 요리랑도 생각보다 잘 어울려서 같이 드시는 거 추천드립니다!
전체적으로 분위기도 좋고, 직원분들도 친절해서 기분 좋게 식사하고 왔어요. 다음에 또 방문하고 싶은 곳입니다 👍"
nv_1703843732,숯토리 잠실새내점,잠실,이자카야,,801,,,꼬치 종류가 다양하고 맛있어요💚💚 술 한잔하기 좋은 곳 !!!! 분위기도 좋아요😎👍🏻
nv_1703843732,숯토리 잠실새내점,잠실,이자카야,,801,,,"조카랑 산책하다 배도 고프고 알콜도 고프고해서 처음 와 봤는데 굿굿 입니다.
안주도 맛있고 외부와 연결된 자리도 너무 좋았습니다.
아마도 이제 아지트가 될거 같아요.
밤늦게 열일하시는 직원분들도 친절하고
100점 만점에 100점 드립니다 😀"
nv_38595508,방이편백 육분삼십 방이원조점,잠실,고깃집,,1642,,,"처음 갔는데 직원분께서 친절히 안내해주시고 음식도 너무 깔끔, 맛있어서 만족스러운 식사였습니다.
나오면서 다들 또오자~ 했습니다~^^
매우 건강하고 담백한 맛입니다"
nv_38595508,방이편백 육분삼십 방이원조점,잠실,고깃집,,1642,,,"*등심 샤브샤브 (17,000) 8인
추운날에 샤브샤브 딱이죠!
국물이 진심 너무 맛있고 간편하게 인덕션에 종이로 끓여서 갬성있고 넘 좋아요
*등심 고기추가 (14,000) 2개
고기가 아주 질이 좋았어요
*샤브야채 + 새우( 8,000)
새우까지 들어가니 국물 맛이 더 깊어짐
*생면(3,000) 4개
다른 곳이랑 다른 차별화된 면발 쫄깃 꼬들
*샤브죽(4,000) 2개
진짜 맛나서 꼭 드세요
콜키지 프리라서 너무 좋았고 주차도 되고 룸 따로 있어서 가족모임으로 대만족!!"
nv_38595508,방이편백 육분삼십 방이원조점,잠실,고깃집,,1642,,,명절연휴에 가족들과 맛있는 시간 보냈어요~🥰
nv_38595508,방이편백 육분삼십 방이원조점,잠실,고깃집,,1642,,,"오랜만에 방문했는데 맛있어요! 볶음 우동, 오징어 무침 등 맛있고 평일 주류 이벤트 2천원 너무 좋네요!!! 굿~ 또 올게요!^^"
nv_38595508,방이편백 육분삼십 방이원조점,잠실,고깃집,,1642,,,"예전부터 와봐야지 했는데
건강한 맛이라 좋네요
점심에 가니 된장찌개도 포함이라
더 좋네요 가족들이랑도 한번 가려고요 ^^"
nv_38595508,방이편백 육분삼십 방이원조점,잠실,고깃집,,1642,,,"축하할일있어 사랑하는 제자들과 즐거운식사하고왔습니다. 토요일 낮 12시
편하게 맛있게 식사 했습니다♡♡♡
오징어무침회!!! 이 조합은 강추합니다~"
nv_38595508,방이편백 육분삼십 방이원조점,잠실,고깃집,,1642,,,"너무너무 친절하시고 김치부터 소스 고기 모두 맛나고 완전 대만족입니다
특히 어르신분들이 좋아하실 건강하고 맛있는 맛이에요 추천합니다"
nv_38595508,방이편백 육분삼십 방이원조점,잠실,고깃집,,1642,,,"식기도 고급스럽고, 깨끗한 매장 분위기도 좋아요. 친절하시기도하고. 음식도 맛 있어요~아이가 만족해 리뷰남겨요~"
nv_38595508,방이편백 육분삼십 방이원조점,잠실,고깃집,,1642,,,"다들 편백찜을 먹지만 색다르게 샤브샤브를 먹어봤는데 너무 맛있었어요~ 재료도 다 신선하고 후식으로 먹은 죽도 맛있더라구요~
무엇보다 여자사장님이 친절하셔서 식당 들어갈때부터 기분이 좋고 더 좋은 식사자리가 된 것 같아요!"
nv_38595508,방이편백 육분삼십 방이원조점,잠실,고깃집,,1642,,,편백찜이나 샤브샤브도 맛있지만 새우장덮밥이나 소고기덮밥도 맛있어요.
nv_1777416152,임금돼지 잠실,잠실,고깃집,,9142,,,"너무나 멋진 인테리어에 분위기도 좋은데 고기를 너무나 맛있게 잘 구워주시고 맛도 정말 맛있어요.
고기가 생각나는 날에는 꼭 오고 싶은 곳이에요.
그리고 고기는 물론 이고 사이드 메뉴도 다 맛있는데 특히 된장찌개는 정말 시원하고 맛있네요."
nv_1777416152,임금돼지 잠실,잠실,고깃집,,9142,,,벌써 여러 번 방문한 인증된 맛집입니다. 예약이 꽉 차있어서 자리가 있을까 하며 워크인 방문했는데 운 좋게 들어갈 수 있었어요! 여러번 방문한 곳인데도 매번 올 때마다 감동을 주는 맛이라 온 보람을 느끼고 가네요. 다음에도 또 올게요!
nv_1777416152,임금돼지 잠실,잠실,고깃집,,9142,,,숙성고기가 이렇게 맛있을지 몰랐어요. 너무 만족스럽습니다. 솔잎 향까지 입혀주시는데 너무 대접 받는 느낌이에요 ~ 모임 장소로도 당연 으뜸!!! 고기도 너무 잘 구워주시고 다음에도 또 올꺼에요. 극 강추 !!!!👍👍👍
nv_1777416152,임금돼지 잠실,잠실,고깃집,,9142,,,YBD품종의 맛난 돼지고기를 구워주는 곳이라 상호가 임금돼지인 석촌호수 옆 맛집입니다. 구성도 좋고 고기 맛도 아주 좋습니다. 곁들임 젓갈도 아주 조화롭습니다. 화로에 직접 직원분들께서 맛나게 구워 주시는 점이 참 좋습니다.
nv_1777416152,임금돼지 잠실,잠실,고깃집,,9142,,,"깔끔하고 정갈한 상차림이 돋보이는 송파 고깃집 #임금돼지 🐷
기와와 전통 창살을 활용한 인테리어부터 디테일이 살아있는 곳이에요. 기본 찬 세팅이 군더더기 없이 엄청 깔끔하게 나오고, 고기에 곁들여 먹을 소스(명란, 와사비 등)가 다양해서 취향껏 즐기기 좋습니다. 17일간 교차 숙성한 고기를 쓴다는데 매장 분위기도, 상차림도 청결해서 기분 좋게 식사하기 딱 좋은 곳이네요. 깔끔한 고깃집 찾으시는 분들께 추천합니다!"
nv_1777416152,임금돼지 잠실,잠실,고깃집,,9142,,,분위기도 깔끔하고 친절하고 고기질도 좋아요. 처음 들어가서 반찬이 너무 정갈하게 나와서 그것부터 기분이 너무 좋았어요. 옷 보관 락커도 개별로 따로 있어서 편리해요. 너무 편안하게 맛있게 먹고 왔어요:)
nv_1777416152,임금돼지 잠실,잠실,고깃집,,9142,,,임금돼지만의 특별메뉴인 교차 숙성진상등심을 이분 시켜 먹어보았습니다. 삼겹살 알등심 새우살 가브릿살 갈빗살을 한꺼번에 즐길 수 있다고 했는데 고기를 시켰는데도 다양한 종류의 고기 맛을 즐길 수 있어서 너무 좋았습니다. 그리고 여기는 늘 그렇듯이 다양한 반찬이 정갈하게 나와서 같은 가격대에 돼지고기를 굉장히 고급스럽게 즐길 수 있는 곳이어서 늘 만족하는 곳입니다.
nv_1777416152,임금돼지 잠실,잠실,고깃집,,9142,,,"전부터 꼭 가보고 싶었던 고기집인데, 기대 이상이었어요.
숙성 고기 퀄리티는 물론이고 밑반찬, 그릴링 서비스까지 다른 고기집과는 확실히 차별화된 느낌이었습니다. 매장도 깔끔하고 분위기도 좋아서 식사하는 내내 만족스러웠어요. 무엇보다 고기 맛이 정말 훌륭했습니다
재방문 의사 100%입니다👍"
nv_1777416152,임금돼지 잠실,잠실,고깃집,,9142,,,"잠실 임금돼지에서 한정 메뉴인 상등심을 맛보고 왔습니다. 고기 위에 올라간 금가루부터 비주얼이 예사롭지 않은데, 두툼한 고기에서 터져 나오는 진한 육즙과 부드러운 식감이 정말 일품이네요.
특히 명란, 와사비, 각종 장아찌 등 밑반찬과 소스 라인업이 화려해서 고기 한 점마다 색다른 조합으로 즐길 수 있는 게 큰 장점입니다. 함께 구워주는 파인애플과 대파, 꽈리고추의 풍미도 고기 맛을 한층 살려주더군요. 깔끔하고 고급스러운 분위기에서 퀄리티 높은 돼지고기를 즐기고 싶은 분들께 강력 추천합니다!"
nv_1777416152,임금돼지 잠실,잠실,고깃집,,9142,,,"고기질이 정말 좋구요
올때마다 만족하고 갑니다
볶음밥이랑 된장술밥 둘다 진짜 맛있습니다…
고기 직접 구워주시는데 딱 맛있게 잘 구워주세요👍🏻"
nv_945953846,일월고기,잠실,고깃집,"별점
4.54",4,,,"벚꽃구경후 저녁먹으러 방이동 먹자골목와서
가성비좋은 고깃집찾아왔는데 세트메뉴가 가성비좋구
여러가지 먹을수있어서 넘좋았어요"
nv_945953846,일월고기,잠실,고깃집,"별점
4.54",4,,,"2025년 마지막 식사...!!!
잠실에서 카운트다운하기 전 방문했어요
마감 바로 전이라 못들어가는줄 알았는데
쏘 럭키 ㅠㅠㅠㅠ
맛있는 고기 먹고 새해를 맞이했어요!
고기는 너무 맛있었고 된찌도 맛있었음
계란찜은 좀 아쉬웠음 ㅜㅜ"
nv_945953846,일월고기,잠실,고깃집,"별점
4.54",4,,,"고기 너무 맛있어요 !!
껍데기가 별미에요 ㅎㅎㅎ
고기도 다 구워주셔서 먹기만 하면되서
너무 좋습니다 🙏🏼♥️"
nv_945953846,일월고기,잠실,고깃집,"별점
4.54",4,,,고기가 많고 곁들여 먹는 음식도 많아서 정말 좋습니다!!💞💞 직원분들도 친절하세용 사이드 메뉴도 마싯음!! ‼️‼️🍓🍓💞💞❣️❣️
nv_945953846,일월고기,잠실,고깃집,"별점
4.54",4,,,예약하고 이용해서 가게 도착하자마자 자리 안내받아서 바로 이용했어요 ! 고기 주문하면 구워주시고 첫 고기는 명이나물이랑 미나리에 와사비까지 해서 고기 싸서 각자 주시는데 진짜 맛있어요 !! 2차 술집까지 연계로 있어서 단체모임하기 좋은 거 같아용 ㅎㅎ
nv_945953846,일월고기,잠실,고깃집,"별점
4.54",4,,,"아이랑 왔는데 고기 엄청 맛있구
삼겹살이 짱이요 소스랑
치즈랑 같이 먹으면 맛있어요!"
nv_945953846,일월고기,잠실,고깃집,"별점
4.54",4,,,"1. 고기 퀄리티가 정말 좋고 한입 먹자마자 만족감이 느껴졌어요.
2. 육즙이 살아있어서 끝까지 맛있게 먹을 수 있었습니다.
3. 매장 분위기가 깔끔하고 편안해서 식사 내내 기분이 좋았어요.
4. 조명과 음악 분위기도 잘 어우러져서 데이트 장소로도 괜찮을 것 같습니다.
5. 직원분들도 친절해서 전체적인 만족도가 더 높았습니다.
6. 반찬 구성도 알차고 고기와 조합이 잘 어울렸어요.
7. 양 대비 가격이 부담스럽지 않아서 가성비가 좋다고 느꼈습니다.
8. 이 정도 맛과 분위기면 가격이 꽤 합리적인 편인 것 같아요.
9. 친구들이랑 편하게 오기에도 좋고 재방문 의사 있습니다.
10. 맛, 분위기, 가격까지 전체적으로 균형이 잘 잡힌 고깃집이었어요."
nv_945953846,일월고기,잠실,고깃집,"별점
4.54",4,,,"동료들과 예약후.이용했는데 대인원이라 룸 같은 곳 주셔서 프라이빗 하게 신나게 웃고 떠들었습니다
고기도 구워주시고 고사리 미나리 같이 구워 먹으니 더 맛있었어요
껍데기 볶음밥이랑 비빔냉면도 맛나고 세트메뉴에 구성된 김치찌개도 녹진하니 맛났어요
추천!!"
nv_945953846,일월고기,잠실,고깃집,"별점
4.54",4,,,"잠실 야구장 기아 응원전 검색하고 검색한 이곳~~일월고기!
가족여행으로 점심 든든히 먹고 출발! 맛도최고! 친절하게 구워주시는 편한함까지~~세트메뉴에 맛있어서 추가로 주문! 다음에 올때도 방문 강추!"
nv_945953846,일월고기,잠실,고깃집,"별점
4.54",4,,,불판에치즈가있어서같이먹으니궁합이맞더라구요.전개인적으로삼겹살목살보다항정살이더고소하고맛났어요.종업원들도젊고근데설명이없어서좀안타깝더라구요.초저녁인데도다른고기집들은은텅텅비어있는데여기만꽉차있었습니다.대단한인기맛집인거같아요.더욱더번창하시길바래요~
nv_36886211,신천돼지 잠실본점,잠실,고깃집,"별점
4.73",4,,,"잠실새내 돼지는 여기서만 먹어요
엄청 많이 왔는데 리뷰 잘 안쓰거든요
리뷰 쓰면 계란찜 주는 이벤트중.. (최고)
여기 명이나물도 있고 고기도 구워주셔서 넘 좋아요
밤 늦게까지 해서 운동 후 단백질 챙기기 굿"
nv_36886211,신천돼지 잠실본점,잠실,고깃집,"별점
4.73",4,,,"고기도 너무 맛있고 맛있는 반찬이 많아요!!파채, 양파절임,명이나물, 씻은 묵은지 구이,고사리에 김치찌개도 서비스로 줘서 반찬의 축복이 끝이 없습니당!!고기는 당연이 질 좋고 너무 맛있어요!!직원들이 직접 구워주셔서 편하게 넘넘 맛있게 먹었습니다!!"
nv_36886211,신천돼지 잠실본점,잠실,고깃집,"별점
4.73",4,,,"고기 구워주셔서 편하게 먹었습니다. 살짝 안익은 느낌도 있었는데 사람마다 느끼는 편차가 있을겁니다.
고기질이 좋았고 기본 구성이 알차더군요!
기본으로 나오는 김치찌개도 맛있고 물냉은 무난했습니다!"
nv_36886211,신천돼지 잠실본점,잠실,고깃집,"별점
4.73",4,,,"고기 질도 좋고 음식이 전체적으로 정말 맛있었어요!!
직접 고기를 구워주셔서 편하게 먹을 수 있었고, 굽기 정도도 딱 좋게 잘 구워주셔서 더 맛있게 느껴졌어요 😊
밑반찬 종류도 다양하게 나와서 이것저것 곁들여 먹는 재미가 있었고, 반찬 하나하나도 정갈하고 맛있었습니다.
직원분들도 친절하셔서 기분 좋게 식사했고, 전체적으로 만족도가 높아서 다음에도 재방문하고 싶은 곳이에요!"
nv_36886211,신천돼지 잠실본점,잠실,고깃집,"별점
4.73",4,,,"삼겹살이 너무 맛있어서 다시 방문 하였습니다.
역시 맛있네요.
친절하고 밑반찬도 맛있고 다음에 단골 예약입니다."
nv_36886211,신천돼지 잠실본점,잠실,고깃집,"별점
4.73",4,,,예전에 우연히 먹으러와서 넘 맛있게 먹었던 기억이 있어서 또 왔어요!! 오늘도 역시 넘 맛있어요 ㅠㅠ 잡내도 없고 고기 완전 두툼해요 또 올게요!!!
nv_36886211,신천돼지 잠실본점,잠실,고깃집,"별점
4.73",4,,,일단 다들 엄청 친절하셔서 너무 좋아요. 고기 직접 구워주시구요. 삼겹살 겉바속촉으로 구워주시고 목살은 진짜 부드럽게 구워주세요. 기본반찬도 많이 나오고 멜젓도 나와요. 기본으로 김치찌개 나오는데 맛도좋고 양도 많아요. 정말 맛있습니다. 이렇게 날 좋은날에는 문도 활짝 열어놔서 분위기도 좋아여!!!
nv_36886211,신천돼지 잠실본점,잠실,고깃집,"별점
4.73",4,,,"지난번에 우연히 와봤는데 맛있어서 두번째 방문해요!
삼겹살 한판인데 양도 많고 질도 좋아요
당연히 구워주시구요!"
nv_36886211,신천돼지 잠실본점,잠실,고깃집,"별점
4.73",4,,,"고기 신선해요!! 특히 묵사발 짱맛도리ㅠ
야구 끝나고 어ㅏㅆ는데 늦은 시간까지 매장 운영하시는 거 같아요!! 럭키다 럭키얌🍀✨✨💗💗"
nv_36886211,신천돼지 잠실본점,잠실,고깃집,"별점
4.73",4,,,추천받아서왔는데 진짜 너무 맛있고 고기도 다구워주셔서 좋아요!!!! 고기도 엄청 두툼하고겉바속촉하게 잘구워주세요 ㅠㅠㅠㅠㅠ 잠실새내 최고맛집입니댜
nv_37915192,미강식당,잠실,고깃집,"별점
4.84",4,,,"미강식당 삼겹살 2인분 주문했는데 고기도 신선하고 맛있게 잘 먹었습니다.
삼겹살 구성이 깔끔하고 양도 만족스러웠어요.
리뷰 서비스로 받은 계란찜도 부드럽고 따뜻해서 같이 먹기 좋았습니다.
다음에도 또 주문할게요!"
nv_37915192,미강식당,잠실,고깃집,"별점
4.84",4,,,맛있다고 소문난 집이라 방문했어요 항정상 삼겹살 목살 껍데기 다 차원이 달라요! 너무너무 맛있게 먹었어요 ㅎㅎ 이모님께서 정말 친절하게 구워주시고 먹는 법도 설명해주셔서 더 맛있게 먹은 것 같아요~ 자주 방문할게요!
nv_37915192,미강식당,잠실,고깃집,"별점
4.84",4,,,"너무 좋아하는 미강식당입니다^^
고기질 너무 좋고 친절하고 무튼 최고랍니다♡"
nv_37915192,미강식당,잠실,고깃집,"별점
4.84",4,,,"직원분들이 초벌해서 가져다주셔서 오래 기다리지 않고 편하게 먹기 좋았고, 전체적으로 고기 퀄리티도 좋았습니다. 특히 항정살이 정말 맛있었는데, 너무 무겁지 않게 고소하면서 식감도 좋아서 가장 기억에 남았어요👍

같이 주문한 껍데기도 쫀득쫀득한 스타일이라 술이랑 잘 어울렸고, 계란찜은 은근 꼭 같이 시켜야 하는 메뉴 느낌이었어요 ㅋㅋ 고기랑 같이 먹으니 조합이 딱 좋더라구용

그리고 밖에 작은 게임기들도 있어서 아이들이 좋아할 것 같았어요
가족끼리 외식하러 오기에도 분위기가 괜찮아 보였던 곳!담엔 가족들이랑 올 예정입니다 😆"
nv_37915192,미강식당,잠실,고깃집,"별점
4.84",4,,,"야채 구성이 다양해서 좋고, 숯불로 한번 구워주셔서 먹기 좋네요 ㅎㅎ 고기도 넘 맛있어요ㅜ!! 비오는날에는 역시 삼겹살 !!"
nv_37915192,미강식당,잠실,고깃집,"별점
4.84",4,,,"다들 저녁시간대 리뷰만 있어서
미강식당이 최근? 점심식사도 가능해서 다녀왔습니다.!
점심시간을 조금 지나서 방문했는데 쾌적했습니다.
반찬은 분홍소세지랑 무말랭이 김 오이지 가 나왔고
계란은 셀프로 후라이 해서 먹을 수 있었어요.
밥은 수향미로 맘껏 드실 수 있구요.!!
반찬중에 김이 참 직접구우셨는지.. 너무 맛있었구요.
후라이할때 미니 뒤집개가 너무 귀여웠어요.
메인은 고추장삼겹살과 부대찌개 외 왕갈비된장찌개도
있었습니다.! 맛은 말할것도 없이 불향 진하게 나고
부대찌개도 라면사리도 들어있고 알찼습니다.!
직원분들이 부족한 반찬이나 밥 국을 계속 챙겨주셔서
너무 편안하고 맛있게 잘 먹었습니다.!!
이젠 미강식당 점심식사도 가능하니까 많은 분들이
방문하셨으면 좋겠어서 남겨봅니다.!!"
nv_37915192,미강식당,잠실,고깃집,"별점
4.84",4,,,기본셋팅으로 나오는 반찬도 구성이 좋고 맛이 있고요. 고기도 초벌해서 가져다주시고 고기 맛도 괜찮고 계란찜 치즈 김치 마늘이 사이드에 셋팅되어있는것도 좋고 사람 많을 이유가 있는거 같네요. 후식도 다 맛있어요 계란찜 주먹밥 맛있고 반반냉면도 별미임
nv_37915192,미강식당,잠실,고깃집,"별점
4.84",4,,,"집근처라 자주 찾던곳인데 이사가서도 미강식당 고기랑 서비스 생각나서 찾아왔네요
맛있어요~야채랑 곁들임 반찬들도 최고입니다"
nv_37915192,미강식당,잠실,고깃집,"별점
4.84",4,,,"맛있게 먹을거리가 많네요 ㅎㅎ
고기 질도 좋구 파절이 맛있어요~♡
숯불에 파 구워먹는거 좋아하는데
여기서 캠핑느낌 내고 가네요
아! 껍데기 꼭 드세요!!!!! ㅋ
완전 껍데기 맛집ㅋㅋㅋㅋ
직원분들도 친절하세요~~ㅎ
번창하세요~~♡"
nv_37915192,미강식당,잠실,고깃집,"별점
4.84",4,,,"사랑하는 와잎님, 아들, 딸과 교회마치고 바로 잠심 맛집 미강식당으로 달려왔어요!!

잠실쪽에 잠실 고기집 맛집 찾다가 발견한 곳인데요, 이번에 가족외식으로 제대로 대만족하고 왔어요!!

이날 우리가족 메뉴는 두툼 삼겹살 3인(19,000원 x 3), 육즙 목살 1인(19,000원), 벌집 껍데기 1인(9,000원), 모짜치즈 폭탄 계란찜(6,000원), 날치알 주먹밥(4,000원), 수향미공깃밥 2인(1,500원 × 2) 로 제대로 플렉스하고 왔어요!!

잠실 맛집! 잠실 삼겹살 맛집 찐 인정드리고요, 바나나와 각종 채소 구워주시는것도 다 넘 맛있었어요!! 주차도 잘했고, 일단 다 구워주셔서 엄청 편하게 잘먹고갑니다.

잠실 고기집 맛집 미강식당 흥하세요!! (밥먹고 아이스크림까지 대만족이었어요!)"
nv_1294739076,옥봉갈비 잠실점,잠실,고깃집,,3878,,,"동네 맛집입니다. 사람 없는걸 본적이 없어요.
양념갈비 정말 맛있고 다 구워주셔서 편리하고 맛있게 먹을 수 있습니다. 매장 분위기가 밝고 쾌적해서 아이와 함께 고기 먹고 싶을 때 꼭 오는 곳입니다. 또 올게요."
nv_1294739076,옥봉갈비 잠실점,잠실,고깃집,,3878,,,"옥차림 세트시킴
음식들 깔끔하게 나오고 찌개도 맛있어요
오래 기다릴줄 알았는데 앞에 1팀 웨이팅있었고
10분내로 빨리 들어옴
지나가다 와봐야지 했었는데 오늘 드디어 옴
맛있게 먹고 갑니다"
nv_1294739076,옥봉갈비 잠실점,잠실,고깃집,,3878,,,아이들이 정말 좋아하는 음식점입니다! 아이 생일에 옥봉갈비에서 정말 좋은 기억 만들었네요!
nv_1294739076,옥봉갈비 잠실점,잠실,고깃집,,3878,,,"처음 방문했는데 직원들도 친절하시고 갈비가 너무 맛있어요, 또 계란찜에 치즈가 들어가있어서 너무 좋네요ㅎㅎ 다음에 또올게요"
nv_1294739076,옥봉갈비 잠실점,잠실,고깃집,,3878,,,"급하게 생갈비가 먹고싶어서 찾아서 왔는데 너무!! 맛있어요 ㅠㅠ 보름 동안 해외 나가있어서 맛있게 한식 먹고 싶었는데 대성공.. 생갈비 지방이랑 고기 비율 넘 갓벽하고, 김찌 말모.. 청국장 안 먹어봐서 말 못 하는데 김찌 꼭 드세요 !!! 담에 또 올거 같아요💓"
nv_1294739076,옥봉갈비 잠실점,잠실,고깃집,,3878,,,"고기가 불맛이 맛있어요.
잡내없이 맛있어요.
두번째 온집입니다.
반찬도 깔끔하니 맛있어요.
고기도 처음엔 구워주시니 편해요.
바쁜시간 피해서 한가한 시간에 오면 좀더 구워주실듯 해요.
옥봉갈비 잠실새내 방문 추천합니다.
바쁜집이니 친절은 기대를 조금 내려놓으세요~
고기 구워주시는 분은 잘 설명해 주시네오.
암튼 맛있어요."
nv_1294739076,옥봉갈비 잠실점,잠실,고깃집,,3878,,,룸에서 먹어서 그런지 대화에 집중할수있고 조용해서 너무 좋아요. 고기도 구워주시고 직원분들도 친절하세요.심지어 고기맛도 너무맛있고 계란찜에는 치즈도 들어가요. 밑반찬도 다양하고 필요한항목들은 주문하면 빠르게 가져다주셔서 너무 좋아요
nv_1294739076,옥봉갈비 잠실점,잠실,고깃집,,3878,,,"""돼지 생갈비 맛집!""

승리의 맛: 기분 좋게 직관 7연승 찍고 저녁 먹으러 방문. 일요일 오후 5시 반임에도 거의 만석일 정도로 잠실새내 핫플다움.

생갈비의 퀄리티: 삼겹살이 붙어있는 생갈비 부위로 시작. 왕십리 '무학'과 비슷한 느낌인데 육즙도 풍부하고 맛이 훌륭함.

그릴링 서비스: 서버분이 정말 정성껏 구워주심. 이분만 그런 건지 전체 교육인지는 모르겠으나 대접받는 느낌 제대로.

양념갈비와 육회: 생갈비에 비해 양념갈비는 특유의 한약재 같은 향이 호불호를 탈 듯함. 네이버 리뷰 이벤트로 받은 육회는 구성상 큰 매력은 없는 편."
nv_1294739076,옥봉갈비 잠실점,잠실,고깃집,,3878,,,"봉갈비세트 먹었어요~
서울에 거주하면서 먹은 갈비집 중에 손에 꼽힐 정도로 맛있어요!!!
갈비살도 부드럽고 짠 갈비 안좋아하는데 적당히 짭짤하고 달달하네요~^^
사랑하는 지인과 함께 방문하기 좋아보입니다."
nv_1294739076,옥봉갈비 잠실점,잠실,고깃집,,3878,,,"갈비가 먹고싶어서 급 검색해서 왔는데
양념게장이 포함된 세트가 있어서 너무 좋았습니다!
양념게장이랑 고기랑 같이 먹을 수 있다니 최고애오👏"
nv_1257495305,고도식 본점,잠실,고깃집,"별점
4.45",4,,,여기 저번부터 지도에 저장해놔서 꼭 와보고 싶었는데 드디어 왔어요 ㅎㅎ 소문대로 기본 반찬들이(특히 콘샐러드 미쳤서여 ㅋ) 너무너무 맛있고 고기는 당연히 마싯네요.. 다 똑같은 돼지고기 아니구 여긴 넘넘 쫀득하고 부드럽고 마싯어요..제 기준 송리단길 맛집 잘 없는데 여긴 진짜 너무 마싯어요 또 올게여...
nv_1257495305,고도식 본점,잠실,고깃집,"별점
4.45",4,,,진짜 괜찮은 곳입니다. 비오는날 여친 데리고 고기먹으러왔는데 진짜 맛있어요!! 매장이 시끄럽지 않고 직원분들도 친절하게 고기구워주시고 해서 편하게 먹고 갑니다. 근처 회사 다니는데 종종 와야겠어요!!!!!!
nv_1257495305,고도식 본점,잠실,고깃집,"별점
4.45",4,,,"송리단길에서 분위기 좋게 고기 먹고 싶다면 추천하고 싶은 곳!
고도식은 직원분들이 직접 구워주셔서 편하게 먹기 좋았고, 고기 굽기 상태가 진짜 딱 좋았어요. 겉은 바삭하게 익고 안은 촉촉해서 식감이 엄청 좋았음!

특히 고기 자체가 잡내 없이 깔끔하고 육즙이 살아있어서 한입 먹자마자 “아 여기 잘한다” 느낌 😳
기본 반찬들이랑 조합도 좋고, 같이 나온 소스들 하나씩 찍어먹는 재미도 있었어요.

매장 분위기도 깔끔하면서 살짝 힙한 느낌이라 데이트나 친구랑 저녁 먹기 좋은 곳 같아요.
송리단길에서 웨이팅 있는 이유가 이해됐던 고깃집! 다음에 또 방문 의사 있음 👍"
nv_1257495305,고도식 본점,잠실,고깃집,"별점
4.45",4,,,"소피텔 파티 갔다가 배고파서 고기먹자 하다가 생각나서 고도식 다녀왔어요 ㅎㅎ
워낙 유명한 곳이기도 하고 주말저녁이라 웨이팅 있길래 이정돈가? 싶었는데 먹어보니 왜 인기 많은지 알겠더라구요.
알등심 처음 먹어봤는데 생각보다 엄청 부드럽고 육즙이 많아서 놀랐어요. 직원분이 직접 구워주시니까 편하게 먹기 좋았고 굽기도 딱 좋게 해주셔서 더 맛있게 먹은 느낌! 같이 주시는 북어포소금 찍어먹는 조합도 은근 계속 생각나요 ㅠㅠ
천겹살은 겉은 바삭하게 익고 안은 촉촉한 느낌이라 술이랑 잘 어울렸고, 찌개도 칼칼하니 굿. 주물럭은 간간해서 소주안주로 딱이였어요 마지막 볶음밥까지 완벽 했어요"
nv_1257495305,고도식 본점,잠실,고깃집,"별점
4.45",4,,,"친구 추천으로 방문했어요~ 주말이었지만 다행이 많이 안 기다리고 들어올 수 있었어요(5시 20분 방문) 고기가 정말 부드럽고 일반 돼지고기랑 느낌이 다르게 맛있어요 ㅎㅎㅎ김치찌개도 밥도둑임 …ㅠ 데이트, 모임 장소로 추천합니다!!!"
nv_1257495305,고도식 본점,잠실,고깃집,"별점
4.45",4,,,"엄마 모시고 송리단길 왔다가 방문하게 됐어요!!
고기 너무 맛있고 찌개며 반찬, 양념 하나하나 너무 맛있고 사장님도 친절하셔서 너무 좋은 식사였습니당 ᵒ̴̶̷̥́·̫ᵒ̴̶̷̣̥̀
다음에 또 올게요!! 😊"
nv_1257495305,고도식 본점,잠실,고깃집,"별점
4.45",4,,,"고기 육즙이 가득 담게 직원분들께서 잘 구워주셔서 우선 먹기 편합니다. 고사리랑 같이 양념장에 같이 고기먹으면 기가 막히는데 시원한 하이볼까지 한모금하면 입안도 깔끔해지는 마법.
테이블도 넓고 기본찬도 탄탄해서 아주 맛있게 잘먹었습니다😆👍"
nv_1257495305,고도식 본점,잠실,고깃집,"별점
4.45",4,,,"송리단길 왔다가 냄새에 이끌려서 웨이팅 등록했어요…

앞에 6팀 있었는데 대기 시간은 10분 내외였어요!
2인세트(트러플 계란찜)해서 63000원이었고
구워주시는게 좋았어요

밑반찬 전부 다 맛있고 깔끔했어요~~!!

데이트 하면 한 명은 계속 굽기만하고 그래서 좀 불편한데 구워주는게좋았고 고기 질도 좋았어요!
추천합니당 ᵔ ̫ ᵔ"
nv_1257495305,고도식 본점,잠실,고깃집,"별점
4.45",4,,,"2인 세트로 뼈등심이랑 삼겹살 같이 나오는 구성인데, 뼈등심 비주얼부터 압도적임. 겉은 바삭하게 시어링되어 있고 속은 촉촉한 게 구워져 나오는 스타일이라 그냥 먹어도 충분히 맛있음. 반찬 세팅도 알차게 나오는데 백김치, 감자샐러드, 볶음 반찬에 와사비소스, 소금, 후추까지 취향껏 찍어 먹을 수 있어서 좋았고, 순두부찌개랑 계란찜도 기본으로 나오는 건지 같이 세팅돼서 든든했음. 여기 하이볼도 선택지가 있는데 산토리 하이볼이랑 과일 베이스 하이볼 둘 다 고기랑 페어링 진짜 잘 됨. 고기 구워 먹으면서 하이볼 한 잔 하기 딱 좋은 분위기. 가성비도 나쁘지 않고 전반적으로 만족스러운 방문이었습니다. 또 올께요!"
nv_1257495305,고도식 본점,잠실,고깃집,"별점
4.45",4,,,"유명하다고 말로만 듣다가 처음 가봤는데
이번에 제대로 알았어요.
그만큼 이유가 있는 맛집이라는 사실을요.

방이동 고깃집 찾을 때 이거 줄도 길고 사람도 많아서 항상 궁금했는데 고기 자체가 맛이 달라요

처음 느껴보는 그런 식감이랄까 그런데도 정말 맛있고 고기 한 점 한 점이 사라지는 게 아까운 맛집이었어요.

거기다 다양한 하이볼까지 먹을 수 있어서 이런 곳은 정말 마음에 쏙 드는 곳이고 내 돈 내산으로 재방문할 수 있는 방이동 맛집이었죠.

방이동 먹자. 골목에서 흔하지 않은 특별한 고기. 그렇지만 한 점 한 점 식감과 육즙이 제대로인 고기 드시고 싶으신 분들은 방이동 먹자골목 맛집 고도식 방문하시는 거 추천해요.

#최치타 #방이동맛집 #방이동먹자골목맛집"
nv_1802639871,펍휘트니,잠실,호프/통닭,,887,,,"대형 스크린으로 야구랑 축구 경기 보면서 맥주 한잔하기 딱 좋은 펍! 분위기도 편안해서 맥주, 칵테일, 위스키까지 천천히 즐기기 좋았어요. 무엇보다 대관료 없이 단체 예약이 가능해서 친구들 모임이나 회사 회식 장소로도 부담 없이 추천할 만한 곳입니다🩷"
nv_1802639871,펍휘트니,잠실,호프/통닭,,887,,,"분위기 진짜 좋은 잠실새내펍
자주는 못오지만 틈틈히 오려고 노력중입니다😭😭
노래도 여전히 좋고 오락시설도 새로 생긴것 같더라구요!! 저는 혼자와서 놀다가지만 모임 단체회식으로도 적합한 장소여서 추천드립니다🥰🥰 음식 너무 맛있구 칵테일 종류도 엄청 많아서 만족스럽게 이용하구 갑니다 다음에 또 들릴게요😍😍"
nv_1802639871,펍휘트니,잠실,호프/통닭,,887,,,매장이 엄청나게 넓고 좌석이 많아요. 단체모임하기 좋아보임. 여기저기 모니터 화면이 많아서 확실히 야구경기 보기 편함.탭맥주 종류도 많고 기네스랑 스텔라 인증매장이라해서 마셔봣는데 엄청 부드럽고 맛잇음. 그리고 고구마튀김 진짜 너무 겉바속촉 미텻음 ㅠ 그냥 가볍게 맥주안주 먹으려고 시킨건데 반함..
nv_1802639871,펍휘트니,잠실,호프/통닭,,887,,,"드디어 와보고 싶었던 곳에 다녀왔어요! 일단 들어서자마자 반겨주시는 직원분들이 너무 친절하셔서 기분이 좋았는데, 테라스 자리가 진짜 치트키네요. 🌿
칵테일 비주얼도 너무 예뻐서 사진 오백 장 찍은 것 같아요. 살랑살랑 바람 부는 테라스에서 예쁘게 꾸민 분들과 도란도란 이야기 나누다 보니 여기가 천국인가 싶더라고요. 혼자 와서 여유 부리기에도 좋고, 파티 분위기 내기에도 딱이에요.
섬세한 서비스 덕분에 대접받는 기분 제대로 느끼고 갑니다. 재방문 의사 200%예요! 🍸💖"
nv_1802639871,펍휘트니,잠실,호프/통닭,,887,,,"매번 방문할 때마다 항상 친절하게 맞아주셔서 기분이 좋아요 😊
맥주도 정말 맛있고, 스포츠 경기까지 볼 수 있어서 더 좋네요!
사실 맥주를 잘 못 마시는 편인데… 여기서는 너무 맛있어서 계속 마시게 돼요 🍺
안주도 하나같이 다 맛있고, 무엇보다 매니저님이 친절하시고 너무 좋아요 ㅎㅎ"
nv_1802639871,펍휘트니,잠실,호프/통닭,,887,,,야구보기 넘 좋아요ㅎㅎ 홈 중계도 틀어주고 맥주세트도 넘 좋아요ㅎ 코젤다크 기네스 스텔라 블랑 다 맛나요ㅋ 단골입니당ㅎㅎ
nv_1802639871,펍휘트니,잠실,호프/통닭,,887,,,"잠실에 스포츠경기랑 펍을 같이 즐길수있는 곳이 있다고 해서 처음 와봤는데 가니깐 사람들도 많고 야구나 축구경기도 여러 사람들이 응원하면서 볼 수 있어서 정말재밌었고 음식 맛도 좋아서 중요한 경기 있는 날에는
꼭 와서 보면 좋을거 같아요!! 잠실에서 경기 보면서 맛있는 음식 먹고 싶으시면 강추드립니다👍🏻👍🏻"
nv_1802639871,펍휘트니,잠실,호프/통닭,,887,,,"분위기 넘 좋구 안주 맛도리......ㅎㅎ
야구축구할때 단체로오면 너무 좋을것 같아여 혼자와도 좋고 친구랑 와도 좋고 게임기도있고 다트도있음 스트레스 다풀고갑니다 !!!가성비 좋은 펍 찾으시면 펍휘트니 추천할게요 !!!"
nv_1802639871,펍휘트니,잠실,호프/통닭,,887,,,피자 완전 맛집 !!!!! 하이볼 맛집
nv_1802639871,펍휘트니,잠실,호프/통닭,,887,,,"잠실새내역과 종합운동장역 중간에 위치해있어서 접근성이 뛰어난 잠실새내 술집 펍휘트니!! 넓은 장소이고, TV도 크고 많이 배치가 되어있어서 스포츠관람하기에도 좋은 장소입니다.
음식도 맛있고, 특히 피자는 주문하자마자 수제도우로 만들어서 치즈가 쫀뜩쫀뜩하고, 부드럽습니다. 치킨텐더는 큼지막하고 촉촉하고 부드럽습니다. 소스는 살사소스와 머스타드 소스가 제공되는데 기호에 따라 찍어드시면 더욱 맛있게 드실 수 있습니다. 이 때 마침 2026WBC 경기가 있어서 사람들이 많았고, 그래서 그런지 현장에서 보는듯한 현장감을 느꼈습니다"
nv_2001023148,리얼펍 잠실새내점,잠실,호프/통닭,,244,,,사장님 센스가 대박 장난 아닙니다~! 오랫동안 SSG랜더스 응원한 야구팬인데 그거 아시고는 SSG 준비해주시는 섬세함에 감동 한 스푼 받았답니다ㅜㅠ 야구시즌이 다가왔는데 맛있는 음식을 먹으면서 맛있는걸 느끼는 재미만 느끼는게 아니라 보는 재미까지 만들어주셔서 매우 좋았습니다☺️☺️ 사장님의 친절함과 감동을 주는 섬세한 센스 재방문할 이유가 생겼습니다
nv_2001023148,리얼펍 잠실새내점,잠실,호프/통닭,,244,,,"잠실새내에 새로생겨서 다녀와본 리얼펍 잠실새내점. 대형 TV가 총 4대로 어느 각도에서도 TV를 볼 수 있어서 사각이 없고, 스포츠 관람에 최적화된 곳이었습니다. 안주도 이색적이면서도 맛있는 것들이 많아서 곧 야구 개막하면 야구 관람펍으로서도 자주 오고 싶은 곳! 생긴지 얼마안돼서 너무 깔끔하고, 특히 맥주가 너무 신선하고 맛있어요. 여기 가시면 특히 코젤 강추드려요!"
nv_2001023148,리얼펍 잠실새내점,잠실,호프/통닭,,244,,,"리얼펍 잠실새내점 낮술하러 다녀왔는데 분위기 너무 좋아서 제대로 힐링하고 왔어요🍻
잠실새내에서 이렇게 편하게 낮부터 한잔할 수 있는 곳 찾기 쉽지 않은데 음악 분위기도 좋고 매장도 넓어서 친구들이랑 오기 딱 좋더라고요ㅎㅎ

안주도 생각보다 퀄리티 괜찮고 술이 술술 들어가는 느낌..! 직원분들도 친절해서 기분 좋게 있다 왔습니다. 낮이라 한가할 줄 알았는데 은근 사람도 많고 다들 여유롭게 즐기는 분위기였어요
사징님부자되세여"
nv_2001023148,리얼펍 잠실새내점,잠실,호프/통닭,,244,,,"야구보고 오기 딱 좋아요
스크린 짱 많고 다시보기도 틀어줘요
안주도 맛있어요 야구장은 맥주자나요 이어서 먹기 좋어요
여름은 살얼음생맥이니까요
또놀러올게요~~"
nv_2001023148,리얼펍 잠실새내점,잠실,호프/통닭,,244,,,"요즘 트렌드에맞게 적은용량의 맥주를
즐길수있어서 좋았습니다 저렴한 안주로
다양하게 시킬수있고 코젤다크 생도있어요
여름에와서 살얼음 맥주먹어봐야겠습니다~"
nv_2001023148,리얼펍 잠실새내점,잠실,호프/통닭,,244,,,"잠실새내 리얼펍 살얼음맥주 방문했는데 분위기부터 시원하게 살아있어서 좋았어요.
살얼음맥주는 진짜 끝까지 시원함 유지돼서 술이 술술 들어가고,
바지락술찜은 국물이 깔끔하면서도 깊어서 해장 느낌까지 납니다.
파스타면 추가해서 먹으니까 양도 든든하고 완전 별미였어요.
가볍게 한잔하기도 좋고, 안주 맛집으로 재방문 의사 있습니다 👍"
nv_2001023148,리얼펍 잠실새내점,잠실,호프/통닭,,244,,,"술마시러 잠실새내 자주 오는데 안주가 이렇게 다양하고 가성비있고 맛있는집은 여기가 첨인거같아요~!!👍🏻👍🏻
다들 양에 비해 가격이...ㅠㅎㅎ
가성비 술집 찾으신다면 너무 추천합니다~"
nv_2001023148,리얼펍 잠실새내점,잠실,호프/통닭,,244,,,"바야흐로 야구의 계절이 시작되었습니다~
표 못구하고 야구장가서 분위기만 느끼고 잠실새내로 넘어왔어요.
센스넘치게 야구 여기저기 틀어놔주신 리얼펍 뙇 찾아서 들어왔습니다ㅋㅋㅋㅋㅋㅋ
(여기 표없는 자들의 성지인가요🥲)
피자 너무맛있고 순살치킨도 맛있어요!!
맥주는 말해모합니까ㅋㅋㅋㅋㅋㅋ
즐겁게 보고갈게용!!!"
nv_2001023148,리얼펍 잠실새내점,잠실,호프/통닭,,244,,,"고추바사삭유린기랑 바지락술찜 먹었어요
바지락술찜은 저희 커플 단골 메뉴일 정도로 자주먹는데 정말 맛있어요 파스타면 추가해서 드세요 ㅎㅎ"
nv_2001023148,리얼펍 잠실새내점,잠실,호프/통닭,,244,,,"와,,,, 저 알쓰인데 여기 맥주 진짜 맛있어요🫶
그리고 여기오면 꼭!!! 저 오징어 시켜 드셔야 되요!!!
너무 맛있다구요 퓨ㅠㅠㅠㅠㅠㅠㅠㅠㅠ 직원분들도 친절하시구!!! 앞으로 자주 올려구요💕"
nv_2003588563,월간맥주 잠실새내직영점,잠실,호프/통닭,,439,,,우삼겹숙주볶음 양 엄청 많고 대존맛이에요. 기본안주도 맛있고 리필도 잘해주십니다.
nv_2003588563,월간맥주 잠실새내직영점,잠실,호프/통닭,,439,,,"감바스 시켜서 먹었는데 정말 맛있네요!
분위기가 편안하고 아늑해서 친구랑 시원한 음료 마시며 수다 떨기 딱 좋았어요.
사장님도 친절하시고 공간이 주는 여유로움 덕분에 힐링하고 갑니다.
다음에도 또 방문하고 싶어요! 😊"
nv_2003588563,월간맥주 잠실새내직영점,잠실,호프/통닭,,439,,,야구 끝나고 (져서 슬프지만) 선선하게 맥주 한잔 하기 좋아요! 야구볼 수 있게 스크린도 있고 창도 열려 있어서 야장 느낌나요ㅎㅎ 안주는 완전 맥주 안주로 딱이에요!
nv_2003588563,월간맥주 잠실새내직영점,잠실,호프/통닭,,439,,,"분위기도 깔끔하고 안주도 다양하고 맛있어서 자주 오는편인데, 리뷰는 처음이네요😅 술은잘 못마시는편이라 주로 하이볼을 시키는데, 종류도 다양하고 하이볼도 달달하니 맛나요😋
잠실새내 먹자골목 메인라인에 있어도 위치도 굿👍🏻
오늘도 맛있게 먹고 갑니다:)"
nv_2003588563,월간맥주 잠실새내직영점,잠실,호프/통닭,,439,,,"피자 도우가 무려 패스츄리라니...
진짜 '맛돌이' 그 자체예요!
바삭하고 고소해서 끝까지 맛있게 먹었습니다.
매장 분위기도 편안하면서 낭만적이라 데이트나 모임 하기 딱 좋더라고요.

무엇보다 가장 감동했던 건 직원분의 센스!
말하지 않아도 필요한 걸 딱딱 챙겨주시는 모습에 정말 기분 좋게 식사했습니다.
맛, 분위기, 서비스까지 완벽해서 무조건 재방문 각입니다!"
nv_2003588563,월간맥주 잠실새내직영점,잠실,호프/통닭,,439,,,직원분들도 굉장히 친절하시고 오징어 쥐포도 너무 맛있습니다 다음에 또 방문하겠습니다!!
nv_2003588563,월간맥주 잠실새내직영점,잠실,호프/통닭,,439,,,"뷰가 미쳤서요,,,, 근데 맥주맛 요 근래 먹어본 맥주중에 젤 최고인듯 진짜 맛있고 친절하고
마늘깐풍기치킨도 기대안했는데 너무 맛있어요!!!!!!!! 정말 만족스러워서 또 올라구요,, 글구 늦게까지해서 더 최고입미다"
nv_2003588563,월간맥주 잠실새내직영점,잠실,호프/통닭,,439,,,"너무 맛있고 친절하셔요!!
재방문 의사 넘치고 매달의 맥주가 달라져서
진짜 먹는 재미가 넘쳐요💖💖
친절하시고 안주 양도 진짜 많아요"
nv_2003588563,월간맥주 잠실새내직영점,잠실,호프/통닭,,439,,,"잠실새내에서 분위기 좋게 한잔하고 싶어서 방문한 곳이 월간맥주였는데 기대 이상이었어요
일단 직원분들이 너무 친절해서 들어가는 순간부터 기분이 좋았습니다. 메뉴 추천도 센스 있게 해주시고 테이블도 계속 신경 써주셔서 편하게 즐길 수 있었어요.

무엇보다 안주 퀄리티가 생각보다 훨씬 좋아서 놀랐습니다. 그냥 맥주집 안주 느낌이 아니라 맛집 느낌이 날 정도였고, 음식 하나하나 정성이 느껴졌어요. 특히 맥주랑 조합이 너무 좋아서 술이 계속 들어가더라고요
매장 분위기도 시끄럽기만 한 느낌이 아니라 적당히 활기차고 깔끔해서 친구들이랑 오기에도 좋고 데이트 장소로도 괜찮을 것 같았습니다. 잠실새내에서 가볍게 한잔하려다가 만족도 높게 즐기고 나온 곳! 재방문 의사 완전 있습니다"
nv_2003588563,월간맥주 잠실새내직영점,잠실,호프/통닭,,439,,,저희 단골이예요 이제 ㅎㅎㅎ생맥주랑 김부각 너무 맛있어서 늘 찾게 돼요!!! 서비스 감사합니다~ 또 올게요🫢
nv_2097015685,힙팡 잠실새내역점,잠실,호프/통닭,,702,,,내가 먹고 싶은 안주는 골라서 먹는 재미가 있어요 2차로 제격입니다!
nv_2097015685,힙팡 잠실새내역점,잠실,호프/통닭,,702,,,굉장히 맛있습니다 감사합니다
nv_2097015685,힙팡 잠실새내역점,잠실,호프/통닭,,702,,,"Wbc 한일전이라 잠실에 야구보러 왔는데
힙팡이 안주나 분위기가 젤 좋다고 해서 왔는데
안쥬 개존맛에 분위기도 너무 좋아요.ᐟ.ᐟ.ᐟ"
nv_2097015685,힙팡 잠실새내역점,잠실,호프/통닭,,702,,,"처음 방문했는데 이곳을 이제야 알았다니!!
매장 안에 편의점도 있어서 가볍게 안주 먹기도 좋고
메인안주도 너무 맛있었어요 💟🎉💪👍😋💖💗
좋은 재료 사용해 주시는 걸로 아는데 가격도 너무 착하고 양도 좋아요 🤤
잠실새내 방문하시는 분들 꼭 한 번 가보세요 ><
사장님도 친절하시구 편하게 방문하기 좋습니다 ㅎㅎ"
nv_2097015685,힙팡 잠실새내역점,잠실,호프/통닭,,702,,,"축구보러 왔는데 자리도 배려해 주시고 감사합니다🙂
피자는 도미노보다 맛있습니다⚽️"
nv_2097015685,힙팡 잠실새내역점,잠실,호프/통닭,,702,,,개막전 보러 왔어요~ 오감자 먹으려고 하는데 치즈도 서비스로 주셔서 감사했어요~~ 스크린 4개 있는데 전부 다른 경기를 틀어주셔서 친구들과 함께 오기 좋았어요~!!
nv_2097015685,힙팡 잠실새내역점,잠실,호프/통닭,,702,,,"기본적으로 주문할 수 있는 안주도 많고 편의점처럼 라면, 과자가 많아서 좋았어요! 야구도 크게 틀어줘서 친구들이랑 야구 보기 좋아용"
nv_2097015685,힙팡 잠실새내역점,잠실,호프/통닭,,702,,,"개막전 보러 왔어요!
2시 경기라 어디 갈까 고민됐는데 힙팡 덕분에 경기 잘 보고 있습니다 :)
오돌뼈는 나오자마자 먹어서 그저 빈 접시뿐,,,양념 맛있더라고요! 야구중계 보기 좋나서 특히나 야구팬들에게 추천⚾️🏟️🧢"
nv_2097015685,힙팡 잠실새내역점,잠실,호프/통닭,,702,,,"음식도 맛있고 다트도 있고 흡연실도 안에있고 화장실도 깨끗하고 매장도 넓고 너무좋아용 배부를때 2,3차로 오기도 좋아요!"
nv_2097015685,힙팡 잠실새내역점,잠실,호프/통닭,,702,,,직원분들도 친절하고 음식도 너무 맛있고 요즘같이 고물가 시대에 술이 이렇게 싼곳은 오랜만이라 눈물흘릴뻔 했어요 ㅠㅠ 또 와야지💙
nv_1663023254,잠실새내 맥JOO 퍼블릭하우스,잠실,호프/통닭,"별점
4.72",4,,,잠실 개막전 예매 실패 후 여기로 왔어요. 엘지 팬분들이 대부분이라 대관한 느낌으로 즐길 수 있었습니다! 호가든 생맥주 맛있어요✨
nv_1663023254,잠실새내 맥JOO 퍼블릭하우스,잠실,호프/통닭,"별점
4.72",4,,,넓고 너무맛잇게잘먹엇습니다 다음에또올께요 감사합니다
nv_1663023254,잠실새내 맥JOO 퍼블릭하우스,잠실,호프/통닭,"별점
4.72",4,,,"스포츠와 힘께할수 있는곳 맥주가 다양한곳
주말에 데이트 하기 너무 좋아요
다트 게임도 있어요~~
몇년째 단골입니다^^"
nv_1663023254,잠실새내 맥JOO 퍼블릭하우스,잠실,호프/통닭,"별점
4.72",4,,,친구화 축구볼려고 왓는데 분위기 좋고 축구보기도 좋습니다.!!
nv_1663023254,잠실새내 맥JOO 퍼블릭하우스,잠실,호프/통닭,"별점
4.72",4,,,야구 개막하는 날 티켓팅 실패해서 야구보러 방문했어요! 버드와이저 생맥주도 신선하고 맛있고 안주도 맛있어요 특히 골뱅이소면이 술집 안주라고는 믿기 힘들 정도로 맛있네용👍👍 매장 어디서나 화면이 잘 보이고 소리도 빵빵하게 틀어주셔서 야구보면서 술 먹기 딱입니다🍻⚾️🍗
nv_1663023254,잠실새내 맥JOO 퍼블릭하우스,잠실,호프/통닭,"별점
4.72",4,,,"단체모임 회식 2차로 잠실세계맥주 퍼블릭에 방문했어요.
사장님 정말 친절하시고 직원분들도 분위기 좋고 응대가 너무 좋아서 기분 좋게 마실 수 있었어요.

맥주와 주류 종류가 정말 다양해서 각자 취향에 맞게 골라 마시기 좋고, 테이블 간격도 넉넉해서 단체 모임 2차 장소로 딱이에요.
시끌벅적하지만 부담스럽지 않은 분위기라 회식이나 모임 장소로 완전 강력 추천합니다 👍"
nv_1663023254,잠실새내 맥JOO 퍼블릭하우스,잠실,호프/통닭,"별점
4.72",4,,,새내에서 야구 볼 수 있는 펍 진짜 없눈데 ㅎㅎㅎㅎ 안주도 맛나구~~
nv_1663023254,잠실새내 맥JOO 퍼블릭하우스,잠실,호프/통닭,"별점
4.72",4,,,축구 하는날엔 여기로 오시면 겁나 재밌게 볼 수 있슴다!! 강추해용
nv_1663023254,잠실새내 맥JOO 퍼블릭하우스,잠실,호프/통닭,"별점
4.72",4,,,"세련된 분위기 속에서 즐기는 시원한 맥주도 일품이지만, 무엇보다 다트 게임을 즐기며 활기차게 에너지를 채울 수 있어 갈 때마다 즐거움이 가득한 곳입니다."
nv_1663023254,잠실새내 맥JOO 퍼블릭하우스,잠실,호프/통닭,"별점
4.72",4,,,직원분들이 친절하고 음식이 맛있어요! 넓고 편안한 분위기라 오래 놀기 좋은곳으로 추천
nv_2039651198,씨네마맥주 서울 잠실태양점,잠실,호프/통닭,,81,,,사장님도 너무 친절하고 음식도 너무 맛있어요 !! 다음에 또 오겠습니다 강추합니다
nv_2039651198,씨네마맥주 서울 잠실태양점,잠실,호프/통닭,,81,,,"스크린이 있어서 단체로 와서 야구시즌에 경기 관람해도 좋은 것 같아요 ㅎㅎ
음식도 가성비 있고 다양해서 2차로 와도 좋을 듯 합니댜 그리고 화장실도 내부에 있어서 깔끔하고 좋아요 ㅠㅠ👍👍"
nv_2039651198,씨네마맥주 서울 잠실태양점,잠실,호프/통닭,,81,,,"너무너무 잘먹고갑니다용~~
동네에 씨네마 생겨서 너무좋아요!
사장님도,직원분들도 너무친절하고,
,맛도,가성비도 최고에용!!
오징어입,당면떡볶이 꼭드세요!!!강츄!!!
그리고 화장실 너무청결하고좋아요~
또오겠습니당!!"
nv_2039651198,씨네마맥주 서울 잠실태양점,잠실,호프/통닭,,81,,,"삼전역 근처 새로 오픈했길래 방문했는데 갓성비 미친 맥주집입니다요..🍺❤️ 통닭에 떡볶이 조합 존맛탱인데 2만원이구 다른 안주들도 다 맛있어보여요!!(진심)
영화관 컨셉의 매장 분위기도 좋고 여자화장실이 안에 깔끔하게 돼있어서 술먹기 편했어요. 엄청 친절하신 사장님이 기분좋게 맞이해주셔거 자주 들르게 될 것 같은 동네 술집입니다 ㅎㅎ"
nv_2039651198,씨네마맥주 서울 잠실태양점,잠실,호프/통닭,,81,,,"지인추천으로 방문했는데 ~
분위기너무좋고
안주도가격이 너무착하고, 맛있고!!
특히 오징어입!!!!맛도리
제일좋은건, 빨뚜도팔고!!!
여자화장실 매장내에있고, 매우깨끗함!!!!
사장님은 더더더더 완전 친절하심!심
강츄강츄
기분좋게 먹고왔습니다!!
자주올께요!!!"
nv_2039651198,씨네마맥주 서울 잠실태양점,잠실,호프/통닭,,81,,,"동네라서 지나다니다 안주랑 분위가 좋아보여서
시간이되서 왔는데 생맥주도 켈리 테라둘중에 선택가능하고 맛있고 안주도 다양하고 친절해서 좋아요.
그리고 큰 스크린에 야구 직관도 가능해서 좋아요.
사장님도 친절하고 자주올것같아요"
nv_2039651198,씨네마맥주 서울 잠실태양점,잠실,호프/통닭,,81,,,"너무맛있어서
셋이가서 안주를4를개나먹었내용!!
다다다다 맛있어요!!!
오징어입 꼭드세요~!
또오겠습니당~!!"
nv_2039651198,씨네마맥주 서울 잠실태양점,잠실,호프/통닭,,81,,,"동네에이런곳 생겨서 너무너무좋아용!!
안주도 다맛있음!!!
마늘소곱창 강츄!!!"
nv_2039651198,씨네마맥주 서울 잠실태양점,잠실,호프/통닭,,81,,,"여기 안주가 진짜 다양해서 너무 좋아요!
돈까스부터 치킨에 피자까지 진짜 안 파는 것이 없는 느낌이랄까요ㅎㅎ 진짜 동네주민들만 아는 찐 맛집이 됐으면 좋겠습니다 생맥주도 진짜 너무 맛나서 더 시켜먹고 싶었는데 내일 일정을 위해 더 못마신게 너무 아쉬워요 다음에 또 방문 할게요! 넘 친절하게 대해주셔서 감사합니다!"
nv_2039651198,씨네마맥주 서울 잠실태양점,잠실,호프/통닭,,81,,,"숯불치킨 매우 추천합니다~~
기본 팝콘도 맛있고 사장님 너어어무 친절하세요.
장사 잘되어서 그런지 생맥도 다 맛있고 야구 때는 스크린으로 틀어주신데요~!"
nv_1008253815,헤리터 롯데백화점 잠실점,잠실,카페 디저트,,891,,,음료가 맛있어요
nv_1008253815,헤리터 롯데백화점 잠실점,잠실,카페 디저트,,891,,,보리슈페너랑 흑임자땅콩슈페너 너무맛있어요
nv_1008253815,헤리터 롯데백화점 잠실점,잠실,카페 디저트,,891,,,"주말에 방문했고
조용해서 좋았어요.

빙수 좋아하는데
녹차빙수가 아니라 쑥빙수라 특이했어요
쑥향도 진해서 입맛 돋우네요.

보리아인슈페너도 고소하고 맛있어요
흔한 메뉴가 아니라 좋고
조용해서 좋았습니다"
nv_1008253815,헤리터 롯데백화점 잠실점,잠실,카페 디저트,,891,,,"키친웨어 브랜드 헤리터에서 운영하는 키친웨어 매장 겸 카페.
시그니처 메뉴 보리슈페너(₩6,8), 흑임자땅콩라떼(₩6,8) 주문.
보리슈페너는 고소한 아인슈페너 맛. 달지 않고 위에 귀요미 보리뻥튀기 2개 올려줌. 흑임자땅콩라떼는 이름 대로 흑임자+땅콩크림의 고소한 맛. 요건 살짝 달다. 둘 다 무난.
달달구리 땡겨 티라미수(₩9,5) 추가. 비싸지만 크기 적당, 맛도 좋음. 많이 달지 않아 좋다. 이거 먹을 거였으면 아메리카노 마실 걸.

테이블은 중앙의 매장을 둘러싼 C자 형태로 위치. 실내 넓진 않지만 테이블 간격 여유 있는 편. 의자는 요즘 추세대로 딱딱 불편쓰.
직원분들 친절.

여긴 오래 뭉개고 있을 곳이 아닌, 쇼핑 중 잠깐 쉬었다 가는 곳. 설마 여길 카공족이 오진 않겠지? 훠이~"
nv_1008253815,헤리터 롯데백화점 잠실점,잠실,카페 디저트,,891,,,"빙수가 너무 맛있어요!
쑥향이 가득하고 무엇보다 너무 달지 않아서 최고에요!!
그리고 그릇들이 진짜진짜 예뻐서 구경하는 맛이 있네요.
인테리어도 예쁘고 조용한 분위기라 다음에 또 오고싶어요."
nv_1008253815,헤리터 롯데백화점 잠실점,잠실,카페 디저트,,891,,,흑임자라떼 맛있어요
nv_1008253815,헤리터 롯데백화점 잠실점,잠실,카페 디저트,,891,,,"커피 마시러 가자 하면 꼭 방문하는곳.
분위기도 좋습니다
저 말고도 좋아 하시는 분이 많아서 여기자리 잡기 가 가끔 어려워요 ㅎㅎ
컵과 같이 판매도 하는데 컵이 진짜 좋아요
커피음료는 당연히 굳!!
물론 디저트류도 진짜 맛있어요.
스콘에 딸기잼도 좋고 티라미수 맛나요."
nv_1008253815,헤리터 롯데백화점 잠실점,잠실,카페 디저트,,891,,,집에서 사용하고 있는 헤리터 제품들을 카페에서 만나니 반가웠고~ 티라미슈랑 커피도 맛있고 유자생강차도 향이 좋고 달지않아 좋았어요 조용하게 대화하면서 차 한잔 하기 좋은거 같아요~^^
nv_1008253815,헤리터 롯데백화점 잠실점,잠실,카페 디저트,,891,,,"여기 시그니처는 아니지만 요즘 카푸치노 귀해서 취향대로 시켰어요. 주문시 시나몬여부도 미리 물어봐주시고 바빠도 응대를 잘해주심.
그리고 스콘에 나오는 산딸기잼 너무 맛있어요.
백화점내 다른 카페보다 차분하고 조용합니다."
nv_1008253815,헤리터 롯데백화점 잠실점,잠실,카페 디저트,,891,,,쑥빙수 향좋고 맛있어요 가격이 좀 나가긴합니다!
nv_1262312771,리틀채스우드,잠실,카페 디저트,,412,,,"한가한 주말, 집주변 카페 아아 한잔 하러 왔어요.
원두가 좋은건지, 분위기가 좋은건지
커피 향도 맛도 좋았어요.
시드니 채스우드에 1년정도 살았는데,
카페 이름 덕에 앉아서 추억 회상 하다 갑니다.
또 방문할게요."
nv_1262312771,리틀채스우드,잠실,카페 디저트,,412,,,음료가 맛있고 분위기가 좋습니다.
nv_1262312771,리틀채스우드,잠실,카페 디저트,,412,,,"오다가다 들리는 단골카페 변함없는 맛이 좋다
쿠폰도 채스우드 본점이랑 리틀 채스우드랑 같이찍을 수있어서 10개 모으는 재미도 솔솔"
nv_1262312771,리틀채스우드,잠실,카페 디저트,,412,,,본점 만큼이나 좋네요~ 좀 더 좌석도 많고 밝은 분위기라 좋아요!
nv_1262312771,리틀채스우드,잠실,카페 디저트,,412,,,식은 후에도 향이 엄청 좋아요 !!
nv_1262312771,리틀채스우드,잠실,카페 디저트,,412,,,"아메리카노 4500원
얼음이 좀 녹은 다음에 마시기 편했다고 해요.
라떼 5000원 (디카페인 +500원)
커피 맛이 진하게 느껴져서 좋았어요. 디카페인 라떼는 산미는 없고 쓴 맛이 나는 커피였어요.
카페 분위기는 화이트 톤으로 예뻤고 대화하기 좋은 곳인 것 같아요."
nv_1262312771,리틀채스우드,잠실,카페 디저트,,412,,,"한번쯤 궁금해서 들르고 싶었던 까페인데
리틀채스우드로 검색해야 주소가 정확하게 나오네요.
추천해주신 라떼와 모카 맛있게 마셨구요.
오전이라 붐비지 않아서 얘기하기 좋았던 것 같아요.
커피관련 상장(?)도 전시해 두셔서 더 믿고 마시기 좋았네요."
nv_1075784609,옹뜌,잠실,카페 디저트,,532,,,"잠실새내에 이렇게 맛있는 디저트집이 있는지 몰랐어요💕
디저트들이 유니크하고 가격 하나도 안아까운 맛이에요ㅎㅎ 너무 예뻐서 선물하기도 좋을거 같아요
공간 내부도 도란도란 대화하기 적합해요 :)
잠실새내에서 디저트 맛집 찾으신다면 옹뜌 추천드려요!"
nv_1075784609,옹뜌,잠실,카페 디저트,,532,,,"하ㅜㅜ 오늘도 옹뜌 디저트 덕에 행복해요

푸미엘은 달콤상큼한 배에 안에 든 잼까지 산뜻 🍐
최애 피칸바니는 구름을 베어물은 식감에 달콤바삭 ☁️
루이보스에 얼그레이는 향 고급스럽고 좋았고 🥃
아메리카노도 좋은 원두 쓰시는지 뒷맛 깔끔해요 ☕️
마들렌은 글레이즈 와삭하고 레몬향 은은함 🍋

ㅠ_ㅠ 진짜 사랑해요 사장님
먹을 때마다 오늘이 최고의 하루라고 확신 가능"
nv_1075784609,옹뜌,잠실,카페 디저트,,532,,,"미슐랭출신프렌치디저트 카페라 해서, 궁금해서 와봤습니다. 3층이라 잘 안보이는데도 불구하고 가게에 손님들이 좀 계시더라구요! 회사분들이랑 왔는데 야외 테라스도 있어서 다들 만족해하시더라구요!! 디저트 자체는 시그니처이자 베스트인 피칸바니로 추천받아 주문했습니다. 레이어마다 맛이 다르다고 아래 과자 부분까지 한번에 먹는걸 추천한다며 자세하게 가이드해주셔서 더 기대감이 들더라구요. (저는 아아를 연하게 시켰는데 따로 에스프레소잔에 주셔서 커스텀해서 먹을 수 있게 배려해주셨습니다)실제로도 생각했던 것과 달리 너무 부드럽고, 싼 단맛이 아니라서 같이 온 남자 회사 상사분들도, 이정도면 충분히 가치있다고 하셔서 아주 만족스런 티타임이었습니다:)"
nv_1075784609,옹뜌,잠실,카페 디저트,,532,,,"오늘도 감사합니다 사장님
이 맛이랑 감도는 진짜.. 말잇못 🤍🤍
초코 티그레도 동생 동생친구 사줬는데 사진을 못찍음
푸미엘 물리지도 않고 대박적 맛있습니당!!!"
nv_1075784609,옹뜌,잠실,카페 디저트,,532,,,"하 ㅁㅊㅁㅊ 세상을 다 가진 맛
그 어떤 호텔 델리를 가도 고급 다이닝에 가도
이 감도를 느낄 수가 없어요
피칸바니 한 입 먹자마자 구름에 앉은 느낌에 안쪽은 가을처럼 고소하고 마치 파리 힐튼 호텔에 앉은 느낌
씨트홍은 레몬 향 은은하면서 브륄레, 타르트, 케익 장점만 합친 고급진 맛!
마들렌도 레몬제스트에 글레이즈 와삭한게 넘 제 취향
역시 제 최최최애 디저트 옹뜌 🩷🤍"
nv_1075784609,옹뜌,잠실,카페 디저트,,532,,,"시그니처 디저트 먹고, 맛있어서 하나 더 먹은 디저트
시그니처 피칸바니 바닐라무스에 카라멜무스 카라멜피칸등 여러가지 맛이 혼합으로 어우러져 정말 고소했고 산뜻했습니다
산미있는 커피랑 더 잘어울릴것같아요"
nv_1075784609,옹뜌,잠실,카페 디저트,,532,,,"크림 산뜻 부드럽고
가볍고 퐁신퐁신한게 최고예요
기대 한껏 한 프레지에 100점 만점에 300점
제가 신 거 진짜 못먹는데 딸기 넘 달아서 놀랐어요
안에는 또 다른 질감의 크림이 있어서 같이 드셔요
하 진짜 사장님 땜에 미치겠습니다

롯*호텔 델리*한* 딸기케이크가 맘 속 1위였는데
오늘부로 변경이요..ㅎㅎ 1등1등1등!!"
nv_1075784609,옹뜌,잠실,카페 디저트,,532,,,"이번에 출시한 새콤달콤 코코넛 디저트
지난주에 먹은 프레지에도 안올려서 지금 첨부해봄
와 진짜 어떡해요 먹고 웃음만 나옴
사장님 옛날 만화중에 꿈빛 파티시엘인가 그거 주인공이 아니실까 싶어요 비주얼 맛 다 대박임
레이어가 몇 개인지 감도 안잡히고
그냥 극찬밖에 못하겠습니다.. 사랑해요 사장님
분위기도 아늑하고 햇살도 잘 들어서 좋아요"
nv_1075784609,옹뜌,잠실,카페 디저트,,532,,,"케이크 하나하나 너무 예쁘고 공간도 좋아요. 케이크 예약도 되고 포장도, 보냉백도 고급스러워요. 이번에는 선물용 케이크 픽업만 했지만, 다음엔 차분히 앉아 커피에 케이크 먹어보고 싶네요. + 사장님 너무 아름답고 친절하세요. : )"
nv_1075784609,옹뜌,잠실,카페 디저트,,532,,,"친구랑 잠실새내 근처에서 약속이 있어서 카페를
찾아보다가 옹뜨를 발견했는데
예쁘고 독특한 디저트가 있다고 해서 와봤어요.
듣던 대로 디저트들이 다 예쁘고
다른 카페에서는 본 적이 없는 스타일이라
기대했는데, 너무 맛있고 카페 분위기도 좋아서
정말 찾아온 보람을 느꼈어요😍"
nv_1216820692,더설 잠실직영점,잠실,카페 디저트,,1118,,,"눈꽃 우유만 먹어도 괜찮을만큼 맛있어요.
팥도 너무 달지 않고 인공 단맛이 아니어서
정말 좋았습니다.
망고보다는 일반 단팥 빙수가 훨씬 맛있는 것 같아요!"
nv_1216820692,더설 잠실직영점,잠실,카페 디저트,,1118,,,딸기빙수 11000원인데 양도 많고 맛있어요~
nv_1216820692,더설 잠실직영점,잠실,카페 디저트,,1118,,,"지리산 팥… 이거 진짜 반칙이에요 😭✨
팥이 이렇게 고급질 수 있나?
알이 톡톡 살아있는데도 입안에서 부드럽게 퍼지고, 단맛은 과하지 않고 은은하게 올라와서 계속 퍼먹게 되는 마성의 맛이에요 🫘💛
인위적인 단맛이 아니라 팥 본연의 고소함이 진하게 느껴져서, 먹을수록 “아 진짜 좋은 재료 쓴다…” 감탄하게 됩니다…! 우유 얼음이랑 섞이면 그 조합이 그냥 미쳤어요 🤍🍧"
nv_1216820692,더설 잠실직영점,잠실,카페 디저트,,1118,,,"여름이 다가오나봐요
지나가다가 빙수가 먹고싶어서 들어왔어요
앞전에 방문한 적이 있었는데 지리산 팥으로만
만들었다는 얘기에 다시 방문했어요~
혼자라서 다먹겠나? 싶었는데
역시 빙수는 1인 1빙수해야되요^^
덕분에 시원해졌네요~
맛있게 잘 먹고갑니다~^^"
nv_1216820692,더설 잠실직영점,잠실,카페 디저트,,1118,,,"여기 대박예감 국내산 그것도 지리산팥으로 만든 팥빙수 얼음이 우유 얼음을 곱게간거라 너무 부드럽네요
다시 갈집"
nv_1216820692,더설 잠실직영점,잠실,카페 디저트,,1118,,,"더설 팥빙수 , 용버터 토스트 !

더 이상 설명이 필요없는 팥빙수 입니다
용버터 토스트와 함께 먹으면 2배 다 맛있어요~

잠실역에서 올림픽공원 가는 쪽에 있어요
👍👍👍👍👍"
nv_1216820692,더설 잠실직영점,잠실,카페 디저트,,1118,,,"저의 최애 빙수입니다. 수시로 먹어주지 않으면 안되는 빙수입니다. 정말 맛나요.
팥이 덜 달고 고소합니다.
우유빙수도 부드럽고 시원해요."
nv_1216820692,더설 잠실직영점,잠실,카페 디저트,,1118,,,"팥이 너무 맛있어요
빙수가 깔끔한 맛이에용"
nv_1216820692,더설 잠실직영점,잠실,카페 디저트,,1118,,,"딸기빙수, 망고빙수 11000원씩이고 너무 맛있어요~
근처에서 밥 먹으면 디저트로 꼭 먹으러 가요~"
nv_1216820692,더설 잠실직영점,잠실,카페 디저트,,1118,,,"갑자기 팥빙수가 땡겨서 방문
개인적으로 팥이 조금 더 있었으면 좋았으면 하지만
전체적으로 맛있었습니다"
nv_1824352254,카페드로잉 석촌호수점,잠실,카페 디저트,,5241,,,"카페드로잉 석촌호수점은 지나갈 때마다 항상 사람이 많아서 궁금했는데 직접 가서 먹어보니 왜 인기 잠실 브런치 맛집인지 알 수 있었어요 ☕️☕️☕️

매장 내부는 층고도 높고 널찍하고 테이블도 많은데다가 석촌호수가 보이는 통창으로 분위기가 너무나 좋아서 데이트로 오기에도 딱이랍니다! 허니까망베르파니니와 바질하바티샌드위치 그리고 카페라떼와 오렌지착즙주스에 후식으로 우유빙수까지 완벽했어요 👍🏻👍🏻👍🏻"
nv_1824352254,카페드로잉 석촌호수점,잠실,카페 디저트,,5241,,,"남편이랑 둘이 석촌호수 걷고 브런치먹으러🌸
요즘 벚꽃땜에 손님들이 진짜 석촌호수 브런치 가게마다 많아서 만석인데
여기는 매장이 넓어서 기다릴 일 없어서 좋다ㅎㅎ
맛있게 식사하구 커피랑 우유빙수까지 해결해서 더 좋음 넘나편함🩵"
nv_1824352254,카페드로잉 석촌호수점,잠실,카페 디저트,,5241,,,"*협찬
날이 좋아서 평일 저녁에 석촌호수 카페드로잉 다녀왔어요. 여기는 올데이 브런치라서 저녁에 방문해도 맛있는 브런치를 먹을 수 있어요. 그리고 다른 카페들보다 빠르게 망고빙수가 나왔는데요. 망고 과일도 시원하고 빙수가 적당히 달달해서 잘 들어가더라고요. 오늘 정말 좋은 시간 보내고 왔어요. 참고로 주차 가능한 잠실 카페에요."
nv_1824352254,카페드로잉 석촌호수점,잠실,카페 디저트,,5241,,,"브런치 메뉴 예약하고 9시30쯤 테라스에 앉아서 먹었습니다
미리 예약해서 할인받고 브런치를 즐겼습니다
스크램블 에그도 맛있고 토마토 스튜도
기대이상으로 맛있게 즐겼어요

좋은시간 보내고 왔습니다."
nv_1824352254,카페드로잉 석촌호수점,잠실,카페 디저트,,5241,,,"평일 오전에 가니 자리가 한가하고 좋네요.
원낙 일찍 열기에 일찍오신분들 순서대로 나오니
좀 기다리기는 했어요.그래도 친절하게 챙겨주시니
뷰와함께 기다릴만 했답니다.
무엇보다주차가되니 멀리사는 친구와도볼수있어서 넘좋네요.
음식이 맛있어서 또 방문의사 있어요!
오전이벤트는 쭉-해주세요!!"
nv_1824352254,카페드로잉 석촌호수점,잠실,카페 디저트,,5241,,,"겉은 살짝 바삭하고 속은 촉촉한 토스트에
진한 잼과 부드러운 생크림이 잘 어울려요.
과일이 중간중간 상큼함을 잡아줘서
생각보다 덜 부담스럽고, 디저트로 딱 좋은 느낌이에요.
뷰도만족스러워요:)"
nv_1824352254,카페드로잉 석촌호수점,잠실,카페 디저트,,5241,,,"너무 기가막히게 맛있고 사진도 너무 잘 나오고 분위기도 좋고 층고가 높아서 인테리어가 너무 멋있어요!!
탁 트인 전면뷰도 너무 시원하고 좋아요!!!"
nv_1824352254,카페드로잉 석촌호수점,잠실,카페 디저트,,5241,,,"정말 자주 오는 단골 카페에요:)
차량이 있으신 분들도 오시기 편하게 주차장 마련도 잘되어있고 무엇보다 직원분들이 너무 친절해요🩷
자주 오는데에도 불구하고 리뷰는 처음이라
앞으로 자주 써드리려구요 히히"
nv_1824352254,카페드로잉 석촌호수점,잠실,카페 디저트,,5241,,,석촌호수에 왔다가 카페 드로잉을 찾았어요. 인테리어가 감각적이고 롯데타워가 한눈에 보이는 뷰가 근사하네요. 식사를 하고 외서 음식은 못 시켰지만 메뉴도 알차보이고 주차도 편해서 또 찾게 될 것 같아요.
nv_1824352254,카페드로잉 석촌호수점,잠실,카페 디저트,,5241,,,석촌호수 벚꽃축제 구경하러 갔다가 들렸습니다 꽃이 만개해서 너무 아름다웠고 카페드로잉과 가까워서 찾아가기 좋았습니다 데이트코스로 방문하기 딱이었어요 특히 팬케이크랑 아이스 말차라떼 조합 맛있었습니다
nv_1278544659,노티드 잠실롯데월드몰점,잠실,카페 디저트,,1,,,"노티드 잠실롯데월드몰점
5층에서 보는 최고의 석촌호수 뷰 👍
갈때마다 북적거리고 웨이팅 줄도 길고
자리잡기가 어려워서,
오늘은 일찍가서 편한 소파자리에 앉음.

통창으로 보이는 석촌호수 뷰가 다한 곳.
도넛이 달지 않고 폭신하고 아이스아메리카노랑 맛있어요.
층고가 높고 모던하고 깔끔한 인테리어에 귀여운 캐릭터들이 러블리하고,
매장이 넓어서 좋아요.
직원분들이 친절합니다."
nv_1278544659,노티드 잠실롯데월드몰점,잠실,카페 디저트,,1,,,"석촌호수가 보이는 뷰가 멋진 카페입니다.
인테리어도 귀엽고 예뻐서 데이트하기 딱 좋아요😊
맛있는 도넛과 음료는 당연하구요🩷
주말에는 정말 붐벼서 자리가 없었는데 오늘 평일에 왔더니 한가해서 편하게 잘 쉬다 갑니다👍🏻"
nv_1278544659,노티드 잠실롯데월드몰점,잠실,카페 디저트,,1,,,"롯데월드몰 5층에 있는 노티드 매장입니다.
탁트인 석촌호수 뷰라 벚꽃시즌에 가면 미친 풍경을 볼 수 있는 곳이기 때문에 봄에는 꼭 한 번 가보시는 것을 추천, 겨울에 눈오고 난 다음날에도 추천 👍

매장 엄청 넓고 테이블 아주 많고요, 도넛, 디저트가 종류 상당히 다양한데 조각 케이크, 홀케이크까지 있어서 선택의 폭이 아주 넓어요. 그 외에도 텀블러, 인형, 키링 등 다양한 상품 판매하고 있어서 구경하는 재미도 있음!

주말, 공휴일에는 당연히 사람 엄청 많은데 평일에는 생각보다 한적해서 은근히 꿀카페라는 🍩🥤

별도의 회원가입 없이도 스탬프를 찍어주는데 자주 방문하는 사람이라면 제법 쏠쏠한 재미를 볼 수 있으므로 잘 챙겨다니면 좋아요 ㅋㅋㅋ"
nv_1278544659,노티드 잠실롯데월드몰점,잠실,카페 디저트,,1,,,"노티드 우베 두바이 퍼플 도넛 🍩💜

보라색 비주얼이 정말 예뻐요!
크림은 과하지 않고 적당히 들어있는 편입니다.

카다이프가 가득해서 사글사글 크리스피한 식감이 정말 좋고, 우베는 은은한 바닐라에 고구마를 살짝 섞은 듯한 맛이 나요.

다만 단맛이 꽤 강해서 커피랑 같이 먹는 걸 추천드립니다."
nv_1278544659,노티드 잠실롯데월드몰점,잠실,카페 디저트,,1,,,"너티드 도넛 때문에 방문했는데 인테리어와 뷰가 멋있어요
도너츠도 너무 예쁘고 다양해요
진짜 너무 놀란 것은 커피 입니다~~~~
커피는 기대 안했는게 너무 맛있고 가격도 너무 좋네요~^^
커피 맛집으로 인정합니다~^^
리뷰 남기면 도너츠나 커피 준다해서 남기는 건데 커피 맛 땜에 남겨요~^^"
nv_1278544659,노티드 잠실롯데월드몰점,잠실,카페 디저트,,1,,,"노티드 잠실롯데월드몰점
오늘도 창가자리에서
비오는 석촌호수뷰를 바라보며
올때마다 호사를 누립니다.
탁 트인 석촌호수뷰가 초록초록 예쁘고,
커피와 도넛도 맛있고 부드러워 굿굿입니다. 👍
옆자리 일본 관광객들도 맛있게 드시는 듯합니다.
잘 놀다 왔어요."
nv_1278544659,노티드 잠실롯데월드몰점,잠실,카페 디저트,,1,,,비오는 날이면 특히나 잠실 롯데 방문하거든요 ~ 돌아다니기도 편하고 오면 구경거리 먹거리 다 있으니까요 그리고 꼭 찾는 곳이 노티드도넛 !! 뷰가 멋지고 맛있는 도너츠가 너무나 다양해서 좋아요 오늘도 도넛과 커피 그리고 석촌호수 뷰 보며 힐링하고 갑니다
nv_1278544659,노티드 잠실롯데월드몰점,잠실,카페 디저트,,1,,,"친구들과 만남때마다 이용하는 디저트카페에요.많은사람으로 분비는장소이나,뷰가좋고 디저트가맛잇으니 안갈수없죠.
석촌호수가 바라보이는 창가자린 언제나 경쟁할수밖에없슴ㅎㅎ오늘 운좋게 자리잡아 많은수다나누며 즐건시간가졋어요. 레드벨벳조각케잌은 오늘만먹는걸로~
뻥뚤린 넓은공간이 좋으나 의자가 좀더편안하면 좋겟단평들~그럼 더 수다가 늘어지려나~^^
담번엔 꼭 스템프카드들고나가야겟당."
nv_1278544659,노티드 잠실롯데월드몰점,잠실,카페 디저트,,1,,,"노티드 잠실롯데월드몰점

맛있고 폭신한 도넛과 커피와
5층에서 바라보는
초록초록한 예쁜 석촌호수뷰 땜시
자꾸 방문하게 됩니다.
넓은 통창으로 맑은 하늘을 올려다보며
좋은 시간 보냈어요. 😃
직원분들이 친절합니다."
nv_1278544659,노티드 잠실롯데월드몰점,잠실,카페 디저트,,1,,,"다이어트 하는데 빵을 먹고싶고
그러다가 노티드에 저당 도넛을 파는걸 봤어요!

그리고 우베 가 어떤맛인지 궁금도 해서요
약간 바닐라 느낌에 고소함을 추가한 맛이네요

맛있어요 오길 잘한거 같아요~
에스컬 올라와서 한바퀴 돌았는데
그냥 에스컬 바로 오른쪽에 위치해 있어요📍"
nv_2050473976,쏘쏘사라다 잠실새내역점,잠실,카페 디저트,,664,,,"사라다빵 좋아하는 사람이에요ㅎㅎㅎㅎㅎ

잠실에생겼다해서 오픈런했지요~ 벌써 기다리고계시는분이계셨고, 17번째라 선물도 받았습니다.

사라다빵 맛있구요~ 전 기본보다는 햄들어간거, 베이컨계란사라다도 속 꽉차 있어서 맛있어요~ 피자빵은 간이살짝셉니다. 개인입맛이라~

전 완전만족했어요~ 가까우면 자주갈텐데ㅠ

맛있게잘먹었습니다♡"
nv_2050473976,쏘쏘사라다 잠실새내역점,잠실,카페 디저트,,664,,,요즘 야구장에 이거 무조건 필수로 가지고 가야하는 먹거리라고 해서 사왔슴다 명랑 핫도그 계열이라 그런지 고로케가 엄청 바삭하고 안이 실해요 먹기는 조금 불편하지만 크기가 많이 크지 않아 야구장에서 한입 먹기 좋슴다
nv_2050473976,쏘쏘사라다 잠실새내역점,잠실,카페 디저트,,664,,,인스타에 많이 떠서 와보고 싶었는데 웨이팅도 없어서 바로 들어왔어요!! 가게도 깔끔하고 티피도 깔끔하게 되어 있어서 좋았습니다❤️
nv_2050473976,쏘쏘사라다 잠실새내역점,잠실,카페 디저트,,664,,,부산에만 있던 매장인데 서울에도 며칠 전에 생겼어요! 6개 구매했더니 서비스로 1개 더 주셨습니당 너무 맛있어요 나중에 잠실 오면 또 오고 싶어욤😊
nv_2050473976,쏘쏘사라다 잠실새내역점,잠실,카페 디저트,,664,,,"지난주에 한박스 구매하고 너무 맛있어서 재방문했습니다 ~ 이번엔 안먹어본 맛으로 쏘쏘 햄버거, 피자빵, 사라다 등등 5가지 구매했구요 1개 서비스 받았답니다
가성비 좋고 맛도 좋고 최고네요 ~ 오픈런으로 10여분 대기하다가 구매했어요 기다려서 사먹을 맛이네요 !!"
nv_2050473976,쏘쏘사라다 잠실새내역점,잠실,카페 디저트,,664,,,"빵 가성비두 좋고 맛있어요!♡거기다
직원분들도 엄청 친절하시고요!
전에 왔을 때 실패했는데 평일 오후에는 그래두 여유가 있습니다"
nv_2050473976,쏘쏘사라다 잠실새내역점,잠실,카페 디저트,,664,,,도저히 줄이 줄어들 기미가 안보여서 그냥 기다려서 먹어봅니다. 가까운 동네에 사라다빵이 생겨서 너무 좋네요. 전에 송사부고로케 있을 때 좋았는데 사라다빵 흥해서 오래오래 언제나 사먹을 수 있었으면 합니다. 눈도 즐겁고 맛도 있고 업그레이드 버전 대환영!!
nv_2050473976,쏘쏘사라다 잠실새내역점,잠실,카페 디저트,,664,,,"가격도 저렴한데, 튼실하고 맛있어요.
줄 설 만해요.

겉에 튀김빵 너무 느끼하지 않고 바삭한 느낌만 잘 살아있고, 안에 토핑 꽉차게 들어있어요.

스윗불고기는 이름 정직하게 달달한 맛 두드러지는 불고기토핑이 맛내요. 햄버거 불고기 소스에서 과하게 찐한 맛이 빠져서 자연스러워요.

햄치즈 사라다는 케챱베이스 정직한 옛날 사라다빵인데 딱 기본적으로 노멀한 거 같아요."
nv_2050473976,쏘쏘사라다 잠실새내역점,잠실,카페 디저트,,664,,,"소문으로 들어 입성하고픈 곳이였는데~~
오잉~~
신천 산책중 발견~~신나~~^^
맛나보이는 것들이 많어~~
무얼 먹을꼬~~ㅎ
오늘은 우선 감자샐러드와 햄치즈사라다~~~다
기쁘게 들고 나온 마이~~맛있어라~~굿"
nv_2050473976,쏘쏘사라다 잠실새내역점,잠실,카페 디저트,,664,,,"인스타에서 새로 오픈했다는 소식 듣고 어제 퇴근하면서 갔었는데 매진되어서 오늘은 점심 전에 가서 10분정도 기다려 살수 있었네요
사라다빵이 이렇게 예뻐도 되나요?ㅎㅎ
미각적 즐거움과 촉각적 재미가 있네요
기본사라다 먼저 먹어봤는데 튀김빵이라 겉은 바삭하고 속은 신선한 양배추와 달달한 쏘스가 어우러져 좋네요 두번째로 오믈렛사라다 먹었는데 속이 완전 든든합니다 식사 대용으로 먹어도 충분할것 같아요~ 남은 다른 사라다들도 가족이랑 같이 먹어 볼려구요^^ 가성비 착하고 여섯개 샀는데 1만6천원 조금 넘는 가격으로 온가족 사라다 파티할수 있다니 정말 혜자스러운 착한 가격이네요~리뷰 이벤트도 있어 좋네요👍"
nv_1869110952,메가MGC커피 종합운동장점,잠실,카페 디저트,,726,,,농구 직관 가기 전에 들러서 커피를 샀는데 매장 넓고 쾌적하네요. 직원분들도 친절해서 잠깐 쉬었다가기 좋았어요.
nv_1869110952,메가MGC커피 종합운동장점,잠실,카페 디저트,,726,,,"1년만에 아시아선수촌A 건너 상점가에서 친구 만나, 7천원짜리 양푼김치찌개에 막걸리 한잔을 곁들여 점심을 먹다. 잠실운동장역 주변인데도 가성비가 너무 좋다. 1천원 커피, 7.9천원 탕수육등 현란하다. 우리는 인근의 별다방을 지나쳐 독보적인 저가의 탑인 M커피숍을 찾다. 오랜기간 사장을 넘어 회장을 지낸 친구가, 얼마전 사업실패로 처 챤스 250만 월세살이 그리고 지금 사용중인 카드마저 부인 명의인 친구의 자존감을 감안하여 택한 조치이다. 세상은 잠깐인가? 아무쪼록 친구의 건투를 빈다! 그리고 모든 이에게 오늘도 건강과 행운이 함께 하시길♡♡"
nv_1869110952,메가MGC커피 종합운동장점,잠실,카페 디저트,,726,,,커피 맛잇어요
nv_1869110952,메가MGC커피 종합운동장점,잠실,카페 디저트,,726,,,사람 왕많은데 메뉴빨리나옴
nv_1869110952,메가MGC커피 종합운동장점,잠실,카페 디저트,,726,,,"잠실 야구장 근처에서 시원한 음료를 테이크아웃하기 위해 메가MGC커피 종합운동장점에 방문했습니다.

매장 위치가 종합운동장역과 가까워 야구 경기 보러 가기 전에 들러서 음료를 사 가기에 동선이 정말 훌륭하더라고요.

다양하고 트렌디한 메뉴가 많아 고민하다가 안지기와 함께 시원한 에이드와 달콤한 퐁크러쉬를 주문했는데 역시 양도 푸짐하고 맛도 진해서 대만족이었습니다..

가격이 합리적이라 부담 없이 즐기기 좋고 직원분들의 손이 빨라 대기 시간이 짧은 점도 무척 마음에 들었네요. 매장 안팎이 청결하게 잘 관리되어 있어 안심하고 이용했습니다.

잠실 종합운동장 인근에서 가성비 좋고 맛있는 디저트 카페를 찾으신다면 테이크아웃 코스로 추천합니다."
nv_1869110952,메가MGC커피 종합운동장점,잠실,카페 디저트,,726,,,"여름이 오는 지금 메가커피에서 제일 핫 한 ‘팥빙 젤라또 파르페’ 입니다.
맛있고 가성비 최고인거 같아요.
더운 날씨에 시원하게 먹기 너무 좋네요."
nv_1869110952,메가MGC커피 종합운동장점,잠실,카페 디저트,,726,,,커피 맛잇어요 !
nv_1869110952,메가MGC커피 종합운동장점,잠실,카페 디저트,,726,,,김볶밥..오홍 나쁘지않어요
nv_1869110952,메가MGC커피 종합운동장점,잠실,카페 디저트,,726,,,"중소기업 회장을 지내던 친구와 잠실에서 1인분에 만원짜리 된장전골을 점심으로 먹고, 뒷골목에 있는 메가에서 할메커피와 사과유자차로 입가심을 하다. 고교 동창들의 동향을 들으며 잠시 머물다가 재회를 약속하고 자리를 뜬다. 세월의 무상함을 느끼며~. 건강한 삶을 지내도록 빌어본다. 다시 만날 때까지! 건강하세요♡♡"
nv_1869110952,메가MGC커피 종합운동장점,잠실,카페 디저트,,726,,,"골드키위주스 인위적이지 않고, 키위도 진짜 갈아져서 과육의 맛도 잘 느끼며 먹기 좋아요. 달짝지근한 맛도 있지만 상콤한 맛이 쎈 편입니다."
nv_37225164,르봉마리아쥬,잠실,카페 디저트,"별점
4.4",4,,,매장 내부 인테리어 예쁘고 베이커리 종류도 다양했습니다! 평일 낮인데도 사람이 많았어요
nv_37225164,르봉마리아쥬,잠실,카페 디저트,"별점
4.4",4,,,라떼와 모카소금빵 샀어요~ 둘 다 맛있어요~
nv_37225164,르봉마리아쥬,잠실,카페 디저트,"별점
4.4",4,,,"방문만 계속 하고 주문은 처음 해 보는데 두바이 에그 타르트가 첫 메뉴가 되었네요

배고픈데 이거 하나 먹으면 포만감 들 정도로 잘 만드시는 거 같아요

여기 밤에도 종종 와 봤는데 실제 앉아 보니까 꽤 어둡네요 이렇게 불이 어두운 게 여기 가게 컨셉인가봐요

두바이는 첫 입에 잘 만든다 할 정도로 좋고
에그타르트는 별로 좋아하지 않는데 잘 먹었어요 파이를 잘 구우시는 거 같아요"
nv_37225164,르봉마리아쥬,잠실,카페 디저트,"별점
4.4",4,,,"서울 아산병원에 왔다가 근처 예쁜 카페를 찾아 왔어요. 빵도 맛있고 커피도 맛있네요. 야외 자리에 앉아 있고 싶었지만 자리가 없어서 너무 아쉬워요.
인테리어랑 분위기가 너무 좋아요.
사람많아 좀 씨끄럽긴 함."
nv_37225164,르봉마리아쥬,잠실,카페 디저트,"별점
4.4",4,,,"올림픽공원 인접한 위치에 빵 종류 다양하고, 가격 좋은 베이커리 카페예요. 아메리카노, 자몽에이드, 잠실빵, 밤티말빵, 에그타르트 주문했고, 토요일 오후 한시간여 머무는 동안 실내 만석에서 한두자리 날 정도로 포장하시는 분들 쉴 새 없이 오가셨어요. 붐벼 사진 못 찍었지만 매장 통해 나가는 실외좌석까지 있어 꽤 넓은 편이예요. 케이크 가격대 있으나, 빵류는 타베이커리들 비해 500 ~1000원쯤 저렴한 듯합니다. No.1 표시돤 잠실빵 곡물 가득 담백하니 식사빵 즐기는 저희 입에 잘 맞았어요. 커피 마신 분께선 쏘쏘하다셨고, 자몽에이드 과즙 팡팡 맛있었어요. 음료리스트 보니 TEA가 마리아쥬 프레르라 다음 방문엔 홍차 마셔볼까 합니다. 단골될 빵집이나 넓고 예쁜 공원옆 카페 찾으신다면 추천드려요."
nv_37225164,르봉마리아쥬,잠실,카페 디저트,"별점
4.4",4,,,"어버이날 케이크는 58000원이라 비싸서 그냥 딸기생크림 샀어요. 42000원이예요. 맛있어요.
과일산도 생겼네요~"
nv_37225164,르봉마리아쥬,잠실,카페 디저트,"별점
4.4",4,,,올림픽공원 근처 분위기 좋은 베이커리 카페입니다. 소금빵을 먹었는 데 맛있었어요.👍
nv_37225164,르봉마리아쥬,잠실,카페 디저트,"별점
4.4",4,,,"케이크 전문점이지만
내 마음속엔 포카치아 전문점 르봉마리아쥬

올림픽 공원갈때 들러서
한보따리씩 싸가기 좋아요
일단 빵 맛있고
가격대비 큼지막합니다
빨미까레 포카치아 맛있어요
특히 올리브 포카치아
포슬쫀쫀하니 완전 추천

야외테라스에 자그마한 분수있어서
분위기도 좋고
포장도 꼼꼼하게 잘해주십니다"
nv_37225164,르봉마리아쥬,잠실,카페 디저트,"별점
4.4",4,,,"잠실쪽 다니다가 오늘 명일동에 볼일 있어서 왔는데,
길동점이 먹을 수 있는 공간도 넓고 너무 좋네요!!
샐러드랑 따뜻하게 데워주신 빵이 너무 맛있어요.
커피도 진짜 최고최고!!!!!
직원분들도 친절하시고~~ 기분좋게 브런치 먹고있어요.
감사합니당👍"
nv_37225164,르봉마리아쥬,잠실,카페 디저트,"별점
4.4",4,,,"밤티말빵, 아이스라떼 샀는데 모양이 귀엽고 맛있어요.^^"
nv_1350004103,카페시나몬,잠실,카페 디저트,,2013,,,"빵이 정말 맛있고 분위기가 좋아 자주 방문하는 카페입니다💚
시나몬롤은 물론이고 케이크나 파운드케이크도 정말 맛있어요. (초코파운드에 빠져 3키로 쪘을정도😬)

석촌호수 앞이라 뷰나 분위기도 최고입니다🙌 야외 테라스 자리가 특히 좋은 것 같아요🥰"
nv_1350004103,카페시나몬,잠실,카페 디저트,,2013,,,"시나몬롤을 기대했는데 생각보다 별로였습니다. 먹어본 시나몬롤 중에 가장 별로...
음료는 가격대비 양과 맛이 모두 아쉬워요. 아마 가격은 자리값이겠죠.
접객도 아쉽고 디저트도 아쉽고. 위치는 좋습니다."
nv_1350004103,카페시나몬,잠실,카페 디저트,,2013,,,"석촌호수 브런치 카페 맛집

브런치 구성이 좋고 맛있는 석촌호수 브런치 맛집! 소스 넉넉한 토마토치즈스튜는 안에 계란도 들어가 있어 든든하게 먹기 좋고~ 트러플향 가득한 트라플양송이스프세트에는 걱물빵도 같이 나와 스프에 빵 찍어 먹어도 맛있어요! 바로 앞에 석촌호수라 벚꽃구경하기에도 좋은 석촌호수 카페!"
nv_1350004103,카페시나몬,잠실,카페 디저트,,2013,,,"대체 몇번째 방문인지 모르겠어요
인생 시나몬롤입니당
선물용으로도 자주 사가는데
다들 넘 이쁘고 맛있다고 좋아해요"
nv_1350004103,카페시나몬,잠실,카페 디저트,,2013,,,"송리단길에서 가장 좋아하는 까페예요,,, 시나몬롤 사랑하는데.... 빵 하나하나 진쨔 다 너무 맛있어요 ㅠㅠ 가끔 배달로도 시켜먹는데 전자렌지 10초 돌려먹으면... 극락입니다 ㅋㅋㅋㅋ 커피도 완젼 제스타일 ! 오늘은 오트라떼 마셨는데,,,이것도 완젼 맛있네요.
제 최애까페 오래오래 영업해주세요 ㅠㅠㅠ"
nv_1350004103,카페시나몬,잠실,카페 디저트,,2013,,,친구들이랑 브런치 먹으러 왔는데 인형같이 예쁜 여자직원분이 친절하게 추천을 잘 해주셔서 기분좋게 골랐네요~ 메뉴구성도 알차고 치즈스튜가 특히 맛있어요 시나몬롤도 맛있고 종류도 많아서 다음에 여러가지 포장해서 먹어봐야겠어요~
nv_1350004103,카페시나몬,잠실,카페 디저트,,2013,,,"석촌호수 바로 앞 분위기 좋은 브런치가게
엄~청 달아서 커피랑 먹는걸 추천"
nv_1350004103,카페시나몬,잠실,카페 디저트,,2013,,,평일 오전에 오픈시간 맞춰서 10시30분에 방문하였습니다. 평일이라 손님이 한명도 없었어요. 수란샌드위치와 시나몬롤 먹었는데 과하지 않고 맛있네요~ 한가롭고 여유로운 분위기에 브런치 먹으면서 좋은 시간 보내고 갑니다.
nv_1350004103,카페시나몬,잠실,카페 디저트,,2013,,,야장 느낌으로 야외 테라스에서 맥주 먹었는데 넘 좋네요 ㅎㅎ 시원하게 맥주 한 병씩 마시고 석촌호수 산책했어요^^
nv_1350004103,카페시나몬,잠실,카페 디저트,,2013,,,"석촌호수 바로 앞이라 위치도 좋고
통창이라서 뷰도 정말 좋았어요!
음료나 디저트도 괜찮았어요~"
