restaurant_id,restaurant_name,area,category,price,rating,review_count,photo_ratio,collected_review_count,taste_score,taste_confidence,taste_mentions,value_score,value_confidence,value_mentions,portion_score,portion_confidence,portion_mentions,brightness_score,brightness_confidence,brightness_mentions,noise_score,noise_confidence,noise_mentions,spaciousness_score,spaciousness_confidence,spaciousness_mentions,seat_type,couple,friend_meal,friend_drink,business_meal,business_drink
1428481536,강남진해장,강남,한식,,3.3,546,,41,0.79931052238927,0.2926829268292683,12,0.634778911564626,0.04878048780487805,2,0.5722222222222222,0.024390243902439025,1,0.574074074074074,0.024390243902439025,1,0.40151515151515144,0.0,0,0.5964285714285714,0.0,0,room,0,0,0,0,0
7983060,신동궁감자탕뼈숯불구이 역삼직영점,강남,한식,,3.4,1319,,40,0.9001508585237238,0.3,12,0.5886904761904762,0.0,0,0.6571428571428571,0.05,2,0.5555555555555555,0.0,0,0.40151515151515144,0.0,0,0.5964285714285714,0.0,0,room,0,0,0,0,0
1424086789,스시마이우 강남CGV점,강남,일식,,4.3,185,,40,0.8459658787109768,0.325,13,0.680952380952381,0.05,2,0.6833333333333333,0.0,0,0.29166666666666663,0.0,0,0.3125,0.0,0,0.577056277056277,0.0,0,room,0,0,0,0,0
19381618,갓포아키 도산공원점,강남,일식,,4.3,81,,43,0.8941140268591248,0.3023255813953488,13,0.6095238095238095,0.046511627906976744,2,0.6833333333333333,0.0,0,0.29166666666666663,0.0,0,0.3159722222222222,0.023255813953488372,1,0.577056277056277,0.0,0,room,0,1,1,0,0
24041168,시추안하우스 삼성점,강남,중식,,3.3,202,,40,0.7952971245643029,0.175,7,0.6322340530415064,0.05,2,0.6719298245614035,0.0,0,0.3333333333333333,0.0,0,0.3888888888888889,0.0,0,0.6215277777777777,0.025,1,"group,room",0,0,0,0,0
10954377,가담,강남,중식,,3.2,287,,41,0.751754190777095,0.0975609756097561,4,0.585127674258109,0.0,0,0.6719298245614035,0.0,0,0.3333333333333333,0.0,0,0.3888888888888889,0.0,0,0.6124999999999999,0.0,0,"bar,room",0,0,0,0,0
26572124,울프강스테이크하우스 청담점,강남,양식,,3.7,1403,,43,0.8798075465617483,0.20930232558139536,9,0.5821031746031745,0.023255813953488372,1,0.6177777777777778,0.0,0,0.4444444444444444,0.0,0,0.32708333333333334,0.0,0,0.544047619047619,0.0,0,room,0,0,0,0,0
1124684582,어거스트힐 강남점,강남,양식,,3.5,2235,,42,0.8401987361086627,0.2619047619047619,11,0.7444999999999999,0.11904761904761904,5,0.6177777777777778,0.0,0,0.4444444444444444,0.0,0,0.32708333333333334,0.0,0,0.544047619047619,0.0,0,"group,room",1,0,0,0,0
1551955711,카페프라미스,강남,카페 디저트,,4.2,171,,39,0.8465235275580102,0.1794871794871795,7,0.6174242424242423,0.02564102564102564,1,0.6927083333333334,0.02564102564102564,1,0.675,0.0,0,0.3133889919604205,0.05128205128205128,2,0.6907585470085471,0.07692307692307693,3,,0,0,0,0,0
1419529121,더플레이트디저트,강남,카페 디저트,,3.7,132,,43,0.7950815468056848,0.18604651162790697,8,0.6174242424242423,0.023255813953488372,1,0.6979166666666666,0.0,0,0.675,0.0,0,0.33874458874458874,0.0,0,0.6252136752136752,0.0,0,room,0,0,0,0,0
27229361,미식일가,건대,한식,,4.1,114,,41,0.8860427321965785,0.1951219512195122,8,0.7845175107079869,0.0975609756097561,4,0.7083333333333334,0.0,0,0.491358024691358,0.0,0,0.6666666666666666,0.024390243902439025,1,0.5,0.0,0,room,0,0,0,0,0
17101239,고흥순대국머리고기,건대,한식,,3.7,188,,44,0.8783981450648116,0.1590909090909091,7,0.732331821617536,0.022727272727272728,1,0.7083333333333334,0.0,0,0.491358024691358,0.0,0,0.6666666666666666,0.0,0,0.5277777777777778,0.022727272727272728,1,,0,0,0,0,0
413860309,고씨네 건국대점,건대,일식,,4.9,28,,41,0.9084127838965301,0.34146341463414637,14,0.8084075184075183,0.12195121951219512,5,0.7059523809523809,0.04878048780487805,2,0.491358024691358,0.0,0,0.38541666666666663,0.0,0,0.4861111111111111,0.0,0,room,0,0,0,0,0
1873080066,포비,건대,일식,,3.6,128,,42,0.8867673040467158,0.23809523809523808,10,0.7569086997658426,0.047619047619047616,2,0.6847222222222222,0.023809523809523808,1,0.491358024691358,0.0,0,0.38541666666666663,0.0,0,0.46064814814814814,0.023809523809523808,1,,0,0,0,0,0
1026281815,하이디라오 건대점,건대,중식,,4.2,941,,39,0.8499208294938085,0.15384615384615385,6,0.7037890424987199,0.05128205128205128,2,0.6644444444444445,0.0,0,0.6666666666666666,0.0,0,0.3828207671957672,0.0,0,0.6416666666666666,0.02564102564102564,1,room,0,0,0,0,0
610799971,송화산시도삭면 2호점,건대,중식,,4.2,983,,43,0.8076253172639917,0.18604651162790697,8,0.7037890424987199,0.046511627906976744,2,0.6644444444444445,0.0,0,0.6666666666666666,0.0,0,0.3828207671957672,0.0,0,0.6416666666666666,0.023255813953488372,1,room,0,0,0,0,0
747243423,드로잉레시피,건대,양식,,3.6,454,,43,0.8027623753464089,0.27906976744186046,12,0.6347106743932142,0.046511627906976744,2,0.6669973544973544,0.023255813953488372,1,0.5,0.0,0,0.2833333333333333,0.0,0,0.4924812030075188,0.0,0,room,0,0,0,0,0
641607564,페르바코,건대,양식,,4.9,39,,22,0.7650061798871322,0.18181818181818182,4,0.6849402312365275,0.045454545454545456,1,0.667063492063492,0.0,0,0.5,0.0,0,0.2833333333333333,0.0,0,0.4924812030075188,0.0,0,,0,0,0,0,0
1047206173,보리스카페,건대,카페 디저트,,4.5,45,,43,0.894854349932475,0.2558139534883721,11,0.6694444444444444,0.023255813953488372,1,0.6875,0.0,0,0.6666666666666666,0.0,0,0.30238095238095236,0.0,0,0.5528083028083027,0.023255813953488372,1,room,0,0,0,0,0
693959559,해피니스디저트 건대점,건대,카페 디저트,,,250,,7,0.832764689014689,0.0,0,0.67,0.0,0,0.6875,0.0,0,0.6666666666666666,0.0,0,0.30238095238095236,0.0,0,0.53003663003663,0.0,0,room,0,0,0,0,0
1999496197,쭈꾸미도사 잠실새내점,잠실,한식,,3.9,1954,,40,0.8974004716980033,0.275,11,0.6672427035330261,0.025,1,0.6734273956496178,0.025,1,0.491358024691358,0.0,0,0.3333333333333333,0.0,0,0.6868686868686869,0.025,1,room,0,0,0,0,0
1747047105,후발대 잠실직영점,잠실,한식,,4.7,283,,40,0.8445158563133879,0.275,11,0.6672427035330261,0.025,1,0.6747795414462081,0.0,0,0.491358024691358,0.0,0,0.3333333333333333,0.0,0,0.6909090909090909,0.0,0,room,0,0,0,0,0
1014186276,훈지,잠실,일식,,4.9,136,,39,0.8774152947185796,0.23076923076923078,9,0.7313532555879495,0.05128205128205128,2,0.5942460317460317,0.02564102564102564,1,0.3333333333333333,0.0,0,0.4095238095238095,0.0,0,0.5454545454545454,0.0,0,room,0,0,0,0,0
2097670691,선남씨,잠실,일식,,4.2,147,,43,0.8774152947185796,0.20930232558139536,9,0.7905187074829932,0.11627906976744186,5,0.7040178571428571,0.06976744186046512,3,0.3333333333333333,0.0,0,0.4095238095238095,0.0,0,0.5656565656565656,0.023255813953488372,1,room,0,0,0,0,0
1770327564,무한리필 홍태관 잠실새내본점,잠실,중식,,4.3,83,,42,0.7549057647534537,0.21428571428571427,9,0.7339901477832513,0.09523809523809523,4,0.632051282051282,0.0,0,0.5,0.0,0,0.3333333333333333,0.0,0,0.6071428571428571,0.0,0,,0,0,0,0,0
17969703,샹하이,잠실,중식,,3.7,16,,43,0.6171712431610621,0.18604651162790697,8,0.6599160737091772,0.09302325581395349,4,0.632051282051282,0.0,0,0.5,0.0,0,0.3333333333333333,0.0,0,0.6071428571428571,0.0,0,,0,0,0,0,0
1135861647,미태리 잠실새내점,잠실,양식,,4.5,46,,40,0.8030851777303856,0.2,8,0.77097866419295,0.225,9,0.6759259259259259,0.0,0,0.6666666666666666,0.0,0,0.3611111111111111,0.0,0,0.5944444444444444,0.025,1,,0,0,0,0,0
21328141,도미노피자 잠실본점,잠실,양식,,2.4,21,,38,0.7300134138118763,0.07894736842105263,3,0.6827886002886004,0.02631578947368421,1,0.6759259259259259,0.0,0,0.6666666666666666,0.0,0,0.3611111111111111,0.0,0,0.58,0.0,0,"bar,room",0,0,0,0,0
985464745,카페르뽀,잠실,카페 디저트,,4.8,11,,31,0.8390435870673024,0.1935483870967742,6,0.6274509803921569,0.0,0,0.6666666666666666,0.0,0,0.5,0.0,0,0.3742424242424242,0.0,0,0.5,0.0,0,room,0,0,0,0,0
17163273,농민백암순대 본점,강남,한식,,4.5,1570,,5,0.8085296360065944,0.4,2,0.5886904761904762,0.0,0,0.6199999999999999,0.0,0,0.5555555555555555,0.0,0,0.40151515151515144,0.0,0,0.5964285714285714,0.0,0,room,0,0,0,0,0
27531028,중앙해장,강남,한식,,4.1,1586,,5,0.8085296360065944,0.4,2,0.5886904761904762,0.0,0,0.6199999999999999,0.0,0,0.5555555555555555,0.0,0,0.40151515151515144,0.0,0,0.5964285714285714,0.0,0,,0,0,0,0,0
2073285111,신사모소리,강남,한식,,4.3,250,,42,0.8815375452760245,0.21428571428571427,9,0.5929315476190475,0.07142857142857142,3,0.6199999999999999,0.0,0,0.574074074074074,0.023809523809523808,1,0.44570707070707066,0.023809523809523808,1,0.5964285714285714,0.0,0,"group,room",0,0,0,0,0
13092552,뉴만두집,강남,한식,,3.9,540,,42,0.8815375452760245,0.21428571428571427,9,0.5179315476190476,0.07142857142857142,3,0.6199999999999999,0.0,0,0.5555555555555555,0.0,0,0.40151515151515144,0.0,0,0.5964285714285714,0.0,0,room,0,0,0,0,0
12418029,을밀대 강남점,강남,한식,,3.6,376,,42,0.6508824956405601,0.14285714285714285,6,0.5633503401360545,0.047619047619047616,2,0.6277777777777777,0.023809523809523808,1,0.5555555555555555,0.0,0,0.40151515151515144,0.0,0,0.5964285714285714,0.0,0,room,0,0,0,0,0
14569639,이도곰탕 본점,강남,한식,,4.1,363,,40,0.7773138301364108,0.25,10,0.6016865079365079,0.025,1,0.6277777777777777,0.025,1,0.5555555555555555,0.0,0,0.40151515151515144,0.0,0,0.6081349206349206,0.025,1,room,0,0,0,0,0
1511737742,돝고기506,강남,한식,,3.5,323,,39,0.8497306904564969,0.3076923076923077,12,0.5461309523809524,0.02564102564102564,1,0.5722222222222222,0.02564102564102564,1,0.5555555555555555,0.0,0,0.40151515151515144,0.0,0,0.6081349206349206,0.02564102564102564,1,"group,room",0,0,0,0,0
27261403,능라도 강남점,강남,한식,,3.8,246,,40,0.8945971003682698,0.275,11,0.491921768707483,0.05,2,0.6199999999999999,0.0,0,0.5555555555555555,0.0,0,0.40151515151515144,0.0,0,0.5964285714285714,0.0,0,room,0,0,0,0,0
2142723351,해담채 강남점,강남,한식,,4.1,158,,38,0.7449634315057702,0.07894736842105263,3,0.5633503401360545,0.05263157894736842,2,0.6277777777777777,0.02631578947368421,1,0.5555555555555555,0.0,0,0.40151515151515144,0.0,0,0.5964285714285714,0.0,0,"group,room",0,0,0,0,0
26565017,진대감 선릉점,강남,한식,,4.7,2058,,43,0.9097214448445349,0.32558139534883723,14,0.6016865079365079,0.023255813953488372,1,0.6199999999999999,0.0,0,0.5555555555555555,0.0,0,0.40151515151515144,0.0,0,0.5964285714285714,0.0,0,"group,room",0,0,0,1,1
8475048,한일관 압구정점,강남,한식,,3.4,144,,38,0.8122851886189355,0.21052631578947367,8,0.6016865079365079,0.02631578947368421,1,0.6199999999999999,0.0,0,0.5555555555555555,0.0,0,0.35822510822510817,0.05263157894736842,2,0.5525793650793651,0.02631578947368421,1,"group,room",0,1,1,0,0
1503746075,창고43 강남점,강남,한식,,3.5,263,,42,0.8445421737760448,0.11904761904761904,5,0.5929315476190475,0.07142857142857142,3,0.6199999999999999,0.0,0,0.5555555555555555,0.0,0,0.44570707070707066,0.023809523809523808,1,0.6081349206349206,0.023809523809523808,1,room,0,0,0,0,0
7891890,별양집,강남,한식,,4.4,156,,42,0.8815375452760245,0.21428571428571427,9,0.5179315476190476,0.07142857142857142,3,0.6199999999999999,0.0,0,0.5555555555555555,0.0,0,0.40151515151515144,0.0,0,0.6403061224489797,0.047619047619047616,2,room,0,0,0,0,0
2032952073,일품진진수라 선릉점,강남,한식,,4.6,669,,41,0.8497306904564969,0.2926829268292683,12,0.5886904761904762,0.0,0,0.5722222222222222,0.024390243902439025,1,0.5555555555555555,0.0,0,0.35822510822510817,0.04878048780487805,2,0.6081349206349206,0.024390243902439025,1,"group,room",0,0,0,1,0
13102233,세종한우 학동역점,강남,한식,,3.8,299,,41,0.8199634315057702,0.07317073170731707,3,0.6974206349206349,0.0975609756097561,4,0.6277777777777777,0.024390243902439025,1,0.5555555555555555,0.0,0,0.40151515151515144,0.0,0,0.5964285714285714,0.0,0,room,0,0,0,0,0
1614493196,참치공방 강남점,강남,일식,,3.8,296,,40,0.7009744681937196,0.15,6,0.7083333333333334,0.075,3,0.6833333333333333,0.0,0,0.29166666666666663,0.0,0,0.3159722222222222,0.025,1,0.577056277056277,0.0,0,"group,room",0,1,1,1,0
16875542,가나돈까스의집,강남,일식,,2.9,363,,40,0.6919994198145459,0.225,9,0.6555555555555556,0.025,1,0.6805555555555557,0.025,1,0.29166666666666663,0.0,0,0.3125,0.0,0,0.577056277056277,0.0,0,,0,0,0,0,0
1989327162,나이스샤워 역삼점,강남,일식,,4,114,,47,0.7274477222124281,0.3191489361702128,15,0.6333333333333333,0.06382978723404255,3,0.630952380952381,0.0425531914893617,2,0.29166666666666663,0.0,0,0.3125,0.0,0,0.5550401978973408,0.0425531914893617,2,"bar,room",0,0,0,0,0
18324313,미미면가 본점,강남,일식,,3.6,440,,41,0.7084923877865054,0.24390243902439024,10,0.6333333333333333,0.07317073170731707,3,0.6833333333333333,0.0,0,0.29166666666666663,0.0,0,0.3125,0.0,0,0.577056277056277,0.0,0,room,0,0,0,0,0
913979606,참치공방 선릉점,강남,일식,,4.4,248,,41,0.8373381045573559,0.14634146341463414,6,0.7333333333333333,0.0975609756097561,4,0.6833333333333333,0.0,0,0.29166666666666663,0.0,0,0.3125,0.0,0,0.591991341991342,0.024390243902439025,1,"group,room",0,0,0,0,0
15270381,스시선수,강남,일식,,4.5,77,,42,0.8373381045573559,0.14285714285714285,6,0.6555555555555556,0.023809523809523808,1,0.6833333333333333,0.0,0,0.29166666666666663,0.0,0,0.3159722222222222,0.023809523809523808,1,0.577056277056277,0.0,0,room,0,0,0,0,0
13573425,기세끼 논현점,강남,일식,,4,160,,38,0.8380254962261882,0.3157894736842105,12,0.6555555555555556,0.02631578947368421,1,0.6833333333333333,0.0,0,0.2797619047619047,0.05263157894736842,2,0.29464285714285715,0.05263157894736842,2,0.5364357864357865,0.02631578947368421,1,"group,room",0,1,1,0,0
27440495,136길 육미,강남,일식,,3.8,384,,43,0.8821603314985669,0.2558139534883721,11,0.680952380952381,0.046511627906976744,2,0.6833333333333333,0.0,0,0.29166666666666663,0.0,0,0.3125,0.0,0,0.577056277056277,0.0,0,"group,room",0,0,0,0,0
27415522,와라야키 쿠이신보,강남,일식,,3.7,88,,42,0.7084923877865054,0.23809523809523808,10,0.6333333333333333,0.07142857142857142,3,0.6833333333333333,0.0,0,0.29166666666666663,0.0,0,0.3125,0.0,0,0.577056277056277,0.0,0,room,0,0,0,0,0
1493770873,오레노이키루미치 압구정본점,강남,일식,,4.3,181,,36,0.8673240951392212,0.25,9,0.6555555555555556,0.027777777777777776,1,0.6833333333333333,0.0,0,0.29166666666666663,0.0,0,0.3125,0.0,0,0.5364357864357865,0.027777777777777776,1,room,0,0,0,0,0
10030025,후지,강남,일식,,4.8,133,,37,0.8373381045573559,0.16216216216216217,6,0.6555555555555556,0.02702702702702703,1,0.6833333333333333,0.0,0,0.29166666666666663,0.0,0,0.3125,0.0,0,0.577056277056277,0.0,0,room,0,0,0,0,0
13119179,큰물참치 강남점,강남,일식,,3.7,135,,41,0.7532147721559486,0.12195121951219512,5,0.6533333333333333,0.0,0,0.6833333333333333,0.0,0,0.29166666666666663,0.0,0,0.3125,0.0,0,0.591991341991342,0.024390243902439025,1,"group,room",0,0,0,0,0
1950857675,오레노라멘 강남점,강남,일식,,4.2,1299,,42,0.7876053281589614,0.2857142857142857,12,0.680952380952381,0.047619047619047616,2,0.6805555555555557,0.023809523809523808,1,0.29166666666666663,0.0,0,0.3125,0.0,0,0.6606601731601732,0.07142857142857142,3,,0,0,0,0,0
10972091,홍명,강남,중식,,3.6,644,,41,0.8379258348762186,0.2682926829268293,11,0.6657047964113181,0.07317073170731707,3,0.6710526315789473,0.024390243902439025,1,0.3333333333333333,0.0,0,0.3888888888888889,0.0,0,0.6124999999999999,0.0,0,room,0,0,0,0,0
24010315,골드피쉬딤섬퀴진,강남,중식,,4,1501,,43,0.8724449177404482,0.37209302325581395,16,0.43542097998619733,0.11627906976744186,5,0.6719298245614035,0.0,0,0.3333333333333333,0.0,0,0.3888888888888889,0.0,0,0.6124999999999999,0.0,0,room,0,0,0,0,0
7815078,대가방 본점,강남,중식,,3.3,543,,42,0.757358576870029,0.30952380952380953,13,0.560805481612935,0.047619047619047616,2,0.6719298245614035,0.0,0,0.3333333333333333,0.0,0,0.3888888888888889,0.0,0,0.6124999999999999,0.0,0,"group,room",0,0,0,0,0
1770731230,팀호완 삼성점,강남,중식,,3.4,872,,42,0.8384835336041476,0.11904761904761904,5,0.585127674258109,0.0,0,0.6154970760233919,0.023809523809523808,1,0.3333333333333333,0.0,0,0.3888888888888889,0.0,0,0.6124999999999999,0.0,0,"group,room",0,0,0,0,0
260283466,구구당,강남,중식,,3.6,3356,,41,0.7850412194916032,0.2682926829268293,11,0.5987175063262019,0.024390243902439025,1,0.6719298245614035,0.0,0,0.3333333333333333,0.0,0,0.3888888888888889,0.0,0,0.6215277777777777,0.024390243902439025,1,"group,room",0,0,0,0,0
12140312,몽중헌 청담점,강남,중식,,3.7,302,,42,0.846166784473028,0.2857142857142857,12,0.585127674258109,0.0,0,0.6710526315789473,0.023809523809523808,1,0.3333333333333333,0.0,0,0.3796296296296296,0.023809523809523808,1,0.6124999999999999,0.0,0,"group,room",0,0,0,0,0
25155819,파크루안 역삼점,강남,중식,,3.7,297,,40,0.7453264483385742,0.3,12,0.5431619507706463,0.025,1,0.694235588972431,0.05,2,0.3333333333333333,0.0,0,0.3888888888888889,0.0,0,0.6124999999999999,0.0,0,"group,room",0,0,0,1,1
791775664,천미미 신사점,강남,중식,,4.1,219,,41,0.8601119393791176,0.17073170731707318,7,0.5987175063262019,0.024390243902439025,1,0.6710526315789473,0.024390243902439025,1,0.3333333333333333,0.0,0,0.3888888888888889,0.0,0,0.6124999999999999,0.0,0,room,0,0,0,0,0
10252806,대려도,강남,중식,,3.8,110,,42,0.7670549621755761,0.11904761904761904,5,0.585127674258109,0.0,0,0.6719298245614035,0.0,0,0.3333333333333333,0.0,0,0.3888888888888889,0.0,0,0.5659722222222222,0.023809523809523808,1,room,0,0,0,0,0
18283045,마담밍 선릉점,강남,중식,,4.4,240,,43,0.890810450260834,0.2558139534883721,11,0.6322340530415064,0.046511627906976744,2,0.6719298245614035,0.0,0,0.3333333333333333,0.0,0,0.3888888888888889,0.0,0,0.6124999999999999,0.0,0,room,0,0,0,0,0
1262079557,송쉐프 본점,강남,중식,,3.6,177,,40,0.8691631577174762,0.2,8,0.5431619507706463,0.025,1,0.6719298245614035,0.0,0,0.3333333333333333,0.0,0,0.4351851851851852,0.025,1,0.6124999999999999,0.0,0,"group,room",0,0,0,0,0
980076754,인량 훠궈,강남,중식,,4.3,680,,41,0.8843858477995904,0.24390243902439024,10,0.5157047964113182,0.07317073170731707,3,0.6710526315789473,0.024390243902439025,1,0.3333333333333333,0.0,0,0.3796296296296296,0.024390243902439025,1,0.6517857142857143,0.04878048780487805,2,"group,room",0,0,0,0,0
25550206,아방궁,강남,중식,,3.6,239,,42,0.8601119393791176,0.16666666666666666,7,0.5987175063262019,0.023809523809523808,1,0.6719298245614035,0.0,0,0.3333333333333333,0.0,0,0.3796296296296296,0.023809523809523808,1,0.6124999999999999,0.0,0,"group,bar,room",0,0,0,0,0
11026324,공리 강남구청역점,강남,중식,,4.4,737,,43,0.8965869525402548,0.27906976744186046,12,0.6322340530415064,0.046511627906976744,2,0.6719298245614035,0.0,0,0.3333333333333333,0.0,0,0.3888888888888889,0.0,0,0.6215277777777777,0.023255813953488372,1,room,0,0,0,0,0
528537292,훠궈나라 강남점,강남,중식,,3.6,475,,44,0.7603268282701239,0.20454545454545456,9,0.7623217161260638,0.1590909090909091,7,0.6710526315789473,0.022727272727272728,1,0.3333333333333333,0.0,0,0.3796296296296296,0.022727272727272728,1,0.6215277777777777,0.022727272727272728,1,room,0,0,0,0,0
23999472,불이아 역삼점,강남,중식,,4.1,353,,39,0.846166784473028,0.3076923076923077,12,0.560805481612935,0.05128205128205128,2,0.6719298245614035,0.0,0,0.3333333333333333,0.0,0,0.3888888888888889,0.0,0,0.6124999999999999,0.0,0,"group,room",0,0,0,1,1
735898829,홍보각,강남,중식,,4.4,453,,41,0.7135564591206536,0.14634146341463414,6,0.585127674258109,0.0,0,0.694235588972431,0.04878048780487805,2,0.3333333333333333,0.0,0,0.3888888888888889,0.0,0,0.6124999999999999,0.0,0,"group,room",0,0,0,0,0
909184198,몽중헌 대치점,강남,중식,,3.8,168,,42,0.8288302922440349,0.23809523809523808,10,0.585127674258109,0.0,0,0.6719298245614035,0.0,0,0.3333333333333333,0.0,0,0.3796296296296296,0.023809523809523808,1,0.6215277777777777,0.023809523809523808,1,"couple,group,bar,room",0,0,0,0,0
25115599,한성양갈비양꼬치 강남점,강남,중식,,3.5,116,,41,0.8187683867116825,0.21951219512195122,9,0.5987175063262019,0.024390243902439025,1,0.6719298245614035,0.0,0,0.3333333333333333,0.0,0,0.3888888888888889,0.0,0,0.6124999999999999,0.0,0,room,0,0,0,0,0
66544493,일일향 압구정1호점,강남,중식,,3.1,158,,41,0.7957466164058011,0.2926829268292683,12,0.5987175063262019,0.024390243902439025,1,0.6719298245614035,0.0,0,0.3333333333333333,0.0,0,0.3888888888888889,0.0,0,0.6124999999999999,0.0,0,room,0,0,0,0,0
948434557,호신각,강남,중식,,4.4,225,,42,0.8499200954842899,0.14285714285714285,6,0.5987175063262019,0.023809523809523808,1,0.694235588972431,0.047619047619047616,2,0.3333333333333333,0.0,0,0.3888888888888889,0.0,0,0.6124999999999999,0.0,0,room,0,0,0,0,0
2001311524,중화백반 강남구청점,강남,중식,,4.7,501,,39,0.9183811003737238,0.4358974358974359,17,0.5987175063262019,0.02564102564102564,1,0.6719298245614035,0.0,0,0.3333333333333333,0.0,0,0.4351851851851852,0.02564102564102564,1,0.6124999999999999,0.0,0,"group,room",0,0,0,0,0
1655913908,서래향 수서점,강남,중식,,4.5,652,,34,0.8499200954842899,0.17647058823529413,6,0.5987175063262019,0.029411764705882353,1,0.6710526315789473,0.029411764705882353,1,0.3333333333333333,0.0,0,0.34920634920634924,0.058823529411764705,2,0.6078124999999999,0.08823529411764706,3,"group,room",0,0,0,1,0
2076338271,원스타올드패션드 햄버거,강남,양식,,4,448,,43,0.6970454814312946,0.27906976744186046,12,0.5449107142857142,0.06976744186046512,3,0.6177777777777778,0.0,0,0.4444444444444444,0.0,0,0.32708333333333334,0.0,0,0.544047619047619,0.0,0,"group,room",0,0,0,0,0
12026995,지아니스나폴리 역삼점,강남,양식,,4.1,244,,41,0.8930833514932781,0.2682926829268293,11,0.6656122448979591,0.04878048780487805,2,0.6259259259259259,0.024390243902439025,1,0.4444444444444444,0.0,0,0.32708333333333334,0.0,0,0.544047619047619,0.0,0,,0,0,0,0,0
1565367501,쵸이닷,강남,양식,,3.5,645,,41,0.8298689781532919,0.0975609756097561,4,0.6199107142857142,0.07317073170731707,3,0.6177777777777778,0.0,0,0.4444444444444444,0.0,0,0.32708333333333334,0.0,0,0.544047619047619,0.0,0,room,0,0,0,0,0
27129003,알라프리마,강남,양식,,4.5,272,,39,0.7983276595408949,0.1794871794871795,7,0.6656122448979591,0.05128205128205128,2,0.5703703703703703,0.02564102564102564,1,0.4444444444444444,0.0,0,0.32708333333333334,0.0,0,0.5644841269841269,0.02564102564102564,1,room,1,0,0,0,0
586363951,크라이치즈버거 삼성역점,강남,양식,,4.4,420,,39,0.8421201755760579,0.1282051282051282,5,0.6376587301587301,0.02564102564102564,1,0.6177777777777778,0.0,0,0.4444444444444444,0.0,0,0.32708333333333334,0.0,0,0.602891156462585,0.05128205128205128,2,room,0,0,0,0,0
1469510606,빌즈 강남,강남,양식,,3.1,452,,42,0.7983276595408949,0.16666666666666666,7,0.6318571428571428,0.0,0,0.6259259259259259,0.023809523809523808,1,0.48148148148148145,0.023809523809523808,1,0.32708333333333334,0.0,0,0.5644841269841269,0.023809523809523808,1,,0,0,0,0,0
27271692,비야게레로,강남,양식,,4.2,598,,42,0.8312547202253086,0.23809523809523808,10,0.6656122448979591,0.047619047619047616,2,0.5703703703703703,0.023809523809523808,1,0.4444444444444444,0.0,0,0.32708333333333334,0.0,0,0.544047619047619,0.0,0,room,0,0,0,0,0
7857136,마노디셰프 강남점,강남,양식,,4.2,675,,40,0.8719605746189457,0.2,8,0.5941836734693877,0.05,2,0.6177777777777778,0.0,0,0.4444444444444444,0.0,0,0.32708333333333334,0.0,0,0.602891156462585,0.05,2,"group,room",1,0,0,0,0
18074322,파씨오네,강남,양식,,4.6,238,,42,0.8631424743557096,0.16666666666666666,7,0.7644805194805194,0.14285714285714285,6,0.6259259259259259,0.023809523809523808,1,0.4444444444444444,0.0,0,0.32708333333333334,0.0,0,0.4600340136054421,0.047619047619047616,2,room,0,0,0,0,0
368469701,조인바이트,강남,양식,,4.3,758,,34,0.8532261336405721,0.17647058823529413,6,0.6376587301587301,0.029411764705882353,1,0.6177777777777778,0.0,0,0.4444444444444444,0.0,0,0.32708333333333334,0.0,0,0.544047619047619,0.0,0,"group,room",1,1,1,0,0
237005010,로마옥 도곡,강남,양식,,3.8,636,,37,0.7756991646697529,0.2702702702702703,10,0.5821031746031745,0.02702702702702703,1,0.6177777777777778,0.0,0,0.4444444444444444,0.0,0,0.32708333333333334,0.0,0,0.5089285714285714,0.02702702702702703,1,room,0,0,0,0,0
1250460135,마초 스테이크,강남,양식,,4.6,453,,50,0.8075270816692386,0.26,13,0.5732539682539682,0.08,4,0.6861111111111111,0.06,3,0.4444444444444444,0.0,0,0.32708333333333334,0.0,0,0.544047619047619,0.0,0,room,0,0,0,0,0
1248615345,텍사스데브라질 압구정점,강남,양식,,3.6,647,,41,0.7488836515420226,0.1951219512195122,8,0.6318571428571428,0.0,0,0.6555555555555556,0.04878048780487805,2,0.4444444444444444,0.0,0,0.32708333333333334,0.0,0,0.544047619047619,0.0,0,room,0,0,0,0,0
19808159,오리지널팬케이크하우스 가로수길점,강남,양식,,3.8,277,,41,0.886810275780864,0.24390243902439024,10,0.6376587301587301,0.024390243902439025,1,0.6861111111111111,0.07317073170731707,3,0.4444444444444444,0.0,0,0.32708333333333334,0.0,0,0.544047619047619,0.0,0,room,0,0,0,0,0
312947795,무오키,강남,양식,,4.4,190,,42,0.8719605746189457,0.19047619047619047,8,0.6656122448979591,0.047619047619047616,2,0.6177777777777778,0.0,0,0.4444444444444444,0.0,0,0.328125,0.023809523809523808,1,0.544047619047619,0.0,0,room,1,0,0,0,0
929201336,스터번,강남,양식,,4.6,115,,40,0.898726153700202,0.3,12,0.7214021164021164,0.1,4,0.6177777777777778,0.0,0,0.4444444444444444,0.0,0,0.32708333333333334,0.0,0,0.544047619047619,0.0,0,room,0,0,0,0,0
26856753,브루클린더버거조인트 가로수길점,강남,양식,,3.9,301,,42,0.7756991646697529,0.23809523809523808,10,0.5941836734693877,0.047619047619047616,2,0.6177777777777778,0.0,0,0.4444444444444444,0.0,0,0.32708333333333334,0.0,0,0.544047619047619,0.0,0,room,0,0,0,0,0
792244011,퀸즈블러바드,강남,양식,,3.6,232,,42,0.8719605746189457,0.19047619047619047,8,0.6199107142857142,0.07142857142857142,3,0.6177777777777778,0.0,0,0.4444444444444444,0.0,0,0.32708333333333334,0.0,0,0.544047619047619,0.0,0,room,0,0,0,0,0
1697940758,비어룸,강남,양식,,3.8,295,,43,0.886810275780864,0.23255813953488372,10,0.6376587301587301,0.023255813953488372,1,0.6259259259259259,0.023255813953488372,1,0.4444444444444444,0.0,0,0.32708333333333334,0.0,0,0.5644841269841269,0.023255813953488372,1,"group,room",0,0,0,0,0
21311108,마켓오 압구정점,강남,양식,,3.8,128,,42,0.7983276595408949,0.16666666666666666,7,0.6730714285714285,0.11904761904761904,5,0.6177777777777778,0.0,0,0.4444444444444444,0.0,0,0.3764880952380953,0.047619047619047616,2,0.5314625850340136,0.047619047619047616,2,"group,room",0,0,0,0,0
1851273390,페어링룸,강남,양식,,4.1,442,,42,0.8556752298173868,0.30952380952380953,13,0.7214021164021164,0.09523809523809523,4,0.5703703703703703,0.023809523809523808,1,0.4444444444444444,0.0,0,0.32708333333333334,0.0,0,0.544047619047619,0.0,0,room,0,0,0,0,0
1950123074,스케줄 청담,강남,양식,,,661,,7,0.8270974940092587,0.0,0,0.6318571428571428,0.0,0,0.6177777777777778,0.0,0,0.4444444444444444,0.0,0,0.32708333333333334,0.0,0,0.544047619047619,0.0,0,room,0,0,0,0,0
1779217087,썬더버드 청담점,강남,양식,,3.9,300,,40,0.886810275780864,0.25,10,0.5227551020408162,0.05,2,0.6259259259259259,0.025,1,0.4444444444444444,0.0,0,0.32708333333333334,0.0,0,0.602891156462585,0.05,2,room,0,0,0,0,0
1983100839,런던 커파 수제 샌드위치 디저트 맛집,강남,카페 디저트,,0,0,,3,0.7872120216947803,0.0,0,0.6075757575757575,0.0,0,0.6979166666666666,0.0,0,0.675,0.0,0,0.33874458874458874,0.0,0,0.6252136752136752,0.0,0,,0,0,0,0,0
1146753407,카페로니브런치 디저트,강남,카페 디저트,,0,0,,4,0.7872120216947803,0.0,0,0.6075757575757575,0.0,0,0.6979166666666666,0.0,0,0.675,0.0,0,0.33874458874458874,0.0,0,0.6252136752136752,0.0,0,,0,0,0,0,0
27301629,디올카페,강남,카페 디저트,,4,24,,40,0.7765800154962716,0.05,2,0.45473484848484846,0.075,3,0.6979166666666666,0.0,0,0.675,0.0,0,0.33874458874458874,0.0,0,0.6252136752136752,0.0,0,room,0,0,0,0,0
1027809775,프리미엄디저트카페 더푸릇,강남,카페 디저트,,5,7,,20,0.8350963734976274,0.3,6,0.6174242424242423,0.05,1,0.6927083333333334,0.05,1,0.675,0.0,0,0.33874458874458874,0.0,0,0.6252136752136752,0.0,0,,0,0,0,0,0
22400767,10꼬르소꼬모서울카페,강남,카페 디저트,,3.4,1,,41,0.8350963734976274,0.14634146341463414,6,0.5054112554112554,0.04878048780487805,2,0.6979166666666666,0.0,0,0.675,0.0,0,0.33874458874458874,0.0,0,0.6252136752136752,0.0,0,room,0,0,0,0,0
27347412,크라프트카페,강남,카페 디저트,,4,129,,42,0.7170075135592378,0.07142857142857142,3,0.6174242424242423,0.023809523809523808,1,0.6979166666666666,0.0,0,0.6964285714285714,0.047619047619047616,2,0.2408008658008658,0.11904761904761904,5,0.6321225071225071,0.023809523809523808,1,"group,room",0,0,0,0,0
150499518,에이비카페,강남,카페 디저트,,3.5,414,,44,0.733636308348952,0.09090909090909091,4,0.6174242424242423,0.022727272727272728,1,0.6979166666666666,0.0,0,0.675,0.0,0,0.33784271284271283,0.022727272727272728,1,0.7142094017094017,0.1590909090909091,7,"bar,room",0,0,0,0,0
1104225959,카페키츠네 서울,강남,카페 디저트,,3.9,100,,43,0.7170075135592378,0.06976744186046512,3,0.5768398268398267,0.046511627906976744,2,0.6979166666666666,0.0,0,0.675,0.0,0,0.33874458874458874,0.0,0,0.6321225071225071,0.023255813953488372,1,,0,0,0,0,0
1174051341,카페시트롱,강남,카페 디저트,,3.8,67,,42,0.8655627350208631,0.21428571428571427,9,0.6174242424242423,0.023809523809523808,1,0.6979166666666666,0.0,0,0.675,0.0,0,0.33784271284271283,0.023809523809523808,1,0.6252136752136752,0.0,0,room,0,0,0,0,0
764363993,인포메이션카페,강남,카페 디저트,,4.2,295,,42,0.8566200083441463,0.19047619047619047,8,0.5597643097643097,0.09523809523809523,4,0.6979166666666666,0.0,0,0.675,0.0,0,0.33874458874458874,0.0,0,0.6907585470085471,0.07142857142857142,3,bar,0,0,0,0,0
450110126,카페공명 신사가로수길점,강남,카페 디저트,,4.8,395,,44,0.7669145553158092,0.13636363636363635,6,0.6482683982683982,0.045454545454545456,2,0.6979166666666666,0.0,0,0.675,0.0,0,0.3933982683982684,0.022727272727272728,1,0.6436372269705603,0.09090909090909091,4,room,0,0,0,0,0
675372031,디저트카페 연,강남,카페 디저트,,0,0,,4,0.7872120216947803,0.0,0,0.6075757575757575,0.0,0,0.6979166666666666,0.0,0,0.675,0.0,0,0.33874458874458874,0.0,0,0.6252136752136752,0.0,0,,0,0,0,0,0
182581980,카페 카이브,강남,카페 디저트,,4.6,493,,40,0.7335430852672231,0.2,8,0.6047348484848485,0.075,3,0.6927083333333334,0.025,1,0.675,0.0,0,0.33874458874458874,0.0,0,0.6252136752136752,0.0,0,room,0,0,0,0,0
1329992832,플로렛플라워카페,강남,카페 디저트,,4.1,44,,31,0.733636308348952,0.12903225806451613,4,0.6482683982683982,0.06451612903225806,2,0.6979166666666666,0.0,0,0.675,0.0,0,0.33874458874458874,0.0,0,0.5765669515669516,0.03225806451612903,1,room,0,0,0,0,0
2132203239,카페풀림,강남,카페 디저트,,4.5,254,,39,0.8655627350208631,0.23076923076923078,9,0.6174242424242423,0.02564102564102564,1,0.6927083333333334,0.02564102564102564,1,0.675,0.0,0,0.33784271284271283,0.02564102564102564,1,0.6252136752136752,0.0,0,,0,0,0,0,0
100026790,카페로얄마카롱 신사역점,강남,카페 디저트,,4.8,94,,50,0.817959562787149,0.2,10,0.7079124579124579,0.08,4,0.6979166666666666,0.0,0,0.675,0.0,0,0.33874458874458874,0.0,0,0.7177113010446344,0.08,4,room,0,0,0,0,0
16501999,카페올,강남,카페 디저트,,4.8,9,,26,0.7507488679902473,0.19230769230769232,5,0.6482683982683982,0.07692307692307693,2,0.6979166666666666,0.0,0,0.675,0.0,0,0.33874458874458874,0.0,0,0.6321225071225071,0.038461538461538464,1,,0,0,0,0,0
1581244530,카페 그라브 논현,강남,카페 디저트,,2.3,189,,13,0.7872120216947803,0.0,0,0.5618686868686869,0.07692307692307693,1,0.6979166666666666,0.0,0,0.675,0.0,0,0.33784271284271283,0.07692307692307693,1,0.6252136752136752,0.0,0,,0,0,0,0,0
1107978574,카페드몽슈슈 선정릉점,강남,카페 디저트,,3.7,12,,13,0.7671211291900947,0.07692307692307693,1,0.6075757575757575,0.0,0,0.6979166666666666,0.0,0,0.675,0.0,0,0.33784271284271283,0.07692307692307693,1,0.5765669515669516,0.07692307692307693,1,,0,0,0,0,0
230292537,카페블랑131,강남,카페 디저트,,3,4,,5,0.7872120216947803,0.0,0,0.6075757575757575,0.0,0,0.6979166666666666,0.0,0,0.675,0.0,0,0.33784271284271283,0.2,1,0.6252136752136752,0.0,0,,0,0,0,0,0
17748080,아르켓 카페 가로수길점,강남,카페 디저트,,4.8,35,,15,0.7920075135592377,0.2,3,0.6174242424242423,0.06666666666666667,1,0.6979166666666666,0.0,0,0.675,0.0,0,0.33874458874458874,0.0,0,0.6252136752136752,0.0,0,,0,0,0,0,0
2122601987,아틀리에폰드카페,강남,카페 디저트,,4,0,,11,0.7671211291900947,0.09090909090909091,1,0.6075757575757575,0.0,0,0.6979166666666666,0.0,0,0.675,0.0,0,0.33874458874458874,0.0,0,0.6252136752136752,0.0,0,room,0,0,0,0,0
1097688606,카페카푸치노,강남,카페 디저트,,5,2,,3,0.7872120216947803,0.0,0,0.6075757575757575,0.0,0,0.6979166666666666,0.0,0,0.675,0.0,0,0.33874458874458874,0.0,0,0.6252136752136752,0.0,0,,0,0,0,0,0
1994479496,통큰감자탕 건대본점,건대,한식,,4.6,145,,42,0.8590746943688119,0.2857142857142857,12,0.732331821617536,0.023809523809523808,1,0.7083333333333334,0.0,0,0.491358024691358,0.0,0,0.6666666666666666,0.0,0,0.5,0.0,0,,0,0,0,0,0
715808397,연탄불꿀곱창,건대,한식,,4.4,44,,39,0.8658456769567882,0.3333333333333333,13,0.732331821617536,0.02564102564102564,1,0.7083333333333334,0.0,0,0.491358024691358,0.0,0,0.6666666666666666,0.0,0,0.47222222222222227,0.02564102564102564,1,,0,0,0,0,0
2103908554,정면,건대,한식,,4.6,618,,41,0.813583330249997,0.17073170731707318,7,0.7467606090055069,0.04878048780487805,2,0.701388888888889,0.024390243902439025,1,0.491358024691358,0.0,0,0.6666666666666666,0.0,0,0.5,0.0,0,room,0,0,0,0,0
7831256,대원칼국수,건대,한식,,4.5,222,,41,0.9139938251049363,0.3170731707317073,13,0.732331821617536,0.024390243902439025,1,0.701388888888889,0.024390243902439025,1,0.491358024691358,0.0,0,0.6666666666666666,0.0,0,0.5,0.0,0,room,0,0,0,0,0
12183322,재희네식당,건대,한식,,4.6,37,,42,0.813583330249997,0.16666666666666666,7,0.729875283446712,0.11904761904761904,5,0.7202380952380952,0.047619047619047616,2,0.491358024691358,0.0,0,0.6666666666666666,0.0,0,0.5277777777777778,0.023809523809523808,1,room,0,0,0,0,0
1129498256,풍년상회,건대,한식,,4.5,81,,41,0.8516404891404892,0.2682926829268293,11,0.7467606090055069,0.04878048780487805,2,0.7083333333333334,0.0,0,0.491358024691358,0.0,0,0.6666666666666666,0.0,0,0.5,0.0,0,"group,room",0,0,0,0,0
1284850607,구의동손칼국수,건대,한식,,4.6,87,,42,0.9139938251049363,0.30952380952380953,13,0.7467606090055069,0.047619047619047616,2,0.7083333333333334,0.0,0,0.491358024691358,0.0,0,0.6666666666666666,0.0,0,0.5,0.0,0,,0,0,0,0,0
13613012,알촌 건국대점,건대,한식,,4.5,21,,41,0.8783981450648116,0.17073170731707318,7,0.8291288737717308,0.17073170731707318,7,0.7202380952380952,0.04878048780487805,2,0.491358024691358,0.0,0,0.6666666666666666,0.0,0,0.5,0.04878048780487805,2,,0,0,0,0,0
1034593873,뇌산 마을 건대직영점,건대,한식,,4.8,190,,40,0.9252222204603155,0.4,16,0.7845175107079869,0.1,4,0.7083333333333334,0.0,0,0.491358024691358,0.0,0,0.6666666666666666,0.0,0,0.5,0.0,0,room,0,1,1,0,0
967000236,박과장의조은회사,건대,한식,,4.4,494,,38,0.8344422772994202,0.23684210526315788,9,0.7454648526077098,0.0,0,0.701388888888889,0.02631578947368421,1,0.491358024691358,0.0,0,0.6666666666666666,0.0,0,0.47222222222222227,0.02631578947368421,1,"group,room",0,1,1,0,0
1032401631,미가담,건대,한식,,4.3,48,,41,0.9045251045251046,0.2682926829268293,11,0.7845175107079869,0.0975609756097561,4,0.7202380952380952,0.04878048780487805,2,0.491358024691358,0.0,0,0.6666666666666666,0.0,0,0.5,0.0,0,room,0,0,0,0,0
14984027,자양감자탕,건대,한식,,3.1,36,,42,0.7761357983580205,0.09523809523809523,4,0.732331821617536,0.023809523809523808,1,0.7083333333333334,0.0,0,0.491358024691358,0.0,0,0.6666666666666666,0.0,0,0.5,0.0,0,floor,0,0,0,0,0
1776400057,열불날개 건대본점,건대,한식,,4.2,276,,40,0.9139938251049363,0.325,13,0.7467606090055069,0.05,2,0.7083333333333334,0.0,0,0.491358024691358,0.0,0,0.6666666666666666,0.0,0,0.5,0.0,0,room,0,0,0,0,0
18542711,스시오 건대점,건대,일식,,3.8,187,,41,0.8930430654925141,0.2682926829268293,11,0.8557270771556487,0.21951219512195122,9,0.6847222222222222,0.024390243902439025,1,0.491358024691358,0.0,0,0.3767361111111111,0.024390243902439025,1,0.4861111111111111,0.0,0,room,0,0,0,0,0
8029124,우마이도 건대점,건대,일식,,3.9,249,,41,0.7474277332625083,0.2926829268292683,12,0.7441712608379275,0.024390243902439025,1,0.6883333333333332,0.0,0,0.491358024691358,0.0,0,0.38541666666666663,0.0,0,0.4861111111111111,0.0,0,room,0,0,0,0,0
18834003,요비,건대,일식,,4.6,816,,50,0.8630887596880243,0.14,7,0.792410470188248,0.08,4,0.6883333333333332,0.0,0,0.491358024691358,0.0,0,0.3767361111111111,0.02,1,0.4861111111111111,0.0,0,room,0,0,0,0,0
11989881,호야초밥참치 본점,건대,일식,,2.9,681,,43,0.8213199469764597,0.20930232558139536,9,0.7183363961141739,0.09302325581395349,4,0.6883333333333332,0.0,0,0.491358024691358,0.0,0,0.38541666666666663,0.0,0,0.4186507936507936,0.046511627906976744,2,room,0,0,0,0,0
1990556306,멘쇼,건대,일식,,4.3,221,,40,0.7982739448732096,0.175,7,0.7569086997658426,0.05,2,0.6883333333333332,0.0,0,0.491358024691358,0.0,0,0.38541666666666663,0.0,0,0.4861111111111111,0.0,0,room,0,0,0,0,0
129897442,고베규카츠 건대점,건대,일식,,,2911,,7,0.8269685788068141,0.0,0,0.7596721796721797,0.0,0,0.6883333333333332,0.0,0,0.491358024691358,0.0,0,0.38541666666666663,0.0,0,0.4861111111111111,0.0,0,room,0,0,0,0,0
1277643944,가츠시 건대점,건대,일식,,4.4,53,,43,0.8556394200389299,0.3023255813953488,13,0.7543964453055362,0.13953488372093023,6,0.7527777777777778,0.09302325581395349,4,0.491358024691358,0.0,0,0.38541666666666663,0.0,0,0.4861111111111111,0.0,0,,0,0,0,0,0
1441425449,오코노미야키식당하나,건대,일식,,4.6,378,,50,0.7872738347232833,0.22,11,0.7441712608379275,0.02,1,0.6847222222222222,0.02,1,0.491358024691358,0.0,0,0.3767361111111111,0.02,1,0.5162037037037036,0.02,1,room,0,0,0,0,0
26874320,포크포크 본점,건대,일식,,4.2,111,,42,0.879761505418018,0.21428571428571427,9,0.7747951122951123,0.07142857142857142,3,0.6847222222222222,0.023809523809523808,1,0.491358024691358,0.0,0,0.38541666666666663,0.0,0,0.4861111111111111,0.0,0,room,0,0,0,0,0
2124112913,부탄츄 건대점,건대,일식,,3.7,149,,43,0.7334591300583947,0.16279069767441862,7,0.7747951122951123,0.06976744186046512,3,0.6847222222222222,0.023255813953488372,1,0.491358024691358,0.0,0,0.38541666666666663,0.0,0,0.4861111111111111,0.0,0,room,0,0,0,0,0
26602338,스위트앤카츠 화양직영점,건대,일식,,3.5,91,,43,0.8103725303103132,0.18604651162790697,8,0.770233778567112,0.16279069767441862,7,0.6883333333333332,0.0,0,0.491358024691358,0.0,0,0.38541666666666663,0.0,0,0.4861111111111111,0.0,0,room,0,0,0,0,0
26639136,홍도초밥,건대,일식,,4.2,76,,42,0.8741459579169664,0.38095238095238093,16,0.7747951122951123,0.07142857142857142,3,0.7059523809523809,0.047619047619047616,2,0.491358024691358,0.0,0,0.38541666666666663,0.0,0,0.4861111111111111,0.0,0,room,0,0,0,0,0
1451273565,오마카세 오사이초밥 건대본점,건대,일식,,4.2,304,,43,0.879761505418018,0.20930232558139536,9,0.8191283253783255,0.2558139534883721,11,0.7059523809523809,0.046511627906976744,2,0.491358024691358,0.0,0,0.3767361111111111,0.023255813953488372,1,0.4861111111111111,0.0,0,"bar,room",0,1,1,0,0
1477555417,초라멘,건대,일식,,4.6,172,,42,0.8556394200389299,0.30952380952380953,13,0.7441712608379275,0.023809523809523808,1,0.6883333333333332,0.0,0,0.491358024691358,0.0,0,0.41815476190476186,0.047619047619047616,2,0.4861111111111111,0.0,0,room,0,0,0,0,0
101376727,코노하 건대점,건대,일식,,4.5,206,,40,0.8623601523175828,0.35,14,0.7441712608379275,0.025,1,0.6883333333333332,0.0,0,0.491358024691358,0.0,0,0.38541666666666663,0.0,0,0.4861111111111111,0.0,0,room,0,0,0,0,0
15092552,겐로쿠우동 건대직영점,건대,일식,,3.8,121,,42,0.8168553617542589,0.07142857142857142,3,0.7543964453055362,0.14285714285714285,6,0.6883333333333332,0.0,0,0.491358024691358,0.0,0,0.38541666666666663,0.0,0,0.49007936507936506,0.047619047619047616,2,,0,0,0,0,0
798519975,멘츠루 어린이대공원점,건대,일식,,4.4,340,,42,0.7557232845223041,0.09523809523809523,4,0.7441712608379275,0.023809523809523808,1,0.6883333333333332,0.0,0,0.491358024691358,0.0,0,0.38541666666666663,0.0,0,0.4861111111111111,0.0,0,room,0,0,0,0,0
759662030,스시온기,건대,일식,,4.7,86,,43,0.898688237464189,0.27906976744186046,12,0.7569086997658426,0.046511627906976744,2,0.6847222222222222,0.023255813953488372,1,0.491358024691358,0.0,0,0.38541666666666663,0.0,0,0.46064814814814814,0.023255813953488372,1,,0,0,0,0,0
341349377,고미돈까스,건대,일식,,4.2,847,,29,0.8630887596880243,0.2413793103448276,7,0.7747951122951123,0.10344827586206896,3,0.6847222222222222,0.034482758620689655,1,0.491358024691358,0.0,0,0.38541666666666663,0.0,0,0.4861111111111111,0.0,0,room,0,0,0,0,0
335180419,동경규동 건대점,건대,일식,,4,66,,40,0.8312117484911603,0.25,10,0.8460277614123768,0.2,8,0.6345238095238095,0.05,2,0.491358024691358,0.0,0,0.38541666666666663,0.0,0,0.4861111111111111,0.0,0,room,0,0,0,0,0
251280950,강경수참치,건대,일식,,3.9,37,,43,0.7706271465462642,0.11627906976744186,5,0.7569086997658426,0.046511627906976744,2,0.6847222222222222,0.023255813953488372,1,0.491358024691358,0.0,0,0.38541666666666663,0.0,0,0.4861111111111111,0.0,0,,0,0,0,0,0
1176716498,난바다스시 구의본점,건대,일식,,3.6,167,,43,0.7982739448732096,0.16279069767441862,7,0.8369459758348649,0.3023255813953488,13,0.6291666666666667,0.023255813953488372,1,0.491358024691358,0.0,0,0.38541666666666663,0.0,0,0.4861111111111111,0.0,0,,0,0,0,0,0
917132114,긴자료코 건대점,건대,일식,,3.3,181,,43,0.7872738347232833,0.2558139534883721,11,0.7441712608379275,0.023255813953488372,1,0.7059523809523809,0.046511627906976744,2,0.491358024691358,0.0,0,0.3767361111111111,0.023255813953488372,1,0.46064814814814814,0.023255813953488372,1,room,0,0,0,0,0
7971958,시옌 건대점,건대,중식,,4,66,,42,0.7732752749621262,0.23809523809523808,10,0.6029470330545599,0.09523809523809523,4,0.6092592592592593,0.023809523809523808,1,0.6666666666666666,0.0,0,0.3828207671957672,0.0,0,0.6366666666666666,0.0,0,room,0,0,0,0,0
404796788,용가회전훠궈 건대점,건대,중식,,3.8,840,,42,0.8772105218750053,0.21428571428571427,9,0.7887748452264581,0.14285714285714285,6,0.6644444444444445,0.0,0,0.6666666666666666,0.0,0,0.3828207671957672,0.0,0,0.7240740740740741,0.09523809523809523,4,room,0,0,0,0,0
27594064,훈춘양꼬치 1호점,건대,중식,,4.6,217,,43,0.8691637788024533,0.18604651162790697,8,0.6821983273596177,0.023255813953488372,1,0.6644444444444445,0.0,0,0.6666666666666666,0.0,0,0.3828207671957672,0.0,0,0.6366666666666666,0.0,0,room,0,0,0,0,0
1419567762,중경식객,건대,중식,,3.3,202,,43,0.7952977974063614,0.16279069767441862,7,0.6533154121863799,0.06976744186046512,3,0.6644444444444445,0.0,0,0.6666666666666666,0.0,0,0.3828207671957672,0.0,0,0.6366666666666666,0.0,0,room,0,0,0,0,0
15101449,빠오즈푸,건대,중식,,3.9,306,,40,0.7177197194065705,0.25,10,0.72831541218638,0.075,3,0.6644444444444445,0.0,0,0.6666666666666666,0.0,0,0.3828207671957672,0.0,0,0.6366666666666666,0.0,0,,0,0,0,0,0
14822911,송화양꼬치,건대,중식,,4.2,297,,40,0.8226035150451241,0.375,15,0.677021107128634,0.1,4,0.6644444444444445,0.0,0,0.6666666666666666,0.0,0,0.3828207671957672,0.0,0,0.6366666666666666,0.0,0,,0,0,0,0,0
21232416,화원식당,건대,중식,,4.5,22,,40,0.7952977974063614,0.175,7,0.8040621266427718,0.175,7,0.6644444444444445,0.0,0,0.6666666666666666,0.0,0,0.3828207671957672,0.0,0,0.6416666666666666,0.025,1,room,0,0,0,0,0
1736699136,시홍쓰,건대,중식,,4.5,262,,43,0.8965874274875903,0.27906976744186046,12,0.677021107128634,0.09302325581395349,4,0.6644444444444445,0.0,0,0.6666666666666666,0.0,0,0.3828207671957672,0.0,0,0.6366666666666666,0.0,0,room,0,0,0,0,0
86584378,고향양꼬치,건대,중식,,4.4,1090,,43,0.8843863860732372,0.23255813953488372,10,0.8040621266427718,0.16279069767441862,7,0.6648148148148149,0.023255813953488372,1,0.6666666666666666,0.0,0,0.3828207671957672,0.0,0,0.6690476190476191,0.046511627906976744,2,"group,room",0,0,0,0,0
1209599122,명봉반점(명봉양꼬치),건대,중식,,4.7,571,,38,0.8667211621039476,0.39473684210526316,15,0.6821983273596177,0.02631578947368421,1,0.6648148148148149,0.02631578947368421,1,0.6666666666666666,0.0,0,0.3828207671957672,0.0,0,0.6366666666666666,0.0,0,,0,0,0,0,0
19983662,매운향솥,건대,중식,,4.2,292,,43,0.8601126122211763,0.16279069767441862,7,0.6323604710701485,0.046511627906976744,2,0.6644444444444445,0.0,0,0.6666666666666666,0.0,0,0.3828207671957672,0.0,0,0.6366666666666666,0.0,0,room,0,0,0,0,0
26575482,매화반점 본점,건대,중식,,3.1,184,,42,0.8772105218750053,0.21428571428571427,9,0.7037890424987199,0.047619047619047616,2,0.6644444444444445,0.0,0,0.6666666666666666,0.0,0,0.3828207671957672,0.0,0,0.6366666666666666,0.0,0,room,0,0,0,0,0
1073241380,송쉐프 구의점,건대,중식,,4.1,53,,37,0.8379263395077625,0.2972972972972973,11,0.6853046594982078,0.0,0,0.6648148148148149,0.02702702702702703,1,0.6666666666666666,0.0,0,0.3828207671957672,0.0,0,0.6366666666666666,0.0,0,room,0,0,0,0,0
14663453,대흥양다리바베큐 건대점,건대,중식,,3.9,819,,42,0.8076253172639917,0.19047619047619047,8,0.7037890424987199,0.047619047619047616,2,0.6648148148148149,0.023809523809523808,1,0.6666666666666666,0.0,0,0.3828207671957672,0.0,0,0.6366666666666666,0.0,0,room,0,0,0,0,0
1467670437,송화산시도삭면 본점,건대,중식,,4.1,576,,42,0.8288308305176817,0.23809523809523808,10,0.6821983273596177,0.023809523809523808,1,0.6648148148148149,0.023809523809523808,1,0.6666666666666666,0.0,0,0.3828207671957672,0.0,0,0.6366666666666666,0.0,0,room,0,0,0,0,0
19667607,화양양꼬치,건대,중식,,4.1,534,,41,0.8691637788024533,0.1951219512195122,8,0.6821983273596177,0.024390243902439025,1,0.6644444444444445,0.0,0,0.6666666666666666,0.0,0,0.3828207671957672,0.0,0,0.6416666666666666,0.024390243902439025,1,room,0,0,0,0,0
13578218,건대홍매양꼬치,건대,중식,,4.5,226,,43,0.6949067552186828,0.27906976744186046,12,0.7037890424987199,0.046511627906976744,2,0.6648148148148149,0.023255813953488372,1,0.6666666666666666,0.0,0,0.3828207671957672,0.0,0,0.6366666666666666,0.0,0,room,0,0,0,0,0
1510841423,희가덕,건대,중식,,3.9,2,,41,0.7603274049918884,0.21951219512195122,9,0.72831541218638,0.07317073170731707,3,0.6644444444444445,0.0,0,0.6666666666666666,0.0,0,0.3828207671957672,0.0,0,0.6366666666666666,0.0,0,room,0,0,0,0,0
27320023,금하,건대,중식,,3,58,,41,0.7670557695860465,0.12195121951219512,5,0.6029470330545599,0.0975609756097561,4,0.6644444444444445,0.0,0,0.6666666666666666,0.0,0,0.3828207671957672,0.0,0,0.6366666666666666,0.0,0,"group,room",0,0,0,0,0
564820030,뽕사부 건대점,건대,중식,,3.7,1780,,43,0.8772105218750053,0.20930232558139536,9,0.7037890424987199,0.046511627906976744,2,0.688888888888889,0.046511627906976744,2,0.6666666666666666,0.0,0,0.3828207671957672,0.0,0,0.6366666666666666,0.0,0,"group,room",0,0,0,0,0
1937698930,무한양꼬치,건대,중식,,3.4,65,,43,0.5850027296672131,0.20930232558139536,9,0.7887748452264581,0.13953488372093023,6,0.6644444444444445,0.0,0,0.6666666666666666,0.0,0,0.3828207671957672,0.0,0,0.6366666666666666,0.0,0,room,0,0,0,0,0
21328608,세종원 군자본점,건대,중식,,4.5,83,,42,0.8843863860732372,0.23809523809523808,10,0.7037890424987199,0.047619047619047616,2,0.6648148148148149,0.023809523809523808,1,0.6666666666666666,0.0,0,0.3828207671957672,0.0,0,0.6366666666666666,0.0,0,room,0,0,0,0,0
14746550,동북풍미,건대,중식,,4.7,530,,41,0.8043099619318214,0.43902439024390244,18,0.6821983273596177,0.024390243902439025,1,0.6648148148148149,0.024390243902439025,1,0.6666666666666666,0.0,0,0.3828207671957672,0.0,0,0.6366666666666666,0.0,0,"group,room",0,0,0,0,0
1624333045,래빗홀버거,건대,양식,,4.4,100,,43,0.7746520501219749,0.32558139534883723,14,0.5803718400940623,0.06976744186046512,3,0.6669973544973544,0.023255813953488372,1,0.5,0.0,0,0.2833333333333333,0.0,0,0.46595655806182124,0.023255813953488372,1,room,0,0,0,0,0
1359276887,마초쉐프 건대점,건대,양식,,4,1377,,38,0.9128099448588172,0.3684210526315789,14,0.6849402312365275,0.02631578947368421,1,0.6669973544973544,0.02631578947368421,1,0.5,0.0,0,0.2833333333333333,0.0,0,0.46595655806182124,0.02631578947368421,1,room,0,0,0,0,0
21929635,로니로티 건대점,건대,양식,,3.9,757,,41,0.8923370412656126,0.24390243902439024,10,0.8054330785812267,0.17073170731707318,7,0.6193310657596373,0.04878048780487805,2,0.5,0.0,0,0.2833333333333333,0.0,0,0.4924812030075188,0.0,0,room,0,0,0,0,0
192485759,탄토탄토,건대,양식,,4.9,632,,39,0.9128099448588172,0.358974358974359,14,0.7303718400940624,0.07692307692307693,3,0.6669973544973544,0.02564102564102564,1,0.5277777777777778,0.02564102564102564,1,0.2833333333333333,0.0,0,0.5215121136173767,0.02564102564102564,1,"group,room",0,0,0,0,0
1280863801,엘루이피자 건대점,건대,양식,,4,106,,42,0.8357962993167075,0.38095238095238093,16,0.6849402312365275,0.023809523809523808,1,0.6907596371882087,0.047619047619047616,2,0.5,0.0,0,0.34523809523809523,0.047619047619047616,2,0.4924812030075188,0.0,0,room,0,0,0,0,0
1159203702,비에이치테이블,건대,양식,,4.5,131,,41,0.9036027114808627,0.2926829268292683,12,0.7061392458217856,0.04878048780487805,2,0.6193310657596373,0.04878048780487805,2,0.5,0.0,0,0.2833333333333333,0.0,0,0.46595655806182124,0.024390243902439025,1,room,0,0,0,0,0
1093085311,수퍼슬라이더스,건대,양식,,4.7,223,,43,0.8027623753464089,0.27906976744186046,12,0.7061392458217856,0.046511627906976744,2,0.667063492063492,0.0,0,0.5,0.0,0,0.2833333333333333,0.0,0,0.4924812030075188,0.0,0,room,0,0,0,0,0
26844606,모모스테이크 건대점,건대,양식,,4.4,24,,42,0.8982646941352299,0.2619047619047619,11,0.8054330785812267,0.16666666666666666,7,0.7169146825396826,0.07142857142857142,3,0.5,0.0,0,0.2738095238095238,0.047619047619047616,2,0.4924812030075188,0.0,0,,0,0,0,0,0
1854024237,피자빌리지 건대직영점,건대,양식,,4.7,282,,36,0.8920360476164048,0.5277777777777778,19,0.6347106743932142,0.05555555555555555,2,0.7621031746031746,0.1388888888888889,5,0.5,0.0,0,0.2833333333333333,0.0,0,0.6078007518796993,0.08333333333333333,3,"group,room",0,0,0,0,0
1714194607,타코벨 건대스타시티점,건대,양식,,3.6,73,,40,0.8700509312116455,0.175,7,0.6849402312365275,0.025,1,0.6669973544973544,0.025,1,0.5,0.0,0,0.2833333333333333,0.0,0,0.46595655806182124,0.025,1,"bar,room",0,0,0,0,0
1395441458,트라타 건국대점,건대,양식,,4.1,77,,41,0.8700509312116455,0.17073170731707318,7,0.6553718400940622,0.07317073170731707,3,0.667063492063492,0.0,0,0.5277777777777778,0.024390243902439025,1,0.2833333333333333,0.0,0,0.4924812030075188,0.0,0,couple,0,0,0,0,0
1137599191,호파스타 건대본점,건대,양식,,3.8,54,,43,0.8700509312116455,0.16279069767441862,7,0.6553718400940622,0.06976744186046512,3,0.6193310657596373,0.046511627906976744,2,0.5,0.0,0,0.2833333333333333,0.0,0,0.5215121136173767,0.023255813953488372,1,room,0,0,0,0,0
15397973,메이빌 본점,건대,양식,,4.2,152,,43,0.8167991501782711,0.18604651162790697,8,0.7728689006466783,0.11627906976744186,5,0.667063492063492,0.0,0,0.5,0.0,0,0.2833333333333333,0.0,0,0.5215121136173767,0.023255813953488372,1,room,0,0,0,0,0
12353328,르빠니에블루 건대점,건대,양식,,4.8,48,,29,0.816912707473932,0.06896551724137931,2,0.6849402312365275,0.034482758620689655,1,0.667063492063492,0.0,0,0.5,0.0,0,0.2833333333333333,0.0,0,0.4924812030075188,0.0,0,room,1,0,0,0,0
1636342582,플록,건대,양식,,4.5,138,,39,0.8857290810096933,0.23076923076923078,9,0.6849402312365275,0.02564102564102564,1,0.611441798941799,0.02564102564102564,1,0.5,0.0,0,0.2833333333333333,0.0,0,0.5215121136173767,0.02564102564102564,1,room,0,0,0,0,0
515064996,누이테이블,건대,양식,,4.3,74,,43,0.8596446490017919,0.46511627906976744,20,0.6849402312365275,0.023255813953488372,1,0.667063492063492,0.0,0,0.47222222222222227,0.023255813953488372,1,0.2738095238095238,0.046511627906976744,2,0.42320085929108486,0.046511627906976744,2,,0,0,0,0,0
146917287,케밥인 건대역점,건대,양식,,4.3,3,,41,0.8272875225681349,0.21951219512195122,9,0.6849402312365275,0.024390243902439025,1,0.6669973544973544,0.024390243902439025,1,0.5,0.0,0,0.2833333333333333,0.0,0,0.4924812030075188,0.0,0,room,0,0,0,0,0
445617173,버거리 건대점,건대,양식,,4.4,120,,42,0.9128099448588172,0.3333333333333333,14,0.7303718400940624,0.07142857142857142,3,0.667063492063492,0.0,0,0.5,0.0,0,0.2833333333333333,0.0,0,0.5215121136173767,0.023809523809523808,1,room,0,0,0,0,0
1224241965,얼라이브 도우,건대,양식,,4.9,17,,35,0.8923370412656126,0.2857142857142857,10,0.6849402312365275,0.02857142857142857,1,0.667063492063492,0.0,0,0.5,0.0,0,0.2833333333333333,0.0,0,0.4924812030075188,0.0,0,,0,0,0,0,0
1743678316,밀플랜비 서울건국대점,건대,양식,,4.4,12,,42,0.9084290158694921,0.30952380952380953,13,0.7303718400940624,0.07142857142857142,3,0.6907596371882087,0.047619047619047616,2,0.5,0.0,0,0.2833333333333333,0.0,0,0.674812030075188,0.11904761904761904,5,,0,0,0,0,0
7834623,도미노피자 자양점,건대,양식,,2,5,,40,0.7522986190396904,0.075,3,0.6849402312365275,0.025,1,0.667063492063492,0.0,0,0.5,0.0,0,0.2833333333333333,0.0,0,0.4924812030075188,0.0,0,room,0,0,0,0,0
16794755,파파존스 건대점,건대,양식,,3.9,6,,22,0.7522986190396904,0.13636363636363635,3,0.6849402312365275,0.045454545454545456,1,0.667063492063492,0.0,0,0.5,0.0,0,0.2833333333333333,0.0,0,0.4924812030075188,0.0,0,,0,0,0,0,0
329888781,라 파밀리아,건대,양식,,4.2,29,,21,0.816912707473932,0.09523809523809523,2,0.6553718400940622,0.14285714285714285,3,0.667063492063492,0.0,0,0.5,0.0,0,0.2833333333333333,0.0,0,0.46595655806182124,0.047619047619047616,1,"group,room",0,0,0,0,0
815422758,카페드라이,건대,카페 디저트,,4.3,199,,42,0.8818315447779733,0.21428571428571427,9,0.71875,0.07142857142857142,3,0.6875,0.0,0,0.6666666666666666,0.0,0,0.26398809523809524,0.07142857142857142,3,0.4062728937728938,0.07142857142857142,3,room,0,0,0,0,0
2041291831,카페 고은별,건대,카페 디저트,,4.8,35,,27,0.8886993407826741,0.37037037037037035,10,0.6214285714285713,0.07407407407407407,2,0.6875,0.0,0,0.6666666666666666,0.0,0,0.30238095238095236,0.0,0,0.53003663003663,0.0,0,room,0,0,0,0,0
1371691028,로이베이커리카페,건대,카페 디저트,,4.6,76,,43,0.8638854444775499,0.32558139534883723,14,0.6694444444444444,0.023255813953488372,1,0.6875,0.0,0,0.6666666666666666,0.0,0,0.30238095238095236,0.0,0,0.53003663003663,0.0,0,,0,0,0,0,0
109883906,베이글카페 화양점,건대,카페 디저트,,4.6,5,,28,0.8741402650056498,0.2857142857142857,8,0.7425925925925926,0.14285714285714285,4,0.6875,0.0,0,0.6666666666666666,0.0,0,0.30238095238095236,0.0,0,0.5528083028083027,0.03571428571428571,1,couple,0,0,0,0,0
1183453835,디저트39 건대점,건대,카페 디저트,,3.8,26,,34,0.8558021313703132,0.17647058823529413,6,0.6694444444444444,0.029411764705882353,1,0.6875,0.0,0,0.6666666666666666,0.0,0,0.30238095238095236,0.0,0,0.5528083028083027,0.029411764705882353,1,room,0,0,0,0,0
312522567,카페더유리,건대,카페 디저트,,5,30,,42,0.8818315447779733,0.21428571428571427,9,0.6694444444444444,0.023809523809523808,1,0.6840277777777778,0.023809523809523808,1,0.6666666666666666,0.0,0,0.3075396825396825,0.023809523809523808,1,0.49725274725274726,0.023809523809523808,1,,0,0,0,0,0
559083996,카페&와인바 정원들,건대,카페 디저트,,4.8,267,,41,0.8558021313703132,0.14634146341463414,6,0.6694444444444444,0.024390243902439025,1,0.6840277777777778,0.024390243902439025,1,0.6666666666666666,0.0,0,0.3075396825396825,0.024390243902439025,1,0.49725274725274726,0.024390243902439025,1,room,0,0,0,0,0
1792935944,성수율 카페,건대,카페 디저트,,5,69,,14,0.8091176350104922,0.14285714285714285,2,0.6694444444444444,0.07142857142857142,1,0.6875,0.0,0,0.6666666666666666,0.0,0,0.30238095238095236,0.0,0,0.53003663003663,0.0,0,,0,0,0,0,0
250282602,디저트다운,건대,카페 디저트,,3.3,7,,8,0.8050816852900188,0.125,1,0.67,0.0,0,0.6875,0.0,0,0.6666666666666666,0.0,0,0.30238095238095236,0.0,0,0.53003663003663,0.0,0,,0,0,0,0,0
1281616654,카페051 자양점,건대,카페 디저트,,4.3,3,,18,0.8091176350104922,0.1111111111111111,2,0.71875,0.16666666666666666,3,0.6875,0.0,0,0.6666666666666666,0.0,0,0.30238095238095236,0.0,0,0.53003663003663,0.0,0,room,0,0,0,0,0
912566590,카페 안데르센,건대,카페 디저트,,4.7,14,,28,0.8655038056079722,0.25,7,0.6928571428571428,0.07142857142857142,2,0.6875,0.0,0,0.6666666666666666,0.0,0,0.30238095238095236,0.0,0,0.49725274725274726,0.03571428571428571,1,,0,0,0,0,0
1688624513,타오디저트,건대,카페 디저트,,0,0,,4,0.832764689014689,0.0,0,0.67,0.0,0,0.6875,0.0,0,0.6666666666666666,0.0,0,0.30238095238095236,0.0,0,0.53003663003663,0.0,0,,0,0,0,0,0
1745892454,히포디저트,건대,카페 디저트,,,96,,7,0.832764689014689,0.0,0,0.67,0.0,0,0.6875,0.0,0,0.6666666666666666,0.0,0,0.30238095238095236,0.0,0,0.53003663003663,0.0,0,room,0,0,0,0,0
1404516671,카페그린24 자양점,건대,카페 디저트,,0,2,,4,0.832764689014689,0.0,0,0.67,0.0,0,0.6875,0.0,0,0.6666666666666666,0.0,0,0.30238095238095236,0.0,0,0.53003663003663,0.0,0,,0,0,0,0,0
546467904,느긋 베이커리카페,건대,카페 디저트,,3.5,124,,42,0.8558021313703132,0.14285714285714285,6,0.6694444444444444,0.023809523809523808,1,0.6875,0.0,0,0.6666666666666666,0.0,0,0.3075396825396825,0.023809523809523808,1,0.5528083028083027,0.023809523809523808,1,room,0,0,0,0,0
901787793,봉봉디저트카페,건대,카페 디저트,,,22,,7,0.832764689014689,0.0,0,0.67,0.0,0,0.6875,0.0,0,0.6666666666666666,0.0,0,0.30238095238095236,0.0,0,0.53003663003663,0.0,0,room,0,0,0,0,0
1131229119,카페만월경 성동송정점,건대,카페 디저트,,2.6,5,,10,0.832764689014689,0.0,0,0.67,0.0,0,0.6875,0.0,0,0.6666666666666666,0.0,0,0.30238095238095236,0.0,0,0.53003663003663,0.0,0,,0,0,0,0,0
1894809228,우아한과일&카페 건대점,건대,카페 디저트,,0,4,,4,0.832764689014689,0.0,0,0.67,0.0,0,0.6875,0.0,0,0.6666666666666666,0.0,0,0.30238095238095236,0.0,0,0.53003663003663,0.0,0,,0,0,0,0,0
518064341,카페위켄드,건대,카페 디저트,,0,8,,7,0.832764689014689,0.0,0,0.67,0.0,0,0.6875,0.0,0,0.6666666666666666,0.0,0,0.30238095238095236,0.0,0,0.53003663003663,0.0,0,room,0,0,0,0,0
26409926,카페드림 세종대학교동천관점,건대,카페 디저트,,4,0,,3,0.832764689014689,0.0,0,0.67,0.0,0,0.6875,0.0,0,0.6666666666666666,0.0,0,0.30238095238095236,0.0,0,0.53003663003663,0.0,0,,0,0,0,0,0
1295730014,라크렘디저트랩,건대,카페 디저트,,0,0,,4,0.832764689014689,0.0,0,0.67,0.0,0,0.6875,0.0,0,0.6666666666666666,0.0,0,0.30238095238095236,0.0,0,0.53003663003663,0.0,0,,0,0,0,0,0
1238845838,디저트39 강변역점,건대,카페 디저트,,4.4,84,,14,0.8204779306341807,0.21428571428571427,3,0.6928571428571428,0.14285714285714285,2,0.6875,0.0,0,0.6666666666666666,0.0,0,0.30238095238095236,0.0,0,0.49725274725274726,0.07142857142857142,1,,0,0,0,0,0
1375695497,카페씨떼,건대,카페 디저트,,3.1,238,,32,0.7735252016502017,0.15625,5,0.49375,0.09375,3,0.6875,0.0,0,0.6666666666666666,0.0,0,0.30238095238095236,0.0,0,0.53003663003663,0.0,0,room,0,0,0,0,0
25049102,해주냉면,잠실,한식,,3.5,216,,42,0.8595055812110816,0.14285714285714285,6,0.6672427035330261,0.023809523809523808,1,0.6747795414462081,0.0,0,0.491358024691358,0.0,0,0.3333333333333333,0.0,0,0.6909090909090909,0.0,0,,0,0,0,0,0
16082320,늘푸른목장 잠실본점,잠실,한식,,3.6,425,,42,0.8595126699993647,0.30952380952380953,13,0.6193932411674347,0.11904761904761904,5,0.6747795414462081,0.0,0,0.491358024691358,0.0,0,0.3333333333333333,0.0,0,0.6909090909090909,0.0,0,room,0,0,0,0,0
14878561,남경막국수 가족1,잠실,한식,,3.7,287,,42,0.8523691575903637,0.2857142857142857,12,0.5670986943164362,0.07142857142857142,3,0.6734273956496178,0.023809523809523808,1,0.491358024691358,0.0,0,0.3333333333333333,0.0,0,0.6909090909090909,0.0,0,room,0,0,0,0,0
12347827,담은갈비 송파잠실점,잠실,한식,,4.3,374,,43,0.8772739533324537,0.18604651162790697,8,0.7170986943164362,0.06976744186046512,3,0.7452478933960415,0.09302325581395349,4,0.491358024691358,0.0,0,0.3095238095238095,0.046511627906976744,2,0.6868686868686869,0.023255813953488372,1,"group,room",0,0,0,0,0
27303080,부일갈매기,잠실,한식,,3.7,246,,44,0.8688986346286766,0.1590909090909091,7,0.5670986943164362,0.06818181818181818,3,0.6178718400940623,0.022727272727272728,1,0.491358024691358,0.0,0,0.3333333333333333,0.0,0,0.6909090909090909,0.0,0,room,0,0,0,0,0
2117466906,큰손닭한마리 잠실새내본점,잠실,한식,,4,147,,41,0.8445158563133879,0.2682926829268293,11,0.6672427035330261,0.024390243902439025,1,0.6747795414462081,0.0,0,0.491358024691358,0.0,0,0.3333333333333333,0.0,0,0.6909090909090909,0.0,0,room,0,0,0,0,0
72177172,미강식당,잠실,한식,,4.5,496,,50,0.9027893256575906,0.24,12,0.6672427035330261,0.02,1,0.6747795414462081,0.0,0,0.491358024691358,0.0,0,0.3333333333333333,0.0,0,0.6909090909090909,0.0,0,group,0,0,0,0,0
12394987,대성정육식당,잠실,한식,,4.5,374,,34,0.8772739533324537,0.23529411764705882,8,0.6672427035330261,0.029411764705882353,1,0.6747795414462081,0.0,0,0.491358024691358,0.0,0,0.3333333333333333,0.0,0,0.6868686868686869,0.029411764705882353,1,room,0,0,0,0,0
13582223,토마루해물칼국수,잠실,한식,,4,362,,43,0.8199769154379947,0.32558139534883723,14,0.6672427035330261,0.023255813953488372,1,0.7452478933960415,0.09302325581395349,4,0.491358024691358,0.0,0,0.3333333333333333,0.0,0,0.6909090909090909,0.0,0,room,0,0,0,0,0
22513020,청국장과보리밥 잠실점,잠실,한식,,4.6,395,,37,0.8688986346286766,0.1891891891891892,7,0.6909699363616414,0.05405405405405406,2,0.6734273956496178,0.02702702702702703,1,0.491358024691358,0.0,0,0.3333333333333333,0.0,0,0.6909090909090909,0.0,0,"group,room",0,1,1,0,0
272016174,화포식당 잠실점,잠실,한식,,4.3,119,,41,0.8445158563133879,0.2682926829268293,11,0.6672427035330261,0.024390243902439025,1,0.6747795414462081,0.0,0,0.491358024691358,0.0,0,0.3333333333333333,0.0,0,0.6868686868686869,0.024390243902439025,1,room,0,0,0,0,0
2020430696,연탄부락 잠실새내점,잠실,한식,,4.2,342,,44,0.8774658864544818,0.36363636363636365,16,0.7411247653183136,0.09090909090909091,4,0.6734273956496178,0.022727272727272728,1,0.491358024691358,0.0,0,0.3333333333333333,0.0,0,0.6909090909090909,0.0,0,room,0,0,0,0,0
1346139956,진원소우 잠실새내점,잠실,한식,,3.9,253,,40,0.8490275679036184,0.125,5,0.7411247653183136,0.1,4,0.6747795414462081,0.0,0,0.491358024691358,0.0,0,0.3333333333333333,0.0,0,0.6909090909090909,0.0,0,room,0,0,0,0,0
632501910,논두렁 우렁쌈밥전문점 본점,잠실,한식,,4.1,129,,41,0.8719927755484477,0.36585365853658536,15,0.6672427035330261,0.024390243902439025,1,0.6734273956496178,0.024390243902439025,1,0.491358024691358,0.0,0,0.3333333333333333,0.0,0,0.6909090909090909,0.0,0,,0,0,0,0,0
11170449,장수식당,잠실,한식,,3.6,199,,43,0.738746625544157,0.2558139534883721,11,0.6672427035330261,0.023255813953488372,1,0.6747795414462081,0.0,0,0.491358024691358,0.0,0,0.3333333333333333,0.0,0,0.6909090909090909,0.0,0,room,0,0,0,0,0
1755004918,신천생태,잠실,한식,,3.8,9,,36,0.826299839782733,0.25,9,0.6672427035330261,0.027777777777777776,1,0.6747795414462081,0.0,0,0.491358024691358,0.0,0,0.3333333333333333,0.0,0,0.6909090909090909,0.0,0,,0,0,0,0,0
939202585,생생아구,잠실,한식,,3.9,47,,42,0.8974004716980033,0.2619047619047619,11,0.5481127935044985,0.047619047619047616,2,0.6747795414462081,0.0,0,0.491358024691358,0.0,0,0.3333333333333333,0.0,0,0.6909090909090909,0.0,0,,0,0,0,0,0
1500248496,돈푸짐감자탕,잠실,한식,,4.1,128,,41,0.739269004999047,0.17073170731707318,7,0.7170986943164362,0.07317073170731707,3,0.7659611992945325,0.12195121951219512,5,0.491358024691358,0.0,0,0.3333333333333333,0.0,0,0.6909090909090909,0.0,0,,0,0,0,0,0
2051262927,정담옥,잠실,한식,,4,1633,,39,0.8358596484436821,0.2564102564102564,10,0.7411247653183136,0.10256410256410256,4,0.7996766607877719,0.1794871794871795,7,0.491358024691358,0.0,0,0.3333333333333333,0.0,0,0.6909090909090909,0.0,0,room,0,0,0,0,0
617218371,초대창 잠실새내점,잠실,한식,,4.5,1301,,42,0.8523691575903637,0.2857142857142857,12,0.6672427035330261,0.023809523809523808,1,0.6747795414462081,0.0,0,0.491358024691358,0.0,0,0.3333333333333333,0.0,0,0.6868686868686869,0.023809523809523808,1,room,0,0,0,0,0
648596761,팔팔감자탕,잠실,한식,,4.5,60,,39,0.8688986346286766,0.1794871794871795,7,0.6672427035330261,0.02564102564102564,1,0.6178718400940623,0.02564102564102564,1,0.491358024691358,0.0,0,0.3333333333333333,0.0,0,0.6909090909090909,0.0,0,room,0,0,0,0,0
27342866,갑돼지 신천본점,잠실,한식,,4.6,12,,27,0.8490275679036184,0.18518518518518517,5,0.6672427035330261,0.037037037037037035,1,0.6747795414462081,0.0,0,0.491358024691358,0.0,0,0.3333333333333333,0.0,0,0.6909090909090909,0.0,0,,0,0,0,0,0
569946456,왕게수산 잠실직영점,잠실,한식,,3.7,18,,41,0.7913237630292634,0.14634146341463414,6,0.5929766171701655,0.0975609756097561,4,0.6734273956496178,0.024390243902439025,1,0.491358024691358,0.0,0,0.3333333333333333,0.0,0,0.6909090909090909,0.0,0,"couple,group,room",0,0,0,0,0
24787517,벼락가우리 신천점,잠실,일식,,4.4,69,,40,0.8845775073939066,0.25,10,0.7905187074829932,0.125,5,0.6464285714285714,0.0,0,0.3333333333333333,0.0,0,0.4095238095238095,0.0,0,0.5454545454545454,0.0,0,"group,room",0,0,0,0,0
437494532,상무초밥 잠실점,잠실,일식,,4.2,1118,,43,0.8845775073939066,0.23255813953488372,10,0.7905187074829932,0.11627906976744186,5,0.6464285714285714,0.0,0,0.3333333333333333,0.0,0,0.4095238095238095,0.0,0,0.5454545454545454,0.0,0,,0,0,0,0,0
777232005,이치고,잠실,일식,,4.2,323,,38,0.8189737362770213,0.23684210526315788,9,0.7238945578231293,0.0,0,0.6464285714285714,0.0,0,0.3333333333333333,0.0,0,0.4095238095238095,0.0,0,0.5324675324675324,0.05263157894736842,2,room,0,0,0,0,0
19901368,호시아이,잠실,일식,,4,31,,18,0.7947771018181,0.05555555555555555,1,0.7381338899196043,0.3333333333333333,6,0.6464285714285714,0.0,0,0.3333333333333333,0.0,0,0.4095238095238095,0.0,0,0.5454545454545454,0.0,0,room,0,0,0,0,0
22895272,김자순수제돈까스,잠실,일식,,4.6,39,,43,0.7959157278125507,0.27906976744186046,12,0.7143565759637189,0.023255813953488372,1,0.6464285714285714,0.0,0,0.3333333333333333,0.0,0,0.4095238095238095,0.0,0,0.5454545454545454,0.0,0,room,0,0,0,0,0
1185756352,미카도스시 잠실새내점,잠실,일식,,3.8,202,,35,0.8603515138720129,0.2,7,0.7905187074829932,0.14285714285714285,5,0.6464285714285714,0.0,0,0.3333333333333333,0.0,0,0.3968253968253968,0.02857142857142857,1,0.5454545454545454,0.0,0,room,0,0,0,0,0
207152855,고쿠텐 잠실새내점,잠실,일식,,3.8,523,,41,0.9109821501532732,0.36585365853658536,15,0.7143565759637189,0.024390243902439025,1,0.6464285714285714,0.0,0,0.3333333333333333,0.0,0,0.4095238095238095,0.0,0,0.5454545454545454,0.0,0,room,0,0,0,0,0
24876140,스시애 잠실점,잠실,일식,,3.6,74,,42,0.838771022995622,0.11904761904761904,5,0.8322671376242805,0.19047619047619047,8,0.6464285714285714,0.0,0,0.3333333333333333,0.0,0,0.4095238095238095,0.0,0,0.51010101010101,0.023809523809523808,1,room,0,0,0,0,0
127635058,백소정 잠실새내점,잠실,일식,,3.9,204,,34,0.7819996312947212,0.17647058823529413,6,0.6599246841593781,0.058823529411764705,2,0.6498015873015872,0.029411764705882353,1,0.3333333333333333,0.0,0,0.4095238095238095,0.0,0,0.5454545454545454,0.0,0,room,0,0,0,0,0
1079129782,오하이요 잠실새내점,잠실,일식,,4.5,367,,42,0.7734663962827956,0.23809523809523808,10,0.770728676085819,0.19047619047619047,8,0.6464285714285714,0.0,0,0.3333333333333333,0.0,0,0.4095238095238095,0.0,0,0.5454545454545454,0.0,0,"group,room",1,0,0,0,0
1973363690,효탄신참치 2호점,잠실,일식,,3.9,120,,30,0.8127494930302417,0.1,3,0.6774340986394558,0.1,3,0.6464285714285714,0.0,0,0.3333333333333333,0.0,0,0.4095238095238095,0.0,0,0.5454545454545454,0.0,0,,0,0,0,0,0
19636716,돈까스집 잠실점,잠실,일식,,3.8,17,,39,0.8127494930302417,0.07692307692307693,3,0.7524340986394559,0.07692307692307693,3,0.6045918367346939,0.05128205128205128,2,0.3333333333333333,0.0,0,0.4095238095238095,0.0,0,0.5454545454545454,0.0,0,room,0,0,0,0,0
83610723,끌 잠실새내역점,잠실,일식,,,629,,7,0.8203991888483867,0.0,0,0.7238945578231293,0.0,0,0.6464285714285714,0.0,0,0.3333333333333333,0.0,0,0.4095238095238095,0.0,0,0.5454545454545454,0.0,0,room,0,0,0,0,0
26092963,마카나이 신천점,잠실,일식,,2.8,34,,42,0.6659070694275685,0.16666666666666666,7,0.7313532555879495,0.047619047619047616,2,0.6464285714285714,0.0,0,0.3333333333333333,0.0,0,0.4095238095238095,0.0,0,0.5656565656565656,0.023809523809523808,1,,0,0,0,0,0
803844455,진작 잠실점,잠실,일식,,4.4,63,,40,0.9109821501532732,0.375,15,0.7725340136054422,0.1,4,0.6760204081632653,0.05,2,0.3333333333333333,0.0,0,0.4095238095238095,0.0,0,0.5656565656565656,0.025,1,room,0,0,0,0,0
1595983289,나레초밥 잠실새내점,잠실,일식,,2.5,16,,43,0.8078458418647642,0.18604651162790697,8,0.6984599395313682,0.09302325581395349,4,0.6045918367346939,0.046511627906976744,2,0.3333333333333333,0.0,0,0.4095238095238095,0.0,0,0.5324675324675324,0.046511627906976744,2,room,0,0,0,0,0
18825490,사보텐 신천점,잠실,일식,,3.4,31,,43,0.7323362849766593,0.2558139534883721,11,0.7313532555879495,0.046511627906976744,2,0.6464285714285714,0.0,0,0.3333333333333333,0.0,0,0.4095238095238095,0.0,0,0.5454545454545454,0.0,0,room,0,0,0,0,0
1829516623,수아영,잠실,일식,,5,158,,31,0.7734663962827956,0.3225806451612903,10,0.6599246841593781,0.06451612903225806,2,0.6464285714285714,0.0,0,0.3333333333333333,0.0,0,0.4095238095238095,0.0,0,0.5454545454545454,0.0,0,room,0,0,0,0,0
903958339,도마카세 서울잠실점,잠실,일식,,5,207,,18,0.7819996312947212,0.3333333333333333,6,0.7313532555879495,0.1111111111111111,2,0.6464285714285714,0.0,0,0.3333333333333333,0.0,0,0.4095238095238095,0.0,0,0.51010101010101,0.05555555555555555,1,"group,room",1,1,1,1,1
330796545,마스타 하이볼 잠실새내점,잠실,일식,,3.3,566,,30,0.7819996312947212,0.2,6,0.7313532555879495,0.06666666666666667,2,0.6464285714285714,0.0,0,0.3333333333333333,0.0,0,0.4095238095238095,0.0,0,0.5454545454545454,0.0,0,,0,0,0,0,0
27609075,야나기스시 잠실점,잠실,일식,,4.6,24,,33,0.838771022995622,0.15151515151515152,5,0.7524340986394559,0.09090909090909091,3,0.6464285714285714,0.0,0,0.3333333333333333,0.0,0,0.4095238095238095,0.0,0,0.5454545454545454,0.0,0,,0,0,0,0,0
1633434972,"깃뽀 (잠실새내점,종합운동장점)",잠실,일식,,,654,,7,0.8203991888483867,0.0,0,0.7238945578231293,0.0,0,0.6464285714285714,0.0,0,0.3333333333333333,0.0,0,0.4095238095238095,0.0,0,0.5454545454545454,0.0,0,room,0,0,0,0,0
1215528865,스시화,잠실,일식,,3.7,0,,43,0.8290219518383511,0.23255813953488372,10,0.7905187074829932,0.11627906976744186,5,0.6760204081632653,0.046511627906976744,2,0.3333333333333333,0.0,0,0.4095238095238095,0.0,0,0.5454545454545454,0.0,0,room,0,0,0,0,0
1181524598,도삭면공방,잠실,중식,,4.1,300,,42,0.8793261885173649,0.23809523809523808,10,0.6817968566737039,0.047619047619047616,2,0.6378205128205128,0.023809523809523808,1,0.5,0.0,0,0.3333333333333333,0.0,0,0.6071428571428571,0.0,0,,0,0,0,0,0
20000047,태민양꼬치,잠실,중식,,4.4,178,,41,0.8237706329618094,0.24390243902439024,10,0.6565407772304325,0.024390243902439025,1,0.632051282051282,0.0,0,0.5,0.0,0,0.3333333333333333,0.0,0,0.6071428571428571,0.0,0,,0,0,0,0,0
21211219,하얼빈양꼬치 잠실본점,잠실,중식,,4.4,44,,44,0.8494384904311375,0.29545454545454547,13,0.6565407772304325,0.022727272727272728,1,0.632051282051282,0.0,0,0.5,0.0,0,0.3333333333333333,0.0,0,0.576530612244898,0.045454545454545456,2,,0,0,0,0,0
22045782,신천마라샹궈,잠실,중식,,4.6,43,,42,0.8017866277764468,0.19047619047619047,8,0.6817968566737039,0.047619047619047616,2,0.632051282051282,0.0,0,0.5,0.0,0,0.3333333333333333,0.0,0,0.5615079365079365,0.023809523809523808,1,room,0,0,0,0,0
746540152,미친양꼬치 잠실점,잠실,중식,,4.8,114,,41,0.7682150774062538,0.24390243902439024,10,0.7440444612858406,0.1951219512195122,8,0.6378205128205128,0.024390243902439025,1,0.5,0.0,0,0.3333333333333333,0.0,0,0.6479591836734694,0.04878048780487805,2,"group,room",0,0,0,0,0
151815749,홍콩완탕면,잠실,중식,,4.8,389,,26,0.843020560099437,0.23076923076923078,6,0.6565407772304325,0.038461538461538464,1,0.632051282051282,0.0,0,0.5,0.0,0,0.3333333333333333,0.0,0,0.6071428571428571,0.0,0,room,0,0,0,0,0
17515271,동북양꼬치,잠실,중식,,4,29,,41,0.8633250893149084,0.1951219512195122,8,0.6009852216748769,0.024390243902439025,1,0.632051282051282,0.0,0,0.5,0.0,0,0.3333333333333333,0.0,0,0.6071428571428571,0.0,0,,0,0,0,0,0
1532596067,케이웍 잠실본점,잠실,중식,,4.2,182,,42,0.9025382190049374,0.3333333333333333,14,0.6817968566737039,0.047619047619047616,2,0.632051282051282,0.0,0,0.5,0.0,0,0.3333333333333333,0.0,0,0.6071428571428571,0.0,0,"group,room",0,0,0,0,0
894027816,샤오롱바오 잠실새내점,잠실,중식,,4.3,608,,42,0.8921225472912324,0.2857142857142857,12,0.6103682852451325,0.047619047619047616,2,0.632051282051282,0.0,0,0.5,0.0,0,0.3333333333333333,0.0,0,0.6071428571428571,0.0,0,room,0,0,0,0,0
11831479,신천양꼬치,잠실,중식,,4.2,27,,43,0.8537873652763358,0.16279069767441862,7,0.6565407772304325,0.023255813953488372,1,0.632051282051282,0.0,0,0.47222222222222227,0.023255813953488372,1,0.3333333333333333,0.0,0,0.6071428571428571,0.0,0,room,0,0,0,0,0
10445041,빈궁,잠실,중식,,4.1,18,,28,0.7890323087276868,0.07142857142857142,2,0.6565407772304325,0.03571428571428571,1,0.632051282051282,0.0,0,0.5,0.0,0,0.3333333333333333,0.0,0,0.6071428571428571,0.0,0,,0,0,0,0,0
9189132,심포니오브차이나,잠실,중식,,3.9,116,,41,0.7594654732522379,0.12195121951219512,5,0.7339901477832513,0.0975609756097561,4,0.6378205128205128,0.024390243902439025,1,0.5,0.0,0,0.3333333333333333,0.0,0,0.6071428571428571,0.0,0,"group,room",0,0,0,0,0
27204427,미성양꼬치 신천점,잠실,중식,,3.3,388,,24,0.8308940446808094,0.20833333333333334,5,0.6565407772304325,0.041666666666666664,1,0.632051282051282,0.0,0,0.5,0.0,0,0.3333333333333333,0.0,0,0.6071428571428571,0.0,0,,0,0,0,0,0
11678657,도림 더 칸톤 테이블,잠실,중식,,3.6,156,,37,0.8173954993807935,0.10810810810810811,4,0.6545155993431856,0.0,0,0.5822649572649573,0.02702702702702703,1,0.5,0.0,0,0.3333333333333333,0.0,0,0.6071428571428571,0.0,0,room,0,0,0,0,0
732638033,만다복 롯데백화점잠실점,잠실,중식,,3.2,110,,43,0.8017866277764468,0.18604651162790697,8,0.634072249589491,0.06976744186046512,3,0.6378205128205128,0.023255813953488372,1,0.5,0.0,0,0.3333333333333333,0.0,0,0.6071428571428571,0.0,0,,0,0,0,0,0
1624154892,대홍소양꼬치 잠실새내점,잠실,중식,,4.5,57,,21,0.7433214253067193,0.19047619047619047,4,0.6565407772304325,0.047619047619047616,1,0.632051282051282,0.0,0,0.5,0.0,0,0.3333333333333333,0.0,0,0.6071428571428571,0.0,0,room,0,0,0,0,0
8143061,도삭마라탕,잠실,중식,,4,25,,26,0.8308940446808094,0.19230769230769232,5,0.6565407772304325,0.038461538461538464,1,0.632051282051282,0.0,0,0.5,0.0,0,0.3333333333333333,0.0,0,0.6071428571428571,0.0,0,room,0,0,0,0,0
2036408963,춘리마라탕 잠실새내점,잠실,중식,,3.6,40,,42,0.7594654732522379,0.11904761904761904,5,0.68440065681445,0.11904761904761904,5,0.632051282051282,0.0,0,0.5,0.0,0,0.3333333333333333,0.0,0,0.617063492063492,0.023809523809523808,1,"group,room",0,0,0,0,0
1179913558,취향마라 잠실점,잠실,중식,,4.6,6,,41,0.7274131735299014,0.2682926829268293,11,0.6599160737091772,0.0975609756097561,4,0.632051282051282,0.0,0,0.5,0.0,0,0.3333333333333333,0.0,0,0.6071428571428571,0.0,0,,0,0,0,0,0
1356937291,하얼빈양꼬치,잠실,중식,,4.1,118,,15,0.802903270136726,0.2,3,0.6565407772304325,0.06666666666666667,1,0.632051282051282,0.0,0,0.5,0.0,0,0.3333333333333333,0.0,0,0.6071428571428571,0.0,0,,0,0,0,0,0
27109494,명가교동짬뽕 신천점,잠실,중식,,2,73,,42,0.8046452322187616,0.0,0,0.5590722495894911,0.07142857142857142,3,0.632051282051282,0.0,0,0.5,0.0,0,0.3333333333333333,0.0,0,0.6071428571428571,0.0,0,,0,0,0,0,0
503589100,라화쿵부 롯데마트잠실점,잠실,중식,,2.3,123,,41,0.8017866277764468,0.1951219512195122,8,0.6545155993431856,0.0,0,0.632051282051282,0.0,0,0.5,0.0,0,0.3333333333333333,0.0,0,0.617063492063492,0.024390243902439025,1,"bar,room",0,0,0,0,0
142063848,짬뽕지존 잠실새내점,잠실,중식,,2.2,206,,33,0.7816488046267458,0.030303030303030304,1,0.6545155993431856,0.0,0,0.632051282051282,0.0,0,0.5,0.0,0,0.3333333333333333,0.0,0,0.6071428571428571,0.0,0,"bar,room",0,0,0,0,0
24693042,요리하는남자,잠실,양식,,,2121,,7,0.8080214620990022,0.0,0,0.6860129870129871,0.0,0,0.6759259259259259,0.0,0,0.6666666666666666,0.0,0,0.3611111111111111,0.0,0,0.58,0.0,0,room,0,0,0,0,0
26854841,바토스 잠실점,잠실,양식,,3.4,87,,43,0.7813528607520921,0.2558139534883721,11,0.7042949907235622,0.046511627906976744,2,0.6743827160493828,0.023255813953488372,1,0.6666666666666666,0.0,0,0.3611111111111111,0.0,0,0.5944444444444444,0.023255813953488372,1,room,0,0,0,0,0
1646627925,폴스,잠실,양식,,5,47,,39,0.903426700552369,0.358974358974359,14,0.6774146224146224,0.10256410256410256,4,0.6759259259259259,0.0,0,0.6666666666666666,0.0,0,0.3611111111111111,0.0,0,0.58,0.0,0,room,0,0,0,0,0
8000883,알루메 (AL Lume),잠실,양식,,4.4,13,,40,0.8804515984774451,0.25,10,0.6328664192949908,0.05,2,0.6759259259259259,0.0,0,0.6666666666666666,0.0,0,0.35648148148148145,0.025,1,0.58,0.0,0,"group,room",0,0,0,0,0
240439843,투파인드피터 잠실점,잠실,양식,,4.4,1365,,43,0.8145531195808126,0.20930232558139536,9,0.7890968122786305,0.13953488372093023,6,0.6759259259259259,0.0,0,0.6666666666666666,0.0,0,0.35648148148148145,0.023255813953488372,1,0.6925925925925926,0.09302325581395349,4,"group,room",0,0,0,0,0
119414440,아이마미따,잠실,양식,,4.1,16,,35,0.872994678022371,0.2571428571428571,9,0.6860129870129871,0.0,0,0.6759259259259259,0.0,0,0.6666666666666666,0.0,0,0.3611111111111111,0.0,0,0.58,0.0,0,room,0,1,1,0,0
1979946120,교양식사 잠실점,잠실,양식,,2.7,41,,28,0.8325821596209296,0.17857142857142858,5,0.6860129870129871,0.0,0,0.6759259259259259,0.0,0,0.6666666666666666,0.0,0,0.3611111111111111,0.0,0,0.58,0.0,0,room,0,0,0,0,0
664185361,버거그랩앤치킨,잠실,양식,,4.1,10,,43,0.7415467161919239,0.18604651162790697,8,0.6827886002886004,0.023255813953488372,1,0.6970899470899471,0.046511627906976744,2,0.6666666666666666,0.023255813953488372,1,0.3611111111111111,0.0,0,0.58,0.0,0,room,0,0,0,0,0
49408452,버터핑거팬케익스 롯데백화점 잠실점,잠실,양식,,3.4,37,,43,0.8871220915213229,0.2558139534883721,11,0.6537581168831169,0.06976744186046512,3,0.6759259259259259,0.0,0,0.6666666666666666,0.0,0,0.3611111111111111,0.0,0,0.58,0.0,0,,0,0,0,0,0
884833457,까사피에스타 송파점,잠실,양식,,4.1,554,,30,0.8445552100450009,0.2,6,0.6774146224146224,0.13333333333333333,4,0.6759259259259259,0.0,0,0.6666666666666666,0.0,0,0.35648148148148145,0.03333333333333333,1,0.58,0.0,0,room,0,0,0,0,0
1845251816,잭슨피자 잠실본점,잠실,양식,,4,242,,42,0.7418550518778578,0.2857142857142857,12,0.7042949907235622,0.047619047619047616,2,0.6759259259259259,0.0,0,0.6666666666666666,0.0,0,0.3611111111111111,0.0,0,0.58,0.0,0,,0,0,0,0,0
1715602137,긴밀,잠실,양식,,4.8,179,,41,0.8804515984774451,0.24390243902439024,10,0.7715779220779221,0.12195121951219512,5,0.6743827160493828,0.024390243902439025,1,0.6666666666666666,0.0,0,0.3611111111111111,0.0,0,0.5388888888888889,0.024390243902439025,1,"group,room",0,0,0,0,0
1579694910,래빗캐슬 잠실새내점,잠실,양식,,,725,,7,0.8080214620990022,0.0,0,0.6860129870129871,0.0,0,0.6759259259259259,0.0,0,0.6666666666666666,0.0,0,0.3611111111111111,0.0,0,0.58,0.0,0,room,0,0,0,0,0
650197751,미즈컨테이너 잠실점,잠실,양식,,3,50,,41,0.8030851777303856,0.1951219512195122,8,0.6827886002886004,0.024390243902439025,1,0.6759259259259259,0.0,0,0.6666666666666666,0.0,0,0.3611111111111111,0.0,0,0.58,0.0,0,"bar,room",0,0,0,0,0
1153193388,멜팅소울 롯데백화점잠실점,잠실,양식,,3.2,301,,37,0.6976700026976956,0.24324324324324326,9,0.6537581168831169,0.08108108108108109,3,0.6759259259259259,0.0,0,0.6666666666666666,0.0,0,0.3611111111111111,0.0,0,0.58,0.0,0,room,0,0,0,0,0
854991107,도스타코스 잠실점,잠실,양식,,3.7,34,,37,0.756111561139254,0.24324324324324326,9,0.6537581168831169,0.08108108108108109,3,0.6743827160493828,0.02702702702702703,1,0.6666666666666666,0.0,0,0.3611111111111111,0.0,0,0.58,0.0,0,"couple,room",0,0,0,0,0
1729480279,파파밸리피자 잠실롯데마트점,잠실,양식,,5,192,,25,0.7763733918631828,0.24,6,0.728758116883117,0.12,3,0.6743827160493828,0.04,1,0.6666666666666666,0.0,0,0.3611111111111111,0.0,0,0.58,0.0,0,room,0,0,0,0,0
783846314,비엘라,잠실,양식,,3.4,132,,24,0.8325821596209296,0.20833333333333334,5,0.6827886002886004,0.041666666666666664,1,0.6759259259259259,0.0,0,0.6666666666666666,0.0,0,0.35648148148148145,0.041666666666666664,1,0.58,0.0,0,couple,1,0,0,0,0
1119487795,노모어피자 종합운동장역점,잠실,양식,,4,37,,11,0.7844623295269463,0.09090909090909091,1,0.6827886002886004,0.09090909090909091,1,0.6759259259259259,0.0,0,0.6666666666666666,0.0,0,0.3611111111111111,0.0,0,0.58,0.0,0,room,0,0,0,0,0
188889459,어론피자,잠실,양식,,4.3,57,,34,0.864623639268847,0.23529411764705882,8,0.6827886002886004,0.029411764705882353,1,0.6759259259259259,0.0,0,0.6666666666666666,0.0,0,0.3611111111111111,0.0,0,0.58,0.0,0,room,0,0,0,0,0
356255397,프랭크버거 잠실새마을시장점,잠실,양식,,3.4,14,,25,0.7300134138118763,0.12,3,0.7042949907235622,0.08,2,0.6759259259259259,0.0,0,0.6666666666666666,0.0,0,0.3611111111111111,0.0,0,0.58,0.0,0,room,0,0,0,0,0
708998718,보통의숲,잠실,양식,,3.6,127,,30,0.7903793129116213,0.23333333333333334,7,0.6827886002886004,0.03333333333333333,1,0.6759259259259259,0.0,0,0.6666666666666666,0.0,0,0.3611111111111111,0.0,0,0.5388888888888889,0.03333333333333333,1,room,0,0,0,0,0
944487436,케이준서울,잠실,양식,,3.6,98,,39,0.7314171302306329,0.38461538461538464,15,0.7042949907235622,0.05128205128205128,2,0.6759259259259259,0.0,0,0.6666666666666666,0.0,0,0.3611111111111111,0.0,0,0.58,0.0,0,room,0,0,0,0,0
1551360827,츄빙빙수 디저트카페 잠실새내점,잠실,카페 디저트,,0,0,,4,0.7958958915480655,0.0,0,0.6274509803921569,0.0,0,0.6666666666666666,0.0,0,0.5,0.0,0,0.3742424242424242,0.0,0,0.5,0.0,0,,0,0,0,0,0
1524771785,카페타타,잠실,카페 디저트,,4.8,13,,26,0.8686641171113221,0.34615384615384615,9,0.6339869281045751,0.038461538461538464,1,0.6666666666666666,0.0,0,0.5,0.0,0,0.3742424242424242,0.0,0,0.5,0.0,0,"group,room",0,0,0,0,0
1068761747,마이멜로디 하모니카페,잠실,카페 디저트,,5,125,,5,0.7958958915480655,0.0,0,0.6339869281045751,0.2,1,0.6666666666666666,0.0,0,0.5,0.0,0,0.3742424242424242,0.0,0,0.5,0.0,0,,0,0,0,0,0
505219793,디저트39 잠실새내점,잠실,카페 디저트,,3.1,13,,30,0.7827827796771896,0.06666666666666667,2,0.6339869281045751,0.03333333333333333,1,0.6666666666666666,0.0,0,0.5,0.0,0,0.3742424242424242,0.0,0,0.5,0.0,0,,0,0,0,0,0
1828240178,카페봄봄 잠실성당직영점,잠실,카페 디저트,,3,5,,11,0.7827827796771896,0.18181818181818182,2,0.6339869281045751,0.09090909090909091,1,0.6666666666666666,0.0,0,0.5,0.0,0,0.3742424242424242,0.0,0,0.5,0.0,0,,0,0,0,0,0
1804061845,짱구 베이커리 카페 롯데백화점잠실점,잠실,카페 디저트,,3,218,,6,0.7958958915480655,0.0,0,0.6274509803921569,0.0,0,0.6666666666666666,0.0,0,0.5,0.0,0,0.3742424242424242,0.0,0,0.5,0.0,0,,0,0,0,0,0
48005647,카페155,잠실,카페 디저트,,3.7,2,,8,0.7743576874011656,0.125,1,0.6339869281045751,0.125,1,0.6666666666666666,0.0,0,0.5,0.0,0,0.3742424242424242,0.0,0,0.5,0.0,0,,0,0,0,0,0
1356720358,카페헤리터 롯데백화점잠실점,잠실,카페 디저트,,4.9,93,,14,0.8125347545637401,0.2857142857142857,4,0.5784313725490197,0.07142857142857142,1,0.6666666666666666,0.0,0,0.5,0.0,0,0.36742424242424243,0.07142857142857142,1,0.5,0.0,0,,0,0,0,0,0
819724612,카페워크룸,잠실,카페 디저트,,3,2,,5,0.7743576874011656,0.2,1,0.6274509803921569,0.0,0,0.6666666666666666,0.0,0,0.5,0.0,0,0.3742424242424242,0.0,0,0.5,0.0,0,couple,0,0,0,0,0
1223377096,더카페 롯데마트잠실점,잠실,카페 디저트,,1,0,,3,0.7958958915480655,0.0,0,0.6274509803921569,0.0,0,0.6666666666666666,0.0,0,0.5,0.0,0,0.3742424242424242,0.0,0,0.5,0.0,0,,0,0,0,0,0
1183753988,카페만월경 잠실레이크팰리스점,잠실,카페 디저트,,4.3,2,,11,0.7743576874011656,0.09090909090909091,1,0.6339869281045751,0.09090909090909091,1,0.6666666666666666,0.0,0,0.5,0.0,0,0.36742424242424243,0.09090909090909091,1,0.47222222222222227,0.09090909090909091,1,room,0,0,0,0,0
1089651822,카페만월경 삼전역점,잠실,카페 디저트,,0,0,,4,0.7958958915480655,0.0,0,0.6274509803921569,0.0,0,0.6666666666666666,0.0,0,0.5,0.0,0,0.3742424242424242,0.0,0,0.5,0.0,0,,0,0,0,0,0
733631255,제이에스디저트,잠실,카페 디저트,,5,12,,5,0.7958958915480655,0.0,0,0.6339869281045751,0.2,1,0.6666666666666666,0.0,0,0.5,0.0,0,0.3742424242424242,0.0,0,0.5,0.0,0,,0,0,0,0,0
529268204,솔디저트,잠실,카페 디저트,,0,0,,4,0.7958958915480655,0.0,0,0.6274509803921569,0.0,0,0.6666666666666666,0.0,0,0.5,0.0,0,0.3742424242424242,0.0,0,0.5,0.0,0,,0,0,0,0,0
882921077,카페2.7,잠실,카페 디저트,,4.6,663,,42,0.8304482353395397,0.2619047619047619,11,0.6274509803921569,0.0,0,0.6666666666666666,0.0,0,0.5,0.0,0,0.42297979797979796,0.023809523809523808,1,0.5,0.047619047619047616,2,"bar,room",0,0,0,0,0
1471914362,카페만월경 잠실점,잠실,카페 디저트,,4.5,2,,7,0.7958958915480655,0.0,0,0.6339869281045751,0.14285714285714285,1,0.6666666666666666,0.0,0,0.5,0.0,0,0.33874458874458874,0.2857142857142857,2,0.5,0.0,0,,1,0,0,0,0
471061232,카페아일랜드 베이커리 잠실2호점,잠실,카페 디저트,,0,5,,4,0.7958958915480655,0.0,0,0.6274509803921569,0.0,0,0.6666666666666666,0.0,0,0.5,0.0,0,0.3742424242424242,0.0,0,0.5,0.0,0,,0,0,0,0,0
1257470875,카페시나몬,잠실,카페 디저트,,,637,,7,0.7958958915480655,0.0,0,0.6274509803921569,0.0,0,0.6666666666666666,0.0,0,0.5,0.0,0,0.3742424242424242,0.0,0,0.5,0.0,0,room,0,0,0,0,0
607577498,카페모던비,잠실,카페 디저트,,4.7,8,,30,0.8501418066635457,0.23333333333333334,7,0.6339869281045751,0.03333333333333333,1,0.6666666666666666,0.0,0,0.5,0.0,0,0.41017316017316013,0.06666666666666667,2,0.47222222222222227,0.03333333333333333,1,,0,0,0,0,0
945880291,카페다반,잠실,카페 디저트,,4.5,134,,39,0.8895492117998511,0.3076923076923077,12,0.6339869281045751,0.02564102564102564,1,0.6666666666666666,0.0,0,0.5,0.0,0,0.30890151515151515,0.07692307692307693,3,0.42857142857142855,0.05128205128205128,2,,0,0,0,0,0
2045646287,카페618,잠실,카페 디저트,,4.5,12,,17,0.722434932217541,0.17647058823529413,3,0.6339869281045751,0.058823529411764705,1,0.6666666666666666,0.0,0,0.5,0.0,0,0.36742424242424243,0.058823529411764705,1,0.5,0.0,0,,0,0,0,0,0
1936055591,카페코너574,잠실,카페 디저트,,,44,,6,0.7958958915480655,0.0,0,0.6274509803921569,0.0,0,0.6666666666666666,0.0,0,0.5,0.0,0,0.3742424242424242,0.0,0,0.5,0.0,0,room,0,0,0,0,0
1718058455,카페쿠도,잠실,카페 디저트,,,105,,6,0.7958958915480655,0.0,0,0.6274509803921569,0.0,0,0.6666666666666666,0.0,0,0.5,0.0,0,0.3742424242424242,0.0,0,0.5,0.0,0,room,0,0,0,0,0
1731532134,정자매카페,잠실,카페 디저트,,5,102,,7,0.7827827796771896,0.2857142857142857,2,0.6339869281045751,0.14285714285714285,1,0.6666666666666666,0.0,0,0.5,0.0,0,0.3742424242424242,0.0,0,0.5,0.0,0,,0,0,0,0,0
nv_1242805374,육달집 강남본점,강남,한식,,"방문자 리뷰 1,068",16731900,,25,0.8518925724066854,0.76,19,0.634778911564626,0.08,2,0.6199999999999999,0.0,0,0.5555555555555555,0.0,0,0.40151515151515144,0.0,0,0.6727678571428573,0.12,3,"group,room",1,1,1,1,0
nv_2049427610,사계절집 강남본점,강남,한식,,방문자 리뷰 143,232,,16,0.8884249412475218,0.625,10,0.6016865079365079,0.0625,1,0.6277777777777777,0.0625,1,0.5555555555555555,0.0,0,0.40151515151515144,0.0,0,0.49744897959183676,0.125,2,"group,room",0,1,1,0,0
nv_1046192699,봉계타 현대백화점 무역센터점,강남,한식,,"방문자 리뷰 2,072",2711,,40,0.9542375130154287,0.85,34,0.5886904761904762,0.0,0,0.6875,0.075,3,0.5555555555555555,0.0,0,0.40151515151515144,0.0,0,0.5964285714285714,0.0,0,room,0,0,0,0,0
nv_1810494640,해화옥 신논현 직영점,강남,한식,,,24,,10,0.8651608061890319,0.7,7,0.6016865079365079,0.1,1,0.6571428571428571,0.2,2,0.5555555555555555,0.0,0,0.40151515151515144,0.0,0,0.6081349206349206,0.1,1,"group,room",0,0,0,1,1
nv_13116182,수담 한정식 강남점,강남,한식,,,4999,,10,0.8815375452760245,0.9,9,0.6016865079365079,0.1,1,0.6277777777777777,0.1,1,0.5555555555555555,0.0,0,0.35822510822510817,0.2,2,0.6403061224489797,0.2,2,"group,room",0,1,1,1,1
nv_19872940,별양집,강남,한식,,"별점
4.49",4,,10,0.8738236501573972,0.8,8,0.5461309523809524,0.1,1,0.6199999999999999,0.0,0,0.5555555555555555,0.0,0,0.39015151515151514,0.1,1,0.6081349206349206,0.1,1,"group,room",1,0,0,1,1
nv_1318611530,요란,강남,일식,,,500,,10,0.8292757161139515,1.1,11,0.6533333333333333,0.0,0,0.6833333333333333,0.0,0,0.29166666666666663,0.0,0,0.3159722222222222,0.1,1,0.5550401978973408,0.2,2,"group,room",0,0,0,1,1
nv_1030343098,을지다락 압구정도산공원,강남,일식,,,9000,,10,0.7496695824146804,1.3,13,0.6533333333333333,0.0,0,0.6833333333333333,0.0,0,0.29166666666666663,0.0,0,0.3125,0.0,0,0.577056277056277,0.0,0,room,1,1,1,0,0
nv_1949319690,강남철판요리,강남,일식,,"별점
4.9",4,,10,0.7691562863755377,0.6,6,0.6,0.1,1,0.7023809523809524,0.2,2,0.29166666666666663,0.0,0,0.3125,0.0,0,0.5550401978973408,0.2,2,room,1,0,0,0,0
nv_1162049335,샤오당쟈마라탕 신현대점,강남,중식,,,2838,,10,0.8843858477995904,1.0,10,0.585127674258109,0.0,0,0.6710526315789473,0.1,1,0.3333333333333333,0.0,0,0.3888888888888889,0.0,0,0.6215277777777777,0.1,1,room,0,0,0,0,0
nv_1748847479,샤오당쟈마라탕 신사본점,강남,중식,,"별점
4.56",4,,10,0.8499200954842899,0.6,6,0.585127674258109,0.0,0,0.6710526315789473,0.1,1,0.3333333333333333,0.0,0,0.3888888888888889,0.0,0,0.6215277777777777,0.1,1,room,0,1,1,0,0
nv_1203337621,웍셔너리,강남,중식,,,4466,,10,0.8288302922440349,1.0,10,0.5987175063262019,0.1,1,0.6710526315789473,0.1,1,0.3333333333333333,0.0,0,0.3888888888888889,0.0,0,0.6124999999999999,0.0,0,"group,room",1,1,1,0,0
nv_2095917826,옥스라이브파이어그릴 도산,강남,양식,,,30,,1,0.8003590227854934,1.0,1,0.6318571428571428,0.0,0,0.6177777777777778,0.0,0,0.4444444444444444,0.0,0,0.328125,1.0,1,0.544047619047619,0.0,0,"group,room",0,0,0,0,0
nv_1242730767,비욘더 강남,강남,양식,,,1490,,10,0.8719605746189457,0.8,8,0.6318571428571428,0.0,0,0.6259259259259259,0.1,1,0.425925925925926,0.1,1,0.328125,0.1,1,0.544047619047619,0.0,0,"group,room",1,1,1,0,0
nv_2039067703,비스포킷 까사 논현점,강남,양식,,,839,,10,0.8312547202253086,1.0,10,0.6318571428571428,0.0,0,0.6259259259259259,0.1,1,0.425925925925926,0.1,1,0.32708333333333334,0.0,0,0.4150297619047619,0.3,3,"group,room",1,1,1,0,0
nv_1136987923,우슴 강남논현점,강남,술집,,,24,,10,0.8837000741762646,0.9,9,0.6782407407407406,0.1,1,0.7202380952380952,0.2,2,0.491358024691358,0.0,0,0.29166666666666663,0.0,0,0.75,0.5,5,"group,room",0,1,1,1,1
nv_1858740634,청담더코스,강남,술집,,,423,,10,0.8252585157347063,0.9,9,0.6805555555555555,0.0,0,0.701388888888889,0.1,1,0.491358024691358,0.0,0,0.2797619047619047,0.2,2,0.5306122448979591,0.2,2,"group,room",1,0,0,0,0
nv_2074933485,매드후라이치킨 선릉점,강남,치킨,,,1067,,10,0.8144273461581155,0.8,8,0.5972222222222221,0.1,1,0.7111111111111111,0.0,0,0.491358024691358,0.0,0,0.47222222222222227,0.1,1,0.7518939393939393,0.6,6,"couple,group,room",1,1,1,1,1
nv_2003259752,다미곱창 강남본점,강남,치킨,,,2077,,10,0.7905683725996226,1.1,11,0.5833333333333333,0.0,0,0.7111111111111111,0.0,0,0.491358024691358,0.0,0,0.5,0.0,0,0.6145833333333333,0.1,1,"group,room",0,0,0,0,0
nv_2008233171,유쾌한그집 선릉점,강남,한식,,,293,,10,0.8884249412475218,1.0,10,0.5886904761904762,0.0,0,0.6199999999999999,0.0,0,0.5555555555555555,0.0,0,0.39015151515151514,0.1,1,0.5964285714285714,0.0,0,room,1,0,0,0,0
nv_1234407239,흑벽돌집 논현본점,강남,한식,,"별점
4.9",4,,10,0.8884249412475218,1.0,10,0.6016865079365079,0.1,1,0.6199999999999999,0.0,0,0.5555555555555555,0.0,0,0.39015151515151514,0.1,1,0.5964285714285714,0.0,0,"group,room",1,1,1,1,1
nv_2067155747,서관면옥 삼성점,강남,한식,,,1214,,10,0.8199634315057702,0.3,3,0.5886904761904762,0.0,0,0.6199999999999999,0.0,0,0.5555555555555555,0.0,0,0.39015151515151514,0.1,1,0.5964285714285714,0.0,0,"group,room",0,1,1,0,0
nv_1435091999,대패마켙 강남논현점,강남,한식,,,24,,10,0.7062128699513492,0.9,9,0.7229166666666667,0.5,5,0.6199999999999999,0.0,0,0.5555555555555555,0.0,0,0.40151515151515144,0.0,0,0.6727678571428573,0.3,3,"group,room",0,1,1,1,1
nv_2074002107,모울,강남,한식,,,236,,10,0.7646544283929076,0.9,9,0.5886904761904762,0.0,0,0.6277777777777777,0.1,1,0.5185185185185185,0.1,1,0.39015151515151514,0.1,1,0.5525793650793651,0.1,1,"group,room",1,1,1,0,0
nv_2006551745,순정갈비 선릉직영점,강남,한식,,,1453,,10,0.8417124849836544,1.1,11,0.5886904761904762,0.0,0,0.6277777777777777,0.1,1,0.5555555555555555,0.0,0,0.44570707070707066,0.1,1,0.5525793650793651,0.1,1,"group,room",1,0,0,1,1
nv_2013135197,무쇠김치삼겹 선릉점,강남,한식,,,875,,10,0.8328693856919663,1.0,10,0.5886904761904762,0.0,0,0.6277777777777777,0.1,1,0.5555555555555555,0.0,0,0.40151515151515144,0.0,0,0.5964285714285714,0.0,0,group,1,1,1,1,1
nv_1535927805,무쇠김치삼겹 신사점,강남,한식,,,2875,,10,0.8417124849836544,1.1,11,0.5886904761904762,0.0,0,0.6199999999999999,0.0,0,0.5555555555555555,0.0,0,0.40151515151515144,0.0,0,0.5964285714285714,0.0,0,room,0,1,1,0,0
nv_1581701475,쿄코코 신논현점,강남,일식,,,1,,10,0.8292757161139515,1.1,11,0.680952380952381,0.2,2,0.6833333333333333,0.0,0,0.29166666666666663,0.0,0,0.3125,0.0,0,0.6456709956709957,0.5,5,room,1,1,1,0,0
nv_1141137916,네기다이닝라운지,강남,일식,,"별점
4.62",4,,10,0.8485784476960947,0.7,7,0.6555555555555556,0.1,1,0.6833333333333333,0.0,0,0.29166666666666663,0.0,0,0.3125,0.0,0,0.577056277056277,0.0,0,room,1,0,0,0,0
nv_1450180486,치솟 역삼본점,강남,일식,,,3987,,10,0.7876053281589614,1.2,12,0.6533333333333333,0.0,0,0.7270833333333334,0.3,3,0.29166666666666663,0.0,0,0.3125,0.0,0,0.577056277056277,0.0,0,"group,room",1,1,1,0,0
nv_1219317289,스시산원 반주헌,강남,일식,,"별점
4.4",4,,10,0.8292757161139515,1.1,11,0.6555555555555556,0.1,1,0.7023809523809524,0.2,2,0.29166666666666663,0.0,0,0.3125,0.0,0,0.577056277056277,0.0,0,"group,room",0,0,0,0,0
nv_1763662575,코메 압구정로데오,강남,일식,,,3068,,10,0.8196034988976166,1.0,10,0.6,0.1,1,0.6805555555555557,0.1,1,0.29861111111111105,0.1,1,0.3159722222222222,0.1,1,0.577056277056277,0.0,0,room,1,0,0,0,0
nv_31068331,우동명가 기리야마본진,강남,일식,,,2930,,10,0.7084923877865054,1.0,10,0.6533333333333333,0.0,0,0.7023809523809524,0.2,2,0.29166666666666663,0.0,0,0.3159722222222222,0.1,1,0.591991341991342,0.1,1,"group,room",1,0,0,0,0
nv_20451517,청담 마코토,강남,일식,,,3663,,10,0.7235064853447206,1.1,11,0.7083333333333334,0.3,3,0.6520833333333333,0.3,3,0.29166666666666663,0.0,0,0.29464285714285715,0.2,2,0.591991341991342,0.1,1,"group,room",1,1,1,1,1
nv_2007145517,고봉당 논현역점,강남,중식,,,2642,,10,0.8843858477995904,1.0,10,0.585127674258109,0.0,0,0.6710526315789473,0.1,1,0.3333333333333333,0.0,0,0.3888888888888889,0.0,0,0.6124999999999999,0.0,0,"group,room",0,1,1,1,1
nv_1583057180,무탄 코엑스점,강남,중식,,,2,,10,0.7732747366884793,1.0,10,0.585127674258109,0.0,0,0.6449561403508772,0.3,3,0.3333333333333333,0.0,0,0.3888888888888889,0.0,0,0.6124999999999999,0.0,0,"group,room",1,0,0,1,1
nv_13150137,공리,강남,중식,,"별점
4.54",4,,10,0.7321566041069878,1.1,11,0.585127674258109,0.0,0,0.694235588972431,0.2,2,0.3333333333333333,0.0,0,0.3888888888888889,0.0,0,0.6124999999999999,0.0,0,"group,room",0,0,0,0,0
nv_1044096368,무탄 압구정 본점,강남,중식,,,1,,10,0.6949062802713474,1.2,12,0.5431619507706463,0.1,1,0.694235588972431,0.2,2,0.3333333333333333,0.0,0,0.3888888888888889,0.0,0,0.6215277777777777,0.1,1,"group,room",1,0,0,1,1
nv_35553533,아방궁,강남,중식,,"별점
4.28",24,,10,0.8288302922440349,1.0,10,0.585127674258109,0.0,0,0.6719298245614035,0.0,0,0.3333333333333333,0.0,0,0.34920634920634924,0.2,2,0.6124999999999999,0.0,0,"group,room",0,1,1,1,1
nv_18505540,홍명,강남,중식,,,3123,,10,0.8499200954842899,0.6,6,0.5431619507706463,0.1,1,0.6710526315789473,0.1,1,0.3333333333333333,0.0,0,0.3888888888888889,0.0,0,0.6124999999999999,0.0,0,room,0,1,1,0,0
nv_11621343,천용,강남,중식,,,1258,,10,0.7952971245643029,0.7,7,0.585127674258109,0.0,0,0.694235588972431,0.2,2,0.3333333333333333,0.0,0,0.3888888888888889,0.0,0,0.5659722222222222,0.1,1,"group,room",0,1,1,1,1
nv_1165131753,벽돌해피푸드 압구정점,강남,중식,,,7661,,10,0.7957466164058011,1.2,12,0.560805481612935,0.2,2,0.6719298245614035,0.0,0,0.3333333333333333,0.1,1,0.3888888888888889,0.0,0,0.6124999999999999,0.0,0,room,0,1,1,0,0
nv_1975463492,온리고앤코,강남,양식,,"별점
4.7",4,,10,0.6970454814312946,1.2,12,0.6318571428571428,0.0,0,0.6177777777777778,0.0,0,0.4444444444444444,0.0,0,0.328125,0.1,1,0.544047619047619,0.0,0,"group,room",1,1,1,0,0
nv_1325697325,한올,강남,양식,,,4554,,10,0.8421201755760579,0.5,5,0.6376587301587301,0.1,1,0.6177777777777778,0.0,0,0.4444444444444444,0.0,0,0.30505952380952384,0.2,2,0.5089285714285714,0.1,1,room,1,1,1,0,0
nv_661051254,어거스트힐 강남점,강남,양식,,"별점
4.56",4,,10,0.8401987361086627,1.1,11,0.6376587301587301,0.1,1,0.6177777777777778,0.0,0,0.4444444444444444,0.0,0,0.2794270833333333,0.3,3,0.5644841269841269,0.1,1,"group,room",1,1,1,0,0
nv_1007886570,후추포인트,강남,양식,,,1,,10,0.8401987361086627,1.1,11,0.6318571428571428,0.0,0,0.584126984126984,0.2,2,0.4444444444444444,0.0,0,0.32708333333333334,0.0,0,0.544047619047619,0.0,0,"group,room",0,1,1,0,0
nv_1280724996,치폴라로쏘 삼성본점,강남,양식,,,1653,,10,0.7474656494985216,1.2,12,0.6318571428571428,0.0,0,0.6177777777777778,0.0,0,0.4444444444444444,0.0,0,0.328125,0.1,1,0.602891156462585,0.2,2,"group,room",1,1,1,1,1
nv_1818558157,브리비트 강남역,강남,양식,,,3668,,10,0.8719605746189457,0.8,8,0.6318571428571428,0.0,0,0.6177777777777778,0.0,0,0.4444444444444444,0.0,0,0.32708333333333334,0.0,0,0.5089285714285714,0.1,1,room,1,1,1,0,0
nv_1763613206,고급양식 역삼점,강남,양식,,,1018,,10,0.7629244296786314,0.9,9,0.6376587301587301,0.1,1,0.6555555555555556,0.2,2,0.4444444444444444,0.0,0,0.32708333333333334,0.0,0,0.544047619047619,0.0,0,room,0,0,0,0,0
nv_1916994932,주신당 강남,강남,술집,,,8479,,10,0.8676837565726454,0.7,7,0.6805555555555555,0.0,0,0.7083333333333334,0.0,0,0.491358024691358,0.0,0,0.29166666666666663,0.0,0,0.6428571428571428,0.0,0,"group,room",1,1,1,0,0
nv_1047144456,밤별 포차 라운지 강남역본점,강남,술집,,,3114,,10,0.8676837565726454,0.7,7,0.6782407407407406,0.1,1,0.7083333333333334,0.0,0,0.491358024691358,0.0,0,0.29166666666666663,0.0,0,0.6734693877551019,0.2,2,"couple,group,room",1,1,1,0,0
nv_2147325250,이자카야 고코 강남신논현점,강남,술집,,,3492,,10,0.801091428542409,1.2,12,0.6782407407407406,0.1,1,0.701388888888889,0.1,1,0.491358024691358,0.0,0,0.29166666666666663,0.0,0,0.6428571428571428,0.0,0,"couple,room",1,0,1,0,0
nv_1810165759,수지상회 강남1호점,강남,술집,,,5407,,10,0.8028689417578306,0.7,7,0.6782407407407406,0.1,1,0.7083333333333334,0.0,0,0.491358024691358,0.0,0,0.29861111111111105,0.1,1,0.6428571428571428,0.0,0,room,1,1,1,0,0
nv_1377026954,아리계곡,강남,술집,,,4463,,10,0.7668169572931477,0.9,9,0.7003968253968252,0.2,2,0.701388888888889,0.1,1,0.491358024691358,0.0,0,0.29166666666666663,0.0,0,0.6468253968253967,0.1,1,"group,room",1,0,1,0,0
nv_1328983461,만카이 압구정점,강남,술집,,,4423,,10,0.8761525274345788,0.8,8,0.6782407407407406,0.1,1,0.7202380952380952,0.2,2,0.491358024691358,0.0,0,0.29861111111111105,0.1,1,0.6468253968253967,0.1,1,"couple,group,room",1,1,1,0,0
nv_1972778938,소보키 강남점,강남,술집,,,1,,10,0.8436046977713645,1.1,11,0.6805555555555555,0.0,0,0.7202380952380952,0.2,2,0.491358024691358,0.0,0,0.2797619047619047,0.2,2,0.6468253968253967,0.1,1,"group,room",1,1,1,0,0
nv_1518418923,응큼떡볶이 역삼 본점,강남,치킨,,,24,,10,0.8579595909141363,0.6,6,0.5972222222222221,0.1,1,0.7111111111111111,0.0,0,0.491358024691358,0.0,0,0.5,0.0,0,0.5590277777777778,0.1,1,room,0,1,1,0,0
nv_35734815,꼭그닭 강남점,강남,치킨,,"별점
4.45",4,,10,0.875965807696577,0.8,8,0.5833333333333333,0.0,0,0.7444444444444445,0.3,3,0.491358024691358,0.0,0,0.5,0.0,0,0.6041666666666666,0.0,0,"group,room",1,1,1,0,0
nv_1829829092,도른계 강남역점,강남,치킨,,,5737,,10,0.7378518472268473,0.7,7,0.5833333333333333,0.0,0,0.7111111111111111,0.0,0,0.491358024691358,0.0,0,0.5,0.0,0,0.6041666666666666,0.0,0,"group,room",0,1,1,1,0
nv_13586416,빨대포차 언주역본점,강남,치킨,,"별점
4.75",4,,10,0.8250851331208474,0.9,9,0.5972222222222221,0.1,1,0.7111111111111111,0.0,0,0.491358024691358,0.0,0,0.5,0.0,0,0.6041666666666666,0.0,0,"group,room",0,0,0,0,0
nv_13358436,한추,강남,치킨,,,4313,,10,0.8473269785769786,0.5,5,0.5416666666666666,0.1,1,0.7037037037037037,0.1,1,0.491358024691358,0.0,0,0.5277777777777778,0.1,1,0.6041666666666666,0.0,0,room,0,0,0,0,0
nv_1486617466,멕시타이거,강남,치킨,,,2338,,10,0.875965807696577,0.8,8,0.5833333333333333,0.0,0,0.7037037037037037,0.1,1,0.491358024691358,0.0,0,0.5277777777777778,0.1,1,0.6145833333333333,0.1,1,room,0,0,0,0,0
nv_2019690589,닭장맥주 신논현역점,강남,치킨,,,616,,10,0.875965807696577,0.8,8,0.5833333333333333,0.0,0,0.7111111111111111,0.0,0,0.491358024691358,0.0,0,0.47222222222222227,0.1,1,0.6458333333333333,0.2,2,"couple,room",0,1,1,0,0
nv_35743972,더제이제이,강남,치킨,,"별점
4.55",4,,10,0.8674814768564767,0.7,7,0.5833333333333333,0.0,0,0.7111111111111111,0.0,0,0.491358024691358,0.0,0,0.5,0.0,0,0.5590277777777778,0.1,1,"group,room",0,1,1,1,1
nv_17742284,가마솥맛갈비,강남,분식,,,85,,8,0.8677188552188552,0.875,7,0.6840277777777778,0.125,1,0.6782407407407406,0.125,1,0.491358024691358,0.0,0,0.3333333333333333,0.125,1,0.5694444444444444,0.125,1,"group,room",0,1,1,0,0
nv_1766352956,꿈담 1945,강남,분식,,,201,,10,0.8677188552188552,0.7,7,0.7053571428571429,0.2,2,0.6782407407407406,0.1,1,0.491358024691358,0.0,0,0.3333333333333333,0.0,0,0.513888888888889,0.1,1,"group,room",1,1,1,0,0
nv_1123489755,도산분식 도산공원점,강남,분식,,,8251,,10,0.834915824915825,1.0,10,0.6840277777777778,0.1,1,0.6805555555555555,0.0,0,0.491358024691358,0.0,0,0.3333333333333333,0.0,0,0.55,0.0,0,room,1,0,0,0,0
nv_1293718759,보슬보슬 역삼본점,강남,분식,,"별점
4.38",4,,10,0.8761849261849262,0.8,8,0.6840277777777778,0.1,1,0.6805555555555555,0.0,0,0.491358024691358,0.0,0,0.3333333333333333,0.0,0,0.6071428571428571,0.2,2,"group,room",0,1,1,0,0
nv_1570607237,보슬보슬 압구정본점,강남,분식,,,6272,,10,0.8837301587301587,0.9,9,0.7053571428571429,0.2,2,0.6805555555555555,0.0,0,0.491358024691358,0.0,0,0.3333333333333333,0.0,0,0.513888888888889,0.1,1,room,0,0,0,1,0
nv_43229792,다모아분식,강남,분식,,,1021,,9,0.7618967452300784,0.4444444444444444,4,0.6840277777777778,0.1111111111111111,1,0.6782407407407406,0.1111111111111111,1,0.491358024691358,0.0,0,0.3333333333333333,0.0,0,0.55,0.0,0,room,0,0,0,0,0
nv_19935560,루비떡볶이,강남,분식,,"별점
4.33",4,,10,0.8761849261849262,0.8,8,0.6840277777777778,0.1,1,0.6805555555555555,0.0,0,0.491358024691358,0.0,0,0.3333333333333333,0.0,0,0.55,0.0,0,"bar,room",0,1,1,0,0
nv_1609748638,타이거 꼬마김밥 언주역 본점,강남,분식,,,1052,,10,0.8677188552188552,0.7,7,0.6875,0.0,0,0.6782407407407406,0.1,1,0.491358024691358,0.0,0,0.3333333333333333,0.0,0,0.5694444444444444,0.1,1,room,0,0,0,0,0
nv_38337730,튀김아저씨,강남,분식,,"별점
4.55",4,,10,0.8029040404040404,0.7,7,0.6875,0.0,0,0.6782407407407406,0.1,1,0.491358024691358,0.0,0,0.3333333333333333,0.0,0,0.55,0.0,0,room,0,0,0,0,0
nv_2004984088,타이거 꼬마김밥 대치점,강남,분식,,,170,,10,0.7668470418470419,0.9,9,0.6840277777777778,0.1,1,0.7003968253968252,0.2,2,0.491358024691358,0.0,0,0.3333333333333333,0.0,0,0.55,0.0,0,room,0,0,0,0,0
nv_1488199141,오레노카츠 대치점,강남,이자카야,,,4535,,10,0.8126100751100751,0.8,8,0.6666666666666666,0.0,0,0.6666666666666666,0.1,1,0.491358024691358,0.0,0,0.375,0.0,0,0.6357142857142856,0.2,2,room,0,0,0,0,0
nv_281317542,공감블랙 신사,강남,이자카야,,,2644,,10,0.8741485366485365,0.8,8,0.6666666666666666,0.0,0,0.6666666666666666,0.0,0,0.491358024691358,0.0,0,0.4305555555555556,0.4,4,0.6027777777777777,0.1,1,"group,room",1,1,1,1,0
nv_1460164532,갓포우오 신사점,강남,이자카야,,,2803,,10,0.7649561087061088,0.9,9,0.6666666666666666,0.0,0,0.6666666666666666,0.0,0,0.491358024691358,0.0,0,0.4107142857142857,0.2,2,0.6027777777777777,0.1,1,room,1,1,1,0,0
nv_31549263,기세끼 논현점,강남,이자카야,,,1529,,10,0.8006979517396183,0.7,7,0.6666666666666666,0.0,0,0.6666666666666666,0.1,1,0.491358024691358,0.0,0,0.3392857142857143,0.2,2,0.44375,0.3,3,"group,room",1,1,1,1,1
nv_1316501400,우오하나 신사점,강남,이자카야,,,1460,,10,0.8558119069482705,0.6,6,0.6666666666666666,0.1,1,0.6666666666666666,0.0,0,0.491358024691358,0.0,0,0.375,0.0,0,0.59,0.0,0,"group,room",1,1,1,0,0
nv_37282214,수다 삼성1호점,강남,이자카야,,,1866,,10,0.8887065095398428,1.0,10,0.6666666666666666,0.1,1,0.6666666666666666,0.0,0,0.491358024691358,0.0,0,0.3392857142857143,0.2,2,0.6027777777777777,0.1,1,"group,room",1,0,1,1,1
nv_107633518,심연한우,강남,고깃집,,,813,,10,0.7948006854256855,0.7,7,0.5773809523809523,0.2,2,0.6944444444444443,0.0,0,0.491358024691358,0.0,0,0.40277777777777773,0.1,1,0.6857142857142857,0.0,0,room,1,1,1,0,0
nv_1028354634,다몽집 신논현본점,강남,고깃집,,,1,,9,0.7449760207113149,1.3333333333333333,12,0.6083333333333333,0.0,0,0.6944444444444443,0.0,0,0.491358024691358,0.0,0,0.41666666666666663,0.0,0,0.6825396825396827,0.1111111111111111,1,"group,room",1,1,1,1,1
nv_1005495070,영동그집,강남,고깃집,,"별점
4.73",4,,10,0.8767844258915688,0.9,9,0.6083333333333333,0.0,0,0.7103174603174602,0.2,2,0.491358024691358,0.0,0,0.41666666666666663,0.0,0,0.6825396825396827,0.1,1,"group,room",1,1,1,1,1
nv_37837518,고기꾼김춘배 강남점,강남,고깃집,,,7305,,10,0.7948006854256855,0.7,7,0.6083333333333333,0.0,0,0.6898148148148148,0.1,1,0.491358024691358,0.0,0,0.40277777777777773,0.1,1,0.7285714285714286,0.3,3,"group,room",1,1,1,1,1
nv_37486499,반갑다 하대포,강남,고깃집,,"별점
4.51",4,,10,0.8378878066378066,0.5,5,0.6180555555555555,0.1,1,0.6944444444444443,0.0,0,0.491358024691358,0.0,0,0.40277777777777773,0.1,1,0.6825396825396827,0.1,1,"group,room",1,0,0,1,1
nv_1045639997,신사화로 신사본점,강남,고깃집,,,5684,,10,0.8183428674500103,0.9,9,0.6180555555555555,0.1,1,0.6898148148148148,0.1,1,0.491358024691358,0.0,0,0.41666666666666663,0.0,0,0.7040816326530612,0.2,2,"group,room",1,1,1,1,1
nv_37704319,화기애애,강남,고깃집,,"별점
4.64",4,,10,0.8767844258915688,0.9,9,0.6052083333333333,0.3,3,0.6944444444444443,0.0,0,0.491358024691358,0.0,0,0.45833333333333326,0.1,1,0.6326530612244898,0.2,2,"group,room",0,0,0,0,0
nv_1979564218,압구정고깃집 본점,강남,고깃집,,,1324,,10,0.7953961887785418,1.2,12,0.6083333333333333,0.0,0,0.6944444444444443,0.0,0,0.491358024691358,0.0,0,0.41666666666666663,0.0,0,0.7040816326530612,0.2,2,group,0,1,1,1,1
nv_1179114008,엉클조소시지 신사점,강남,호프/통닭,,,2357,,10,0.8498321123321124,0.8,8,0.5997023809523808,0.1,1,0.6716544070202607,0.0,0,0.491358024691358,0.0,0,0.38888888888888884,0.0,0,0.7203703703703703,0.0,0,room,1,1,1,0,0
nv_505375149,구스아일랜드 브루하우스,강남,호프/통닭,,,3347,,10,0.8498321123321124,0.8,8,0.5441468253968254,0.1,1,0.6716544070202607,0.0,0,0.491358024691358,0.0,0,0.38888888888888884,0.0,0,0.7502314814814814,0.3,3,"group,room",0,1,1,1,1
nv_1013284413,러너펍 선릉점,강남,호프/통닭,,,24,,40,0.7695634920634921,0.0,0,0.5997023809523808,0.025,1,0.6716544070202607,0.0,0,0.491358024691358,0.0,0,0.38888888888888884,0.0,0,0.8186728395061728,0.175,7,room,0,0,0,0,0
nv_1025456593,미믹 강남점,강남,호프/통닭,,,383,,10,0.6968584656084656,0.1,1,0.5863095238095237,0.0,0,0.6716544070202607,0.0,0,0.491358024691358,0.0,0,0.38888888888888884,0.0,0,0.6558641975308642,0.1,1,room,1,0,1,0,0
nv_21094048,아이러브펍 강남본점,강남,호프/통닭,,,1979,,10,0.7419246031746032,0.5,5,0.5441468253968254,0.1,1,0.6716544070202607,0.0,0,0.491358024691358,0.0,0,0.3796296296296296,0.1,1,0.7288359788359787,0.2,2,"group,room",1,1,1,0,0
nv_1954129840,쏘주맥쭈 신논현점,강남,호프/통닭,,,1050,,10,0.7743551587301587,0.7,7,0.5997023809523808,0.1,1,0.6716544070202607,0.0,0,0.491358024691358,0.0,0,0.3796296296296296,0.1,1,0.7502314814814814,0.3,3,"group,room",1,1,1,1,1
nv_1720089249,도시맥주 신사가로수길본점,강남,호프/통닭,,,1213,,30,0.8931363378684808,0.7666666666666667,23,0.7217261904761905,0.16666666666666666,5,0.6716544070202607,0.0,0,0.491358024691358,0.0,0,0.4206349206349206,0.06666666666666667,2,0.7288359788359787,0.06666666666666667,2,"group,room",0,1,1,0,0
nv_1348679964,역전할머니맥주 서울신사가로수길점,강남,호프/통닭,,,1082,,10,0.7979056437389771,0.4,4,0.5616496598639455,0.2,2,0.6716544070202607,0.0,0,0.491358024691358,0.0,0,0.38888888888888884,0.0,0,0.7203703703703703,0.0,0,"group,room",0,1,1,0,0
nv_1748360379,얼맥당 선릉점,강남,호프/통닭,,,2090,,10,0.7743551587301587,0.7,7,0.5997023809523808,0.1,1,0.6716544070202607,0.0,0,0.491358024691358,0.0,0,0.38888888888888884,0.0,0,0.7203703703703703,0.0,0,"couple,group,room",0,0,1,1,1
nv_2093423408,CAFE 00:00,강남,카페 디저트,,,96,,10,0.8566200083441463,0.8,8,0.6075757575757575,0.0,0,0.6979166666666666,0.0,0,0.675,0.0,0,0.33784271284271283,0.1,1,0.6321225071225071,0.1,1,room,1,0,0,0,0
nv_1740023953,크렘드르네 강남본점,강남,카페 디저트,,"별점
4.68",4,,8,0.7170075135592378,0.375,3,0.5297348484848485,0.375,3,0.6979166666666666,0.0,0,0.675,0.0,0,0.33874458874458874,0.0,0,0.6252136752136752,0.0,0,,1,1,1,0,0
nv_1843917796,카페 그라시아스 아라비다 수서역점,강남,카페 디저트,,,677,,10,0.8350963734976274,0.6,6,0.6482683982683982,0.2,2,0.6979166666666666,0.0,0,0.646875,0.3,3,0.33874458874458874,0.0,0,0.6252136752136752,0.0,0,,0,0,0,0,0
nv_1698724177,뚜레쥬르 강남직영점,강남,카페 디저트,,,722,,10,0.7507488679902473,0.5,5,0.6075757575757575,0.0,0,0.6979166666666666,0.0,0,0.675,0.0,0,0.33874458874458874,0.0,0,0.6321225071225071,0.1,1,room,0,0,0,0,0
nv_1732573285,낫배드커피 도산,강남,카페 디저트,,"별점
4.62",4,,10,0.8655627350208631,0.9,9,0.6482683982683982,0.2,2,0.7581018518518517,0.4,4,0.675,0.0,0,0.33784271284271283,0.1,1,0.6252136752136752,0.0,0,room,1,0,0,0,0
nv_1182897501,파티세리 후르츠,강남,카페 디저트,,,1258,,10,0.8655627350208631,0.9,9,0.6075757575757575,0.0,0,0.6979166666666666,0.0,0,0.675,0.0,0,0.33874458874458874,0.0,0,0.5180097680097681,0.2,2,room,0,0,0,0,0
nv_1414148461,브레드앤워크,강남,카페 디저트,,,2288,,10,0.8350963734976274,0.6,6,0.6174242424242423,0.1,1,0.712797619047619,0.2,2,0.675,0.0,0,0.33874458874458874,0.0,0,0.6252136752136752,0.0,0,room,0,1,1,0,0
nv_1207231213,스탠다드브레드 도산,강남,카페 디저트,,,4877,,10,0.8071211765793047,0.9,9,0.6075757575757575,0.0,0,0.6927083333333334,0.1,1,0.675,0.0,0,0.33874458874458874,0.0,0,0.6252136752136752,0.0,0,room,1,0,0,0,0
nv_1885113125,twnty 압구정점,강남,카페 디저트,,,1141,,10,0.7950815468056848,0.8,8,0.6075757575757575,0.0,0,0.6927083333333334,0.1,1,0.675,0.0,0,0.33874458874458874,0.0,0,0.6252136752136752,0.0,0,room,0,0,0,0,0
nv_1643374390,레자미오네뜨,강남,카페 디저트,,,8906,,10,0.8221774394188188,0.5,5,0.6075757575757575,0.0,0,0.6979166666666666,0.0,0,0.675,0.0,0,0.33874458874458874,0.0,0,0.6252136752136752,0.0,0,room,0,1,1,0,0
nv_1883905907,지금이밤 성수본점,건대,일식,,"별점
4.79",4,,10,0.7982739448732096,0.7,7,0.7441712608379275,0.1,1,0.7059523809523809,0.2,2,0.491358024691358,0.0,0,0.38541666666666663,0.0,0,0.5162037037037036,0.1,1,"group,room",0,0,0,0,0
nv_1154437933,오밀 성수,건대,일식,,,7069,,10,0.8531675358212791,0.6,6,0.7596721796721797,0.0,0,0.6883333333333332,0.0,0,0.491358024691358,0.0,0,0.38541666666666663,0.0,0,0.4861111111111111,0.0,0,"group,room",1,1,1,0,0
nv_1679815251,호츠,건대,일식,,,1017,,10,0.8213199469764597,0.9,9,0.7569086997658426,0.2,2,0.6883333333333332,0.0,0,0.491358024691358,0.0,0,0.4322916666666666,0.1,1,0.46064814814814814,0.1,1,room,1,0,1,0,0
nv_1868271996,코시 건대점,건대,일식,,,4434,,10,0.8312117484911603,1.0,10,0.7747951122951123,0.3,3,0.6883333333333332,0.0,0,0.491358024691358,0.0,0,0.38541666666666663,0.0,0,0.4861111111111111,0.0,0,room,0,1,1,0,0
nv_2087140341,범카츠 건대역점,건대,일식,,,683,,10,0.7474277332625083,1.2,12,0.7596721796721797,0.0,0,0.7302083333333333,0.3,3,0.491358024691358,0.0,0,0.38541666666666663,0.0,0,0.5615079365079365,0.2,2,"group,room",1,1,1,0,0
nv_1024511106,서울낙업 건대본점,건대,일식,,,2582,,10,0.8213199469764597,0.9,9,0.7569086997658426,0.2,2,0.6847222222222222,0.1,1,0.491358024691358,0.0,0,0.38541666666666663,0.0,0,0.5162037037037036,0.1,1,room,1,0,0,0,0
nv_1118763038,하루 건대점,건대,일식,,,3398,,10,0.8630887596880243,0.7,7,0.7441712608379275,0.1,1,0.6883333333333332,0.0,0,0.491358024691358,0.0,0,0.38541666666666663,0.0,0,0.4861111111111111,0.0,0,"group,bar,room",1,1,1,0,0
nv_1788087862,오코노미야키식당하나,건대,일식,,,2782,,10,0.8213199469764597,0.9,9,0.7596721796721797,0.0,0,0.7059523809523809,0.2,2,0.491358024691358,0.0,0,0.38541666666666663,0.0,0,0.4861111111111111,0.0,0,room,1,1,1,0,0
nv_1417930131,선남sea,건대,일식,,,1512,,10,0.8312117484911603,1.0,10,0.7747951122951123,0.3,3,0.7302083333333333,0.3,3,0.491358024691358,0.0,0,0.38541666666666663,0.0,0,0.5162037037037036,0.1,1,"group,room",1,0,0,0,0
nv_1324139124,멜티도나 메리고라운드,건대,일식,,,2976,,10,0.8297973585963783,0.4,4,0.7596721796721797,0.0,0,0.6883333333333332,0.0,0,0.491358024691358,0.0,0,0.3467261904761904,0.2,2,0.46064814814814814,0.1,1,"couple,room",1,1,1,0,0
nv_1144502172,골든센트리,건대,중식,,,850,,10,0.6444865871514559,1.2,12,0.6266427718040621,0.1,1,0.6648148148148149,0.1,1,0.6666666666666666,0.1,1,0.3828207671957672,0.0,0,0.6366666666666666,0.0,0,"group,room",1,1,1,0,0
nv_1017400694,취헌꼬치구이전문점,건대,중식,,"별점
4.86",4,,10,0.7732752749621262,1.0,10,0.6853046594982078,0.0,0,0.6644444444444445,0.0,0,0.6666666666666666,0.0,0,0.3828207671957672,0.0,0,0.6366666666666666,0.0,0,room,0,1,1,0,0
nv_2064386586,호파두부 건대본점,건대,중식,,,684,,10,0.8601126122211763,0.7,7,0.6821983273596177,0.1,1,0.6648148148148149,0.1,1,0.6666666666666666,0.0,0,0.3828207671957672,0.0,0,0.5479166666666666,0.3,3,room,0,0,0,0,0
nv_1833061851,희가덕 손만두 건대점,건대,중식,,,2188,,10,0.8772105218750053,0.9,9,0.6266427718040621,0.1,1,0.6644444444444445,0.0,0,0.6666666666666666,0.0,0,0.3828207671957672,0.0,0,0.6416666666666666,0.1,1,,0,0,0,0,0
nv_1112754194,송화산시도삭면 2호점,건대,중식,,"별점
4.42",4,,10,0.818768963433447,0.9,9,0.6821983273596177,0.1,1,0.7152777777777779,0.3,3,0.6666666666666666,0.0,0,0.3828207671957672,0.0,0,0.6979166666666667,0.3,3,room,0,1,1,0,0
nv_1429339118,얼땅쟈 본점,건대,중식,,,1387,,10,0.8772105218750053,0.9,9,0.6533154121863799,0.3,3,0.6644444444444445,0.0,0,0.6666666666666666,0.0,0,0.3828207671957672,0.0,0,0.6366666666666666,0.0,0,room,0,0,0,0,0
nv_34628680,세종원 군자본점,건대,중식,,"별점
4.43",4,,10,0.8601126122211763,0.7,7,0.6853046594982078,0.0,0,0.6648148148148149,0.1,1,0.6666666666666666,0.0,0,0.3828207671957672,0.0,0,0.6366666666666666,0.0,0,room,0,0,0,0,0
nv_1796042079,티왕 룽쟝족발덮밥,건대,중식,,,232,,9,0.8601126122211763,0.7777777777777778,7,0.7037890424987199,0.2222222222222222,2,0.688888888888889,0.2222222222222222,2,0.6666666666666666,0.0,0,0.3828207671957672,0.0,0,0.6366666666666666,0.0,0,room,0,1,0,0,0
nv_18002806,시옌,건대,중식,,,952,,27,0.8825708314970389,0.6666666666666666,18,0.7037890424987199,0.07407407407407407,2,0.6644444444444445,0.0,0,0.6666666666666666,0.0,0,0.3828207671957672,0.0,0,0.5261904761904762,0.07407407407407407,2,"group,room",0,0,1,0,0
nv_1555212741,도치피자 강변,건대,양식,,"별점
4.28",4,,10,0.8052361163968307,0.7,7,0.6885949441504997,0.0,0,0.667063492063492,0.0,0,0.5,0.0,0,0.2833333333333333,0.0,0,0.46595655806182124,0.1,1,room,1,0,0,0,0
nv_1912378373,타코볼볼 군자본점,건대,양식,,,1358,,10,0.8857290810096933,0.9,9,0.6885949441504997,0.0,0,0.6669973544973544,0.1,1,0.5,0.0,0,0.2833333333333333,0.0,0,0.4924812030075188,0.0,0,"couple,room",0,1,1,0,0
nv_1784530193,오스테리아 현,건대,양식,,,767,,10,0.8700509312116455,0.7,7,0.6885949441504997,0.0,0,0.667063492063492,0.0,0,0.5,0.0,0,0.23148148148148145,0.4,4,0.4924812030075188,0.0,0,room,1,1,1,0,0
nv_1552451811,탄토탄토,건대,양식,,,6390,,10,0.8052361163968307,0.7,7,0.6849402312365275,0.1,1,0.6907596371882087,0.2,2,0.5,0.0,0,0.2833333333333333,0.0,0,0.46595655806182124,0.1,1,"couple,room",1,1,1,0,0
nv_1774311378,뉴웨이브서울 건대,건대,양식,,,4392,,10,0.8272875225681349,0.9,9,0.6885949441504997,0.0,0,0.667063492063492,0.0,0,0.5,0.0,0,0.2833333333333333,0.0,0,0.42320085929108486,0.2,2,"group,room",1,1,1,0,0
nv_1161483820,오늘은슈림프,건대,양식,,,641,,10,0.8783376117167326,0.8,8,0.6885949441504997,0.0,0,0.7169146825396826,0.3,3,0.5,0.0,0,0.2833333333333333,0.0,0,0.4924812030075188,0.0,0,room,1,0,0,0,0
nv_1103842592,조용한주택,건대,양식,,"별점
4.72",4,,10,0.8783376117167326,0.8,8,0.6885949441504997,0.0,0,0.667063492063492,0.0,0,0.5,0.0,0,0.2520833333333333,0.3,3,0.46595655806182124,0.1,1,room,1,1,1,0,0
nv_1095584677,드로잉레시피,건대,양식,,"별점
4.64",4,,10,0.8857290810096933,0.9,9,0.6885949441504997,0.0,0,0.667063492063492,0.0,0,0.5,0.0,0,0.2833333333333333,0.0,0,0.4924812030075188,0.0,0,"group,room",0,1,1,0,0
nv_1167900002,언더다이닝 건대본점,건대,양식,,,1810,,10,0.8783376117167326,0.8,8,0.6885949441504997,0.0,0,0.667063492063492,0.0,0,0.47222222222222227,0.1,1,0.29166666666666663,0.1,1,0.5328007518796992,0.3,3,"group,room",1,1,1,0,0
nv_33451555,로니로티 건대점,건대,양식,,"별점
4.48",4,,10,0.8367814857100572,1.0,10,0.7728689006466783,0.5,5,0.7169146825396826,0.3,3,0.5,0.0,0,0.2833333333333333,0.0,0,0.5328007518796992,0.3,3,room,1,0,0,0,0
nv_1769666633,신선술집 도원 건대 본점,건대,술집,,,6677,,10,0.8915622571872572,0.8,8,0.7789186507936509,0.3,3,0.740079365079365,0.2,2,0.3333333333333333,0.1,1,0.46296296296296297,0.1,1,0.6222222222222221,0.1,1,"group,room",1,1,1,1,1
nv_2059245149,달맞이광장바베큐 성수점,건대,술집,,,378,,10,0.8300237956487957,0.8,8,0.7662698412698413,0.0,0,0.740079365079365,0.2,2,0.3333333333333333,0.0,0,0.5185185185185185,0.1,1,0.6833333333333333,0.3,3,"group,room",1,1,1,0,0
nv_1082685168,VVS,건대,술집,,,83,,10,0.8763917584940312,0.6,6,0.7616213151927438,0.2,2,0.7361111111111112,0.0,0,0.3333333333333333,0.0,0,0.4888888888888889,0.0,0,0.6133333333333333,0.0,0,"group,room",1,1,1,0,0
nv_37724979,요비 건대입구본점,건대,술집,,"별점
4.41",4,,10,0.898009108946609,0.9,9,0.7616213151927438,0.2,2,0.779320987654321,0.4,4,0.3333333333333333,0.0,0,0.46296296296296297,0.1,1,0.5666666666666667,0.1,1,room,1,1,1,0,0
nv_1427727828,장미술상 건대점,건대,술집,,"별점
4.96",4,,10,0.9037984006734007,1.0,10,0.7662698412698413,0.0,0,0.7245370370370371,0.1,1,0.3333333333333333,0.0,0,0.46296296296296297,0.1,1,0.6222222222222221,0.1,1,room,1,1,1,0,0
nv_1150257323,후토,건대,술집,,,5451,,10,0.8395675505050505,0.9,9,0.7616213151927438,0.2,2,0.7245370370370371,0.1,1,0.3333333333333333,0.0,0,0.4888888888888889,0.0,0,0.6133333333333333,0.0,0,room,1,1,1,0,0
nv_2022441941,도깨비집,건대,술집,,,24,,10,0.8843776304713803,0.7,7,0.7402777777777778,0.5,5,0.7361111111111112,0.0,0,0.3333333333333333,0.0,0,0.5305555555555554,0.3,3,0.6083333333333333,0.3,3,"group,room",1,1,1,0,0
nv_1235590176,민지슈퍼 건대본점,건대,술집,,,3118,,10,0.9037984006734007,1.0,10,0.7960758377425043,0.4,4,0.740079365079365,0.2,2,0.3333333333333333,0.0,0,0.5185185185185185,0.1,1,0.6133333333333333,0.0,0,"group,room",1,1,1,0,0
nv_1929531895,김창훈포차,건대,치킨,,"별점
4.57",4,,10,0.8057394985966414,0.9,9,0.75,0.2,2,0.775,0.0,0,0.491358024691358,0.0,0,0.6666666666666666,0.1,1,0.5555555555555555,0.0,0,"group,room",0,1,1,0,0
nv_1370263386,통닭연구소 건대점,건대,치킨,,,3274,,10,0.8265255577755578,1.1,11,0.75,0.2,2,0.775,0.0,0,0.491358024691358,0.0,0,0.6666666666666666,0.0,0,0.574074074074074,0.1,1,"group,room",1,0,0,0,0
nv_1393590564,엘루이피자 건대점,건대,치킨,,"별점
4.5",4,,10,0.7850169438404733,1.2,12,0.7361111111111112,0.1,1,0.7678571428571429,0.2,2,0.491358024691358,0.0,0,0.6666666666666666,0.0,0,0.574074074074074,0.1,1,"group,room",0,1,1,0,0
nv_1676637996,대박치킨 본점,건대,치킨,,,2060,,24,0.7055588855588855,0.4166666666666667,10,0.7870370370370371,0.16666666666666666,4,0.784375,0.125,3,0.491358024691358,0.0,0,0.6666666666666666,0.0,0,0.5555555555555555,0.0,0,room,0,0,0,0,0
nv_20069127,해남닭집,건대,치킨,,"별점
4.53",4,,10,0.7935935859012783,0.8,8,0.75,0.0,0,0.775,0.0,0,0.491358024691358,0.0,0,0.6666666666666666,0.0,0,0.5185185185185185,0.1,1,"couple,room",0,0,0,1,0
nv_2061151059,꿈떡꿈떡 군자역점,건대,분식,,,158,,10,0.8039395552216065,0.8,8,0.6055555555555555,0.1,1,0.7,0.0,0,0.491358024691358,0.0,0,0.3828207671957672,0.0,0,0.7295918367346939,0.2,2,room,0,0,0,0,0
nv_2076055566,구양난로집 구의점,건대,분식,,,845,,10,0.7700809478587256,1.0,10,0.6599999999999999,0.0,0,0.7,0.0,0,0.491358024691358,0.0,0,0.3828207671957672,0.0,0,0.7123015873015873,0.1,1,"couple,room",1,1,1,0,0
nv_2004203086,노룬산떡볶이,건대,분식,,,24,,10,0.7773831107164441,0.6,6,0.6857142857142857,0.2,2,0.6944444444444445,0.1,1,0.491358024691358,0.0,0,0.3828207671957672,0.0,0,0.7123015873015873,0.1,1,room,0,0,0,0,0
nv_13153060,아찌떡볶이,건대,분식,,"별점
4.33",4,,10,0.8039395552216065,0.8,8,0.6599999999999999,0.0,0,0.7,0.0,0,0.491358024691358,0.0,0,0.3828207671957672,0.0,0,0.7123015873015873,0.1,1,room,1,1,1,0,0
nv_2087744631,아들내미분식 건대후문점,건대,분식,,,319,,10,0.8039395552216065,0.8,8,0.6599999999999999,0.0,0,0.6944444444444445,0.1,1,0.491358024691358,0.0,0,0.3828207671957672,0.0,0,0.7892857142857143,0.5,5,room,0,1,1,0,0
nv_36004165,명동분식,건대,분식,,"별점
4.02",4,,27,0.8433487355055982,0.4444444444444444,12,0.6857142857142857,0.07407407407407407,2,0.6944444444444445,0.037037037037037035,1,0.491358024691358,0.0,0,0.3828207671957672,0.0,0,0.7214285714285713,0.0,0,room,0,0,0,0,0
nv_20935764,크레파스분식,건대,분식,,,917,,9,0.8064017772351106,0.3333333333333333,3,0.6611111111111111,0.1111111111111111,1,0.7,0.0,0,0.491358024691358,0.0,0,0.3828207671957672,0.0,0,0.7214285714285713,0.0,0,room,0,0,0,0,0
nv_20912981,은혜즉석떡볶이,건대,분식,,"별점
4.35",4,,10,0.8561197033419256,0.7,7,0.6599999999999999,0.0,0,0.7,0.0,0,0.491358024691358,0.0,0,0.3828207671957672,0.0,0,0.7214285714285713,0.0,0,room,1,0,0,0,0
nv_1394438474,연정분식,건대,분식,,"별점
4.6",4,,10,0.8349316578483246,1.1,11,0.7125,0.3,3,0.7375,0.3,3,0.491358024691358,0.0,0,0.3828207671957672,0.0,0,0.7214285714285713,0.0,0,room,0,0,0,0,0
nv_1974548944,이와자루 성수,건대,이자카야,,,464,,10,0.8760521885521886,0.7,7,0.6666666666666666,0.0,0,0.6666666666666666,0.0,0,0.491358024691358,0.0,0,0.3333333333333333,0.1,1,0.3333333333333333,0.0,0,room,1,1,1,0,0
nv_1184175124,이토,건대,이자카야,,,3248,,10,0.7860269360269361,1.0,10,0.6666666666666666,0.1,1,0.6666666666666666,0.0,0,0.491358024691358,0.0,0,0.3333333333333333,0.0,0,0.3333333333333333,0.1,1,room,1,0,0,0,0
nv_1718483751,코후쿠,건대,이자카야,,"별점
4.55",4,,10,0.8908730158730158,0.9,9,0.6666666666666666,0.0,0,0.6666666666666666,0.1,1,0.491358024691358,0.0,0,0.3333333333333333,0.1,1,0.3333333333333333,0.1,1,"group,room",0,0,1,0,0
nv_57176326,토리광,건대,이자카야,,"별점
4.53",4,,10,0.8908730158730158,0.9,9,0.6666666666666666,0.0,0,0.6666666666666666,0.0,0,0.491358024691358,0.0,0,0.3333333333333333,0.0,0,0.3333333333333333,0.1,1,room,1,1,1,0,0
nv_1282755585,심야식당 후타리,건대,이자카야,,,3842,,10,0.8415824915824915,1.0,10,0.6666666666666666,0.0,0,0.6666666666666666,0.1,1,0.491358024691358,0.0,0,0.3333333333333333,0.0,0,0.3333333333333333,0.0,0,"group,room",0,1,1,0,0
nv_1394140731,꽃삼뚜껑 구의역점,건대,고깃집,,,2512,,10,0.8887626262626263,0.9,9,0.7716049382716049,0.4,4,0.6666666666666666,0.0,0,0.491358024691358,0.0,0,0.3333333333333333,0.0,0,0.71,0.0,0,"group,room",0,1,1,0,0
nv_37420197,한우짝갈비살,건대,고깃집,,"별점
4.62",4,,10,0.8396127946127946,1.0,10,0.7301587301587301,0.2,2,0.6666666666666666,0.0,0,0.491358024691358,0.0,0,0.3333333333333333,0.0,0,0.71,0.0,0,room,0,0,0,0,0
nv_1041740236,청담백송,건대,고깃집,,,5434,,10,0.8816045066045065,0.8,8,0.7129629629629629,0.1,1,0.6666666666666666,0.0,0,0.491358024691358,0.0,0,0.3333333333333333,0.0,0,0.71,0.0,0,"group,room",1,1,1,0,0
nv_1296682501,무한창고,건대,고깃집,,,2589,,10,0.8087752525252525,0.7,7,0.7716049382716049,0.4,4,0.6904761904761905,0.2,2,0.491358024691358,0.0,0,0.3333333333333333,0.0,0,0.7027777777777778,0.1,1,"group,room",1,1,1,0,0
nv_19866308,화기애애 본점,건대,고깃집,,"별점
4.55",4,,10,0.8396127946127946,1.0,10,0.6587301587301587,0.2,2,0.6904761904761905,0.2,2,0.491358024691358,0.0,0,0.3333333333333333,0.0,0,0.7027777777777778,0.1,1,"group,room",1,1,1,0,0
nv_37993226,육일관 본점,건대,고깃집,,,4886,,10,0.8951683501683501,1.0,10,0.7301587301587301,0.2,2,0.6666666666666666,0.1,1,0.491358024691358,0.0,0,0.3333333333333333,0.0,0,0.7214285714285714,0.2,2,"couple,group,room",1,1,1,1,1
nv_34827709,건대 고기굽는놈 본점,건대,고깃집,,"별점
4.64",4,,10,0.8887626262626263,0.9,9,0.7716049382716049,0.4,4,0.6666666666666666,0.1,1,0.491358024691358,0.0,0,0.3333333333333333,0.1,1,0.7027777777777778,0.1,1,room,0,0,0,0,0
nv_13067607,최원석의돼지한판&서해쭈꾸미 건대1호점,건대,고깃집,,,6565,,10,0.8887626262626263,0.9,9,0.7222222222222222,0.0,0,0.6666666666666666,0.0,0,0.491358024691358,0.0,0,0.3333333333333333,0.0,0,0.71,0.0,0,room,1,1,1,0,0
nv_11696071,가마로,건대,고깃집,,,24,,10,0.8200660450660451,0.8,8,0.7129629629629629,0.1,1,0.6666666666666666,0.0,0,0.491358024691358,0.0,0,0.3333333333333333,0.0,0,0.74375,0.3,3,room,0,1,1,0,0
nv_1683696846,성수완당,건대,고깃집,,"별점
4.54",4,,10,0.7663439955106621,1.3,13,0.7129629629629629,0.1,1,0.619047619047619,0.2,2,0.491358024691358,0.0,0,0.3333333333333333,0.0,0,0.71,0.0,0,room,0,0,0,0,0
nv_1751944768,사운드온더펍 뚝섬유원지점,건대,호프/통닭,,,222,,10,0.8084467120181407,0.5,5,0.7388888888888889,0.0,0,0.6666666666666666,0.0,0,0.3333333333333333,0.1,1,0.41874999999999996,0.3,3,0.5989583333333334,0.1,1,room,1,1,1,0,0
nv_2075839225,인쌩맥주 건대점,건대,호프/통닭,,,253,,10,0.770266439909297,0.7,7,0.7618055555555556,0.3,3,0.6666666666666666,0.0,0,0.3333333333333333,0.0,0,0.5694444444444443,0.1,1,0.6520833333333333,0.0,0,room,0,0,0,0,0
nv_1701257652,뉴트로2010 건대점,건대,호프/통닭,,,425,,9,0.77484410430839,0.3333333333333333,3,0.726851851851852,0.1111111111111111,1,0.6666666666666666,0.0,0,0.3333333333333333,0.0,0,0.5694444444444443,0.1111111111111111,1,0.6520833333333333,0.0,0,"group,room",0,1,1,0,0
nv_1100168303,위너스 베네핏 건대본점,건대,호프/통닭,,,317,,40,0.77484410430839,0.075,3,0.7388888888888889,0.0,0,0.6666666666666666,0.0,0,0.3333333333333333,0.0,0,0.5694444444444443,0.025,1,0.7736742424242425,0.15,6,room,0,1,1,0,0
nv_2006172191,ROVE26,건대,호프/통닭,,,32,,10,0.75696469063816,0.2,2,0.7388888888888889,0.0,0,0.6666666666666666,0.0,0,0.3333333333333333,0.0,0,0.5499999999999999,0.0,0,0.6520833333333333,0.0,0,room,0,0,0,0,0
nv_1864336491,역전할머니맥주 서울건대역점,건대,호프/통닭,,,631,,17,0.7183799445704208,0.23529411764705882,4,0.7420634920634921,0.11764705882352941,2,0.6666666666666666,0.058823529411764705,1,0.3333333333333333,0.0,0,0.5499999999999999,0.0,0,0.6325520833333333,0.17647058823529413,3,room,0,0,1,0,0
nv_2088285159,KMGM 건대점,건대,호프/통닭,,,24,,10,0.7442365835222978,0.1,1,0.7388888888888889,0.0,0,0.6666666666666666,0.0,0,0.3333333333333333,0.0,0,0.5499999999999999,0.0,0,0.7075520833333334,0.3,3,"group,room",0,1,1,0,0
nv_2046166522,브레빌 카페앤스토어 성수,건대,카페 디저트,,,269,,10,0.8050816852900188,0.1,1,0.67,0.0,0,0.6875,0.0,0,0.6666666666666666,0.0,0,0.30238095238095236,0.0,0,0.53003663003663,0.0,0,room,0,0,0,0,0
nv_1043191069,투또톤토,건대,카페 디저트,,,1,,10,0.7510633419287266,0.8,8,0.6928571428571428,0.2,2,0.6875,0.0,0,0.6666666666666666,0.0,0,0.28741496598639454,0.2,2,0.5528083028083027,0.1,1,room,0,0,0,0,0
nv_1385247985,블리스테이블 스타시티몰점,건대,카페 디저트,,,712,,10,0.823389986336415,0.9,9,0.67,0.0,0,0.6875,0.0,0,0.6666666666666666,0.0,0,0.30238095238095236,0.0,0,0.53003663003663,0.0,0,"group,room",1,0,0,0,0
nv_1256580169,도우터 건대점,건대,카페 디저트,,"별점
4.5",4,,10,0.8655038056079722,0.7,7,0.67,0.0,0,0.7053571428571429,0.2,2,0.6666666666666666,0.0,0,0.30238095238095236,0.0,0,0.52145473574045,0.2,2,room,1,1,1,1,0
nv_1865564928,로스터리 엔오알엠,건대,카페 디저트,,,1054,,10,0.8818315447779733,0.9,9,0.67,0.0,0,0.6875,0.0,0,0.6666666666666666,0.1,1,0.3075396825396825,0.1,1,0.53003663003663,0.0,0,room,0,0,0,0,0
nv_726103904,도쿄빙수 건대점,건대,카페 디저트,,,1778,,10,0.8741402650056498,0.8,8,0.67,0.0,0,0.6875,0.0,0,0.6666666666666666,0.0,0,0.3075396825396825,0.1,1,0.53003663003663,0.0,0,room,1,0,0,0,0
nv_1959399064,카페 오캄,건대,카페 디저트,,,2373,,10,0.8741402650056498,0.8,8,0.67,0.0,0,0.6875,0.0,0,0.6666666666666666,0.0,0,0.30238095238095236,0.0,0,0.5528083028083027,0.1,1,room,1,1,1,0,0
nv_37122450,옥루몽 어린이대공원점,건대,카페 디저트,,,2470,,10,0.8818315447779733,0.9,9,0.67,0.0,0,0.6875,0.0,0,0.6666666666666666,0.0,0,0.30238095238095236,0.0,0,0.53003663003663,0.0,0,room,0,0,0,0,0
nv_1552792341,쎈느 건국,건대,카페 디저트,,,530,,10,0.7589433457489013,0.4,4,0.67,0.0,0,0.6840277777777778,0.1,1,0.6666666666666666,0.0,0,0.30238095238095236,0.0,0,0.6935897435897436,0.5,5,"bar,room",0,0,0,0,0
nv_1816711702,남해물고기 잠실새내점,잠실,한식,,,2565,,10,0.8358596484436821,1.0,10,0.6672427035330261,0.1,1,0.6734273956496178,0.1,1,0.491358024691358,0.0,0,0.3333333333333333,0.0,0,0.7318181818181819,0.3,3,"couple,group,room",1,0,1,1,1
nv_2059365032,방이섬,잠실,한식,,,951,,10,0.8358596484436821,1.0,10,0.6673579109062979,0.0,0,0.6734273956496178,0.1,1,0.491358024691358,0.0,0,0.38095238095238093,0.2,2,0.6909090909090909,0.0,0,"couple,group,room",1,1,1,1,1
nv_1145238754,동화고옥 롯데월드몰점,잠실,한식,,,4923,,10,0.8595055812110816,0.6,6,0.6672427035330261,0.1,1,0.6747795414462081,0.0,0,0.491358024691358,0.0,0,0.3095238095238095,0.2,2,0.6909090909090909,0.0,0,"group,room",1,0,0,1,0
nv_1112863263,지강한식당 잠실점,잠실,한식,,,1,,10,0.7150682255549202,1.3,13,0.6672427035330261,0.1,1,0.6734273956496178,0.1,1,0.491358024691358,0.0,0,0.3333333333333333,0.0,0,0.7318181818181819,0.3,3,room,1,0,0,0,0
nv_20708311,남경막국수 가족1,잠실,한식,,"별점
4.37",4,,10,0.8595055812110816,0.6,6,0.6673579109062979,0.0,0,0.6747795414462081,0.0,0,0.491358024691358,0.0,0,0.3333333333333333,0.0,0,0.6868686868686869,0.1,1,room,0,0,0,0,0
nv_1396547893,돈순장 잠실새내 본점,잠실,한식,,,3120,,10,0.7803040928881265,1.0,10,0.6673579109062979,0.0,0,0.6747795414462081,0.0,0,0.491358024691358,0.0,0,0.3333333333333333,0.0,0,0.6909090909090909,0.0,0,room,0,1,1,0,0
nv_2027995134,석문어 잠실새내점,잠실,한식,,,120,,10,0.7916312409287725,1.1,11,0.7411247653183136,0.4,4,0.7217372134038801,0.3,3,0.491358024691358,0.0,0,0.3333333333333333,0.0,0,0.6868686868686869,0.1,1,"group,room",0,0,0,0,0
nv_2027347728,남도보쌈짚 잠실직영점,잠실,한식,,,747,,10,0.8157354917939922,0.8,8,0.6909699363616414,0.2,2,0.64673721340388,0.3,3,0.491358024691358,0.0,0,0.3333333333333333,0.0,0,0.6868686868686869,0.1,1,"group,room",0,0,0,0,0
nv_1117571107,후발대 잠실점,잠실,한식,,,2292,,10,0.8445158563133879,1.1,11,0.6673579109062979,0.0,0,0.6747795414462081,0.0,0,0.491358024691358,0.0,0,0.3333333333333333,0.0,0,0.6909090909090909,0.0,0,room,1,1,1,0,0
nv_11711647,불타는삼겹살 신천점,잠실,한식,,,594,,10,0.8688986346286766,0.7,7,0.7170986943164362,0.3,3,0.6734273956496178,0.1,1,0.491358024691358,0.0,0,0.3333333333333333,0.0,0,0.6868686868686869,0.1,1,"group,room",0,1,1,1,1
nv_1391128184,끌 잠실새내역점,잠실,일식,,,4410,,10,0.8603515138720129,0.7,7,0.7143565759637189,0.1,1,0.6464285714285714,0.0,0,0.3333333333333333,0.0,0,0.4095238095238095,0.0,0,0.5324675324675324,0.2,2,"group,room",1,1,1,0,0
nv_1926256525,이자카야 미주 삼성본점,잠실,일식,,,1363,,10,0.8693843034032257,0.8,8,0.7143565759637189,0.1,1,0.6498015873015872,0.1,1,0.3333333333333333,0.0,0,0.33095238095238094,0.3,3,0.6734006734006734,0.4,4,"group,room",0,0,1,1,1
nv_1601177269,일도씨닭갈비 대치점,잠실,일식,,,1049,,10,0.7454955597453238,1.2,12,0.7143565759637189,0.1,1,0.6498015873015872,0.1,1,0.3333333333333333,0.0,0,0.45238095238095233,0.1,1,0.5454545454545454,0.0,0,"group,room",1,1,1,0,0
nv_1986455004,해목 롯데월드몰점,잠실,일식,,,1,,10,0.8381055157458901,1.1,11,0.6588010204081634,0.1,1,0.6498015873015872,0.1,1,0.3333333333333333,0.0,0,0.3968253968253968,0.1,1,0.5454545454545454,0.0,0,room,1,1,1,0,0
nv_1506795911,깃뽀 잠실새내점,잠실,일식,,,2650,,10,0.8381055157458901,1.1,11,0.7313532555879495,0.2,2,0.6464285714285714,0.0,0,0.3333333333333333,0.0,0,0.3968253968253968,0.1,1,0.51010101010101,0.1,1,"couple,group,room",1,1,1,0,0
nv_1263035580,소피텔 앰배서더 서울 미오,잠실,일식,,"별점
4.5",4,,10,0.8603515138720129,0.7,7,0.7238945578231293,0.0,0,0.6464285714285714,0.0,0,0.3333333333333333,0.0,0,0.45238095238095233,0.1,1,0.5454545454545454,0.0,0,"group,room",1,1,1,0,0
nv_1160275656,스시이세이 롯데백화점 에비뉴엘 잠실점,잠실,일식,,,4175,,10,0.8845775073939066,1.0,10,0.7238945578231293,0.0,0,0.6498015873015872,0.1,1,0.3333333333333333,0.1,1,0.3968253968253968,0.1,1,0.5656565656565656,0.1,1,"couple,bar,room",1,0,0,1,0
nv_1228268834,깃뽀 방이점,잠실,일식,,,3538,,10,0.8693843034032257,0.8,8,0.7143565759637189,0.1,1,0.6760204081632653,0.2,2,0.3333333333333333,0.0,0,0.4095238095238095,0.0,0,0.5454545454545454,0.0,0,room,1,1,1,0,0
nv_1118591580,훈지,잠실,일식,,,472,,10,0.8078458418647642,0.8,8,0.7238945578231293,0.0,0,0.6498015873015872,0.1,1,0.3333333333333333,0.0,0,0.4095238095238095,0.0,0,0.5454545454545454,0.0,0,room,0,1,1,0,0
nv_1546654146,팔각동,잠실,일식,,,1266,,10,0.757518293198626,1.3,13,0.7238945578231293,0.0,0,0.6498015873015872,0.1,1,0.3333333333333333,0.0,0,0.4095238095238095,0.0,0,0.5454545454545454,0.0,0,room,1,0,0,0,0
nv_1095748709,구룡각 잠실 가락시장역점,잠실,중식,,,3068,,10,0.8331824042991323,1.1,11,0.6565407772304325,0.1,1,0.6378205128205128,0.1,1,0.5277777777777778,0.1,1,0.3333333333333333,0.0,0,0.617063492063492,0.1,1,"group,room",0,1,1,1,1
nv_2030115085,띠목 송리단길점,잠실,중식,,,275,,10,0.8237706329618094,1.0,10,0.6817968566737039,0.2,2,0.6378205128205128,0.1,1,0.5,0.0,0,0.3333333333333333,0.0,0,0.6071428571428571,0.0,0,room,1,0,0,0,0
nv_2066998075,역대짬뽕 송파점,잠실,중식,,,1360,,10,0.8017866277764468,0.8,8,0.6565407772304325,0.1,1,0.632051282051282,0.0,0,0.5,0.0,0,0.3333333333333333,0.0,0,0.6071428571428571,0.0,0,room,0,0,0,0,0
nv_1584016812,만옥 롯데월드몰점,잠실,중식,,,5352,,10,0.8633250893149084,0.8,8,0.6103682852451325,0.2,2,0.6474358974358974,0.4,4,0.5,0.0,0,0.3333333333333333,0.0,0,0.6071428571428571,0.0,0,room,1,0,0,0,0
nv_1203994543,바이완 잠실본점,잠실,중식,,,4692,,10,0.7549057647534537,0.9,9,0.6545155993431856,0.0,0,0.6657509157509158,0.2,2,0.5,0.0,0,0.3333333333333333,0.0,0,0.617063492063492,0.1,1,"group,room",0,0,0,0,0
nv_1339832450,난랑,잠실,중식,,,1293,,10,0.8133473231950124,0.9,9,0.6009852216748769,0.1,1,0.6950320512820514,0.3,3,0.5,0.0,0,0.3333333333333333,0.0,0,0.6071428571428571,0.0,0,"group,room",1,1,1,1,1
nv_1237824591,모던눌랑 잠실점,잠실,중식,,,2213,,10,0.8633250893149084,0.8,8,0.6545155993431856,0.0,0,0.5822649572649573,0.1,1,0.5,0.0,0,0.3333333333333333,0.1,1,0.6071428571428571,0.0,0,"group,room",1,1,1,0,0
nv_1012639989,중식당 케이웍,잠실,중식,,,1200,,10,0.788972550461521,0.7,7,0.6565407772304325,0.1,1,0.632051282051282,0.0,0,0.5,0.0,0,0.3333333333333333,0.0,0,0.6071428571428571,0.0,0,"group,room",0,0,0,0,0
nv_1669270521,도원반점 석촌호수점,잠실,중식,,,1365,,10,0.8173954993807935,0.4,4,0.709072249589491,0.3,3,0.6378205128205128,0.1,1,0.5,0.0,0,0.3333333333333333,0.1,1,0.6071428571428571,0.0,0,room,0,0,0,0,0
nv_1067891546,댄싱홍콩 롯데월드몰점,잠실,중식,,,9423,,10,0.8331824042991323,1.1,11,0.6545155993431856,0.0,0,0.6378205128205128,0.1,1,0.5,0.0,0,0.3333333333333333,0.0,0,0.6071428571428571,0.0,0,"bar,room",1,0,0,0,0
nv_1905340643,꼰미고 송리단길점,잠실,양식,,,3780,,10,0.864623639268847,0.8,8,0.6860129870129871,0.0,0,0.6743827160493828,0.1,1,0.6666666666666666,0.0,0,0.3611111111111111,0.0,0,0.58,0.0,0,"couple,group,room",0,0,0,0,0
nv_37244455,그랜드 인터컨티넨탈 서울 파르나스 메르카토521,잠실,양식,,,1326,,10,0.8192711826475938,0.4,4,0.6860129870129871,0.0,0,0.6743827160493828,0.1,1,0.6666666666666666,0.0,0,0.3611111111111111,0.0,0,0.58,0.0,0,"group,room",0,0,0,0,0
nv_1440313611,까사피에스타 송파본점,잠실,양식,,,4271,,10,0.8145531195808126,0.9,9,0.6827886002886004,0.1,1,0.6759259259259259,0.0,0,0.6666666666666666,0.0,0,0.35648148148148145,0.1,1,0.58,0.0,0,room,1,1,1,0,0
nv_1513288596,래빗캐슬 잠실,잠실,양식,,,7685,,10,0.8030851777303856,0.8,8,0.6860129870129871,0.0,0,0.6743827160493828,0.1,1,0.6666666666666666,0.0,0,0.3611111111111111,0.0,0,0.6625000000000001,0.3,3,"couple,group,room",1,1,1,0,0
nv_1923702493,앨리나인,잠실,양식,,"별점
5",5,,10,0.8248960429218897,1.0,10,0.6827886002886004,0.1,1,0.6759259259259259,0.0,0,0.6666666666666666,0.0,0,0.3611111111111111,0.0,0,0.5571428571428572,0.2,2,room,1,0,0,0,0
nv_2073616411,르뵈프 롯데월드몰점,잠실,양식,,,192,,10,0.855194127726436,0.7,7,0.6328664192949908,0.2,2,0.6759259259259259,0.0,0,0.6666666666666666,0.0,0,0.3611111111111111,0.0,0,0.58,0.0,0,"group,room",1,0,0,1,0
nv_35051350,요리하는남자,잠실,양식,,"별점
4.59",4,,10,0.8342374761367075,1.1,11,0.6860129870129871,0.0,0,0.6759259259259259,0.0,0,0.6666666666666666,0.0,0,0.40079365079365076,0.2,2,0.5944444444444444,0.1,1,"group,room",1,0,0,1,1
nv_35751325,빌즈 잠실,잠실,양식,,,6517,,10,0.7903793129116213,0.7,7,0.6860129870129871,0.0,0,0.6759259259259259,0.0,0,0.6666666666666666,0.0,0,0.3611111111111111,0.0,0,0.5571428571428572,0.2,2,group,0,1,1,0,0
nv_1716710999,송리단취향,잠실,양식,,,4486,,10,0.872994678022371,0.9,9,0.6860129870129871,0.0,0,0.6743827160493828,0.1,1,0.6666666666666666,0.0,0,0.3611111111111111,0.0,0,0.5571428571428572,0.2,2,"couple,group,room",1,1,1,0,0
nv_1779761206,스카이가든,잠실,양식,,"별점
4.53",4,,10,0.864623639268847,0.8,8,0.6827886002886004,0.1,1,0.6759259259259259,0.0,0,0.6666666666666666,0.0,0,0.3611111111111111,0.0,0,0.58,0.0,0,"couple,group,room",1,1,1,0,0
nv_1339377662,정담옥,잠실,술집,,,24,,10,0.8805590628507295,0.7,7,0.6666666666666666,0.1,1,0.7961309523809523,0.5,5,0.3333333333333333,0.0,0,0.5777777777777778,0.0,0,0.6944444444444443,0.0,0,room,0,0,0,0,0
nv_1607611734,펍마이마이,잠실,술집,,,3144,,10,0.8947360509860509,0.9,9,0.6666666666666666,0.0,0,0.7351190476190476,0.0,0,0.3333333333333333,0.0,0,0.5925925925925927,0.1,1,0.7103174603174602,0.2,2,"group,room",1,1,1,0,0
nv_1753238133,잊힐리야 잠실새내,잠실,술집,,,2139,,10,0.8451879910213244,1.0,10,0.6666666666666666,0.1,1,0.7351190476190476,0.0,0,0.3333333333333333,0.0,0,0.5111111111111112,0.3,3,0.6944444444444443,0.0,0,"group,room",1,0,1,1,1
nv_1860700340,벌스,잠실,술집,,,956,,10,0.8805590628507295,0.7,7,0.6666666666666666,0.0,0,0.7237103174603173,0.1,1,0.3333333333333333,0.0,0,0.5777777777777778,0.0,0,0.6898148148148148,0.1,1,"group,room",1,0,0,0,0
nv_1669505136,손자네,잠실,술집,,,1359,,10,0.8362944925444926,0.9,9,0.6666666666666666,0.0,0,0.7237103174603173,0.1,1,0.3333333333333333,0.0,0,0.5777777777777778,0.0,0,0.6944444444444443,0.0,0,"group,room",1,0,0,0,0
nv_1829811853,수다주막,잠실,술집,,,532,,10,0.8722260483624121,0.6,6,0.6666666666666666,0.0,0,0.7393707482993196,0.2,2,0.3333333333333333,0.1,1,0.5925925925925927,0.1,1,0.6898148148148148,0.1,1,"group,room",0,1,1,1,0
nv_1101816105,오비베어 방이점,잠실,치킨,,,405,,10,0.8792438271604937,0.7,7,0.7253086419753088,0.4,4,0.7083333333333333,0.0,0,0.491358024691358,0.0,0,0.29861111111111105,0.1,1,0.7716049382716049,0.4,4,"group,room",0,1,1,1,1
nv_2047320661,서아진 루프탑 송리단길점,잠실,치킨,,,1934,,10,0.8707912457912457,0.6,6,0.638888888888889,0.0,0,0.7083333333333333,0.0,0,0.491358024691358,0.0,0,0.2797619047619047,0.2,2,0.7129629629629629,0.1,1,"group,room",1,1,1,0,0
nv_1729506048,치키니즘 자양점,잠실,치킨,,"별점
4.61",4,,10,0.8792438271604937,0.7,7,0.6435185185185185,0.1,1,0.7083333333333333,0.0,0,0.491358024691358,0.0,0,0.29166666666666663,0.0,0,0.7222222222222222,0.0,0,,0,0,0,0,0
nv_1204339849,잠실치킨,잠실,치킨,,,49,,8,0.8326719576719576,0.25,2,0.6706349206349207,0.25,2,0.7083333333333333,0.0,0,0.491358024691358,0.0,0,0.29166666666666663,0.0,0,0.7222222222222222,0.0,0,room,0,0,0,0,0
nv_1616116728,국민통닭 잠실본점,잠실,치킨,,"별점
4.71",4,,10,0.8441358024691359,1.0,10,0.6706349206349207,0.2,2,0.7013888888888888,0.1,1,0.491358024691358,0.0,0,0.29166666666666663,0.0,0,0.7129629629629629,0.1,1,"group,room",1,0,0,0,0
nv_13443386,맥호프 잠실본점,잠실,치킨,,"별점
4.73",4,,10,0.8792438271604937,0.7,7,0.638888888888889,0.0,0,0.7202380952380951,0.2,2,0.491358024691358,0.0,0,0.29166666666666663,0.0,0,0.7222222222222222,0.0,0,"group,room",0,1,1,1,1
nv_1478103368,크래프트아일랜드 잠실점,잠실,치킨,,,4297,,10,0.8792438271604937,0.7,7,0.587962962962963,0.1,1,0.7202380952380951,0.2,2,0.491358024691358,0.0,0,0.29166666666666663,0.0,0,0.7222222222222222,0.0,0,room,0,0,0,0,0
nv_1065301076,옛날통닭호프 잠실동점,잠실,치킨,,"별점
4.36",4,,10,0.8792438271604937,0.7,7,0.638888888888889,0.0,0,0.7083333333333333,0.0,0,0.491358024691358,0.0,0,0.29166666666666663,0.0,0,0.7222222222222222,0.0,0,room,0,1,1,0,0
nv_1581867019,유지안호프,잠실,치킨,,"별점
4.3",4,,10,0.8792438271604937,0.7,7,0.5992063492063492,0.2,2,0.7013888888888888,0.1,1,0.491358024691358,0.0,0,0.29166666666666663,0.0,0,0.7222222222222222,0.0,0,room,0,0,0,0,0
nv_2057373368,행복한우동가게 석촌호수점,잠실,분식,,,24,,10,0.7960022616272617,0.7,7,0.6435185185185185,0.1,1,0.6865079365079366,0.1,1,0.491358024691358,0.0,0,0.3333333333333333,0.0,0,0.5,0.0,0,room,1,0,0,0,0
nv_1514591801,오로라 김밥,잠실,분식,,,642,,10,0.8506893359166086,0.6,6,0.6388888888888888,0.0,0,0.6865079365079366,0.1,1,0.491358024691358,0.0,0,0.3333333333333333,0.0,0,0.5,0.0,0,,0,0,0,0,0
nv_1239981129,우곱집 잠실본점,잠실,분식,,,7839,,10,0.8384546876734378,1.1,11,0.6388888888888888,0.0,0,0.7074829931972789,0.2,2,0.491358024691358,0.0,0,0.3333333333333333,0.0,0,0.5,0.0,0,"group,room",0,1,1,0,0
nv_37061094,칼라분식 루프탑,잠실,분식,,"별점
4.41",4,,10,0.8698140534678996,0.8,8,0.6435185185185185,0.1,1,0.6904761904761905,0.0,0,0.491358024691358,0.0,0,0.3333333333333333,0.0,0,0.5277777777777778,0.1,1,"group,room",1,1,1,0,0
nv_1601414973,뽀빠이분식,잠실,분식,,,1423,,10,0.752694373527707,0.4,4,0.6388888888888888,0.0,0,0.6865079365079366,0.1,1,0.491358024691358,0.0,0,0.3333333333333333,0.0,0,0.5,0.0,0,,1,0,0,0,0
nv_1894243038,마미떡 송파점,잠실,분식,,,4259,,10,0.8849499574499575,1.0,10,0.7253086419753086,0.4,4,0.7074829931972789,0.2,2,0.491358024691358,0.0,0,0.3333333333333333,0.0,0,0.47222222222222227,0.1,1,room,0,0,0,0,0
nv_21052324,환희분식,잠실,분식,,"별점
4.47",4,,9,0.8082755919294382,0.8888888888888888,8,0.6435185185185185,0.1111111111111111,1,0.6904761904761905,0.0,0,0.491358024691358,0.0,0,0.3333333333333333,0.0,0,0.5,0.0,0,room,0,0,1,0,0
nv_1117017562,무궁화튀김,잠실,분식,,"별점
4.35",4,,10,0.839329698079698,0.5,5,0.6435185185185185,0.1,1,0.6904761904761905,0.0,0,0.491358024691358,0.0,0,0.3333333333333333,0.0,0,0.5,0.0,0,room,0,0,0,0,0
nv_37918202,오렌지분식,잠실,분식,,"별점
4.31",4,,9,0.7311874468124469,0.7777777777777778,7,0.6388888888888888,0.0,0,0.6865079365079366,0.1111111111111111,1,0.491358024691358,0.0,0,0.3333333333333333,0.1111111111111111,1,0.5,0.0,0,room,0,0,0,0,0
nv_1800924861,유미분김밥 잠실 롯데월드몰점,잠실,분식,,,1701,,10,0.8778143483500627,0.9,9,0.5030864197530864,0.4,4,0.6865079365079366,0.1,1,0.491358024691358,0.0,0,0.3333333333333333,0.0,0,0.5,0.0,0,room,0,0,0,0,0
nv_1830163153,매주가,잠실,이자카야,,,1720,,10,0.8290220128455423,1.0,10,0.5674603174603174,0.1,1,0.6716544070202607,0.0,0,0.491358024691358,0.0,0,0.2611111111111111,0.0,0,0.3611111111111111,0.0,0,room,1,1,1,0,0
nv_1014129077,쿠시노아 잠실새내점,잠실,이자카야,,,791,,10,0.7673425430778373,0.5,5,0.6142857142857142,0.0,0,0.6716544070202607,0.0,0,0.491358024691358,0.0,0,0.25793650793650796,0.2,2,0.32936507936507936,0.2,2,room,0,1,1,0,0
nv_1424825658,추엌,잠실,이자카야,,"별점
4.76",4,,10,0.8774153600834274,0.9,9,0.6230158730158729,0.1,1,0.6716544070202607,0.0,0,0.491358024691358,0.0,0,0.23819444444444446,0.3,3,0.40079365079365076,0.2,2,"group,room",1,1,1,0,0
nv_1560084869,다이키 잠실새내본점,잠실,이자카야,,,920,,10,0.8290220128455423,1.0,10,0.6089285714285714,0.3,3,0.6716544070202607,0.0,0,0.491358024691358,0.0,0,0.2611111111111111,0.0,0,0.35648148148148145,0.1,1,room,1,1,1,0,0
nv_1588827398,이치고,잠실,이자카야,,,841,,20,0.8668645488498429,0.75,15,0.6142857142857142,0.0,0,0.6716544070202607,0.0,0,0.491358024691358,0.0,0,0.27314814814814814,0.05,1,0.3611111111111111,0.0,0,"group,room",1,1,1,1,1
nv_1703843732,숯토리 잠실새내점,잠실,이자카야,,,801,,10,0.7734664572899866,1.0,10,0.7357142857142857,0.5,5,0.6716544070202607,0.0,0,0.491358024691358,0.0,0,0.2611111111111111,0.0,0,0.3611111111111111,0.0,0,"group,room",1,1,1,0,0
nv_38595508,방이편백 육분삼십 방이원조점,잠실,고깃집,,,1642,,10,0.8713363559517405,0.8,8,0.6333333333333333,0.0,0,0.6666666666666666,0.0,0,0.6666666666666666,0.0,0,0.5,0.0,0,0.6666666666666666,0.0,0,"group,room",0,0,0,0,0
nv_1777416152,임금돼지 잠실,잠실,고깃집,,,9142,,10,0.8097978944132791,0.8,8,0.6333333333333333,0.0,0,0.6666666666666666,0.0,0,0.6666666666666666,0.0,0,0.5,0.0,0,0.6666666666666666,0.0,0,"group,room",0,0,0,0,0
nv_945953846,일월고기,잠실,고깃집,,"별점
4.54",4,,10,0.8713363559517405,0.8,8,0.6208333333333333,0.3,3,0.6666666666666666,0.1,1,0.6666666666666666,0.0,0,0.5,0.0,0,0.6666666666666666,0.0,0,"group,room",1,1,1,0,0
nv_36886211,신천돼지 잠실본점,잠실,고깃집,,"별점
4.73",4,,10,0.7868069430569431,1.1,11,0.6333333333333333,0.0,0,0.6666666666666666,0.0,0,0.6666666666666666,0.0,0,0.5,0.0,0,0.6666666666666666,0.0,0,room,0,0,0,0,0
nv_37915192,미강식당,잠실,고깃집,,"별점
4.84",4,,10,0.8792279149422007,0.9,9,0.6333333333333333,0.0,0,0.6666666666666666,0.0,0,0.6666666666666666,0.0,0,0.5,0.0,0,0.6666666666666666,0.1,1,room,0,0,0,0,0
nv_1294739076,옥봉갈비 잠실점,잠실,고깃집,,,3878,,10,0.7196026196026196,1.0,10,0.6333333333333333,0.0,0,0.6666666666666666,0.0,0,0.6666666666666666,0.1,1,0.5,0.2,2,0.6666666666666666,0.1,1,room,0,0,0,0,0
nv_1257495305,고도식 본점,잠실,고깃집,,"별점
4.45",4,,10,0.8307137307137308,1.0,10,0.6388888888888888,0.1,1,0.6666666666666666,0.1,1,0.6666666666666666,0.0,0,0.5,0.0,0,0.6666666666666666,0.1,1,"group,room",1,1,1,0,0
nv_1802639871,펍휘트니,잠실,호프/통닭,,,887,,10,0.7877257422711967,0.6,6,0.7129629629629629,0.1,1,0.6666666666666666,0.0,0,0.491358024691358,0.0,0,0.7083333333333333,0.0,0,0.6738095238095239,0.2,2,"group,room",0,1,1,1,1
nv_2001023148,리얼펍 잠실새내점,잠실,호프/통닭,,,244,,10,0.7776655443322109,1.0,10,0.7301587301587301,0.2,2,0.6666666666666666,0.1,1,0.491358024691358,0.0,0,0.7083333333333333,0.0,0,0.6472222222222223,0.1,1,room,1,1,1,0,0
nv_2003588563,월간맥주 잠실새내직영점,잠실,호프/통닭,,,439,,10,0.8819143819143819,0.9,9,0.7222222222222222,0.0,0,0.6666666666666666,0.0,0,0.491358024691358,0.0,0,0.7013888888888888,0.1,1,0.5916666666666667,0.1,1,"group,room",1,1,1,0,0
nv_2097015685,힙팡 잠실새내역점,잠실,호프/통닭,,,702,,10,0.8656004489337822,0.7,7,0.7222222222222222,0.0,0,0.6666666666666666,0.1,1,0.491358024691358,0.0,0,0.7083333333333333,0.0,0,0.6472222222222223,0.1,1,room,0,1,1,0,0
nv_1663023254,잠실새내 맥JOO 퍼블릭하우스,잠실,호프/통닭,,"별점
4.72",4,,10,0.8206228956228956,0.3,3,0.7222222222222222,0.0,0,0.6666666666666666,0.1,1,0.491358024691358,0.0,0,0.7202380952380951,0.2,2,0.7020833333333334,0.3,3,"group,room",1,1,1,1,1
nv_2039651198,씨네마맥주 서울 잠실태양점,잠실,호프/통닭,,,81,,10,0.8742294742294743,0.8,8,0.7301587301587301,0.2,2,0.6666666666666666,0.0,0,0.491358024691358,0.0,0,0.7083333333333333,0.0,0,0.6433333333333333,0.0,0,"group,room",0,0,1,0,0
nv_1008253815,헤리터 롯데백화점 잠실점,잠실,카페 디저트,,,891,,10,0.8764097416271329,1.0,10,0.5784313725490197,0.1,1,0.6666666666666666,0.0,0,0.5,0.0,0,0.28198653198653195,0.4,4,0.5277777777777778,0.1,1,room,0,0,0,0,0
nv_1262312771,리틀채스우드,잠실,카페 디저트,,,412,,7,0.7827827796771896,0.2857142857142857,2,0.6274509803921569,0.0,0,0.6666666666666666,0.0,0,0.5277777777777778,0.14285714285714285,1,0.36742424242424243,0.14285714285714285,1,0.5,0.0,0,room,0,0,0,0,0
nv_1075784609,옹뜌,잠실,카페 디저트,,,532,,10,0.8265193743454613,0.5,5,0.6274509803921569,0.0,0,0.6666666666666666,0.0,0,0.5,0.0,0,0.36742424242424243,0.1,1,0.47222222222222227,0.1,1,,0,1,1,0,0
nv_1216820692,더설 잠실직영점,잠실,카페 디저트,,,1118,,10,0.8686641171113221,0.9,9,0.6274509803921569,0.0,0,0.6666666666666666,0.0,0,0.5,0.0,0,0.3742424242424242,0.0,0,0.5,0.0,0,room,0,0,0,0,0
nv_1824352254,카페드로잉 석촌호수점,잠실,카페 디저트,,,5241,,10,0.785326991848731,0.7,7,0.6274509803921569,0.0,0,0.6666666666666666,0.0,0,0.5,0.0,0,0.3742424242424242,0.0,0,0.47222222222222227,0.1,1,room,1,1,1,0,0
nv_1278544659,노티드 잠실롯데월드몰점,잠실,카페 디저트,,,1,,10,0.8501418066635457,0.7,7,0.6274509803921569,0.0,0,0.6666666666666666,0.0,0,0.5,0.0,0,0.42297979797979796,0.1,1,0.6481481481481483,0.4,4,"couple,room",1,1,1,0,0
nv_2050473976,쏘쏘사라다 잠실새내역점,잠실,카페 디저트,,,664,,10,0.798421496749256,0.8,8,0.7189542483660131,0.4,4,0.6666666666666666,0.1,1,0.5,0.0,0,0.3742424242424242,0.0,0,0.5,0.0,0,room,0,0,0,0,0
nv_1869110952,메가MGC커피 종합운동장점,잠실,카페 디저트,,,726,,10,0.6643866064155919,0.4,4,0.644880174291939,0.4,4,0.6666666666666666,0.1,1,0.5,0.0,0,0.3742424242424242,0.0,0,0.5277777777777778,0.1,1,room,0,1,1,0,0
nv_37225164,르봉마리아쥬,잠실,카페 디저트,,"별점
4.4",4,,10,0.8599599582877175,0.8,8,0.5910364145658262,0.2,2,0.6666666666666666,0.0,0,0.47222222222222227,0.1,1,0.3742424242424242,0.0,0,0.5714285714285714,0.2,2,room,0,0,0,0,0
nv_1350004103,카페시나몬,잠실,카페 디저트,,,2013,,10,0.8390435870673024,0.6,6,0.6274509803921569,0.0,0,0.6666666666666666,0.1,1,0.5,0.0,0,0.3742424242424242,0.0,0,0.5,0.0,0,room,0,1,1,0,0
