restaurant_id,restaurant_name,area,category,rating,review_count,couple_score,friend_meal_score,friend_drink_score,business_meal_score,business_drink_score
17163273,농민백암순대 본점,강남,한식,4.5,1583,0.061568767157272594,0.03496091264717332,0.09447846374695774,0.05498083139349049,0.05498083139349049
27584230,진미평양냉면 별관,강남,한식,3.8,1212,0.07361223204062338,0.04983398950036947,0.05900028960978876,0.06457362059818127,0.044933726037841036
27531028,중앙해장,강남,한식,4.1,1563,0.13480975048530583,0.019955040436352735,0.07246746027270524,0.03474257916139759,0.02499799711805394
16421356,농민백암순대 강남직영점,강남,한식,4.6,946,0.06217733315450678,0.049513882669845646,0.1102431507572118,0.05453926151371094,0.02998121440442011
25046575,뱃고동,강남,한식,3.9,1019,0.009999417843485675,0.03383632711136501,0.03850218410534864,0.04470165568068234,0.029996229324093193
11190567,뽕나무쟁이 선릉본점,강남,한식,4.3,768,0.0638746867201831,0.015,0.024663923891651385,0.024681132197784034,0.009998961655148374
24073852,밍글스,강남,한식,4.3,425,0.009837461300309597,0.004964030693807951,0.02297763744065122,0.0833616980627496,0.0
11356521,신동궁감자탕뼈숯불구이 선릉직영점,강남,한식,3.8,1330,0.014814241486068112,0.0,0.00934984520123839,0.014994072275694523,0.014994072275694523
25744174,수담한정식 강남점,강남,한식,3.8,594,0.17729440498767385,0.12905103898907627,0.22636503349604906,0.02970609780002782,0.004995843538929711
7819490,대우부대찌개,강남,한식,3.8,587,0.0,0.01998545843327775,0.0432467158599797,0.02769810493614859,0.0
19880897,새벽집 청담점,강남,한식,3.3,283,0.023984535115392606,0.029909873429072382,0.05769005035200134,0.0148738061624618,0.009997837170213738
26794399,봉밀가 강남구청점,강남,한식,4.4,254,0.03908037323777481,0.005,0.027663414403886765,0.019391258798327385,0.004993613664254051
16063439,맛짱조개,강남,한식,4.0,1123,0.16964741311346912,0.07489990119968634,0.11323460883932908,0.1445482062062977,0.1199403102083468
12435058,리북집 논현직영점,강남,한식,3.8,771,0.024855475773208572,0.0,0.0399794074909001,0.562336104868,0.54493328513824
27512695,길목,강남,한식,4.2,349,0.05813902854009352,0.07210955678120676,0.05715733155961425,0.016140999877910907,0.01
1428481536,강남진해장,강남,한식,3.3,537,0.024806535987006065,0.07965609442551558,0.08875640143497172,0.05931738192844669,0.019999878013287592
12418029,을밀대 강남점,강남,한식,3.6,380,0.019500335423130587,0.01986634857962254,0.01986634857962254,0.004875968992248062,0.0
2073285111,신사모소리,강남,한식,4.3,246,0.132185733401275,0.07485168367730309,0.09785373822418295,0.04463681060834661,0.02999398024396925
7983060,신동궁감자탕뼈숯불구이 역삼직영점,강남,한식,3.4,1337,0.067867933484639,0.05335219616475342,0.0687881973837972,0.15877632026643818,0.09498624034930017
7891890,별양집,강남,한식,4.5,217,0.1766740426972409,0.16904987744374875,0.3105389053277881,0.18424104592610197,0.15491620359936445
14569639,이도곰탕 본점,강남,한식,4.1,373,0.00493730407523511,0.03491912043884815,0.04882885788003577,0.029884822328010353,0.019998757369782624
27261403,능라도 강남점,강남,한식,3.8,252,0.02450941594243523,0.04477255047638044,0.06347016237935618,0.014812648940611494,0.004999474296872066
13092552,뉴만두집,강남,한식,3.9,544,0.029703232672970748,0.0049978063163815985,0.040718634158077915,0.01985616313755598,0.009995698021276912
2142723351,해담채 강남점,강남,한식,4.1,165,0.04371203555037926,0.04991110884800797,0.12672615967113854,0.26985159193978475,0.2599681263825092
1511737742,돝고기506,강남,한식,3.5,318,0.05850369133355776,0.06855275578158172,0.1982728292149789,0.14232486449098947,0.13496147143484477
26565017,진대감 선릉점,강남,한식,4.8,2058,0.24186824154480024,0.1245197371552118,0.2028728386814999,0.14886014338614445,0.074978940702805
8475048,한일관 압구정점,강남,한식,3.4,146,0.07250418525237036,0.09485215924885133,0.1425417037716986,0.2533675834032484,0.13997151975412103
2032952073,일품진진수라 선릉점,강남,한식,4.7,676,0.1360022032206962,0.17451011917489287,0.2508334978476715,0.25572277045627234,0.11493547189800121
1996999092,영천영화 청담점,강남,한식,3.6,238,0.014314880010989017,0.029785571597256554,0.09735986006085673,0.18905548653494683,0.15992666508899472
7859872,풍년집 선릉점,강남,한식,4.7,151,0.0772151256359595,0.0949994453942454,0.06326417408224932,0.05900044593844646,0.01999699598417804
850873071,정돈 강남점,강남,일식,4.2,548,0.04356820021281751,0.0249366512067436,0.08036695355168921,0.005,0.0
13575898,갓덴스시 강남점,강남,일식,4.1,596,0.10375676411000699,0.019382837007242984,0.04796752722977906,0.04939140747626942,0.009999895249160584
1480354584,카츠바이콘반,강남,일식,4.2,723,0.0487559953722239,0.08984162589793833,0.10447710949142122,0.004521739130434782,0.0
901836680,현우동,강남,일식,3.7,603,0.0,0.09473967982415335,0.09473967982415335,0.005,0.005
1337569618,부타이 1막,강남,일식,3.9,706,0.019633821533866856,0.02986566261474589,0.03486566261474589,0.004998608335128015,0.004998608335128015
1402068738,정돈 신사점,강남,일식,4.0,269,0.1014159512534734,0.034926521023308454,0.03952342024811466,0.01964113017264315,0.0
14535331,마코토 청담점,강남,일식,4.2,570,0.1785654697009679,0.2942484577298603,0.3298142741214527,0.009806501547987616,0.0
977331811,스시소라 대치점,강남,일식,4.2,309,0.05415022975994162,0.3978183800829522,0.4078857139113119,0.0,0.0
27455203,왓쇼이켄,강남,일식,4.2,292,0.0,0.05978062542928288,0.05978062542928288,0.0,0.0
1137715451,수다 대치점,강남,일식,4.6,360,0.2060227135999473,0.1536276297086769,0.1822351960560592,0.014907566348010142,0.005
23829251,스시코우지,강남,일식,4.3,393,0.039114028588465466,0.1195846155468041,0.14336178566711374,0.004998608335128015,0.004998608335128015
1356302565,해목,강남,일식,4.2,1698,0.20239997770350115,0.039698433118232256,0.11446552831944011,0.05992742941620912,0.05498625294562088
10867025,압구정하루,강남,일식,4.1,428,0.042949609817061064,0.09975031118036971,0.09975031118036971,0.0,0.0
1804968253,미도인 강남,강남,일식,3.6,1745,0.2224778923609799,0.04491678460154383,0.1438569082064658,0.07470200329026012,0.06984906211378954
18835270,이치에,강남,일식,3.6,157,0.0,0.11954753691912103,0.11954753691912103,0.009770872346685394,0.004997801242298101
19637934,우동명가 기리야마본진,강남,일식,3.8,346,0.014317944985501218,0.11951264336787797,0.11951264336787797,0.004999752011804238,0.004999752011804238
544200314,네기다이닝라운지,강남,일식,4.2,306,0.12406649721875311,0.23971805636669374,0.24859990882406915,0.05993197276457865,0.04999079629399041
1062520073,어성,강남,일식,4.0,98,0.07795576190064243,0.1090807287249093,0.14359486815151207,0.039996376800519255,0.039996376800519255
19381618,갓포아키 도산공원점,강남,일식,4.3,79,0.05403231802717337,0.05990941341642368,0.09275211685102903,0.014993286614741403,0.014993286614741403
1424086789,스시마이우 강남CGV점,강남,일식,4.3,191,0.004947312961011591,0.20469171646909787,0.20469171646909787,0.004998512436034749,0.004998512436034749
479540433,우오하나,강남,일식,4.5,244,0.019699347003043672,0.1869139534050315,0.18329596894274683,0.009941180132671616,0.004999911534394404
1614493196,참치공방 강남점,강남,일식,3.9,299,0.09495320193890079,0.14736864414274697,0.1700662025866147,0.0848358154537242,0.07997513433917312
18324313,미미면가 본점,강남,일식,3.6,414,0.004868217054263565,0.08461198074346857,0.09273611761626281,0.00999880986915999,0.00999880986915999
16875542,가나돈까스의집,강남,일식,2.9,352,0.04343721887398985,0.034508248183377,0.03410882289602067,0.0049979339554423055,0.0049979339554423055
913979606,참치공방 선릉점,강남,일식,4.4,209,0.08779223590972267,0.1845539577039865,0.2631725312552793,0.029921597441624547,0.024992241083696763
1989327162,나이스샤워 역삼점,강남,일식,4.0,114,0.11290881870284869,0.029887471323884647,0.08721626966651018,0.009942851283280617,0.004989726283280616
14480921,수다 삼성1호점,강남,일식,4.5,404,0.10146260899483245,0.29394838499182635,0.3643168386060116,0.12356497266433446,0.00999925375918809
15270381,스시선수,강남,일식,4.5,78,0.03883615620329548,0.1745730328237426,0.21302797215202132,0.014750073296904594,0.004997751315480444
27440495,136길 육미,강남,일식,3.8,386,0.0581145765670317,0.2440361413013742,0.2583527072088877,0.03499029740560641,0.03499029740560641
10972091,홍명,강남,중식,3.6,643,0.0195735942328848,0.03466440454469029,0.029881458808256177,0.014953002465224576,0.009999950822032087
24010315,골드피쉬딤섬퀴진,강남,중식,4.0,1556,0.2426720085899329,0.024472158108020014,0.06999815508767618,0.2349084458662995,0.2299704613701755
7815078,대가방 본점,강남,중식,3.3,539,0.009920054475583273,0.004990588235294118,0.014981181682684782,0.3548581307400759,0.3499355301208808
260283466,구구당,강남,중식,3.6,3160,0.14931761651347394,0.019567929037045313,0.03399575360135655,0.21969244030859467,0.21480079944172165
1770731230,팀호완 삼성점,강남,중식,3.4,861,0.11357961098275349,0.004974531685055111,0.03261355270889446,0.11472571776073513,0.1049741721994319
12140312,몽중헌 청담점,강남,중식,3.7,296,0.029652684525125546,0.043703534503300216,0.05307114829736906,0.15387899368755545,0.10492452081835263
25155819,파크루안 역삼점,강남,중식,3.7,304,0.09230440246560613,0.039491596480523215,0.044410988377917,0.11472641272810825,0.09496867892599134
791775664,천미미 신사점,강남,중식,4.1,219,0.0,0.014943871234007429,0.024793186302500575,0.009840572320057304,0.0
10252806,대려도,강남,중식,3.8,108,0.014748858447488584,0.009973357015985791,0.03757993334839087,0.019106637759277127,0.0
18283045,마담밍 선릉점,강남,중식,4.4,241,0.03841918014617048,0.15017460938090121,0.09892655360960259,0.009882450532350874,0.004998549603558306
980076754,인량 훠궈,강남,중식,4.3,691,0.167740559633438,0.04883096995124321,0.11066282725346173,0.16821502781745656,0.10494571339050411
1262079557,송쉐프 본점,강남,중식,3.6,181,0.03439551951361964,0.029876026361664452,0.04392620867311466,0.2894099168381497,0.2798729491397997
528537292,훠궈나라 강남점,강남,중식,3.6,479,0.1170979214828517,0.10963957219094263,0.12832114349135393,0.06437295222824657,0.0399976794596396
25550206,아방궁,강남,중식,3.6,250,0.05441203642711284,0.03499175767919074,0.07125487591721186,0.029942171577509464,0.02499635114407293
11026324,공리 강남구청역점,강남,중식,4.4,778,0.08814592220336138,0.06893641603508457,0.05460062617230966,0.02999966151694784,0.02999966151694784
10954377,가담,강남,중식,3.2,284,0.0,0.01,0.017898938373184604,0.019597523219814242,0.005
24041168,시추안하우스 삼성점,강남,중식,3.3,201,4.231941152934658e-05,0.09433103784023081,0.09486019582160805,0.3647411385842181,0.35978808694102554
23999472,불이아 역삼점,강남,중식,4.1,348,0.019650654714393038,0.039439545418133805,0.03911000872786648,0.23979317385646493,0.23490153298959185
735898829,홍보각,강남,중식,4.4,463,0.029439109416364517,0.028904163574067675,0.0421356534081692,0.3044802689717267,0.28492688533909427
909184198,몽중헌 대치점,강남,중식,3.8,162,0.019282423367216413,0.005,0.05836910965943171,0.2443628476684027,0.21996088504671377
66544493,일일향 압구정1호점,강남,중식,3.1,155,0.0,0.00436231884057971,0.004674922600619196,0.0,0.0
1655913908,서래향 수서점,강남,중식,4.7,671,0.14830933534919255,0.18269279541564923,0.2018815294042678,0.11243451895546194,0.054996638147571
948434557,호신각,강남,중식,4.4,232,0.009917308505853923,0.014957543046313424,0.014957543046313424,0.019871999650811486,0.01499583866009941
25115599,한성양갈비양꼬치 강남점,강남,중식,3.5,114,0.004875968992248061,0.01981823632978289,0.01981823632978289,0.0,0.0
26858784,일일향 2호점,강남,중식,3.5,289,0.0,0.03987542977208786,0.03987542977208786,0.25438911442337325,0.24494738761236018
1669970814,더라운드 청담점,강남,중식,3.8,1,0.024583034869477147,0.029953168016387696,0.08911359711223571,0.1948626539414648,0.1899452660579085
1915805569,누와,강남,중식,3.7,229,0.07749915757113879,0.1341647225304018,0.1440387949654887,0.03474032616487857,0.01999785266281009
2001311524,중화백반 강남구청점,강남,중식,4.6,522,0.11885206214885956,0.25176327224544526,0.14138834195948471,0.07544427529039527,0.039973757648986565
1498098673,더라운드 삼성점,강남,중식,3.3,78,0.014573814087263047,0.12939977249512846,0.14401980550141286,0.1749692399822225,0.12998488943449168
1728788067,삼창교자,강남,중식,3.8,501,0.0,0.014987448078812853,0.014987448078812853,0.005,0.005
26572124,울프강스테이크하우스 청담점,강남,양식,3.7,1398,0.0742170302279867,0.0498930031603114,0.06811996213915726,0.04939537886709875,0.019996101261319604
12026995,지아니스나폴리 역삼점,강남,양식,4.1,251,0.13083519351009765,0.04351825987583314,0.01921005677746866,0.0,0.0
2076338271,원스타올드패션드 햄버거,강남,양식,4.0,458,0.028638271260972226,0.03936940564199586,0.06593820101449016,0.014779383158810125,0.0
1124684582,어거스트힐 강남점,강남,양식,3.6,2135,0.21936422447014106,0.013966033468666015,0.07145561366157177,0.13983983589152543,0.13983983589152543
1565367501,쵸이닷,강남,양식,3.5,657,0.04433520368540085,0.024876169305933078,0.047403611964555746,0.0,0.0
586363951,크라이치즈버거 삼성역점,강남,양식,4.4,415,0.19589173939608998,0.07376411563694077,0.10147785566615097,0.014867763570373583,0.009999546516110016
1469510606,빌즈 강남,강남,양식,3.1,446,0.0647456608347275,0.009995095786491796,0.02442992694369548,0.05427788866449061,0.02999944324708354
27129003,알라프리마,강남,양식,4.5,273,0.1232261210687677,0.13960254060235547,0.16224343916107967,0.0,0.0
27271692,비야게레로,강남,양식,4.2,599,0.14090699865364847,0.014671448199281243,0.04261931878725893,0.0,0.0
7857136,마노디셰프 강남점,강남,양식,4.2,684,0.07499020060307648,0.06471178900545986,0.14050993555281802,0.27495711889465335,0.27495711889465335
1248615345,텍사스데브라질 압구정점,강남,양식,3.6,661,0.04799853662349915,0.044804854073025514,0.04945655685940323,0.004876160990712075,0.0
368469701,조인바이트,강남,양식,4.3,794,0.2140582801452766,0.024221022279550523,0.058746397417802944,0.1394032610921089,0.09996139552909673
18074322,파씨오네,강남,양식,4.6,236,0.2679141356909866,0.09956082502302933,0.15870726436738028,0.00999903781511555,0.00999903781511555
237005010,로마옥 도곡,강남,양식,3.8,649,0.11300406701939343,0.09480646909370614,0.09979727789224208,0.049840983580316446,0.03999602234000637
1250460135,마초 스테이크,강남,양식,4.6,456,0.19965354353575523,0.02342264492120384,0.04824010175042423,0.009914272975907483,0.004999412294792932
19808159,오리지널팬케이크하우스 가로수길점,강남,양식,3.8,276,0.06273156929379643,0.0348055401229621,0.03968094640681909,0.014851956655871669,0.009991275541320586
929201336,스터번,강남,양식,4.6,118,0.07815172934203955,0.17310653031636303,0.16610925448980013,0.0,0.0
26856753,브루클린더버거조인트 가로수길점,강남,양식,3.9,294,0.03887693983293558,0.03477414751636161,0.03930127929930735,0.0,0.0
312947795,무오키,강남,양식,4.4,184,0.12315822083556377,0.1489793933283309,0.1682424282854462,0.0,0.0
1851273390,페어링룸,강남,양식,4.1,433,0.10756496594278923,0.029946796549239353,0.05376170766548837,0.004899224806201551,0.0
1697940758,비어룸,강남,양식,3.8,290,0.08780231765896883,0.0596906858808051,0.1011715669683582,0.14497382367870765,0.14497382367870765
792244011,퀸즈블러바드,강남,양식,3.6,229,0.09722369634479605,0.014896055817755873,0.019509058913731104,0.0,0.0
21311108,마켓오 압구정점,강남,양식,3.8,124,0.10613535289908865,0.15708472421225295,0.25506754536656084,0.06764536543817877,0.04493800492118387
1779217087,썬더버드 청담점,강남,양식,3.9,316,0.16347710090999393,0.09856648050448273,0.1121659690741322,0.009875968992248064,0.005
18377454,브루클린더버거조인트 삼성점,강남,양식,3.7,157,0.054244848400663424,0.11419748127348706,0.1511378293023263,0.04994089845615367,0.04499179900431342
292351555,양인환대 양재점,강남,양식,3.6,864,0.14903510551482094,0.1497413099231154,0.1640227127113353,0.23970796120704116,0.2249324194113755
8969599,마노디셰프 삼성점,강남,양식,3.7,669,0.07376980756814992,0.0290503498677943,0.08845686430990853,0.019864233849187042,0.00999611466621539
484791301,볼트스테이크하우스,강남,양식,3.5,543,0.33633272414674564,0.029855614930007542,0.06265614230996117,0.0,0.0
334332881,트라가 역삼본점,강남,양식,4.0,1520,0.10299343529728235,0.03994777166618596,0.07149919979167371,0.02999110864235877,0.02999110864235877
7939102,서북면옥,건대,한식,3.6,679,0.07893580517710755,0.11947306306432544,0.12300024802878978,0.02490024015019323,0.014998089055160493
1050190897,육일관 본점,건대,한식,4.8,720,0.11855797121231991,0.12792124845596212,0.15923819984289078,0.08486414281446632,0.07998024188567374
22651193,화기애애 본점,건대,한식,4.4,1649,0.1523857134855306,0.1875279398543194,0.25065547906122715,0.02998485646236965,0.02998485646236965
24206169,고기굽는놈,건대,한식,4.9,480,0.23821203732378976,0.34568041758819673,0.3137983528235371,0.015345616068052187,0.009996733123332208
10921559,함흥본가면옥 건대점,건대,한식,3.3,205,0.06833982963584136,0.024904059890055716,0.02956350261451392,0.009994146772029436,0.009994146772029436
17167851,옛맛서울불고기 건대점,건대,한식,4.6,34,0.0,0.03485268581620792,0.044411526108807636,0.0,0.0
15849177,건대사시미,건대,한식,3.0,558,0.0339985337407649,0.039897370789563597,0.0753518794825782,0.00499809710215843,0.00499809710215843
7866034,마당족발,건대,한식,3.9,109,0.014604651162790696,0.16939646677940093,0.20531055416336158,0.044988404213257935,0.044988404213257935
12807556,화양시장할머니순대국,건대,한식,3.6,72,0.014368350725169059,0.009792937991818658,0.014171768046157883,0.02999043965772493,0.02999043965772493
16085841,민정식당 본점,건대,한식,4.0,109,0.01457290069834781,0.0647988223104803,0.06941182540645553,0.0,0.0
26045836,고향집,건대,한식,4.7,46,0.01964178468644759,0.024826621343901453,0.05794171310587092,0.029803702067455598,0.014998555851929605
27161560,안동참찜닭 본점,건대,한식,4.5,170,0.06301735310050927,0.06491761778604373,0.09177745174645914,0.00999903781511555,0.00999903781511555
1150679353,포항막회물회,건대,한식,3.9,2,0.03339241021100745,0.03439550473960094,0.028783041155564498,0.01,0.01
27229361,미식일가,건대,한식,4.1,118,0.09250050840982477,0.05432969007486571,0.05404689465305352,0.0048993808049535605,0.0
7834861,돕,건대,한식,3.0,150,0.02437035431206759,0.03476872082252858,0.03476872082252858,0.004991380053443668,0.004991380053443668
969352141,도도곱창,건대,한식,4.0,62,0.09740980438475551,0.029939124217146017,0.039024237619591104,0.0,0.0
17101239,고흥순대국머리고기,건대,한식,3.8,183,0.01445747986922215,0.02983664231892696,0.042767665346081236,0.004891472868217055,0.0
715808397,연탄불꿀곱창,건대,한식,4.4,44,0.004996786319106063,0.08471758516899275,0.0895243484540169,0.029995451661349284,0.029886924529566337
1994479496,통큰감자탕 건대본점,건대,한식,4.6,144,0.00958204334365325,0.023948417536012664,0.01883417753720247,0.009993089237381928,0.009993089237381928
1034593873,뇌산 마을 건대직영점,건대,한식,4.8,192,0.08779896118280969,0.2582010495022003,0.21487250506642702,0.01999665419354003,0.01999665419354003
7831256,대원칼국수,건대,한식,4.5,219,0.009791021671826626,0.06913202658474402,0.06228167864809833,0.014919839694117665,0.00988617085816696
12183322,재희네식당,건대,한식,4.6,36,0.019588238856589148,0.044978416560384586,0.06781299703460861,0.009848470522634567,0.0
2103908554,정면,건대,한식,4.6,609,0.04397179130818159,0.14292981589802095,0.1384681209992064,0.009882379968315877,0.004998659038083319
1129498256,풍년상회,건대,한식,4.5,83,0.07912121012224807,0.09473059530758604,0.11252435108740995,0.05497185517551519,0.05497185517551519
13613012,알촌 건국대점,건대,한식,4.5,21,0.05851712831802918,0.09704854937342482,0.13951246638830544,0.00488390092879257,0.0
1284850607,구의동손칼국수,건대,한식,4.6,86,0.014480602935280662,0.02463583706314826,0.024898716026357955,0.024992163565612516,0.024992163565612516
967000236,박과장의조은회사,건대,한식,4.4,493,0.11675537372559752,0.16219660385148643,0.19251833900559867,0.014898198903680502,0.005
1776400057,열불날개 건대본점,건대,한식,4.2,277,0.0,0.1739830531293771,0.17372027324772127,0.0,0.0
746008710,선남씨 자양점,건대,한식,3.1,31,0.05342176596292105,0.019954190861099116,0.02874461825622053,0.034992099508301976,0.034992099508301976
1796240857,경복궁 건대점,건대,한식,4.0,87,0.13039002857485657,0.0727893426477929,0.1675755794110748,0.024790679135937434,0.014938561325920667
18542711,스시오 건대점,건대,일식,3.8,188,0.23054961081109787,0.2741819501347341,0.31192225073338486,0.014983529850128977,0.014983529850128977
8029124,우마이도 건대점,건대,일식,3.9,269,0.0,0.022838595471055233,0.02377455051826551,0.004991380053443668,0.004991380053443668
1773072813,후토,건대,일식,4.4,664,0.07783658686588417,0.06974478015712174,0.07940811352061505,0.00491486068111455,0.0
18834003,요비,건대,일식,4.6,794,0.1476233134292031,0.21940087946130554,0.24283060217128125,0.01987946279354318,0.009997116076221094
11989881,호야초밥참치 본점,건대,일식,2.9,689,0.058681144906697014,0.0547274973321569,0.05908889065581437,0.0296398397588673,0.004999907123556689
1990556306,멘쇼,건대,일식,4.3,217,0.009183634776320778,0.18933449971347358,0.18933449971347358,0.0,0.0
1277643944,가츠시 건대점,건대,일식,4.4,51,0.08296124902697329,0.04992672245908651,0.0916705001402927,0.00488390092879257,0.0
1441425449,오코노미야키식당하나,건대,일식,4.6,379,0.06272036823411675,0.09944065537129847,0.10898390584263742,0.039484772368750025,0.019991440437185336
26874320,포크포크 본점,건대,일식,4.2,108,0.009231156784892064,0.1791895571995542,0.18378645642436037,0.0,0.0
2124112913,부탄츄 건대점,건대,일식,3.7,146,0.09908679541058682,0.07986922464421613,0.13137252730209387,0.004999845871333389,0.004999845871333389
236352360,도키도키,건대,일식,4.4,7,0.11727845929158401,0.15940099987410122,0.230544667982239,0.15345465400794822,0.04999041813259921
26639136,홍도초밥,건대,일식,4.2,76,0.08729203732045536,0.0747283957682814,0.10248441604355278,0.00488390092879257,0.0
1477555417,초라멘,건대,일식,4.6,170,0.09376894420174771,0.029859364661274767,0.07193642390005467,0.03452204878572974,0.014997757101843064
1451273565,오마카세 오사이초밥 건대본점,건대,일식,4.2,312,0.25163400431079486,0.1549537910077572,0.19793965798273622,0.01499976045469803,0.01499976045469803
101376727,코노하 건대점,건대,일식,4.5,208,0.014986954985127858,0.08471033442827873,0.09429448621223728,0.004997772497772498,0.004997772497772498
26602338,스위트앤카츠 화양직영점,건대,일식,3.5,90,0.009775193798449613,0.04485031412603638,0.04964870122281058,0.014991174976181132,0.014991174976181132
1184245817,서울낙업,건대,일식,4.5,967,0.23285340576349672,0.32777134959228105,0.371125007673491,0.004993195701699563,0.004993195701699563
413860309,고씨네 건국대점,건대,일식,4.9,32,0.08272357570966138,0.0965323048897378,0.129750229926414,0.0,0.0
1873080066,포비,건대,일식,3.6,120,0.024304908155591175,0.07452781611183307,0.08393179102496129,0.0,0.0
15092552,겐로쿠우동 건대직영점,건대,일식,3.8,117,0.049180682173687575,0.07474107927280761,0.09699366099645397,0.005,0.005
1706802828,코후쿠,건대,일식,4.4,357,0.02989275812185642,0.0895566096247478,0.1559562209548188,0.05891738730330347,0.014983150820785364
1330731064,야키토리나루토 건대,건대,일식,4.5,166,0.044116873655984434,0.03478611904100433,0.05766588270968422,0.029583523681648283,0.009991184420362374
798519975,멘츠루 어린이대공원점,건대,일식,4.4,349,0.03355800162282688,0.06981106307363413,0.09857657635655843,0.00999875320778919,0.00999875320778919
759662030,스시온기,건대,일식,4.8,88,0.038356516362280615,0.03910646567992484,0.039462905732514014,0.0,0.0
335180419,동경규동 건대점,건대,일식,4.0,68,0.02876969311072404,0.07839259309638322,0.10104452577006617,0.0,0.0
341349377,고미돈까스,건대,일식,4.1,874,0.13361857422065693,0.1346980741125295,0.15793204683928783,0.019837677096148035,0.005
1746508155,일양전,건대,일식,4.3,178,0.07305352429039069,0.02995346087880072,0.034314854202458195,0.009991184420362374,0.009991184420362374
251280950,강경수참치,건대,일식,3.9,36,0.0336804102501566,0.09480654457412405,0.11376158269483223,0.014999823675855109,0.014999823675855109
12250697,한잔의추억,강남,술집,3.3,243,0.04739006086420845,0.06489458100022646,0.1544175352690234,0.034992677592666305,0.034992677592666305
1232109211,멕시타이거,강남,술집,4.4,726,0.1981581614980687,0.14915638255861552,0.22341010878976306,0.024812979229273682,0.009999954714601876
27587532,나즈드라비 본점,강남,술집,4.2,105,0.20393043966564783,0.0581340428443646,0.139809886318463,0.03479274929429717,0.01999854233755407
1768655445,리커테이션,강남,술집,4.5,422,0.3973741571342365,0.4296540106988289,0.5643902348126596,0.1498484915754149,0.13998310658636096
137451961,춘식당 가로수길본점,강남,술집,4.2,263,0.06418107506244114,0.05493388502830964,0.2662541881673867,0.015,0.005
27296186,요술포차 역삼점,강남,술집,4.3,37,0.1428846406665399,0.10459973759918828,0.1910395612826287,0.029980516222104906,0.029980516222104906
418495008,센도수산,강남,술집,4.2,143,0.08263776806196982,0.06453896382221293,0.17376881855363166,0.07952616473747925,0.07498468002132204
27548800,후문포차,강남,술집,4.6,136,0.03352837148841585,0.20430350788182017,0.2654777078596289,0.04988373726772517,0.0449998363389326
24787743,이자카야나무 강남2호점,강남,술집,3.6,55,0.009798449612403101,0.20442415803895211,0.304686541583389,0.0299980941733571,0.0299980941733571
629498800,제스트,강남,술집,4.6,108,0.11197149541563654,0.05448676276958628,0.20193763668713705,0.024998504290560317,0.024998504290560317
1988784873,아낙 본점,강남,술집,4.5,108,0.03903263458183583,0.033656340358177175,0.12531019690819742,0.014897433047826598,0.009998052242873038
832441144,광주육전,강남,술집,3.8,199,0.026973474564550966,0.07951619707520911,0.1687924213997457,0.014994280814914364,0.014994280814914364
1309217753,오레노유메,강남,술집,4.1,180,0.06448599681104178,0.054817489760365816,0.1183069906455531,0.029740835226597106,0.0199501375521785
1207564995,아카라,강남,술집,4.2,52,0.03343479004532045,0.10446882954651177,0.34670554545403115,0.014999178764929897,0.014999178764929897
22676778,와쏘골뱅이탕 압구정본점,강남,술집,4.3,80,0.029164246509036776,0.02999995870298357,0.15128583506040172,0.14971876312472374,0.13999096770033387
25689487,르챔버,강남,술집,3.2,66,0.013964053697406487,0.17972500992176235,0.30684977527632423,0.13499848712766346,0.13499848712766346
9152038,소문난집 토종닭곰탕,강남,술집,4.5,83,0.06409937417574013,0.04800903188408003,0.13282217293374854,0.0,0.0
1212558291,이자카야나무 논현점,강남,술집,3.9,68,0.15079428862011693,0.32431592819325933,0.380695546367437,0.209992424673238,0.209992424673238
255156070,미라이,강남,술집,4.0,127,0.01471824446268633,0.04987475302436524,0.12173564223495262,0.014804685422578023,0.0049984838721904255
119258632,버번바이츠,강남,술집,4.5,255,0.059109751850357606,0.06472195905256571,0.10497332758884018,0.029861366318095887,0.02499961516602216
478360598,신사전,강남,술집,3.4,316,0.00994417932621894,0.07463662804947291,0.1573612379971422,0.04499879780364854,0.04499879780364854
16080719,빨대포차,강남,술집,4.6,238,0.014666147664119914,0.05966248489775346,0.08771051473096986,0.009999979806020378,0.009999979806020378
19175443,뮤즈온,강남,술집,3.9,272,0.0243809226941457,0.10461191571989588,0.1412164735776703,0.08999979202180267,0.08999979202180267
504236629,왕스펍,강남,술집,3.3,189,0.02499327058741227,0.20894117210094568,0.3054161768636442,0.08999637079002051,0.08999637079002051
1211307526,수다 삼성2호점,강남,술집,4.3,360,0.23932458892885375,0.16924855390868726,0.2420549335537116,0.09944520772180096,0.00499999777517395
21306153,경천애인2237 삼성본점,강남,고깃집,4.1,126,0.07986418419426629,0.04646416944813356,0.019687420830773173,0.34969009204395285,0.3299536579354257
77153801,더바른정육식당 강남신논현본점,강남,고깃집,4.8,194,0.024594118296253818,0.11271754816551241,0.09408932718928005,0.19942767931206734,0.16495659939674034
1284801093,팔당족발,강남,고깃집,4.8,1192,0.18597874233721534,0.05896547606585658,0.06935565958596626,0.12910919151796627,0.07999087743208017
279490770,까사생갈비,강남,고깃집,4.4,774,0.16680125439233204,0.0643118622444259,0.0738299191966756,0.029650907461307247,0.014999744670609574
11892123,신미식당,강남,고깃집,4.1,208,0.04243676595156142,0.004458272327964861,0.0,0.0,0.0
20943718,팔당닭발,강남,고깃집,4.4,267,0.004999976678396727,0.023170176657576834,0.00998469015660578,0.14965225543078733,0.13496185295400714
1120567503,우정양곱창,강남,고깃집,3.9,266,0.13481853639088065,0.09918433749170465,0.09425504456241171,0.024992419618851826,0.024992419618851826
27511865,봉우이층집,강남,고깃집,3.8,621,0.0596113170149222,0.07473741455808834,0.07473741455808834,0.014906039537063273,0.009999062792877227
20946094,강강술래 청담점,강남,고깃집,3.6,247,0.06668346280319956,0.004967851834532975,0.014618675789516897,0.06965485805666936,0.059974666209248025
13112670,진대감 역삼점,강남,고깃집,4.4,722,0.39066358031720255,0.039694172786990174,0.039772894026509395,0.38884158766974325,0.31998691015203706
8156521,한우리 본점,강남,고깃집,3.1,105,0.0,0.03934955560608384,0.06251728437494862,0.004993245851022771,0.004993245851022771
1746270256,백마김씨네 도곡점,강남,고깃집,4.4,105,0.07340133908533766,0.09443940541949568,0.08983900676435555,0.13964133367302087,0.12991265150247822
1350808227,옛날농장 논현점,강남,고깃집,4.5,317,0.1650233493567257,0.059909937133776466,0.09797893327272292,0.07287668333397249,0.03497762640849038
27402317,압구정곱창 본점,강남,고깃집,4.4,213,0.019558389093952,0.03488410684791116,0.0398835709726958,0.04990764742765093,0.04499278674653637
826926971,땅코참숯구이 연다라역삼점,강남,고깃집,4.2,89,0.024597426442068172,0.038900520210827134,0.044483101329398964,0.024993331392484858,0.024993331392484858
1027809775,프리미엄디저트카페 더푸릇,강남,카페 디저트,4.8,7,0.04872861885531215,0.09957009535162233,0.14611095579574346,0.039345326178688585,0.004999866348389487
27301629,디올카페,강남,카페 디저트,4.0,24,0.014619526062659422,0.09379765662504569,0.12338469918841746,0.14226109371368945,0.029814848136036316
22400767,10꼬르소꼬모서울카페,강남,카페 디저트,3.4,1,0.004829721362229102,0.07459439847699549,0.09315476999402335,0.014792293416621409,0.0049903437037931144
27347412,크라프트카페,강남,카페 디저트,4.0,129,0.05930539644860869,0.08933469549609828,0.10373462291398976,0.3442556589811911,0.26995463824016036
150499518,에이비카페,강남,카페 디저트,3.5,416,0.038776153702340346,0.06949303364993009,0.06471008791349597,0.06485007104617829,0.059989605929899215
1104225959,카페키츠네 서울,강남,카페 디저트,3.9,100,0.0,0.03486691009831367,0.039541923417439936,0.02960773074450345,0.014996982935020182
1174051341,카페시트롱,강남,카페 디저트,3.8,69,0.02456076418313608,0.11462592542090087,0.14344516180270456,0.009829285990712075,0.0
450110126,카페공명 신사가로수길점,강남,카페 디저트,4.8,406,0.06790257214274055,0.09272122997189275,0.09375826323527654,0.06438027336641891,0.03498268935229686
764363993,인포메이션카페,강남,카페 디저트,4.2,288,0.12020083814846796,0.06324496784837212,0.0723721286938375,0.04487234936527797,0.03998087649706092
675372031,디저트카페 연,강남,카페 디저트,0.0,0,0.0,0.044787047077894264,0.044787047077894264,0.10667253651441198,0.00999793171410585
182581980,카페 카이브,강남,카페 디저트,4.6,487,0.029492122027891768,0.02494844901736655,0.03892520554312786,0.01475655589411868,0.004998773534373576
1551955711,카페프라미스,강남,카페 디저트,4.2,169,0.019249019208167285,0.029373767595699173,0.05955078259101877,0.13348324819476987,0.039984435090224923
1329992832,플로렛플라워카페,강남,카페 디저트,4.1,44,0.0,0.034975514270628186,0.04496934362334363,0.02999966332821873,0.029993743997136592
2132203239,카페풀림,강남,카페 디저트,4.5,254,0.028589431432786614,0.07932716063896775,0.07953079081480438,0.0,0.0
100026790,카페로얄마카롱 신사역점,강남,카페 디저트,4.7,93,0.014332595231069521,0.14298410837018688,0.13863991783347307,0.00994909945184025,0.005
1419529121,더플레이트디저트,강남,카페 디저트,3.6,137,0.0,0.1696066057783357,0.18365988558764787,0.009731330326799726,0.004999987043217636
16501999,카페올,강남,카페 디저트,4.8,9,0.0,0.03918438429754265,0.03488942026876567,0.04448862783411755,0.009997397470868944
1581244530,카페 그라브 논현,강남,카페 디저트,2.3,192,0.09720983945484017,0.069786987323035,0.163011297951282,0.16755720257762277,0.0799841944560509
2122601987,아틀리에폰드카페,강남,카페 디저트,4.0,0,0.0,0.13943120691761063,0.14895831784932206,0.004999979148765752,0.004999979148765752
1097688606,카페카푸치노,강남,카페 디저트,5.0,2,0.027198864606284824,0.18845877396757643,0.26952657492310983,0.14241182756252196,0.04499931986743247
17748080,아르켓 카페 가로수길점,강남,카페 디저트,4.7,38,0.019829721362229102,0.14465837199088527,0.17278041273998046,0.05875296785399291,0.0
230292537,카페블랑131,강남,카페 디저트,3.0,4,0.08278488266977956,0.04926001751918697,0.05912512699438403,0.0738592722215294,0.00999895307370247
1107978574,카페드몽슈슈 선정릉점,강남,카페 디저트,3.7,12,0.0441581971408897,0.07983082146196806,0.15579726101153032,0.17707228446894252,0.07999105486523721
665118466,까페포레스트,강남,카페 디저트,4.8,10,0.033317305212494895,0.12966481610590178,0.15819812383028814,0.024911843708510822,0.009996733106625997
1015288492,타트카페,강남,카페 디저트,5.0,13,0.0048372093023255815,0.10449633884824447,0.12340544972920359,0.00984732824427481,0.005
1399521029,디저트39 청담점,강남,카페 디저트,4.0,69,0.0,0.014954518874667012,0.029468745595505913,0.024725282767623348,0.009998155247330078
660306746,디저트39 신사역점,강남,카페 디저트,5.0,23,0.024194880781949597,0.04432175446767757,0.06757629818935132,0.09744816790733613,0.014997521318043723
58027342,새로이,건대,술집,4.5,262,0.19592464446506483,0.15951620689864796,0.32357292578847746,0.004999759617551524,0.004999759617551524
25068327,조선주막 건대점,건대,술집,3.9,107,0.09236155130254749,0.1445662139299581,0.1682665221997556,0.0,0.0
1970735652,신선술집도원,건대,술집,3.5,1002,0.42430703770510614,0.33486718684511496,0.3855885877382475,0.02999912361951004,0.02999912361951004
18835813,972바,건대,술집,4.8,633,0.21140798442322184,0.18349207459362554,0.3380933322525129,0.1741912664015583,0.12497822732812691
8790206,겨울나그네,건대,술집,3.9,30,0.034143431322269546,0.11472105105190497,0.17552178739256014,0.0,0.0
426302862,짱구야학교가자 건대점,건대,술집,4.7,220,0.288420059355257,0.32882013915686364,0.46006415384220667,0.03478682425577902,0.019999764546523503
18769402,제주올레포차 본점 숨비소리,건대,술집,4.8,59,0.02827646024049372,0.1240446804187506,0.24504723578280832,0.05997048964516386,0.054999240298587805
263709736,당나발포차 건대점,건대,술집,4.8,127,0.11604667981216985,0.10982261932771376,0.1521985602893797,0.1345138125085657,0.1345138125085657
27478004,만경상회,건대,술집,4.5,138,0.12497462160324542,0.15967068685444502,0.20634963752383706,0.0,0.0
1837890559,적온 뮤직바&책바,건대,술집,4.9,84,0.24519890704648287,0.11779307551875762,0.20236943657516115,0.009860457211796672,0.004999776097245588
1635880231,민지슈퍼 건대본점,건대,술집,4.3,635,0.17148333428335924,0.10956043276652705,0.31623639178731855,0.09992034801468065,0.09497116896855086
1604189854,아리계곡 건대점,건대,술집,4.2,262,0.08262563079244888,0.09419163235662793,0.0989505390614937,0.0,0.0
474326238,타스,건대,술집,4.5,88,0.039718618512827646,0.19982648568325515,0.3116061059138992,0.07977401408382417,0.0649994564875063
631927765,이자카야시선 건대점,건대,술집,3.2,111,0.043868824753067345,0.1638320861457926,0.25699373968686906,0.0,0.0
1676926090,용용선생 건대점,건대,술집,3.8,319,0.13226696460894533,0.18942062391819078,0.2217364086877658,0.014999950197943859,0.014999950197943859
24068030,재즈라운지,건대,술집,4.5,169,0.06369281332626829,0.1437040678105323,0.2602773753018941,0.04997129244963326,0.044994840330324005
1602523591,뉴웨이브서울,건대,술집,3.3,324,0.0817459283620232,0.10410617562846028,0.18616225538392933,0.019725396182883735,0.0
19678203,꼴목포차,건대,술집,3.7,37,0.038778594407190434,0.1740733591099827,0.2175709827391793,0.014994656298472776,0.014994656298472776
1983209215,탐라육해,건대,술집,5.0,163,0.24452536869193015,0.13772646486554943,0.2459372595569158,0.0,0.0
1978867554,서교주담 건대점,건대,술집,4.3,614,0.5173512924535938,0.4299138618139735,0.46758853119551724,0.009965234701769656,0.004999230517669238
1829759776,노크 건대직영점,건대,술집,3.2,222,0.11171639853316702,0.20945062411615045,0.30811770161063523,0.07998442640729393,0.07998442640729393
974114408,시크릿키친,건대,술집,5.0,104,0.08245575344224663,0.19039497733640495,0.2540337618421804,0.005,0.0
1642625434,매드밤,건대,술집,4.8,92,0.20672989962752764,0.11488817935986718,0.14692288939797427,0.004941176470588235,0.0
58746701,전포여관 건대점,건대,술집,3.3,159,0.15920080779677193,0.10988633394538808,0.17483819647320462,0.01996320026584152,0.014999907135269943
1173821572,기름칠,건대,고깃집,4.9,346,0.1945944838176013,0.2992695827436114,0.23403538868608004,0.01999373821233091,0.01999373821233091
19756784,신사소곱창 건대점,건대,고깃집,2.8,2431,0.11667849557390599,0.05345400738650877,0.07448522961651713,0.014852934763661842,0.004999993587191256
10116384,가마로,건대,고깃집,3.2,218,0.0391877455827121,0.19497659501811843,0.22416376584446998,0.05963582130976208,0.05496866154644847
23491675,고향산천 원조숯불닭갈비,건대,고깃집,4.2,46,0.0248753292440666,0.18922614213044675,0.12288792243284641,0.009999630180844082,0.009999630180844082
19392714,일품대가삼계탕,건대,고깃집,3.7,61,0.0145624291966329,0.10448609192711643,0.11880645096653632,0.0049999896399401215,0.0049999896399401215
1363202705,미가,건대,고깃집,5.0,1,0.10666963536147683,0.0950048893942514,0.04347108445381944,0.019484780280072233,0.004999918280175389
22960590,제일곱창,건대,고깃집,4.0,74,0.014543157148718712,0.04776391104895537,0.03922646263803351,0.0,0.0
1033602486,태양곱창 건대점,건대,고깃집,4.7,263,0.05404865308053393,0.17267782048386254,0.14423312241166872,0.039829202527568476,0.024996208103220726
269850048,평화김해뒷고기 건대본점,건대,고깃집,4.0,71,0.033380673299343966,0.2026769347212728,0.14639112956371164,0.01999979183274263,0.01999979183274263
1739926573,정통집 건대점,건대,고깃집,2.7,74,0.0,0.029900809222298864,0.04808827295073157,0.004998608335128015,0.004998608335128015
10454194,불난닭발 구의본점,건대,고깃집,3.9,106,0.0,0.10199548107574109,0.08853433910712351,0.0,0.0
1024515774,백삼호,건대,고깃집,4.8,90,0.019651102226756135,0.13374508295514884,0.04911368178918092,0.024994153032956663,0.024994153032956663
19409834,최신족발 건대직영점,건대,고깃집,3.6,56,0.024667100645572662,0.07355510330819061,0.06473819875868124,0.014999905041434168,0.014999905041434168
23435683,연탄돼지갈비,건대,고깃집,4.1,13,0.019396284829721364,0.19730874298671433,0.08874769383681662,0.0,0.0
17019414,미림장충왕족발보쌈 구의본점,건대,고깃집,3.8,125,0.018780429494632215,0.15964678305587443,0.17391433488092908,0.0,0.0
2144895047,장인닭갈비 건대점,건대,고깃집,3.9,1911,0.3216072314809213,0.07946304184351828,0.14358546735721417,0.17477312588014818,0.16995142045379158
15754295,왕십리정곱창 본점,건대,고깃집,3.3,178,0.00990611748306721,0.08256185812732136,0.08577084034032575,0.0,0.0
641459574,도단집,건대,고깃집,3.1,151,0.014307864617726783,0.05845196502448137,0.04994827011008343,0.019770646861278017,0.014997575756890726
26941179,계탄집 본점,건대,고깃집,4.3,240,0.03775902426915387,0.12325846404519668,0.10215193020801337,0.00999046446069723,0.00999046446069723
11487077,품바곱창,건대,고깃집,4.9,30,0.00999827220837167,0.17925706748772263,0.2173099029462847,0.0049998487290123,0.0049998487290123
1026281815,하이디라오 건대점,건대,중식,4.2,950,0.08251392631360378,0.024578188814414502,0.03908211650215892,0.009999899707041794,0.009999899707041794
610799971,송화산시도삭면 2호점,건대,중식,4.2,981,0.0889296582868179,0.0341038184738035,0.02468843936477526,0.05980062257165271,0.0499991769235164
7971958,시옌 건대점,건대,중식,4.0,69,0.014823349289894988,0.04273561889346,0.04706835108161634,0.014940543294858616,0.009999274696581404
404796788,용가회전훠궈 건대점,건대,중식,3.8,865,0.1561352159533697,0.019894117529759534,0.06050720205199574,0.02499793294051,0.02499793294051
27594064,훈춘양꼬치 1호점,건대,중식,4.6,216,0.0,0.1372561020434047,0.08283104477344726,0.0,0.0
1419567762,중경식객,건대,중식,3.3,215,0.0,0.04450493146493493,0.04929352486260976,0.0,0.0
14822911,송화양꼬치,건대,중식,4.2,298,0.009806201550387597,0.13901133049674824,0.044634269125527586,0.0,0.0
15101449,빠오즈푸,건대,중식,3.9,307,0.005,0.01992940893993357,0.01492940893993357,0.0,0.0
21232416,화원식당,건대,중식,4.5,21,0.053054800122224945,0.07693989790648696,0.05293302048261861,0.0,0.0
1736699136,시홍쓰,건대,중식,4.5,261,0.0,0.05923723900976513,0.04977859743256822,0.0,0.0
86584378,고향양꼬치,건대,중식,4.4,1128,0.37651807783366764,0.1473850151982024,0.13590196084288256,0.15990785276537772,0.1499954308293902
1209599122,명봉반점(명봉양꼬치),건대,중식,4.7,567,0.038303743872181495,0.5285236160222697,0.05699520132371044,0.07953202586395303,0.049903239366001044
19983662,매운향솥,건대,중식,4.2,301,0.005510959802475999,0.0239571716130187,0.019275001070383043,0.004930232558139535,0.0
26575482,매화반점 본점,건대,중식,3.1,184,0.024788936004206622,0.14343782244963055,0.03947906919553698,0.0,0.0
1073241380,송쉐프 구의점,건대,중식,4.1,53,0.02419084610737748,0.047550355769031605,0.01976085537164405,0.014906091467955612,0.009998970724921556
14663453,대흥양다리바베큐 건대점,건대,중식,3.9,839,0.1059193787690302,0.07906024858673803,0.05969794762187187,0.08499951444490858,0.08499951444490858
1467670437,송화산시도삭면 본점,건대,중식,4.1,582,0.004751937984496124,0.03284540454021468,0.0,0.0,0.0
19667607,화양양꼬치,건대,중식,4.1,537,0.019832303033435666,0.044153076692963256,0.024545617715731015,0.004933228593872741,0.0
1510841423,희가덕,건대,중식,4.0,2,0.0,0.009958498460701104,0.004958498460701104,0.0,0.0
27320023,금하중식당,건대,중식,3.0,57,0.009735857905915402,0.09274033317834177,0.09921223350335596,0.1095256189963639,0.09498227534311314
13578218,건대홍매양꼬치,건대,중식,4.5,237,0.014659442724458205,0.14941027006533486,0.06196693837551275,0.0,0.0
564820030,뽕사부 건대점,건대,중식,3.7,1704,0.13350628606097217,0.15060861059192981,0.1270487948905696,0.054913210154070205,0.04999834947295565
1937698930,무한양꼬치,건대,중식,3.4,65,0.004837209302325581,0.018668935205863376,0.028716995533891794,0.0,0.0
14746550,동북풍미,건대,중식,4.7,518,0.07398553911229513,0.10766182663304667,0.15201790088986344,0.08993627843126,0.08499045799782348
601258619,백미원 건대점,건대,중식,3.8,137,0.0,0.059247360513018876,0.06446925973782508,0.0,0.0
21328608,세종원 군자본점,건대,중식,4.5,80,0.019991154632972696,0.1396169990042266,0.04960928374214818,0.0,0.0
15429981,화양식당,건대,중식,4.4,51,0.013730996445028159,0.26388741258421744,0.26908571338143544,0.04999980866921745,0.04999980866921745
18283515,홍콩정통중국요리,건대,중식,4.3,3,0.024408814257451034,0.04991989574744643,0.05965066169596416,0.024815193921566878,0.019998680160098984
2043391022,진미훠궈,건대,중식,4.5,38,0.0,0.07159237701070233,0.03440251802162166,0.0,0.0
25019284,향만원,건대,중식,4.0,14,0.004670164917541229,0.014902756209595245,0.02928030066267694,0.019673272265889524,0.00999284913438804
12353328,르빠니에블루 건대점,건대,양식,4.8,48,0.004999380996273493,0.1046565658300727,0.1323436385837978,0.00999986890147998,0.00999986890147998
515064996,누이테이블,건대,양식,4.3,75,0.0736056332833517,0.1178304407657377,0.15777328948938626,0.0,0.0
747243423,드로잉레시피,건대,양식,3.6,454,0.17035813850988443,0.09494688984364069,0.10942180546054564,0.01425858123569794,0.0
1224241965,얼라이브 도우,건대,양식,4.9,19,0.038667669436587865,0.05891761367903802,0.05474406706741092,0.0,0.0
146917287,케밥인 건대역점,건대,양식,4.3,3,0.024226417438492288,0.1293391175672007,0.11963403904080536,0.009914570447717146,0.0049997097666025945
445617173,버거리 건대점,건대,양식,4.4,122,0.024731935816133806,0.16298879950260647,0.16406067015075237,0.0,0.0
16794755,파파존스 건대점,건대,양식,3.9,6,0.06298515384697743,0.08467635363760188,0.09851288858320331,0.004838957055214724,0.0
7834623,도미노피자 자양점,건대,양식,2.0,5,0.07694687200225425,0.004981026099893271,0.004981026099893271,0.0,0.0
329888781,라 파밀리아,건대,양식,4.2,29,0.1170605968815133,0.16351135094244115,0.19219740652345896,0.04998503652863105,0.04998503652863105
1743678316,밀플랜비 서울건국대점,건대,양식,4.4,12,0.043986695721688174,0.05027965353607456,0.04799186102837319,0.1331790321942781,0.07998359930460003
1199981384,조용한주택,건대,양식,3.8,135,0.029019876356830485,0.3792320106538819,0.3828739859625239,0.005,0.005
178257331,하푸 건대본점,건대,양식,4.5,164,0.25575546079578293,0.05958666701678462,0.09673328558015427,0.03499932324804547,0.03499932324804547
2074220418,자가제빵 선명희피자 구의점,건대,양식,4.4,9,0.019026743362908594,0.1582131229055583,0.14936966424353595,0.0,0.0
1581013272,처비버디,건대,양식,4.7,53,0.07345576329835958,0.10429926446449414,0.17085827761663638,0.0,0.0
1702785914,반올림피자 자양성수점,건대,양식,3.8,1,0.04793180232788333,0.06477533485260226,0.06951217695786542,0.0,0.0
1047206173,보리스카페,건대,카페 디저트,4.5,44,0.004798761609907121,0.04986419979798465,0.08291538293776689,0.0,0.0
2041291831,카페 고은별,건대,카페 디저트,4.8,35,0.019829802934603992,0.07477808127774332,0.12966043416997436,0.0049984838721904255,0.0049984838721904255
815422758,카페드라이,건대,카페 디저트,4.3,196,0.09182176956549197,0.08973497769456305,0.15090373679026517,0.039137482732052566,0.004999782397049626
1371691028,로이베이커리카페,건대,카페 디저트,4.6,75,0.004989229182996049,0.08486019225046086,0.09928497836057705,0.004891640866873065,0.0
109883906,베이글카페 화양점,건대,카페 디저트,4.7,5,0.05373293289620256,0.07452696944957371,0.07873267702657533,0.0,0.0
1183453835,디저트39 건대점,건대,카페 디저트,3.8,26,0.0,0.08463865921437506,0.12673888290460847,0.0,0.0
559083996,카페&바 정원들,건대,카페 디저트,4.8,265,0.028934380429588888,0.05959764003252765,0.11989870436701355,0.009831510184835144,0.0
312522567,카페더유리,건대,카페 디저트,5.0,30,0.009829457364341085,0.0047674418604651166,0.004872351982618143,0.004877488514548239,0.0
1792935944,성수율 카페,건대,카페 디저트,4.1,76,0.01479876160990712,0.10965418129570281,0.12326670279553081,0.0,0.0
250282602,디저트다운,건대,카페 디저트,3.3,7,0.0,0.03931436639711487,0.08029180908612561,0.0,0.0
1281616654,카페051 자양점,건대,카페 디저트,4.3,3,0.0,0.09980588343898285,0.12366874013866967,0.004999914844020162,0.004999914844020162
912566590,카페 안데르센,건대,카페 디저트,4.7,14,0.009565891472868217,0.03992451617373077,0.04852866382769433,0.0,0.0
1688624513,타오디저트,건대,카페 디저트,0.0,0,0.0,0.0,0.0,0.0,0.0
1745892454,히포디저트,건대,카페 디저트,4.1,98,0.03963899542535003,0.0,0.0279431754377843,0.004999893942041093,0.004999893942041093
546467904,느긋 베이커리카페,건대,카페 디저트,3.4,134,0.03448887575943976,0.054797662252143366,0.09993270129921576,0.00499999263283075,0.00499999263283075
518064341,카페위켄드,건대,카페 디저트,5.0,8,0.07140131848306326,0.004827417779225009,0.028748045190194436,0.019898531782673135,0.014999150977719573
1131229119,카페만월경 성동송정점,건대,카페 디저트,2.6,5,0.0,0.0,0.00879586715627687,0.0,0.0
26409926,카페드림 세종대학교동천관점,건대,카페 디저트,4.0,0,0.0,0.014947112984294323,0.023443875241463612,0.0,0.0
1295730014,라크렘디저트랩,건대,카페 디저트,0.0,0,0.0,0.0,0.013779194808436706,0.0,0.0
1238845838,디저트39 강변역점,건대,카페 디저트,4.4,84,0.019600745308052142,0.009972791963164505,0.04747279856785113,0.019713466638426942,0.004999844347405271
1375695497,카페씨떼,건대,카페 디저트,3.3,262,0.0,0.10455898902322597,0.14162550263604456,0.009769666638737089,0.004996595534349797
1060181905,24시 무인카페 카페& 아이스크림할인점 세종대점,건대,카페 디저트,3.5,2,0.21171006471685824,0.01,0.018974197929044305,0.0,0.0
1224893145,카페 3 Stripes 서울,건대,카페 디저트,4.0,157,0.009852713178294574,0.039736994957525244,0.048577879747688305,0.07489095010303537,0.06996071754489583
1233239104,우화카페,건대,카페 디저트,5.0,9,0.08239352995280297,0.014533328351023061,0.04445861585179732,0.024999625582316436,0.024999625582316436
197316893,펍휘트니,잠실,술집,4.6,109,0.024628482972136222,0.06479634793435425,0.06940161109224899,0.0,0.0
8508283,잠실나그네,잠실,술집,3.8,55,0.07656967171361774,0.09960968671545813,0.15130864185603438,0.009999712043177069,0.009999712043177069
27264225,월간우주,잠실,술집,4.3,161,0.18288662058867505,0.274599911496779,0.3200505025732015,0.054935668251425124,0.049886103951525575
1924341190,토우지,잠실,술집,4.4,219,0.22078478492814774,0.15445425100630802,0.2004184671379444,0.005,0.005
1551896726,우이락 잠실새내점,잠실,술집,4.7,67,0.013965682685773396,0.07976975258253248,0.11679774571337559,0.0,0.0
1827198361,토리아에즈 잠실새내점,잠실,술집,4.7,50,0.019303249435675983,0.059754388444956064,0.1045130614006318,0.0,0.0
504391622,다이키,잠실,술집,4.9,133,0.058422906383190594,0.09737943427684587,0.09295279965729901,0.019995148312279373,0.019995148312279373
27109506,건대꼴목포차 잠실점,잠실,술집,4.9,23,0.04866370510677862,0.12268774235324408,0.1693526273546226,0.009999916677213904,0.009999916677213904
372707754,정띠,잠실,술집,4.2,122,0.03399343001290433,0.07486695902437064,0.13076432343829686,0.009999978257243134,0.009999978257243134
27281033,시골토종막걸리 신천점,잠실,술집,4.6,17,0.02399100344119695,0.17433285604365628,0.19372258707965417,0.0,0.0
913714720,손자네,잠실,술집,4.7,145,0.06776769083460955,0.06972247872471118,0.09788679871792397,0.0,0.0
1701972969,슬며시,잠실,술집,4.6,200,0.08936627987242607,0.1395451126984393,0.19123503114117874,0.0,0.0
1576825700,유키토리,잠실,술집,4.3,296,0.039383191694243654,0.12477775557930128,0.15128361363647605,0.014914786512941985,0.009999925831827435
174304851,콤마,잠실,술집,4.7,468,0.5101748778800227,0.38413717357812766,0.4839623592357995,0.0,0.0
75796910,공씨네족발보쌈,잠실,고깃집,3.4,98,0.02428596584637056,0.019744874346530137,0.05878063904305511,0.03499944556421647,0.03499944556421647
18539771,부산양곱창 본점,잠실,고깃집,4.0,28,0.004956689124157844,0.08457020056023452,0.10335438591068603,0.0,0.0
1172624575,아리수만찬 잠실,잠실,고깃집,4.8,167,0.12136615073681739,0.0988385735508359,0.11715762435264641,0.04490482145196177,0.03998996077084722
403572335,금돈옥 잠실점,잠실,고깃집,3.0,172,0.02954799086244991,0.11964909050268092,0.141344261554617,0.15998365998919134,0.15998365998919134
1250122862,이공족발,잠실,고깃집,4.7,49,0.03333314666395379,0.17203030220511523,0.12305623889478451,0.029997859615023513,0.029997859615023513
693483796,당산오돌 잠실신천점,잠실,고깃집,3.9,780,0.11521605762752335,0.04922247475629091,0.04485176099631349,0.01690352790211557,0.009999852962023567
55629885,하늘닭발,잠실,고깃집,4.2,65,0.004837461300309598,0.034443851433691886,0.054344311216639296,0.01999970354473238,0.01999970354473238
1736953097,화덕고깃간 신천본점,잠실,고깃집,3.0,171,0.01469213595756431,0.01,0.01,0.0,0.0
627702483,돈순장 잠실새내본점,잠실,고깃집,4.7,629,0.11873821332418757,0.17140905169507215,0.1940264462995855,0.09336895343565121,0.06998927635513036
26874767,신천대도갈비,잠실,고깃집,3.7,29,0.029162380141581012,0.10703999546137956,0.10833413974098949,0.019999396760127942,0.019999396760127942
33115521,옥봉갈비,잠실,고깃집,4.2,337,0.10732412444742429,0.1536319886906485,0.14474882303614278,0.009775541795665635,0.0
27111195,모퉁이직화구이,잠실,고깃집,4.3,102,0.009819090980598402,0.019383512257219015,0.03494538124717139,0.05460150267643163,0.044980096219111865
2044345363,잠실한우정육식당,잠실,고깃집,4.7,169,0.04319198773658969,0.009957976362720077,0.03400209264336468,0.0049997272364104535,0.0049997272364104535
26202230,만족오향족발 잠실신천점,잠실,고깃집,3.4,823,0.04917367041420549,0.05985330043318833,0.05985330043318833,0.014690861664648053,0.00499979203625441
2093814807,화담,잠실,고깃집,2.7,43,0.03390282516010255,0.10226360283920762,0.08403250909867525,0.019999756333093078,0.019999756333093078
25049102,해주냉면,잠실,한식,3.5,231,0.005,0.044726940604848525,0.053117745202549665,0.0,0.0
16082320,늘푸른목장 잠실본점,잠실,한식,3.6,421,0.009692042242318188,0.09973599670183983,0.04887454984152331,0.02965054863954843,0.009995487240477465
14878561,남경막국수 가족1,잠실,한식,3.7,286,0.09052814066347288,0.02491363681604347,0.02491363681604347,0.01499714117431359,0.01499714117431359
12347827,담은갈비 송파잠실점,잠실,한식,4.4,370,0.11545262333238637,0.18814771209853248,0.22944599839380822,0.07815561007707793,0.05498444747073088
27303080,부일갈매기,잠실,한식,3.8,245,0.023753534904872194,0.009990015270762364,0.038465490399728075,0.0048449612403100775,0.0
72177172,미강식당,잠실,한식,4.5,508,0.04033661292616518,0.1183428246264893,0.11357044766026617,0.14343267033944238,0.13498962570093023
12394987,대성정육식당,잠실,한식,4.5,371,0.02448740611967849,0.1091135187479239,0.10877342769020737,0.03966466316796917,0.014997553294816805
2117466906,큰손닭한마리 잠실새내본점,잠실,한식,4.0,153,0.0,0.024842805777812834,0.024842805777812834,0.004868421052631579,0.0
22513020,청국장과보리밥 잠실점,잠실,한식,4.6,399,0.0912815579713213,0.0679522407751455,0.06321225871498017,0.11881528564942656,0.029996249759828942
13582223,토마루해물칼국수,잠실,한식,4.0,361,0.038011292654472374,0.05397977676261498,0.04432307975452012,0.1272728668841037,0.0
1346139956,진원소우 잠실새내점,잠실,한식,4.0,265,0.0245244609078524,0.024626310562803976,0.024360198414328904,0.04915757220381007,0.02498784539520625
272016174,화포식당 잠실점,잠실,한식,4.2,117,0.009680596109733491,0.019834570791848166,0.01973028466429235,0.024946596744487445,0.019997417698357656
2020430696,연탄부락 잠실새내점,잠실,한식,4.2,338,0.029629945863891945,0.20174987059593266,0.1476804985400968,0.015894098279455985,0.0
11170449,장수식당,잠실,한식,3.6,201,0.0,0.019868862244271594,0.019868862244271594,0.014876160990712074,0.01
1999496197,쭈꾸미도사 잠실새내점,잠실,한식,3.9,1959,0.2176467696707898,0.03447396596522879,0.029728564825991247,0.154992031243998,0.154992031243998
632501910,논두렁 우렁쌈밥전문점 본점,잠실,한식,4.1,129,0.00929203735915532,0.03866313585968742,0.024881692701541055,0.004875968992248062,0.0
1747047105,후발대 잠실직영점,잠실,한식,4.6,288,0.004897314375987362,0.029977115333271583,0.029977115333271583,0.0,0.0
569946456,왕게수산 잠실직영점,잠실,한식,3.7,18,0.048525040039162054,0.10351446368116533,0.1187061998671576,0.09441177087258891,0.06498632539430074
617218371,초대창 잠실새내점,잠실,한식,4.5,1248,0.09231091742443662,0.023449711558307534,0.014442434315744346,0.0694077254793636,0.044988997255521676
1755004918,신천생태,잠실,한식,3.8,9,0.005,0.0149819940212224,0.0149819940212224,0.0,0.0
1500248496,돈푸짐감자탕,잠실,한식,4.1,133,0.052839029625211975,0.03,0.03499984587133339,0.08316162023867124,0.009999737481336767
939202585,생생아구,잠실,한식,3.9,46,0.024205430356307046,0.0441539680116427,0.049650310469759845,0.014996059142098032,0.014996059142098032
648596761,팔팔감자탕,잠실,한식,4.5,62,0.01968926092683097,0.08937937229868007,0.09903609521972186,0.0634931220233214,0.014999247940194355
117149412,별미곱창 잠실점,잠실,한식,4.4,192,0.024076187485587278,0.06854444563170342,0.03876454693813849,0.024687740165506032,0.0
27342866,갑돼지 신천본점,잠실,한식,4.6,13,0.0,0.044536759241132595,0.03983908482252794,0.004868217054263566,0.0
9950732,와인에빠진저팔계,잠실,한식,4.0,78,0.01455290173894825,0.01488075836370337,0.07270854958350598,0.05463598900439415,0.03988448773410995
2039595362,천수횟집,잠실,한식,4.3,66,0.018954952222053692,0.11505836144441119,0.07315506671020375,0.0,0.0
16648171,오징어세상,잠실,한식,3.8,89,0.0,0.005,0.005,0.0,0.0
2051262927,정담옥,잠실,한식,3.9,1669,0.3667979795125296,0.009965297254831298,0.037316754788297615,0.33868453250625774,0.28999660040529635
1876671598,아궁이왕돌구이,잠실,한식,4.1,85,0.04850670846781149,0.04954174721329209,0.07873764438182027,0.08900357226940486,0.024994385888187746
24876140,스시애 잠실점,잠실,일식,3.6,73,0.07184383710783777,0.06472126176154648,0.09971207626243209,0.004998608335128015,0.004998608335128015
127635058,백소정 잠실새내점,잠실,일식,3.9,210,0.08808178075082353,0.13446830312595656,0.13888708106932468,0.0,0.0
26092963,마카나이 신천점,잠실,일식,2.8,34,0.06352491814950308,0.02998745105913061,0.034781971607075815,0.0,0.0
1079129782,오하이요 잠실새내점,잠실,일식,4.5,367,0.12299539181938228,0.19930234948863748,0.301238637470034,0.0748515290328399,0.06995214822788634
1973363690,효탄신참치 2호점,잠실,일식,3.9,114,0.014362413728947206,0.14959570484097834,0.15459570484097834,0.0,0.0
19636716,돈까스집 잠실점,잠실,일식,3.8,16,0.03381152555569975,0.044741288579704094,0.08207075095051156,0.0049997501052277986,0.0049997501052277986
1595983289,나레초밥 잠실새내점,잠실,일식,2.5,16,0.01445645057196038,0.024920770739053823,0.05318563073449738,0.004992571021038869,0.004992571021038869
803844455,진작 잠실점,잠실,일식,4.4,62,0.06363146287425399,0.0696481246412323,0.10660182261260717,0.0,0.0
18825490,사보텐 신천점,잠실,일식,3.4,30,0.0393101853931787,0.03985959406136751,0.05416402131461698,0.0,0.0
1829516623,수아영,잠실,일식,4.9,165,0.04899947576268616,0.054034150534388564,0.05891331776192032,0.004709821428571429,0.0
1770327564,무한리필 홍태관 잠실새내본점,잠실,중식,4.3,82,0.0,0.32386951604316844,0.32239545577600465,0.0,0.0
17969703,샹하이,잠실,중식,3.7,16,0.004829721362229102,0.27404242885128605,0.2879384836844471,0.0,0.0
1179913558,취향마라 잠실점,잠실,중식,4.6,6,0.01972408427081023,0.044659979957618695,0.04449378113388276,0.004999989383392916,0.004999989383392916
8143061,도삭마라탕,잠실,중식,4.0,24,0.004821705426356589,0.15953723663146638,0.16420390329813309,0.0,0.0
1624154892,대홍소양꼬치 잠실새내점,잠실,중식,4.5,57,0.0,0.09948152960134853,0.11811382775331883,0.0,0.0
2036408963,춘리마라탕 잠실새내점,잠실,중식,3.6,39,0.024200858621522325,0.28847660652740315,0.38370077686759274,0.049999685099536374,0.049999685099536374
1356937291,하얼빈양꼬치,잠실,중식,4.1,119,0.009948124501197126,0.11968604312604791,0.15692441666994625,0.019836461969278688,0.014999000668969094
503589100,라화쿵부 롯데마트잠실점,잠실,중식,2.3,120,0.0,0.09976563334441513,0.14433727846664188,0.03499992613774268,0.03499992613774268
27109494,명가교동짬뽕 신천점,잠실,중식,2.0,71,0.009392764857881137,0.014813505162232012,0.024547052330926546,0.009999819358043647,0.009999819358043647
142063848,짬뽕지존 잠실새내점,잠실,중식,2.2,204,0.014400855920114121,0.014952756335972293,0.024642678816592448,0.014610648077457693,0.004999992387816674
2022147786,중화요리린,잠실,중식,2.9,11,0.00969814241486068,0.08879301522321059,0.09928276049025694,0.00997069827656591,0.004999403913309126
1195009840,홍콩반점0410 잠실새내점,잠실,중식,4.1,64,0.03428280418438754,0.005,0.019659101808583414,0.014790680755951835,0.00499965908412521
1408973231,태정각,잠실,중식,3.1,9,0.0,0.04976186022920594,0.04976186022920594,0.0,0.0
1829590294,딩딤1968 롯데잠실점,잠실,중식,3.9,19,0.004954201513341298,0.07968201952218638,0.08760457037039672,0.009995684127453882,0.009995684127453882
736730317,탕화쿵푸마라탕 잠실점,잠실,중식,3.4,17,0.0,0.04975059439234097,0.05897806220349976,0.0,0.0
854991107,도스타코스 잠실점,잠실,양식,3.9,36,0.02872003834258715,0.15372887978809058,0.1740399917423247,0.009999852984556029,0.009999852984556029
1135861647,미태리 잠실새내점,잠실,양식,4.4,49,0.05139986174466216,0.08430156076589836,0.13509163838621355,0.009943168790576676,0.0049979418735187735
21328141,도미노피자 잠실본점,잠실,양식,2.4,21,0.06806302145089557,0.019793003880143906,0.034477235709639543,0.01980028133732482,0.014991630595013546
1729480279,파파밸리피자 잠실롯데마트점,잠실,양식,5.0,203,0.029887591966774072,0.12469959447501261,0.17578345587844557,0.004999920600345498,0.004999920600345498
188889459,어론피자,잠실,양식,4.4,56,0.01934102541624239,0.1692840613776024,0.20092414337171874,0.004999998284854282,0.004999998284854282
708998718,보통의숲,잠실,양식,3.6,127,0.02456955052454476,0.1693715968970656,0.17403877955960428,0.004999997036803526,0.004999997036803526
783846314,비엘라,잠실,양식,3.4,131,0.029455956552804023,0.13967140664648098,0.16347265227522975,0.0,0.0
16056196,피자스쿨 잠실본동점,잠실,양식,3.0,6,0.05381289537202753,0.009987652966031938,0.009987652966031938,0.0,0.0
356255397,프랭크버거 잠실새마을시장점,잠실,양식,3.4,14,0.009667182662538699,0.07971937190093603,0.08935545553276261,0.0049998607216098665,0.0049998607216098665
1119487795,노모어피자 종합운동장역점,잠실,양식,4.0,38,0.0,0.23457507359359905,0.2680440760222813,0.0,0.0
200235672,오카OKA,잠실,양식,4.6,163,0.07214069996564337,0.009700321538269692,0.07726941245514653,0.024624424861710306,0.009997721830960545
944487436,케이준서울,잠실,양식,3.6,100,0.004821981424148606,0.039732145054683025,0.039732145054683025,0.0,0.0
698295944,썬데이피자,잠실,양식,3.9,0,0.15850539681465736,0.20790005435885997,0.2304708199831422,0.05082222954951497,0.024996810081005485
789727767,호미스피자 잠실점,잠실,양식,4.1,7,0.048968585078898855,0.24903155927414036,0.258457976121385,0.0,0.0
688699439,타코레아,잠실,양식,4.6,30,0.07734587223620928,0.014709510644176598,0.1359465914721561,0.07992615936253433,0.07499088367352441
1551360827,츄빙빙수 디저트카페 잠실새내점,잠실,카페 디저트,1.0,0,0.019227290972340442,0.0,0.0,0.0,0.0
985464745,카페르뽀,잠실,카페 디저트,4.8,11,0.0,0.09925642267354792,0.10353523280670322,0.024416535129257427,0.0
1524771785,카페타타,잠실,카페 디저트,4.8,13,0.05831769653596517,0.09863112637629796,0.11737580800043057,0.019996266874016316,0.019996266874016316
1068761747,마이멜로디 하모니카페,잠실,카페 디저트,4.0,128,0.10160083369701739,0.03488625445221262,0.08505649643893058,0.0,0.0
505219793,디저트39 잠실새내점,잠실,카페 디저트,3.1,14,0.033798787950430474,0.009967873433860037,0.009967873433860037,0.0049986267576276255,0.0049986267576276255
1828240178,카페봄봄 잠실성당직영점,잠실,카페 디저트,3.0,5,0.024313214816579966,0.005,0.009999838262361387,0.009999218337992161,0.009999218337992161
1804061845,짱구 베이커리 카페 롯데백화점잠실점,잠실,카페 디저트,3.0,229,0.024159218694401154,0.02984992604189749,0.08519118413238752,0.0,0.0
48005647,카페155,잠실,카페 디저트,3.7,2,0.016839585860791637,0.029900255799961882,0.04690285536259951,0.0049999928124590046,0.0049999928124590046
1356720358,카페헤리터 롯데백화점잠실점,잠실,카페 디저트,4.9,95,0.08787792871237268,0.049129106124194216,0.08321227609297913,0.024790866019231896,0.004999844347405271
819724612,카페워크룸,잠실,카페 디저트,3.0,2,0.05248080981590125,0.005,0.01908244624453963,0.0,0.0
1223377096,더카페 롯데마트잠실점,잠실,카페 디저트,3.0,0,0.07213697675491004,0.0,0.004785772029102668,0.0,0.0
1183753988,카페만월경 잠실레이크팰리스점,잠실,카페 디저트,4.3,2,0.00946189017314209,0.08468181211662232,0.12281142773865299,0.05481803597540114,0.049996330549044565
733631255,제이에스디저트,잠실,카페 디저트,5.0,13,0.15132360958026067,0.024922919076045873,0.06461188528667515,0.04941660585290336,0.029999423137611538
529268204,솔디저트,잠실,카페 디저트,0.0,0,0.01417859026591437,0.0049999948539562735,0.0049999948539562735,0.0049999948539562735,0.0049999948539562735
882921077,카페2.7,잠실,카페 디저트,4.6,660,0.06899545640392642,0.09365223708942297,0.12200756347014881,0.024788572197862315,0.009998712737462806
1471914362,카페만월경 잠실점,잠실,카페 디저트,4.5,2,0.009319475886670783,0.024937453238882662,0.04415494625552005,0.019821691485384537,0.009999986059027948
607577498,카페모던비,잠실,카페 디저트,4.7,8,0.08983581356636039,0.05453709243079703,0.1255067856701891,0.019967185042264617,0.014998582216518935
945880291,카페다반,잠실,카페 디저트,4.5,134,0.047385373107773326,0.04989193818259172,0.11232154823174606,0.024629705295866312,0.0
2045646287,카페618,잠실,카페 디저트,4.5,12,0.11314417207776684,0.019985192737599272,0.029495162175085153,0.014844758679332071,0.0049999928124590046
1731532134,정자매카페,잠실,카페 디저트,5.0,97,0.023989181057646622,0.014965731590691745,0.1119638257032992,0.004861963190184049,0.0
1306763292,그레이카페,잠실,카페 디저트,5.0,4,0.009381834606441148,0.009999732333713875,0.03777132254658232,0.0393345677534342,0.009996327840870617
81383084,카페만월경 헬리오시티점,잠실,카페 디저트,0.0,1,0.009440567450876729,0.0,0.0,0.0,0.0
741391811,육전식당 4호점,강남,고깃집,4.2,96,0.053696030631219444,0.058806353121989556,0.06912427083951683,0.005,0.005
19351143,삼원가든,강남,고깃집,4.1,534,0.10758745407372634,0.02496201798991289,0.029660160404773574,0.11861065816437019,0.0399969061039214
1503746075,창고43 강남점,강남,고깃집,3.5,266,0.04315815933181942,0.03498020887914622,0.04431749617448518,0.10356877233485681,0.054987857915083496
13102233,세종한우 학동역점,강남,고깃집,3.8,298,0.034551829505160885,0.034242988144815974,0.0390248628204465,0.03486439655924029,0.02998823556852822
27315574,삼육가 논현직영점,강남,고깃집,3.8,121,0.04354256004302893,0.07885461351404734,0.03840662287742328,0.14406159494772444,0.10497105424228227
1624333045,래빗홀버거,건대,양식,4.4,100,0.02891072828860259,0.1581450086863256,0.15424855242940422,0.014999989595461543,0.009999989595461542
1359276887,마초쉐프 건대점,건대,양식,4.0,1337,0.17333104386846876,0.3036724080869202,0.35278895396140714,0.009488775586816007,0.0
21929635,로니로티 건대점,건대,양식,3.9,680,0.08622485100077065,0.11453004013565417,0.16003739200666764,0.0,0.0
192485759,탄토탄토,건대,양식,4.8,640,0.4386429024419576,0.3184343573874282,0.37914567248481307,0.009921383647798742,0.0
1280863801,엘루이피자 건대점,건대,양식,4.0,108,0.01434336038825203,0.08451607112388942,0.08481018877094826,0.0,0.0
1093085311,수퍼슬라이더스,건대,양식,4.7,220,0.056471983876586945,0.3643386278762922,0.4066766421288351,0.0,0.0
1159203702,비에이치테이블,건대,양식,4.5,130,0.13789133780636678,0.1941870702956888,0.21725661341274127,0.0,0.0
26844606,모모스테이크 건대점,건대,양식,4.5,23,0.1269241188547775,0.015,0.09127386237176525,0.009999686808600392,0.009999686808600392
1854024237,피자빌리지 건대직영점,건대,양식,4.8,290,0.16402538189436555,0.1811236536750708,0.20970575479461936,0.15901253648951763,0.06957005582666509
1395441458,트라타 건국대점,건대,양식,4.1,75,0.11073534876597022,0.04975026048574564,0.05439422333404286,0.009999710193056163,0.009999710193056163
1714194607,타코벨 건대스타시티점,건대,양식,3.6,73,0.014725142078762745,0.13935362482052577,0.1664499047608131,0.014995634632903399,0.014995634632903399
15397973,메이빌 본점,건대,양식,4.2,153,0.15305754790742404,0.24888965066613067,0.26225243402975756,0.0,0.0
1137599191,호파스타 건대본점,건대,양식,3.8,53,0.05359254640243258,0.09467923699651468,0.1127874545702805,0.014999927906250295,0.014999927906250295
1636342582,플록,건대,양식,4.5,134,0.17768813190729357,0.12978723473189732,0.16229181898226255,0.0,0.0
641607564,페르바코,건대,양식,4.9,40,0.13126993491463376,0.06408437269173084,0.06467520300882008,0.0,0.0
1871752626,탄포포,잠실,술집,4.5,189,0.42466185676731555,0.449567539034646,0.4680278702067756,0.0,0.0
13147761,화심,잠실,술집,4.4,77,0.13809285003433774,0.16850191202781845,0.1857145771280701,0.0,0.0
7980341,신천포차,잠실,술집,4.6,196,0.03459662175379689,0.094685660195694,0.11799856459683479,0.0,0.0
15732322,맥호프 잠실본점,잠실,술집,4.7,142,0.053423261782111216,0.08900876141187851,0.12715892776530197,0.029928968740572107,0.01999812531589742
750694763,주택가,잠실,술집,3.9,115,0.049128431188076235,0.26375161084023996,0.35123731288516535,0.02499997456237784,0.02499997456237784
10021212,칸코시,잠실,술집,4.3,58,0.0243523636383745,0.06973699767692151,0.0791830057452206,0.009953557166036395,0.0049999967945193674
1246170747,그늘,잠실,술집,4.3,149,0.15969322628421462,0.17927189124593162,0.20672430686514648,0.0,0.0
1997791215,이태리양조장 잠실본점,잠실,술집,4.8,804,0.5285683760890838,0.394937642164064,0.44403979466551696,0.0,0.0
15251568,오아시스,잠실,술집,5.0,7,0.06347759062215784,0.04473635301158461,0.084663945243892,0.0049499209277807064,0.0
190459327,야키토리로만,잠실,술집,4.2,135,0.13773927207152373,0.09977318160394986,0.22034617120853858,0.0,0.0
1753863713,꼬치집,잠실,술집,4.1,118,0.02467549879328956,0.1496042947475449,0.19003694986898226,0.005,0.005
2082640342,역전할머니맥주 서울신천점,잠실,술집,3.8,14,0.024285599426288024,0.21981526861528297,0.24754981850001923,0.1449423107721562,0.1399949978111446
1544553231,히비,잠실,술집,4.0,85,0.024356288685892992,0.18948098816250777,0.23783210125340998,0.009999978257243134,0.009999978257243134
580216923,펍마이마이,잠실,술집,4.2,755,0.07825477041025289,0.08481442080335305,0.14051846117999617,0.014945903964967224,0.00499993184192319
253837045,잊힐리야 잠실새내,잠실,술집,4.6,136,0.14911158788729928,0.20420053250154577,0.23243257172748824,0.0,0.0
1014186276,훈지,잠실,일식,4.8,138,0.04973511817526988,0.06405288923220578,0.11562620722229436,0.004964925954793453,0.0
22895272,김자순수제돈까스,잠실,일식,4.6,39,0.009531031551105233,0.09962966340564519,0.09986186154806004,0.0049999927882394615,0.0049999927882394615
2097670691,선남씨,잠실,일식,4.2,147,0.014582673230819838,0.024989663261951334,0.10068824048341853,0.029492476109841473,0.009999966463902546
24787517,벼락가우리 신천점,잠실,일식,4.6,76,0.13888322664210645,0.11474875614467639,0.17950236751650042,0.004999849739719598,0.004999849739719598
19901368,호시아이,잠실,일식,4.1,28,0.029553751820284347,0.0848703408484447,0.17719053817777725,0.059993860692501205,0.059993860692501205
437494532,상무초밥 잠실점,잠실,일식,4.2,1041,0.22539276194569702,0.06484513307604425,0.07483610099296117,0.009948938663681312,0.004999759617551524
777232005,이치고,잠실,일식,4.2,322,0.10298239528286984,0.10975840788070222,0.12780067427756991,0.009860072628852933,0.0
1185756352,미카도스시 잠실새내점,잠실,일식,3.8,210,0.12826606000264434,0.12940079520733683,0.15749723384081504,0.005,0.005
207152855,고쿠텐 잠실새내점,잠실,일식,3.8,526,0.028727523249932857,0.09853117523533766,0.08365720715960659,0.004945141065830721,0.0
1181524598,도삭면공방,잠실,중식,4.1,298,0.13441180870955058,0.21467639095028837,0.21927329017509456,0.0,0.0
20000047,태민양꼬치,잠실,중식,4.4,189,0.029714285714285714,0.029867559541675255,0.04478680805848475,0.0,0.0
21211219,하얼빈양꼬치 잠실본점,잠실,중식,4.3,43,0.0441503937593484,0.05300988054655989,0.048614543625746104,0.0,0.0
22045782,신천마라샹궈,잠실,중식,4.6,43,0.0,0.2538845477221143,0.2394079314365295,0.009999966455995584,0.009999966455995584
746540152,미친양꼬치 잠실점,잠실,중식,4.7,116,0.09740094171491519,0.20675966137361512,0.21211445195652176,0.049288827278947206,0.0249910248727379
151815749,홍콩완탕면,잠실,중식,4.3,432,0.3595957284857967,0.3647145656625267,0.3647145656625267,0.019855466405248746,0.0
17515271,동북양꼬치 신천본점,잠실,중식,4.0,31,0.004790697674418604,0.029936841787918417,0.0388873823983976,0.054739082223087425,0.0449786894981147
1532596067,케이웍 잠실본점,잠실,중식,4.2,185,0.029996883427767563,0.1215490130370061,0.07868476820513766,0.16998742198465672,0.16998742198465672
894027816,샤오롱바오 잠실새내점,잠실,중식,4.2,620,0.059555639949909006,0.03499484819527189,0.03997946357988727,0.009529333156691185,0.0
11678657,도림 더 칸톤 테이블,잠실,중식,3.6,155,0.0,0.10418030476083925,0.16950173821670064,0.02470207766180746,0.014999965445624762
11831479,신천양꼬치,잠실,중식,4.2,29,0.04963772605888331,0.1347301505252393,0.1443735613779525,0.039988434425630166,0.039988434425630166
9189132,심포니오브차이나,잠실,중식,3.9,112,0.045173216412066744,0.17367820838297515,0.240773466006635,0.12495067647899137,0.12495067647899137
10445041,빈궁,잠실,중식,4.1,19,0.004684684684684685,0.014974698741811995,0.024974630006912194,0.009999923652916872,0.009999923652916872
27204427,미성양꼬치 신천점,잠실,중식,3.3,385,0.03978174954001942,0.06471773608276149,0.06963698459957098,0.004996777085074882,0.004996777085074882
732638033,만다복 롯데백화점잠실점,잠실,중식,3.2,110,0.009673164633610376,0.06988113445613024,0.07794686165445058,0.0,0.0
24693042,요리하는남자,잠실,양식,4.1,2114,0.27026510959243305,0.07973769549106828,0.18996528995759288,0.059908962556928055,0.059908962556928055
26854841,바토스 잠실점,잠실,양식,3.4,87,0.01945644149132521,0.07958476837424339,0.09633254929523029,0.0,0.0
240439843,투파인드피터 잠실점,잠실,양식,4.4,1394,0.25104227292732134,0.05933012005988436,0.11006075510576166,0.25408484145738686,0.2149749343366438
1646627925,폴스,잠실,양식,5.0,47,0.019324324978172994,0.08373884304960935,0.07873903577650504,0.0,0.0
8000883,알루메 (AL Lume),잠실,양식,4.3,13,0.04081675475455621,0.129402861803139,0.1623245972424672,0.06795367092274818,0.054982195064291445
119414440,아이마미따,잠실,양식,4.1,25,0.0,0.2241957315354093,0.24267351460446895,0.00497393117831074,0.0
664185361,버거그랩앤치킨,잠실,양식,4.1,10,0.01923039388871453,0.09939151206152755,0.0996237102039424,0.01999961744618476,0.01999961744618476
884833457,까사피에스타 송파점,잠실,양식,4.1,561,0.09899963537245197,0.07936958874156104,0.09314842141646863,0.004998284587014324,0.004998284587014324
49408452,버터핑거팬케익스 롯데백화점 잠실점,잠실,양식,3.4,35,0.03886014367493804,0.1443958830279837,0.15803684832255313,0.0,0.0
1979946120,교양식사 잠실점,잠실,양식,2.7,39,0.10775632843450042,0.13475207416880447,0.1438482710368134,0.009744186046511628,0.0
1845251816,잭슨피자 잠실본점,잠실,양식,4.0,246,0.005,0.0347712069466233,0.03933003047603507,0.0,0.0
1715602137,긴밀,잠실,양식,4.8,181,0.13485670737057154,0.08841035279867887,0.10653980929828613,0.07497830327019683,0.07497830327019683
1153193388,멜팅소울 롯데백화점잠실점,잠실,양식,3.3,319,0.00968266253869969,0.1192673597017459,0.1192673597017459,0.0,0.0
650197751,미즈컨테이너 잠실점,잠실,양식,3.0,50,0.043606000357491445,0.015,0.015,0.0,0.0
27417408,고우 청담점,강남,이자카야,4.4,36,0.004853403141361256,0.009953823420760989,0.014197313920409125,0.0046041055718475075,0.0
1967158657,콘유,강남,이자카야,3.8,156,0.07467107272094348,0.40214089498562944,0.4662682249878454,0.0,0.0
519935750,이자카야고코,강남,이자카야,4.8,1088,0.12893656673496812,0.29865135101962725,0.39074622117070584,0.039257698682496886,0.0
15500067,이자카야나무 대치점,강남,이자카야,4.1,215,0.21321709073351192,0.1137764791559062,0.20112078431308916,0.11557941183334332,0.09495024461286565
1602357460,오레노유메 강남역점,강남,이자카야,3.7,186,0.16425887645921772,0.0871804281221018,0.18564405598277073,0.09488633397309869,0.08997294814632703
6410688,야키토리묵 신사점,강남,이자카야,4.5,366,0.019580355157339052,0.2742043954517424,0.3209851491578736,0.009999422067071427,0.009999422067071427
2096953444,모요,강남,이자카야,4.3,19,0.04336011675070429,0.11383338236428862,0.2159743700477921,0.01494013670706017,0.009998960236471933
1040622143,이자카야나무 선릉점,강남,이자카야,3.9,63,0.0768367125185193,0.14413076330569477,0.23705127393743833,0.014804635097909408,0.004996635228399684
1878431824,포사로,강남,이자카야,4.8,1820,0.19201312328220793,0.1789206997918321,0.22031929394756714,0.14794448605542398,0.1099701916169019
18837920,시라카와,강남,이자카야,4.7,146,0.03237484631982264,0.17344458938497212,0.24860631820671356,0.024173541735015056,0.0
567076432,이자카야나무 강남역CGV점,강남,이자카야,4.5,152,0.08500668282470285,0.03987879703101574,0.2162219414020939,0.24580112249073807,0.10495892565484788
16708334,타이쇼,강남,이자카야,3.9,107,0.16622196811759532,0.0426381261071691,0.10235761265926961,0.0649315718310744,0.05999030323279718
116581247,카와세미 압구정로데오점,강남,이자카야,3.1,34,0.038839753263746314,0.05489760645627131,0.07841337050320067,0.019775379382360764,0.004995605370929919
421755171,진도켄이자카야,강남,이자카야,3.8,304,0.014487977053930047,0.319358258014916,0.34588436346697987,0.06999514027864273,0.06999514027864273
1021627981,교텐,강남,이자카야,4.5,35,0.07988891901761869,0.12421630663262392,0.3138559105325057,0.05493195488126705,0.05493195488126705
1169321500,루307,강남,이자카야,4.6,1177,0.08894238789868,0.07430678156863955,0.14460354040808027,0.0796083181802757,0.05988196454300807
883629409,타츠로바타쇼,강남,이자카야,4.7,177,0.11995617429800325,0.1887193611056734,0.4711121829785398,0.05430711369074079,0.004999992791226282
12474728,깐부치킨 삼성점,강남,치킨,4.6,185,0.033853478911113496,0.08973560571967704,0.33597411916002584,0.20455636589681028,0.184964384936256
114747840,윙스탑 강남점,강남,치킨,4.2,257,0.023366536415281493,0.09959089956896852,0.2048123967559999,0.03999916827487902,0.03999916827487902
24245396,놀란치킨 선릉역점,강남,치킨,4.7,38,0.024401990048510503,0.08853430213628172,0.20000544242563179,0.0594480275220258,0.024998166865060817
1139521945,효도치킨 논현점,강남,치킨,3.8,58,0.01393462710601702,0.029801232048717017,0.03752175922232461,0.0296690336706314,0.015
907244401,삼덕통닭 신논현점,강남,치킨,4.6,143,0.05781205657508786,0.11511242692214274,0.15791965409525463,0.02982630953165243,0.024993992458481704
233623177,계열사 논현점,강남,치킨,4.0,45,0.0,0.04985399292860799,0.07939268672049316,0.059956921455671094,0.054996291534411254
16767854,호또치킨 강남본점,강남,치킨,3.0,15,0.011013390983521444,0.04417680272480954,0.1759776774236171,0.05499628825222706,0.05499628825222706
888590919,꼬꼬아찌숯불치킨 강남역점,강남,치킨,2.9,30,0.00478328173374613,0.13948583710173193,0.1535473146789453,0.029773061401666863,0.01999996300412629
24012490,깐부치킨 삼성역점,강남,치킨,3.4,29,0.01934856671248739,0.14929374599618409,0.1687290459066119,0.014999869016297036,0.014999869016297036
628932470,깐부치킨 선정릉역점,강남,치킨,4.4,25,0.0,0.09972395518109821,0.12318653539714544,0.024860050335712494,0.014999962737540042
20631002,깐부치킨 선릉역1번출구점,강남,치킨,4.1,19,0.014757942511346444,0.044452329721687736,0.0823903606042245,0.05944265533473169,0.0449826178104794
27285902,문어앤치킨 삼성점,강남,치킨,3.0,112,0.014573643410852715,0.05986555455788545,0.3804966945652572,0.2344073649397104,0.21998652570114266
2070339497,깐부치킨 선릉역8번출구점,강남,치킨,3.9,15,0.04801805433847751,0.0847925529684471,0.16137950193699413,0.07499887567273968,0.07499887567273968
16055409,교촌치킨 역삼1호점,강남,치킨,2.7,22,0.0,0.054245030452345376,0.11982413443247789,0.014999613095732755,0.014999613095732755
220544074,깐부치킨 청담점,강남,치킨,3.7,68,0.0096671826625387,0.15963452569021405,0.19282038132302623,0.0846481084766689,0.06999640569029117
753087736,치킨공식,강남,치킨,3.5,34,0.023841715534212375,0.06968785143672786,0.09938496723261035,0.034784625269698895,0.01999962671277073
2138017986,닭장수후라이드 강남구청점,강남,치킨,4.4,15,0.023161437302848132,0.024532519873114684,0.08678023339818663,0.024997777413327708,0.024997777413327708
63388502,삼성동치킨 삼성점,강남,치킨,4.4,17,0.0,0.09370632894832259,0.10380120473105302,0.03468644857600916,0.019994908214053652
23700231,교촌치킨 논현1호점,강남,치킨,2.3,20,0.024002836060521025,0.10445854776338268,0.16604323359758574,0.02999906472275669,0.02999906472275669
1453563050,BBQ 강남점,강남,치킨,4.1,20,0.00478328173374613,0.20436024870364547,0.30553288225906666,0.0049999930115560065,0.0049999930115560065
1473987411,윙스탑 압구정로데오점,강남,치킨,3.5,56,0.004925373134328359,0.07462597913390052,0.1355289358891828,0.004999250213689098,0.004999250213689098
16271455,태공호프치킨,강남,치킨,3.9,38,0.0,0.06448476963501044,0.09448437465984569,0.029999605024835226,0.029999605024835226
26430344,BHC치킨 압구정역점,강남,치킨,4.3,4,0.014039673961468878,0.04466274489065504,0.07326160438724039,0.014999756154057962,0.014999756154057962
27512691,현정숯불바베큐 3호점,강남,치킨,2.6,39,0.009841405133608195,0.044856341157730226,0.31956922133836224,0.1799961716005989,0.1799961716005989
1002358855,BHC치킨 삼성점,강남,치킨,2.9,25,0.004845201238390094,0.16943469714388507,0.27330093411541173,0.08983407993592317,0.08498887869753309
918012586,교촌치킨 선릉점,강남,치킨,3.9,11,0.0,0.18438989148509205,0.20727826506771177,0.024914817242819663,0.01999995656170511
17738185,깐부치킨 압구정현대백화점점,강남,치킨,3.1,8,0.004655688622754492,0.009987156363604734,0.10969737484074672,0.09499797715115273,0.09499797715115273
1532746849,대왕통닭 역삼점,강남,치킨,4.6,21,0.005,0.07968902902670787,0.16239326893962253,0.0599557264283087,0.0549987287738912
1171843207,60계치킨 서울논현점,강남,치킨,3.4,11,0.009732136615055622,0.029705483640735178,0.06368386250794661,0.024999558442465816,0.024999558442465816
429895682,도산분식 도산공원점,강남,분식,3.4,113,0.009998210125595436,0.04907964681531773,0.06335970654557144,0.0,0.0
14590990,작은공간,강남,분식,3.8,390,0.07401327090427857,0.14231507390549938,0.13312564224911014,0.009992068278216255,0.009992068278216255
20125427,루비떡볶이,강남,분식,3.3,301,0.03284602805233344,0.04953433287555649,0.11199985052920067,0.024998707995961635,0.024998707995961635
8470301,우리집만두 선릉본점,강남,분식,3.7,116,0.009196428571428572,0.03488048008838447,0.04722006498460853,0.0,0.0
16065669,다모아분식,강남,분식,3.2,93,0.0,0.034896706169038304,0.03868734336019566,0.0,0.0
899406562,국미당,강남,분식,3.4,103,0.019731629369624366,0.014919137568486627,0.014919137568486627,0.0,0.0
16268727,하루방,강남,분식,4.6,71,0.0,0.03489671462352851,0.03489671462352851,0.0,0.0
15215614,대가,강남,분식,3.3,41,0.0,0.02986143768969935,0.03937661588137286,0.0,0.0
26404657,마녀김밥,강남,분식,3.1,13,0.009868217054263566,0.014981291607949851,0.019570438894771554,0.0,0.0
1357503918,빨간오뎅부산어묵 개포점,강남,분식,3.1,116,0.0,0.024810125726316964,0.03941495211953477,0.014999956263609775,0.014999956263609775
1324632572,보영만두 선릉점,강남,분식,3.9,37,0.024327085732948794,0.009719447486579696,0.03336756663357615,0.0,0.0
19305602,민들레떡볶이 역삼점,강남,분식,3.6,165,0.01452410241008149,0.024957447658597243,0.03921442196133414,0.009999898399014374,0.009999898399014374
2116206652,튀김아저씨,강남,분식,4.3,283,0.00930747540705563,0.03905784582537073,0.05822998568486169,0.0,0.0
27281065,반장즉석떡볶이 강남점,강남,분식,3.4,146,0.004555555555555556,0.009944254146290979,0.009944254146290979,0.004998608335128015,0.004998608335128015
716972198,신사시장떡볶이집,강남,분식,4.2,100,0.03469482528261901,0.01976381118400721,0.052830376442880134,0.0,0.0
845899909,만두의 전설,강남,분식,4.6,139,0.0,0.05405541153150547,0.05870711431788318,0.004999226245744352,0.004999226245744352
16648177,서강쇠떡볶이 본점,강남,분식,2.6,49,0.01917780083770039,0.029905524401295302,0.029905524401295302,0.0,0.0
990830077,모퉁이흑미김밥 압구정점,강남,분식,4.1,55,0.0,0.04986730123730096,0.07344770990603161,0.014999927906250295,0.014999927906250295
655797394,선릉역매운떡볶이 역삼점,강남,분식,3.7,34,0.07963867312784864,0.0049639026984344406,0.023770104248822036,0.0,0.0
27315486,사이드쇼 스타필드코엑스몰,강남,분식,2.8,151,0.01407459362354643,0.024721002966728457,0.024721002966728457,0.004802431610942249,0.0
1075904569,호정김밥 본점,강남,분식,5.0,66,0.04423389933484694,0.10889251856449053,0.10204375631803275,0.049996471170062666,0.049996471170062666
18751402,맛짱떡볶이,강남,분식,2.3,111,0.004521739130434782,0.01491456497099689,0.019823202844751045,0.0,0.0
26990631,박실장 논현점,강남,분식,3.4,47,0.009690902704601333,0.009999985475828317,0.02857737614330369,0.009999985475828317,0.009999985475828317
27444778,속이꽉찬만두99.9,강남,분식,4.4,38,0.004598214285714286,0.009913134217631014,0.029037824942095093,0.0,0.0
9433027,창포,강남,분식,3.1,41,0.004999641397993743,0.014934045013114102,0.0244759970847897,0.0,0.0
17122716,우리김밥 신사점,강남,분식,4.9,6,0.004962406015037595,0.13967869317176773,0.07463972905339068,0.004891640866873065,0.0
362253857,평양만두,강남,분식,4.6,22,0.0,0.014993818851130462,0.034660437193477014,0.014999435679807849,0.014999435679807849
579547836,오예술김밥 삼성본점,강남,분식,4.5,23,0.019483478999424642,0.01953920480705579,0.07583763586824312,0.004938080495356037,0.0
22109074,캘리포니아호프치킨,강남,호프/통닭,4.5,39,0.09073281444081982,0.1492244231304982,0.15855872124916678,0.0,0.0
16679761,밤푸스호프치킨,강남,호프/통닭,0.0,3,0.0,0.0,0.004612403100775194,0.039982666476046515,0.039982666476046515
16048997,다림호프치킨,강남,호프/통닭,4.0,1,0.0,0.009966232964589102,0.043073493680943604,0.019806037107969725,0.00999953555998211
12799556,왕호프치킨,강남,호프/통닭,5.0,1,0.014334979300833512,0.014639007882001544,0.00993312552906037,0.07802922845244885,0.014995256808866589
11249593,한강호프&치킨,강남,호프/통닭,3.3,19,0.009647932649619228,0.04982486277498274,0.08264535124433536,0.12978499301014582,0.11994022714327275
23293789,꼬끼꼬끼 치킨호프,강남,호프/통닭,1.7,126,0.0,0.004953699169740693,0.004953699169740693,0.024989425028712785,0.024989425028712785
2021534584,강남통닭호프,강남,호프/통닭,4.0,23,0.012788754496673129,0.05610567424365184,0.10042569122226588,0.1299687046452989,0.1299687046452989
15424064,호프케리홈치킨 금호점,강남,호프/통닭,5.0,4,0.009878523303369018,0.05385988681019271,0.08459434848154773,0.054167548600039674,0.029999474906590856
1839696554,봉이치킨호프 강남점,강남,호프/통닭,3.0,2,0.009597523219814242,0.029696158646521042,0.0444154741386157,0.009998520614858102,0.009998520614858102
139425481,청담호프,강남,호프/통닭,5.0,120,0.14725627881605868,0.04836507116665203,0.10070228529261176,0.14957077062683533,0.12498037978259813
10073032,일번지통닭&HOF,강남,호프/통닭,4.2,28,0.004864016736401674,0.014919181563703627,0.0244441981116147,0.0,0.0
21332315,인디아나호프,강남,호프/통닭,3.8,66,0.0,0.014968611318716964,0.014968611318716964,0.0,0.0
9233405,알펜호프,강남,호프/통닭,3.8,10,0.0,0.044876893827967175,0.05913536808090616,0.004999537284214273,0.004999537284214273
16738973,동호숯불바베큐호프,강남,호프/통닭,4.3,43,0.01959811803082559,0.024990141746225967,0.048879110855299585,0.01499976318993533,0.01499976318993533
12275519,동호숯불바베큐호프,강남,호프/통닭,4.3,12,0.0,0.024949455178474956,0.049948597367916736,0.07827265153376274,0.029999137632634364
16443095,호프을지로골뱅이,강남,호프/통닭,4.3,13,0.0,0.004992534687043416,0.004992534687043416,0.0,0.0
697368680,을지로만선호프 개포점,강남,호프/통닭,2.3,36,0.066510938894287,0.014976087074516621,0.019976009077248755,0.0348971811328274,0.029989347031444916
659317471,만선호프 을지로직영점,강남,호프/통닭,3.0,5,0.014366098368047957,0.07974198076628598,0.239273382936117,0.38959096558211415,0.3749385167556218
16677348,남도호프,강남,호프/통닭,5.0,0,0.009777402563173327,0.042644709835658726,0.04991349941143392,0.03434975849258448,0.01999948130105032
27314038,강남호프,강남,호프/통닭,4.3,6,0.01913963348243011,0.11997783321313783,0.11318463587898034,0.14055287019109725,0.13997745316082622
983770243,골뱅이&치킨하우스,강남,호프/통닭,3.9,5,0.03416968734192963,0.06480228149838801,0.08277391054586845,0.034598887456074194,0.009998393833627156
541841603,을지로원조골뱅이&치킨,강남,호프/통닭,5.0,1,0.0,0.04462955759833757,0.05371348957004986,0.0,0.0
20805960,다빈치호프,강남,호프/통닭,2.3,1,0.02590911834570537,0.029867888056726938,0.32463370180057183,0.12488935489207327,0.1199977140252002
16822518,호프마을,강남,호프/통닭,5.0,3,0.00911471134180087,0.01493504008991607,0.03380729373909406,0.0683726423542574,0.019989997747291148
18906301,둘둘치킨 대치점,강남,호프/통닭,1.6,8,0.0048529411764705885,0.01492932950359716,0.028990937923459987,0.004860681114551083,0.0
684406629,을지로골뱅이앤치킨,강남,호프/통닭,4.0,1,0.06683534344254281,0.06439738642353418,0.07923875444359832,0.02476116908755506,0.01499833465291711
1977056415,치킨앤비어 역삼점,강남,호프/통닭,5.0,0,0.009413436195914782,0.01986584690640899,0.03906499482361094,0.07465484156646021,0.0549925029060868
1590974724,두남,건대,이자카야,4.8,170,0.0368309992434422,0.2041015920664746,0.256041872963884,0.0,0.0
26922594,사월식당,건대,이자카야,4.3,82,0.0,0.08468984394417191,0.1166155052360775,0.0,0.0
991934854,이자카야 우규 건대점,건대,이자카야,5.0,236,0.014494007076514817,0.08460093491202553,0.10814450831973323,0.009999757069381679,0.009999757069381679
1085302298,심야식당 후타리,건대,이자카야,3.4,600,0.028423319335240064,0.1296734932204386,0.1437337698291348,0.009850407397831698,0.004989726283280616
1058598819,하루,건대,이자카야,4.6,949,0.23660537339605017,0.12821238163112259,0.18017292360144638,0.02489742093152239,0.019998040126568827
1073251554,아쿠슈,건대,이자카야,4.1,84,0.0,0.13943604378923039,0.1490567868232861,0.0,0.0
1817977697,로바타니카이,건대,이자카야,4.4,106,0.014405657878065357,0.07972817427556789,0.18083552145575382,0.0,0.0
952429701,하리네즈미,건대,이자카야,4.4,26,0.013887026918509529,0.11917519705622878,0.2470978733128522,0.0,0.0
1464045489,이찌방이야기 건대본점,건대,이자카야,4.4,76,0.08281367660556666,0.1740705527496563,0.23864907031879617,0.024999626320375147,0.024999626320375147
2143252748,토리광,건대,이자카야,3.9,335,0.10849854211551996,0.07446570430762992,0.12149024978306613,0.014690402476780186,0.0
646150607,하리,건대,이자카야,4.6,127,0.0188995014877198,0.08457446838726224,0.12137978839286279,0.004930340557275542,0.0
18829172,일광,건대,이자카야,4.7,29,0.0,0.12841222164874389,0.16111611910981247,0.0,0.0
1870885795,오사카고양이 건대점,건대,이자카야,3.0,97,0.06322521010239543,0.0349384490045238,0.04869305181296724,0.009998095963442498,0.009998095963442498
1801258872,생마차 구의역점,건대,이자카야,2.8,23,0.018804773937593448,0.004999989777337679,0.056619430986589905,0.054586696585070316,0.0449760408954293
1329827890,이자카야이옌,건대,이자카야,4.3,242,0.03398136068278847,0.11867118021472337,0.1525762828065094,0.0,0.0
1981504570,호뎅,건대,이자카야,4.4,151,0.10954705042271379,0.20912954813374887,0.21756562483575478,0.0,0.0
1992582334,솔방울,건대,이자카야,3.8,99,0.04761238822083627,0.10900479310946917,0.1404043710401769,0.0,0.0
1693961100,동경생포차 건대점,건대,이자카야,5.0,47,0.023847943836352532,0.03457002925950135,0.3539808093933407,0.019875202837487036,0.014999041846774964
305455237,이자카야 위로,건대,이자카야,4.8,137,0.00492822966507177,0.12453538538593886,0.17945000969099453,0.004963293130571578,0.0
33801252,무이,건대,이자카야,3.7,87,0.024651969983029057,0.09486776479154979,0.16584869460487814,0.0,0.0
1196398006,가드키,건대,이자카야,5.0,28,0.014451318323703262,0.0741981792914882,0.06875501235670108,0.004709821428571429,0.0
1204672393,타치노미,건대,이자카야,2.8,17,0.014409638813783892,0.0,0.016799898984775585,0.0048993808049535605,0.0
11499383,해남닭집,건대,치킨,4.0,119,0.02940038577998756,0.10459885594455522,0.16486494911424943,0.13985943286077038,0.13497553193197778
21088950,대박치킨 본점,건대,치킨,3.1,48,0.07243486879439659,0.0398094525547546,0.054023179110624805,0.004998608335128015,0.004998608335128015
27334492,아웃닭 건대점,건대,치킨,3.4,240,0.05377414928297956,0.11350768063785399,0.1494630342337026,0.049995209616065156,0.049995209616065156
1205548982,쥬쥬치킨,건대,치킨,4.5,22,0.018953738033852353,0.13949421949560306,0.1489468922241685,0.0,0.0
27306030,바른치킨 건대역로봇점,건대,치킨,4.4,30,0.024192461214421715,0.01,0.02362278302808277,0.0,0.0
12531834,교촌치킨 건대점,건대,치킨,2.1,11,0.0,0.02493393218530691,0.02493393218530691,0.014999968850192294,0.014999968850192294
27227349,신통치킨 건대점,건대,치킨,4.5,3,0.03753315792955576,0.03475693271312663,0.05296727562828209,0.014998582216518935,0.014998582216518935
14681009,참존숯불바베큐치킨 구의역점,건대,치킨,3.9,23,0.0,0.014937256182107122,0.024937103483628036,0.029203449537456478,0.009999847301520912
14820079,또바치킨&족발,건대,치킨,5.0,10,0.024033188737860547,0.09713093337453257,0.14578605373939188,0.024999403826260917,0.024999403826260917
530430675,콩닭콩닭 건대본점,건대,치킨,3.5,4,0.0,0.02991071630028687,0.054910058290823065,0.024999341990536196,0.024999341990536196
26915934,충만치킨 서울건대역점,건대,치킨,3.4,10,0.0,0.03988179931773332,0.03988179931773332,0.0,0.0
170929302,치킨처럼 화양점,건대,치킨,4.3,48,0.023462298756838678,0.004935094215869806,0.02454699771957107,0.034981303181173595,0.034981303181173595
470017103,더후라이팬 서울건대점,건대,치킨,4.7,4,0.015580482287117236,0.06900570168944223,0.08785731142948905,0.00986819461467958,0.004999977560416014
537550391,통닭연구소 건대점,건대,치킨,4.0,159,0.014839240506329114,0.10975007218598025,0.13748011258206516,0.004999863127340586,0.004999863127340586
1077623439,BHC치킨 화양점,건대,치킨,5.0,2,0.02455179757369098,0.004992911298773346,0.07945643903522157,0.01999898229353068,0.01999898229353068
1816055329,아미고프란고 건대점,건대,치킨,3.9,12,0.01472634228434889,0.11451401658902104,0.13333682525531304,0.009999260866964553,0.009999260866964553
2123305922,교촌치킨 구의역점,건대,치킨,3.3,12,0.033931743780267316,0.05979979368222931,0.06435793321711304,0.0,0.0
970954923,60계치킨 서울 광진자양점,건대,치킨,5.0,2,0.009898657715562899,0.00964341085271318,0.030008220232134574,0.058888647133343686,0.00499995099593541
534017995,청년치킨 건대점,건대,치킨,4.4,2,0.04477729519540612,0.029839206400238325,0.06740666984694522,0.004999759617551524,0.004999759617551524
2079979133,노랑통닭 건대점,건대,치킨,5.0,1,0.009776255778025347,0.004992911298773346,0.03812597742063724,0.04385109480304976,0.014999092805161216
1249197163,썬파닭치킨 광진점,건대,치킨,4.7,1,0.014373065015479879,0.029936087632106676,0.0440647761042311,0.0,0.0
9989457,지코바 구의점,건대,치킨,4.0,5,0.0,0.029850661439101523,0.029850661439101523,0.0,0.0
2137991342,감탄계 자양점,건대,치킨,4.3,155,0.01910310195364166,0.014899179041071858,0.05072540011699946,0.024513004934725014,0.00999957916924383
12591832,굽네치킨 구의1동점,건대,치킨,3.2,3,0.004821981424148607,0.04984253741445757,0.04984253741445757,0.0,0.0
1546061447,구스치킨,건대,치킨,4.0,11,0.01884712414964729,0.07964147039173304,0.11928458724057683,0.03989079486741965,0.03499915400054659
2124353792,맛닭꼬 건대점,건대,치킨,4.6,15,0.01870774487713802,0.02927464163695875,0.06692147402117656,0.014998082067580965,0.014998082067580965
736079129,치킨부라더스 건대점,건대,치킨,4.9,5,0.019654085744314213,0.044681895203999004,0.08206794384939915,0.004999852387659729,0.004999852387659729
2126144078,지코바 화양점,건대,치킨,3.0,1,0.0,0.0,0.0,0.0,0.0
1410087121,푸라닭치킨 자양점,건대,치킨,2.8,6,0.014568338625704788,0.004979658753628987,0.009786732708612909,0.0,0.0
12276069,삼삼치킨호프 구의점,건대,치킨,3.2,15,0.0,0.0,0.009999756825161675,0.009999756825161675,0.009999756825161675
19238595,아찌떡볶이,건대,분식,3.3,312,0.019630938801644245,0.02987033564387071,0.048661173705707536,0.0,0.0
11354357,은혜즉석떡볶이,건대,분식,3.1,382,0.013835837650208602,0.10446764088263287,0.10908838391668858,0.0,0.0
15188115,모두랑,건대,분식,3.5,347,0.05413723130437585,0.08407906769202271,0.13478644995523956,0.0,0.0
16790512,사대분식,건대,분식,3.7,70,0.014197049814329963,0.09970039806143553,0.1414490147761792,0.004999988622996759,0.004999988622996759
16560934,크레파스분식,건대,분식,4.3,105,0.0048142414860681115,0.15437841519498308,0.15437841519498308,0.0,0.0
19500585,소문난만두,건대,분식,3.9,57,0.0,0.12447374864943528,0.13774456884415304,0.0,0.0
536783320,두끼떡볶이 건대점,건대,분식,2.5,42,0.028712892093674544,0.05968314721911406,0.06431093110006882,0.03499654396936821,0.03499654396936821
1558197805,호수네,건대,분식,5.0,9,0.019188560653676932,0.09410004408371268,0.1278851681703561,0.03458230505005088,0.029999581770402274
2053330942,또보겠지떡볶이집 오늘도봄건대점,건대,분식,5.0,76,0.0,0.09947457929373797,0.1043469312763561,0.0,0.0
1562519726,장인삼합만두,건대,분식,4.8,18,0.06229070173843531,0.06913756504263778,0.06913756504263778,0.0,0.0
16740119,코스모스,건대,분식,4.0,32,0.004873015873015873,0.14947747697683197,0.18276528568589104,0.00999971045811003,0.00999971045811003
765453186,창화당 건대점,건대,분식,4.1,70,0.015,0.3292402259136402,0.3432866135688721,0.0,0.0
15535009,김밥대학라면학과,건대,분식,3.6,6,0.02418730650154799,0.029895192203483842,0.03965161449568933,0.02478225136929008,0.014998969635543948
242057243,삐사감김밥 건대점,건대,분식,4.6,44,0.0,0.09970299358031431,0.1092998928051205,0.005,0.005
726937270,또또떡볶이,건대,분식,4.1,16,0.0,0.03976635326336159,0.04476635326336159,0.004868217054263565,0.0
1663319716,이화만두,건대,분식,4.1,367,0.1046568913146139,0.2391116141702947,0.2439103077866023,0.0,0.0
16474944,소문난떡볶이,건대,분식,4.3,1,0.005,0.11466973853443055,0.11466973853443055,0.0,0.0
18451853,꿈을담은김밥,건대,분식,4.5,4,0.014653717867357726,0.1071323836208152,0.09260917933991511,0.0049970730891453425,0.004888777387522998
1198866900,김밥천국 구의점,건대,분식,4.6,1,0.009672178137163201,0.009971562325902397,0.02316612076943485,0.0,0.0
1762682273,김가네 건대점,건대,분식,3.0,15,0.053258702609431746,0.02490146169214988,0.05214056217781207,0.0,0.0
1591951855,세종김밥떡볶이,건대,분식,4.6,12,0.019355023483100486,0.1092842157159868,0.12278382864792788,0.004999759617551524,0.004999759617551524
1736432955,아들내미분식 건대후문점,건대,분식,4.0,174,0.09459737921827337,0.07977284014435773,0.11894050991749622,0.0,0.0
1008765464,왕김밥,건대,분식,3.9,10,0.014775541795665634,0.0883889799578628,0.08423449228103404,0.0,0.0
798006658,소문난떡볶이,건대,분식,3.0,18,0.0,0.009914787306530438,0.009914787306530438,0.0,0.0
1542076155,청년다방 건대점,건대,분식,2.8,43,0.004829457364341086,0.02484746035471711,0.02943660764153882,0.004999989175640325,0.004999989175640325
122501770,아차산매운떡볶이 서울본점,건대,분식,4.8,9,0.01996180545541602,0.029637787108926776,0.034583310570393454,0.009964628982823598,0.004999703028030145
1255177871,동대문엽기떡볶이 자양점,건대,분식,3.1,28,0.0,0.0748188610728195,0.07970277036007654,0.004773071104387292,0.0
27264674,구의김밥,건대,분식,4.6,5,0.0,0.0248917469789226,0.056911167703782996,0.014998859563901018,0.014998859563901018
16052911,둘리호프치킨,건대,호프/통닭,3.7,53,0.004684684684684685,0.129699164723985,0.14343644284949486,0.0,0.0
16299073,감로호프&치킨,건대,호프/통닭,4.0,5,0.0,0.0349150867178661,0.04800099626185709,0.0,0.0
8357969,맛대로치킨호프 구의점,건대,호프/통닭,5.0,4,0.04851298089237268,0.0,0.0094818749362093,0.029127151026389214,0.0
1157018818,남촌치킨호프,건대,호프/통닭,0.0,0,0.0,0.0,0.0,0.0,0.0
16417295,한마당치킨호프,건대,호프/통닭,0.0,1,0.0,0.0,0.0,0.0,0.0
2030720392,천수호프,건대,호프/통닭,4.0,48,0.0,0.11964317188066786,0.1288647729540131,0.0,0.0
1031829719,크라운호프 건대점,건대,호프/통닭,3.0,23,0.03372633833857623,0.04984804773602594,0.05437517951897167,0.0,0.0
18843190,나무아래호프,건대,호프/통닭,3.9,25,0.014411764705882353,0.05490088529462956,0.0728559936537627,0.0,0.0
17159987,엔젤호프,건대,호프/통닭,3.7,1,0.009829721362229102,0.16940946363509268,0.19957723029742272,0.0,0.0
845778420,위드치킨호프,건대,호프/통닭,2.5,8,0.009589783281733745,0.005,0.005,0.0,0.0
16679861,을지로골뱅이호프,건대,호프/통닭,3.7,2,0.03836265390241358,0.004964764987524445,0.024189290539433896,0.03497845864417721,0.03497845864417721
281921770,참참치킨&호프 성수점,건대,호프/통닭,4.8,13,0.0049445324881141044,0.05456801404478082,0.05449824660292036,0.0,0.0
27432541,핫머니치킨,건대,호프/통닭,4.0,1,0.0,0.08420869218702796,0.09949517135999997,0.01499862462283124,0.01499862462283124
20948836,맥스카나치킨호프,건대,호프/통닭,4.6,42,0.02481908840221898,0.034670551734048385,0.06749006706210339,0.0,0.0
1782671814,쿠켄치킨호프 성수점,건대,호프/통닭,4.9,8,0.0,0.024957982439620486,0.03405240968420253,0.009871609155552755,0.0
15381445,또모꼬치킨호프,건대,호프/통닭,5.0,0,0.01944229729075144,0.039450631785082735,0.10575966010390385,0.09425004991322697,0.0648556200258874
15601322,룰루랄라치킨&호프 뚝섬역점,건대,호프/통닭,4.6,17,0.0,0.0697529490981667,0.07461670931615035,0.0,0.0
1546820424,참참치킨&호프 장안점,건대,호프/통닭,0.0,0,0.0,0.0,0.0,0.004997897850552189,0.004997897850552189
16040956,행운호프,건대,호프/통닭,2.6,18,0.0048529411764705885,0.0198887746795427,0.03871438985384208,0.0,0.0
1506847782,새촌호프,건대,호프/통닭,0.0,5,0.0,0.0,0.0,0.0,0.0
16819213,비어치킨,건대,호프/통닭,0.0,0,0.0,0.0,0.0,0.0,0.0
15242785,바코난,잠실,술집,4.8,38,0.14618131469708792,0.15386106132725597,0.22806631756864446,0.034998316583992585,0.034998316583992585
947261616,잠실백정,잠실,고깃집,4.3,1590,0.2274919556719208,0.03995186420968362,0.10051463387202621,0.10484686267962738,0.09996516476952248
1012949181,오반자이시젠,잠실,이자카야,4.8,17,0.028997631751581005,0.029928514068957187,0.07668747455002461,0.0,0.0
876864983,생마차 잠실새내점,잠실,이자카야,3.1,173,0.07762513519506738,0.0698537697749989,0.13971935592753934,0.02499996771347881,0.02499996771347881
999412594,숯토리 잠실새내점,잠실,이자카야,4.8,213,0.009620743034055728,0.019643384575521367,0.16546150264340864,0.014999645927226997,0.014999645927226997
13284976,와라비,잠실,이자카야,3.4,37,0.004837461300309597,0.05487092340326653,0.1029742127206315,0.0349961016877955,0.0349961016877955
300604952,야키토리켄젠,잠실,이자카야,4.3,47,0.009666666666666667,0.00971129268979492,0.014571500932396899,0.014952093856576292,0.009999042213383803
2023861152,골목길그집,잠실,이자카야,4.5,24,0.00969121344570877,0.054909691313757704,0.1006406485716833,0.004999977560416014,0.004999977560416014
1669226384,시선 잠실점,잠실,이자카야,3.2,79,0.019770105925345734,0.01496403069380795,0.036983934156988856,0.0,0.0
1265884282,아나바,잠실,이자카야,5.0,40,0.009845201238390094,0.009402368054269005,0.08597283445046226,0.034518275564537196,0.014999274830467747
630799308,죠렌,잠실,이자카야,3.5,13,0.009539079735266309,0.034843775151243525,0.04430343761195041,0.0,0.0
286812318,하루,잠실,이자카야,5.0,10,0.16119591487062684,0.019861373427173652,0.026552701207177107,0.0,0.0
1638659210,팡매야,잠실,이자카야,4.9,8,0.0,0.009991734512542877,0.041357277587819964,0.0,0.0
16677868,다미,잠실,이자카야,4.1,5,0.052714453744418854,0.06940113144464792,0.18750633065898317,0.04999448323359172,0.04999448323359172
314642609,오리진,잠실,이자카야,4.1,113,0.01882352055073115,0.004992911298773346,0.02784023016247378,0.0,0.0
1951867899,와라비타로,잠실,이자카야,0.0,0,0.0,0.0,0.004736842105263158,0.0,0.0
479196404,자기류,잠실,이자카야,4.1,72,0.0,0.004935094215869806,0.004935094215869806,0.0,0.0
1027475073,게라게라,잠실,이자카야,4.1,0,0.0,0.005,0.013417826464338091,0.0,0.0
1054154452,야키토리나니야,잠실,이자카야,4.3,43,0.004715261958997722,0.01495350846575076,0.037700814728458897,0.0,0.0
399881056,추엌,잠실,이자카야,3.9,342,0.12833470310984046,0.12967342973211546,0.21297581341014765,0.01048712809162789,0.0
1283816647,담소,잠실,이자카야,5.0,37,0.014787387548762042,0.009640959302401402,0.02413748637997298,0.004922600619195047,0.0
16793929,깐부치킨 잠실새내역점,잠실,치킨,2.8,20,0.004874411302982731,0.0,0.004705426356589147,0.0,0.0
24195658,쌀통닭 신천점,잠실,치킨,3.2,78,0.004798449612403101,0.019923619674294173,0.03354590285144095,0.00999988900437232,0.00999988900437232
1762008379,계림원 잠실점,잠실,치킨,4.6,52,0.004562682215743441,0.13898984010460486,0.1338064802674203,0.0,0.0
26412006,노랑통닭 잠실새내점,잠실,치킨,4.0,47,0.0928818920709804,0.0945430902471053,0.12829476401295434,0.024998887255180725,0.024998887255180725
8662816,교촌치킨 잠실1호점,잠실,치킨,1.8,30,0.009341317365269462,0.029788817119545154,0.03440956015360088,0.009999971555611201,0.009999971555611201
2107859133,60계치킨 서울잠실점,잠실,치킨,5.0,9,0.019390636506381318,0.025317820409004512,0.05934690182738338,0.1394683221156484,0.1345271456450602
1552554629,치맥킹 잠실새내점,잠실,치킨,3.0,139,0.0711806238045917,0.04962963028184064,0.0680539848315497,0.02960845496623217,0.01999779927659115
26102829,맛닭꼬 잠실본동점,잠실,치킨,4.2,8,0.0,0.048869718935071624,0.05430051915305018,0.004999940523565869,0.004999940523565869
16443248,호치킨 신천점,잠실,치킨,4.0,20,0.0,0.06459251760485024,0.08830586642602718,0.0,0.0
207490444,윙집,잠실,치킨,3.9,203,0.008718308195171897,0.014949586605586998,0.04608450555213613,0.01499964709511274,0.01499964709511274
11794687,BHC치킨 잠실본점,잠실,치킨,3.8,4,0.0,0.02937241189029107,0.04385621568760628,0.004999995918990801,0.004999995918990801
1718903361,명품치킨&꼬치,잠실,치킨,4.6,142,0.0,0.2638612703066044,0.2871944441988856,0.0,0.0
2110258207,옛날산골바베큐,잠실,치킨,4.3,22,0.01947415466592829,0.04470650085138031,0.13511581093971864,0.039998618200370296,0.039998618200370296
16298976,보드람치킨 잠실신천점,잠실,치킨,3.1,12,0.004852941176470588,0.014919229558293107,0.11947512797688638,0.009999799927205509,0.009999799927205509
1114592008,자담치킨 잠실1점,잠실,치킨,4.8,7,0.0,0.0792587927596734,0.15941784438179196,0.08999297678308406,0.08999297678308406
2019903435,후라이드참잘하는집 삼전점,잠실,치킨,3.7,9,0.009499398907357466,0.07172219691218844,0.034385049067114565,0.0,0.0
1871961600,지코바 잠실1호점,잠실,치킨,3.4,3,0.0,0.014978575800856968,0.05735867572155028,0.009999505478980845,0.009999505478980845
1308416450,BBQ 한강버스잠실선착장점,잠실,치킨,2.0,0,0.0,0.0,0.0597176319306318,0.01499570887036994,0.01499570887036994
1542782513,바른치킨 잠실새내로봇점,잠실,치킨,4.4,18,0.0,0.03931548422624943,0.068311272003026,0.004999923059896096,0.004999923059896096
724188997,BBQ 잠실새내점,잠실,치킨,2.0,2,0.009566592941742377,0.04986674423509806,0.07210482019427124,0.009802726854421712,0.0049999954431925765
16057034,치킨박사,잠실,치킨,3.5,32,0.0,0.02441297228651564,0.0293672323546985,0.0,0.0
16413580,둘둘치킨 신천역점,잠실,치킨,4.2,2,0.03330366559217775,0.04390442942405699,0.29835000082299284,0.28981841924457175,0.28498095794426215
355805573,직화계 잠실직영점,잠실,치킨,4.0,140,0.0,0.0,0.01484915904859105,0.004999843980097899,0.004999843980097899
1662471196,옛날통닭호프 잠실동점,잠실,치킨,3.9,137,0.0048372093023255815,0.15937677589537602,0.16334490926394543,0.0,0.0
1027152372,굽네치킨 잠실본점,잠실,치킨,5.0,3,0.014646667560517784,0.04235505143910365,0.08729230229099538,0.029999301895140565,0.029999301895140565
8133367,페리카나 잠실새마을점,잠실,치킨,4.7,3,0.013720379394330824,0.10318734024977821,0.2633325405199915,0.22998358758082424,0.22998358758082424
16649863,미쳐버린파닭 잠실점,잠실,치킨,3.8,19,0.004837461300309597,0.07653412908747106,0.03431086440444244,0.0,0.0
125783935,BBQ 잠실본동점,잠실,치킨,1.8,1,0.0,0.01,0.05266330795819016,0.009999505478980845,0.009999505478980845
16529086,처갓집양념치킨 신천점,잠실,치킨,2.1,5,0.0,0.0,0.027291714269486945,0.01499570887036994,0.01499570887036994
11952404,파오파오 새마을시장본점,잠실,분식,4.0,93,0.004791021671826626,0.04476254376844519,0.06375288529201222,0.0,0.0
26062948,홍코너 신천새마을시장점,잠실,분식,4.5,21,0.005,0.03906479652560845,0.03377174436360732,0.0,0.0
35502013,김반장,잠실,분식,4.7,5,0.0,0.06433262496052476,0.07297761603284245,0.014713055117386678,0.004888777387522998
966746711,구복만두,잠실,분식,3.7,249,0.029354825673242955,0.05461399768977825,0.05934469489201742,0.0,0.0
13498957,오렌지분식,잠실,분식,2.8,42,0.004955286691215151,0.034918557100131406,0.034918557100131406,0.014666651670290092,0.009999985003623424
﻿restaurant_id,restaurant_name,area,category,rating,review_count,couple_meal_score,couple_drink_score,friend_meal_score,friend_drink_score,business_meal_score,business_drink_score
1428481536,강남진해장,강남,한식,3.3,546,0.8871075315861199,0.9792903628809669,0.15091333429845258,0.323561302686134,0.1275476799139447,0.17358352960160253
7983060,신동궁감자탕뼈숯불구이 역삼직영점,강남,한식,3.4,1319,0.07874699891829648,0.7182511392580548,0.05620492491352028,0.3139137834282255,0.062223726693239015,0.06009785155220153
1424086789,스시마이우 강남CGV점,강남,일식,4.3,185,0.7202464790621215,0.9669175965722938,0.15100663048446997,0.29676834433699606,0.14090506076992926,0.1459621117227826
19381618,갓포아키 도산공원점,강남,일식,4.3,81,0.8528204579463576,0.9684238986102619,0.2440501084432897,0.1540613123262122,0.3018211805442235,0.1439395953757133
24041168,시추안하우스 삼성점,강남,중식,3.3,202,0.9120295107858284,0.992384457071272,0.30479875906457354,0.32114512402628603,0.4814984333805188,0.3108232687384965
10954377,가담,강남,중식,3.2,287,0.07597907631210578,0.8276166542054567,0.01745134736727987,0.026187048462795976,0.09921245492495072,0.05369419796623158
26572124,울프강스테이크하우스 청담점,강남,양식,3.7,1403,0.90753160085879,0.9792242051514678,0.20319390756067512,0.19902729402077782,0.218347651898684,0.23125562354754237
1124684582,어거스트힐 강남점,강남,양식,3.5,2235,0.9160800691064438,0.9719182880765819,0.4111164661866655,0.2633608006051674,0.2428839200674237,0.23397825307501655
1551955711,카페프라미스,강남,카페 디저트,4.2,171,0.9838875777049192,0.9915001636466423,0.32733089967595747,0.19409026332466303,0.5576374429043611,0.4909212773408271
1419529121,더플레이트디저트,강남,카페 디저트,3.7,132,0.0963897823968748,0.3796664612472847,0.024536865290078484,0.07680803100038246,0.03839593750255872,0.05931723663699712
27229361,미식일가,건대,한식,4.1,114,0.8197486700487383,0.890801683134073,0.2028037995577601,0.09502442273094372,0.2785172705550254,0.06813092896878768
17101239,고흥순대국머리고기,건대,한식,3.7,188,0.03975436198033511,0.6388885154558157,0.09366989629778226,0.1632558645314573,0.035239204723759646,0.04092380347697941
413860309,고씨네 건국대점,건대,일식,4.9,28,0.05203065847788327,0.6627387927847059,0.20757407322701046,0.1286928746322253,0.09154616535986922,0.09824542970593585
1873080066,포비,건대,일식,3.6,128,0.8237609268430357,0.9110851999659875,0.19149092713160468,0.28457794556092236,0.14922817535860575,0.078198933698873
1026281815,하이디라오 건대점,건대,중식,4.2,941,0.036607480746099895,0.6951492310412182,0.09811679888981585,0.18106901573278059,0.020989983191769035,0.022263978797110368
610799971,송화산시도삭면 2호점,건대,중식,4.2,983,0.01797442670853476,0.7270806446065778,0.05555355244354028,0.2792559735406111,0.05339852228545011,0.009719710669077756
747243423,드로잉레시피,건대,양식,3.6,454,0.6828301301459664,0.8742546901895488,0.2247488859301172,0.21710224167824455,0.018236440461288538,0.008491839811234187
641607564,페르바코,건대,양식,4.9,39,0.8428844307635798,0.953874087944228,0.07385193982677146,0.31343594362707655,0.18682243242224433,0.0
1047206173,보리스카페,건대,카페 디저트,4.5,45,0.11144561049545622,0.6517234729776941,0.13925249863055783,0.07662098048080879,0.030205833499567198,0.020330796471096875
693959559,해피니스디저트 건대점,건대,카페 디저트,0.0,250,0.9649245710621644,0.9373363039966174,0.0036249999999999998,0.004285714285714286,0.026668412783781386,0.004341463414634147
1999496197,쭈꾸미도사 잠실새내점,잠실,한식,3.9,1954,0.06978849868485053,0.8823716883526156,0.036054365526842574,0.1346124783241647,0.10466158018526346,0.03971471118397221
1747047105,후발대 잠실직영점,잠실,한식,4.7,283,0.026382030700657904,0.689235911707439,0.13231421126600984,0.1808497433318701,0.011261100270237124,0.012934388708754532
1014186276,훈지,잠실,일식,4.9,136,0.8197495630244152,0.8712090368761755,0.0755932717972109,0.27639636012004193,0.06394035509671371,0.16122434931611118
2097670691,선남씨,잠실,일식,4.2,147,0.09704462308010565,0.6616915091351981,0.09661762692871224,0.09632971186377023,0.05905242483613561,0.085402046858462
1770327564,무한리필 홍태관 잠실새내본점,잠실,중식,4.3,83,0.013365372877238223,0.40983088007092483,0.09393804166802716,0.040721176367172325,0.01463002114164905,0.01
17969703,샹하이,잠실,중식,3.7,16,0.007883686609076257,0.4418137864155912,0.11567672691377742,0.04035219192653251,0.015281778835751382,0.008441973255733388
1135861647,미태리 잠실새내점,잠실,양식,4.5,46,0.18236974795653826,0.5153490853961482,0.2670902535584141,0.15075295891831947,0.07113119300165409,0.043398689929242354
21328141,도미노피자 잠실본점,잠실,양식,2.4,21,0.09930154131291528,0.41956937998883226,0.05145944953863104,0.10133992345059903,0.039901274156699834,0.0
985464745,카페르뽀,잠실,카페 디저트,4.8,11,0.23645057016757087,0.6677061072128129,0.06801357703315351,0.18319888084272004,0.033250691366294674,0.043532571693759944
17163273,농민백암순대 본점,강남,한식,4.5,1570,0.09254563706471552,0.30991986209822764,0.11597911781704502,0.09428587150613843,0.13602878278693573,0.02190018291341831
27531028,중앙해장,강남,한식,4.1,1586,0.11328173869628017,0.43806732232649037,0.0927888752008682,0.47170655413915286,0.1435806085747164,0.048140420132371374
2073285111,신사모소리,강남,한식,4.3,250,0.9315005833211232,0.9881630134097479,0.5816389872705758,0.39312216891901225,0.48518474026104647,0.3988185013536374
13092552,뉴만두집,강남,한식,3.9,540,0.018124831432692896,0.2872485684331667,0.04464087219299778,0.14589652674960307,0.026479905134663865,0.13343002093293696
12418029,을밀대 강남점,강남,한식,3.6,376,0.029701887616353104,0.48701677536757404,0.0561509406913251,0.10989427836866267,0.03426373051916229,0.08908182251897606
14569639,이도곰탕 본점,강남,한식,4.1,363,0.5786296353908902,0.7905681189179231,0.20291124922705006,0.3353996144417228,0.05361384933821837,0.10594674649362665
1511737742,돝고기506,강남,한식,3.5,323,0.7815991286700384,0.9335745847937496,0.4303126707453462,0.39558327511454594,0.4254038791876155,0.38867314462381936
27261403,능라도 강남점,강남,한식,3.8,246,0.02130915822829214,0.6668332247479504,0.11886508194625366,0.2706889804029695,0.021864933501839073,0.021466950698512094
2142723351,해담채 강남점,강남,한식,4.1,158,0.7693359320368153,0.8807218843052748,0.32586982799253583,0.18055769046015943,0.7728786059123334,0.5348095305185732
26565017,진대감 선릉점,강남,한식,4.7,2058,0.11014721845832579,0.555044098812424,0.2574501515023483,0.25967789572009786,0.1497270362105304,0.07026522354097385
8475048,한일관 압구정점,강남,한식,3.4,144,0.7953117224243483,0.9320580889464709,0.3712975912911984,0.27836870087197174,0.8702162945478225,0.7863192641945337
1503746075,창고43 강남점,강남,한식,3.5,263,0.9306593864639251,0.9576577451889327,0.16814462921636275,0.06491881859564509,0.29227391059736957,0.26254710733445324
7891890,별양집,강남,한식,4.4,156,0.15607717641755803,0.6337695098508296,0.1718441065665087,0.22688269555613857,0.4183086311442104,0.4037887874770757
2032952073,일품진진수라 선릉점,강남,한식,4.6,669,0.9114727132301255,0.964373505393826,0.7654793766859095,0.3005885084230861,0.6176209693008914,0.6136279912092671
13102233,세종한우 학동역점,강남,한식,3.8,299,0.045525842205984254,0.5092263127028485,0.040921806526586585,0.039923036172688144,0.10811400418387386,0.07574328638597119
1614493196,참치공방 강남점,강남,일식,3.8,296,0.9483332302727417,0.9910211333102629,0.32032673343529494,0.0796947983241097,0.8170375440597725,0.6981153112939488
16875542,가나돈까스의집,강남,일식,2.9,363,0.04732436216133177,0.7698820895386106,0.09045045313185734,0.330180652081073,0.032792835632686534,0.055238119515001384
1989327162,나이스샤워 역삼점,강남,일식,4.0,114,0.02927566339473451,0.4230151883585882,0.128139705687929,0.25884494212579434,0.07375398889956339,0.16286696266976153
18324313,미미면가 본점,강남,일식,3.6,440,0.10516112738255896,0.8059649059731393,0.07659085595171872,0.3075106563736572,0.044322122210579844,0.1938643366036873
913979606,참치공방 선릉점,강남,일식,4.4,248,0.9196119936575468,0.9773931466742137,0.49247921204001605,0.14478115346885734,0.6861561637358606,0.6926570665518098
15270381,스시선수,강남,일식,4.5,77,0.12805089967014838,0.3742867201733595,0.09233457803071417,0.0905690913624106,0.44816114802742957,0.26450886636077375
13573425,기세끼 논현점,강남,일식,4.0,160,0.935827756654197,0.966628623375803,0.4737835742438292,0.39250950068337376,0.8209286132524354,0.6274656238200953
27440495,136길 육미,강남,일식,3.8,384,0.05908770910385247,0.5113490022729913,0.13552640517348075,0.20247000099213502,0.17024579609580764,0.10041575678100495
27415522,와라야키 쿠이신보,강남,일식,3.7,88,0.045326686307250764,0.5468389651567,0.07626389597464113,0.07254075587541763,0.049621592700574084,0.061447472211708314
1493770873,오레노이키루미치 압구정본점,강남,일식,4.3,181,0.09031004219007663,0.7904073703688641,0.12832200896634563,0.1610361440532254,0.12878097390060902,0.10543725200019992
10030025,후지,강남,일식,4.8,133,0.19060536245061016,0.751844124879161,0.04259707820597452,0.09443025360191742,0.30879036982523933,0.24168858552484795
13119179,큰물참치 강남점,강남,일식,3.7,135,0.9294371860245819,0.9690909763635268,0.20097571704090175,0.21400820955769576,0.7915744790039745,0.6648654426512812
1950857675,오레노라멘 강남점,강남,일식,4.2,1299,0.030889664924942564,0.8075128906224853,0.16451221702879043,0.12202675579796145,0.13786020095915266,0.33902555493649594
10972091,홍명,강남,중식,3.6,644,0.06445287691296916,0.6580940049505369,0.08477963913161862,0.11636352423373995,0.20182482270407343,0.23611868805070138
24010315,골드피쉬딤섬퀴진,강남,중식,4.0,1501,0.1164357238484614,0.598183501483574,0.16897265555056853,0.20542956617310332,0.1801153589048855,0.12563197866137138
7815078,대가방 본점,강남,중식,3.3,543,0.07832321171590975,0.5724235516492737,0.1175199715438584,0.06756972475036803,0.40437396142226417,0.2796580923224405
1770731230,팀호완 삼성점,강남,중식,3.4,872,0.11973397372809297,0.6143642642641913,0.19190968745166365,0.21488267490831373,0.4578856742089286,0.41406784059681956
260283466,구구당,강남,중식,3.6,3356,0.9018749119378784,0.9620396948583703,0.3765358630323395,0.24298171069362057,0.4957415538036626,0.5572420893038954
12140312,몽중헌 청담점,강남,중식,3.7,302,0.8828934535522663,0.9582221254886361,0.3248851977932013,0.17421320785157143,0.6385584371350336,0.6416556257899261
25155819,파크루안 역삼점,강남,중식,3.7,297,0.7997857032967943,0.9674875379232882,0.3952450200650124,0.5890165623772128,0.3571671975544912,0.384207412002456
791775664,천미미 신사점,강남,중식,4.1,219,0.18072020367731206,0.8607949066610253,0.11202476002398555,0.15079182742364305,0.06612628500714227,0.10029479673344173
10252806,대려도,강남,중식,3.8,110,0.8336469487390049,0.945051734654934,0.16606713036960927,0.10993547656797453,0.23833268218568168,0.11865425369244796
18283045,마담밍 선릉점,강남,중식,4.4,240,0.020210096840454668,0.7035692310735638,0.06025053806976767,0.03702220457221592,0.024987995241070246,0.02300311467673431
1262079557,송쉐프 본점,강남,중식,3.6,177,0.20642123698117879,0.7123514143815695,0.2972043863999505,0.11524530424974128,0.6479260283510189,0.31611920897486806
980076754,인량 훠궈,강남,중식,4.3,680,0.37937855573343954,0.8949051430495488,0.6447035835430036,0.14640355178327621,0.4246272413870911,0.4486761422562614
25550206,아방궁,강남,중식,3.6,239,0.9136374751112524,0.9813466852881448,0.34363733742807345,0.18171795888236855,0.8350996941106257,0.6691425060645031
11026324,공리 강남구청역점,강남,중식,4.4,737,0.04277754014133383,0.7634848062790226,0.23699286194787664,0.06812297721900033,0.017963974248220823,0.027539439798362455
528537292,훠궈나라 강남점,강남,중식,3.6,475,0.10278499528981787,0.5482713432969979,0.09764906243961283,0.18684822958450426,0.2984867498364167,0.11339888356889681
23999472,불이아 역삼점,강남,중식,4.1,353,0.7420552230914562,0.9273415178137381,0.5540485521605018,0.3045267501933442,0.3906367717502438,0.4697965003725706
735898829,홍보각,강남,중식,4.4,453,0.05483070365680719,0.8403333144966144,0.24488529717936178,0.07957401654790454,0.3521967638127995,0.1747542705267583
909184198,몽중헌 대치점,강남,중식,3.8,168,0.9518765138080131,0.9892755892061165,0.24601959575860088,0.1707730234024866,0.6871601654411401,0.6902483580594786
25115599,한성양갈비양꼬치 강남점,강남,중식,3.5,116,0.01,0.4378237083486266,0.026748121662458085,0.10634593548896801,0.029535420916504292,0.033607742374224175
66544493,일일향 압구정1호점,강남,중식,3.1,158,0.020596899364507638,0.6642234021478867,0.01283281805472992,0.11229467922465707,0.019463589590138726,0.026033909385622875
948434557,호신각,강남,중식,4.4,225,0.033424765762005204,0.5435435903994125,0.08723549930489043,0.11545054579542244,0.040320748194713686,0.06050615817053064
2001311524,중화백반 강남구청점,강남,중식,4.7,501,0.9449603445010591,0.9603029160231933,0.5784425578876148,0.41610987666426913,0.6964668194542809,0.7005775798028024
1655913908,서래향 수서점,강남,중식,4.5,652,0.9344430294849504,0.9547590539862943,0.6284495788375097,0.42772054441764307,0.8444347662435971,0.7870130536831554
2076338271,원스타올드패션드 햄버거,강남,양식,4.0,448,0.07199860635110869,0.5505713975166059,0.08837597301850797,0.09810073682165552,0.18657047021124132,0.17574251512123376
12026995,지아니스나폴리 역삼점,강남,양식,4.1,244,0.8248782345506517,0.9346381407719052,0.14227921910984695,0.1627846095516338,0.011368953844601655,0.01249604133058826
1565367501,쵸이닷,강남,양식,3.5,645,0.9344555501218035,0.9655585916456638,0.14331068361583785,0.07416292456338697,0.19264509929821166,0.07189189520913607
27129003,알라프리마,강남,양식,4.5,272,0.9198812996075256,0.9864168289207542,0.16628838174941238,0.06753247340943602,0.32222819185774343,0.16279932232511704
586363951,크라이치즈버거 삼성역점,강남,양식,4.4,420,0.15397940489154832,0.6269343530889978,0.054034674535414384,0.06393483351859648,0.18216740714543192,0.1853547595758941
1469510606,빌즈 강남,강남,양식,3.1,452,0.9303258742588801,0.9815686868607013,0.2310882188645885,0.37312843515179145,0.20536169126079445,0.09381699586893473
27271692,비야게레로,강남,양식,4.2,598,0.10484842041139299,0.6271459258948417,0.07633918814246478,0.16983375936142053,0.02666618367860126,0.025020497681787206
7857136,마노디셰프 강남점,강남,양식,4.2,675,0.7790014923012278,0.8568880132999253,0.31543470244366767,0.17178349398742745,0.6785474949951004,0.4766097463932446
18074322,파씨오네,강남,양식,4.6,238,0.8728824044187614,0.9626395661827404,0.27053249611017643,0.1431032920364318,0.4900713237588583,0.45097929896399636
368469701,조인바이트,강남,양식,4.3,758,0.9469823373168715,0.9852799722039353,0.5418975877863831,0.149515475381895,0.5893995068518018,0.2883847838193432
237005010,로마옥 도곡,강남,양식,3.8,636,0.9727418949031482,0.9821114369501467,0.2966111376007455,0.338948047689088,0.407997608606058,0.4673010586283625
1250460135,마초 스테이크,강남,양식,4.6,453,0.08202103842565978,0.46581239063595775,0.13897137665193354,0.14697618796641143,0.08867109816999066,0.08349751058163775
1248615345,텍사스데브라질 압구정점,강남,양식,3.6,647,0.8267126727980589,0.9623517685327887,0.06229196985768961,0.22012178302764088,0.09802998174890823,0.03945362079614776
19808159,오리지널팬케이크하우스 가로수길점,강남,양식,3.8,277,0.9588761033494062,1.0,0.13713708802297522,0.21013468387526402,0.10243680373022737,0.05081164864442916
312947795,무오키,강남,양식,4.4,190,0.9477365582639181,0.9867424626970477,0.19493433528487664,0.07123714834012264,0.3972866432697946,0.1679517821638653
929201336,스터번,강남,양식,4.6,115,0.9323198016208498,0.9641432100211276,0.2226725733108266,0.2632924177076438,0.06750789893634933,0.057275144516540616
26856753,브루클린더버거조인트 가로수길점,강남,양식,3.9,301,0.9442035208503035,0.9618285651847559,0.11252699383948923,0.2875852805259573,0.09285888993452679,0.18817827196109402
792244011,퀸즈블러바드,강남,양식,3.6,232,0.9739207191926097,1.0,0.12115153333740744,0.06635973636005738,0.09281736188407105,0.06082605876456102
1697940758,비어룸,강남,양식,3.8,295,0.8352540887908606,0.982725747318213,0.3027687481891064,0.1738319475188381,0.3850249515935571,0.4148122643400257
21311108,마켓오 압구정점,강남,양식,3.8,128,0.3550376074715667,0.6703255430142804,0.334460667081978,0.12805550788886802,0.6073135308180112,0.43679423416517893
1851273390,페어링룸,강남,양식,4.1,442,0.878575129827432,0.9366179900473756,0.09323382995817382,0.16748399341523598,0.14020203839179532,0.1635644355068206
1950123074,스케줄 청담,강남,양식,0.0,661,0.934496214616022,0.9525819887173526,0.04341514110145941,0.02667988244427193,0.08550468078087986,0.03875673263982542
1779217087,썬더버드 청담점,강남,양식,3.9,300,0.10059852183460474,0.7296645990007569,0.23478704042637388,0.10209553021190772,0.1294941618153205,0.10658350623809193
1983100839,런던 커파 수제 샌드위치 디저트 맛집,강남,카페 디저트,0.0,0,0.03249251480009869,0.015912075801885465,0.016055161943179387,0.0029497354497354496,0.10363841332271859,0.0
1146753407,카페로니브런치 디저트,강남,카페 디저트,0.0,0,0.042362867779229436,0.008332917564171628,0.02263772984442855,0.0,0.13760056034325413,0.004665271966527196
27301629,디올카페,강남,카페 디저트,4.0,24,0.9011039973947688,0.9703677491533673,0.04081755005341768,0.021978287141219303,0.2856952793500324,0.1737937642220177
1027809775,프리미엄디저트카페 더푸릇,강남,카페 디저트,5.0,7,0.8024782939873957,0.9209355972565618,0.21045380983636522,0.23532367556321,0.09006194641940941,0.11985570445152094
22400767,10꼬르소꼬모서울카페,강남,카페 디저트,3.4,1,0.8675522617954102,0.8756516365436781,0.017727946885458878,0.036248492590950046,0.18525219068945797,0.18488699122695781
27347412,크라프트카페,강남,카페 디저트,4.0,129,0.9731106601921702,0.9905305475184711,0.32503864217405026,0.05578426874341869,0.6238976386981264,0.406119060260999
150499518,에이비카페,강남,카페 디저트,3.5,414,0.9609466052747215,0.9679518201409023,0.23069724261539704,0.0759275473772296,0.20471214082341857,0.4952727915790639
1104225959,카페키츠네 서울,강남,카페 디저트,3.9,100,0.9375836859405328,0.9783006840554495,0.1333667775247154,0.009537616239952139,0.20878270803613186,0.12206717827964139
1174051341,카페시트롱,강남,카페 디저트,3.8,67,0.2806282161720185,0.625167362154968,0.16535204394839476,0.14322265872250303,0.19839996141144417,0.06727938798704616
764363993,인포메이션카페,강남,카페 디저트,4.2,295,0.9558273196301985,0.9708722385543218,0.2801979194504009,0.0852754410653998,0.23541949676618068,0.6919347160234264
450110126,카페공명 신사가로수길점,강남,카페 디저트,4.8,395,0.9708262022389685,0.9853607281001138,0.24213875945222063,0.07293261089778227,0.43963809867711057,0.7843845976409217
675372031,디저트카페 연,강남,카페 디저트,0.0,0,0.042362867779229436,0.008332917564171628,0.02263772984442855,0.0,0.13760056034325413,0.004665271966527196
182581980,카페 카이브,강남,카페 디저트,4.6,493,0.8976176305281659,0.9420225116455033,0.29760581540076353,0.1506850524180581,0.4410800793618814,0.3410321484084202
1329992832,플로렛플라워카페,강남,카페 디저트,4.1,44,0.19777034795325207,0.8064314409808803,0.06849838916982905,0.026321147251354447,0.13817783515906734,0.10020394066190626
2132203239,카페풀림,강남,카페 디저트,4.5,254,0.951720575380448,0.991418918918919,0.25501971713272953,0.2849849339947705,0.3911862452471457,0.19865093016851446
100026790,카페로얄마카롱 신사역점,강남,카페 디저트,4.8,94,0.16050976749323323,0.6481226533269492,0.13885308891195358,0.0539508275895585,0.11010207656942445,0.40356720365657395
16501999,카페올,강남,카페 디저트,4.8,9,0.25701802096501963,0.6908665627139817,0.02266738274257071,0.0433211744837097,0.08647742272181923,0.06840059435878652
1581244530,카페 그라브 논현,강남,카페 디저트,2.3,189,0.8957761049057578,0.9384618128014869,0.07047862807608911,0.06835520619007437,0.5788198502498019,0.1885640915153218
1107978574,카페드몽슈슈 선정릉점,강남,카페 디저트,3.7,12,0.8531549480901919,0.9141334593356001,0.0879994486500415,0.041145685128098276,0.6241100692926753,0.32721658784753205
230292537,카페블랑131,강남,카페 디저트,3.0,4,0.2651192848255493,0.20491655789855964,0.029010924905586342,0.06776610877922802,0.3992889440285057,0.059187453458943586
17748080,아르켓 카페 가로수길점,강남,카페 디저트,4.8,35,0.8521354064943175,0.9309564113970427,0.021249993855558747,0.16771134337167662,0.07306118611969498,0.06899157699368813
2122601987,아틀리에폰드카페,강남,카페 디저트,4.0,0,0.7881730547020878,0.7859058409972244,0.03950628097492828,0.030730104419186194,0.21013922297607976,0.023905475745470466
1097688606,카페카푸치노,강남,카페 디저트,5.0,2,0.12091900860123918,0.16310851324054482,0.040150992269302924,0.033075843660239974,0.17971048780241047,0.032080024880700796
1994479496,통큰감자탕 건대본점,건대,한식,4.6,145,0.001993355736623241,0.5949510565441115,0.10274461934231273,0.043376861961598234,0.02147058823529412,0.004010600706713781
715808397,연탄불꿀곱창,건대,한식,4.4,44,0.05824942206645692,0.8357988392162684,0.06229475641083125,0.22314643522962122,0.07245775394619174,0.047893553354190405
2103908554,정면,건대,한식,4.6,618,0.15880142483931095,0.8334216480882436,0.15158277577074267,0.2025073262543957,0.07065365967843773,0.05663887945325241
7831256,대원칼국수,건대,한식,4.5,222,0.0014522821576763484,0.62960126088255,0.1810075813142687,0.11908340969042991,0.02970227104351822,0.029425463936137382
12183322,재희네식당,건대,한식,4.6,37,0.05398688603884693,0.20242245484923185,0.08304307459633964,0.05034206740443513,0.06317415604011525,0.017618557499499594
1129498256,풍년상회,건대,한식,4.5,81,0.09030931770318001,0.4667985541598725,0.29333266262859825,0.1151821423570048,0.23040013724371952,0.02634862478954342
1284850607,구의동손칼국수,건대,한식,4.6,87,0.00998287264943337,0.5900982610824237,0.02379735031581607,0.22117009881382171,0.03621981424148607,0.03769739695177234
13613012,알촌 건국대점,건대,한식,4.5,21,0.06953458655249117,0.6531002478831409,0.13000640965401455,0.09399781066141015,0.12421264740167771,0.07131517724772993
1034593873,뇌산 마을 건대직영점,건대,한식,4.8,190,0.8150934206801135,0.9495377349129194,0.2856388997168894,0.35994906768926865,0.23304072841784199,0.16674616856708216
967000236,박과장의조은회사,건대,한식,4.4,494,0.9164720346480547,0.9738129985380491,0.36006842791138227,0.41403343387651165,0.3631606883219678,0.2932506264176952
1032401631,미가담,건대,한식,4.3,48,0.030929144558387894,0.5741921528499536,0.23209838097200483,0.03832044052117276,0.015428549323374969,0.0
14984027,자양감자탕,건대,한식,3.1,36,0.007786921089246671,0.6091402157902917,0.03116054709665217,0.09311181045521938,0.08792694065488005,0.004450980392156863
1776400057,열불날개 건대본점,건대,한식,4.2,276,0.018139931740614335,0.6255461176558811,0.10403106023500529,0.0898807275423629,0.011838519887637365,0.011570935547057177
18542711,스시오 건대점,건대,일식,3.8,187,0.24100466828358624,0.7969241109492,0.38725633246239793,0.1602921627892843,0.2546486074650877,0.06530593811853824
8029124,우마이도 건대점,건대,일식,3.9,249,0.047564767096377206,0.7401111167408321,0.031048855896217645,0.14655645709373044,0.02591324481599869,0.03152710796272979
18834003,요비,건대,일식,4.6,816,0.859243620168924,0.9616778900594963,0.3686289940555719,0.21993797473992327,0.5506051254890325,0.37515195608072444
11989881,호야초밥참치 본점,건대,일식,2.9,681,0.07102972316812795,0.45481891716435485,0.0749958746695734,0.1345132423054433,0.07524276042119667,0.10485523733043976
1990556306,멘쇼,건대,일식,4.3,221,0.653890966878945,0.7278017315326406,0.028012928928477464,0.13906637429518928,0.027040816326530614,0.01403524605738172
129897442,고베규카츠 건대점,건대,일식,0.0,2911,0.8700070908563551,0.9633033757098076,0.0,0.029539466871346298,0.06217109447769908,0.05401728032879984
1277643944,가츠시 건대점,건대,일식,4.4,53,0.06626644973004034,0.39806154770697316,0.14906877116747475,0.07535885824018028,0.04644520324999201,0.003912280701754386
1441425449,오코노미야키식당하나,건대,일식,4.6,378,0.21491782132067513,0.6578700984153641,0.09954694723737928,0.14487879770226877,0.06614010718562396,0.04568300920115816
26874320,포크포크 본점,건대,일식,4.2,111,0.007612434783007713,0.2329921484527746,0.008445940251969833,0.027791853357421417,0.0038787878787878787,0.016623823626954255
2124112913,부탄츄 건대점,건대,일식,3.7,149,0.06263875455123755,0.6227264049046145,0.04091870963173662,0.2505053432453738,0.03718082442217523,0.02620256608296136
26602338,스위트앤카츠 화양직영점,건대,일식,3.5,91,0.09628354091756065,0.7346734143637748,0.20888355452706073,0.0554737997172995,0.09268902070366733,0.08152380653352267
26639136,홍도초밥,건대,일식,4.2,76,0.04883974965317672,0.6960671784970853,0.20679401310242754,0.2918265533141394,0.04401294508771482,0.07771093987008121
1451273565,오마카세 오사이초밥 건대본점,건대,일식,4.2,304,0.8667958124674507,0.9207901342245742,0.2588050369372954,0.31172784153841687,0.08711302327185132,0.2093949326634145
1477555417,초라멘,건대,일식,4.6,172,0.28686359991843036,0.7063086962150354,0.1327116781925814,0.1961357900577093,0.2506971651087374,0.02481713905834829
101376727,코노하 건대점,건대,일식,4.5,206,0.7404556100082159,0.9711838768346882,0.187891189593772,0.23277026868646963,0.022931186444866258,0.03154201110568167
15092552,겐로쿠우동 건대직영점,건대,일식,3.8,121,0.06381424602183051,0.7911656332142816,0.08318072187347536,0.07411923286410295,0.12998059093557746,0.055747662324445335
798519975,멘츠루 어린이대공원점,건대,일식,4.4,340,0.02894977576583981,0.5857191934197846,0.009622467771639043,0.0581833651910958,0.07553595871884645,0.009075342465753424
759662030,스시온기,건대,일식,4.7,86,0.06424654241628008,0.7242427934393149,0.1783675726509967,0.12253006998040686,0.02327929592632359,0.045825628188414076
341349377,고미돈까스,건대,일식,4.2,847,0.1255394048167881,0.6335954558895407,0.07199963342840307,0.20207058012926393,0.12409643874048483,0.10175843083347084
335180419,동경규동 건대점,건대,일식,4.0,66,0.6567105484668059,0.6473093875383503,0.15146554135893067,0.24150942021441527,0.10391353163366825,0.03197563987965012
251280950,강경수참치,건대,일식,3.9,37,0.72735079816348,0.8717068168862266,0.08712454983849108,0.07662016798555343,0.13901384341220976,0.025242855121797955
1176716498,난바다스시 구의본점,건대,일식,3.6,167,0.10278555149255703,0.30189211586855946,0.13129593183846372,0.1850800254326579,0.14068320765238101,0.14754632315187766
917132114,긴자료코 건대점,건대,일식,3.3,181,0.21220875804097833,0.6549723391607029,0.1545648861471319,0.30547910709862125,0.0750266044769482,0.022625932062966026
7971958,시옌 건대점,건대,중식,4.0,66,0.0035829848658114403,0.758613388069069,0.053980392866586895,0.09129088818730682,0.010608143500254576,0.004784394250513347
404796788,용가회전훠궈 건대점,건대,중식,3.8,840,0.09705071489388731,0.6474093553264751,0.14311152231524424,0.1619295120324054,0.13934840359463704,0.491593001780231
27594064,훈춘양꼬치 1호점,건대,중식,4.6,217,0.012546530744486894,0.6923409159005267,0.043643346386828104,0.1972935924549886,0.014274034838881256,0.004419795221843004
1419567762,중경식객,건대,중식,3.3,202,0.011601123595505618,0.4001848523863172,0.05081296988430697,0.1808032658599833,0.20419904625438012,0.04027210093271222
15101449,빠오즈푸,건대,중식,3.9,306,0.03515148500141544,0.5808052895571112,0.031015560742896273,0.2037748158382759,0.032479677486453445,0.013202270381836946
14822911,송화양꼬치,건대,중식,4.2,297,0.0325414777731132,0.5033723641281177,0.33938756761067546,0.19302307376485725,0.04975727607746349,0.013141996047430831
21232416,화원식당,건대,중식,4.5,22,0.03764966651061116,0.7707866198495326,0.1705912173656929,0.06385380258347279,0.19964998227113132,0.02635506844247133
1736699136,시홍쓰,건대,중식,4.5,262,0.0,0.6427312841220811,0.04266006201712286,0.13784539275748692,0.033238944531894216,0.018095037884349293
86584378,고향양꼬치,건대,중식,4.4,1090,0.8146849488638114,0.9003750117346376,0.3368650710850983,0.14628697210752462,0.27820256189462017,0.32397968244596653
1209599122,명봉반점(명봉양꼬치),건대,중식,4.7,571,0.7970612797029476,0.9388749279148735,0.3891469442647143,0.24731096315602832,0.055144543378906716,0.09597502406905901
19983662,매운향솥,건대,중식,4.2,292,0.007925170068027211,0.8000894141214858,0.018365686063882905,0.0932889421460119,0.059590072660194754,0.016674393192979694
26575482,매화반점 본점,건대,중식,3.1,184,0.00966493920503384,0.4803315043014226,0.060138950042705135,0.17382720745211244,0.015810443609341827,0.004419795221843004
1073241380,송쉐프 구의점,건대,중식,4.1,53,0.04504810297842414,0.6700108533317746,0.07328234404978393,0.22242360139100062,0.05010535957457526,0.014156333419443728
14663453,대흥양다리바베큐 건대점,건대,중식,3.9,819,0.029499312866603886,0.8850110532182528,0.012636573445560685,0.24652651832566996,0.03372549187428866,0.012816531027097598
1467670437,송화산시도삭면 본점,건대,중식,4.1,576,0.01283823894206506,0.72672941404404,0.0629837734891003,0.1902245466602525,0.004402730375426622,0.02291021755542384
19667607,화양양꼬치,건대,중식,4.1,534,0.031094128749196145,0.8947181370832048,0.05055277700954612,0.37915165722657806,0.135388924807424,0.026779986499600738
13578218,건대홍매양꼬치,건대,중식,4.5,226,0.005985628274235828,0.4771857535832879,0.2531298491054346,0.04219866638556273,0.015299932577148616,0.008764705882352942
1510841423,희가덕,건대,중식,3.9,2,0.026930393097672603,0.7336959485059679,0.05305135730772258,0.1355939480313698,0.03155645696001569,0.02609573449001557
27320023,금하,건대,중식,3.0,58,0.8442754292553879,0.9577967166147591,0.32311198884611736,0.2405532394931968,0.5406512753168385,0.29853056769703634
564820030,뽕사부 건대점,건대,중식,3.7,1780,0.8318678019591603,0.9343299636167016,0.36027694304540503,0.4403194972894104,0.25680707233448935,0.23388659611248536
1937698930,무한양꼬치,건대,중식,3.4,65,0.07800926987535947,0.4875165020374702,0.07618093185121816,0.12168063502257676,0.201407499940319,0.05632878112305967
21328608,세종원 군자본점,건대,중식,4.5,83,0.0082324634109102,0.756972583145791,0.07267818405721298,0.15313578454858953,0.0071276959945224235,0.0
14746550,동북풍미,건대,중식,4.7,530,0.082094247007158,0.9051820039894194,0.180377530800286,0.3857357862091885,0.22677237811020123,0.2223098829352181
1624333045,래빗홀버거,건대,양식,4.4,100,0.06899496197797086,0.43917325115611944,0.1295183727192807,0.10298670843642055,0.17992585138827985,0.1822768937395205
1359276887,마초쉐프 건대점,건대,양식,4.0,1377,0.9337687322008125,0.973004260967151,0.31502971732542256,0.5251088256646284,0.1770434362952061,0.07534895962490132
21929635,로니로티 건대점,건대,양식,3.9,757,0.15831607237828293,0.49750834016382767,0.27300546548561505,0.2252493278093948,0.1194877382104191,0.012386588331848709
192485759,탄토탄토,건대,양식,4.9,632,0.9422677593003383,0.976511550983714,0.5576940019926702,0.3497996737768009,0.5043523601026415,0.3805761183991224
1280863801,엘루이피자 건대점,건대,양식,4.0,106,0.8973188549655169,0.9099586541166487,0.44139605845450475,0.18823603757186314,0.2602199462245312,0.11422635373852622
1159203702,비에이치테이블,건대,양식,4.5,131,0.053841913759151094,0.39602767502915986,0.148146386041401,0.017090371291999317,0.0,0.0
1093085311,수퍼슬라이더스,건대,양식,4.7,223,0.053250430819730916,0.5019538191636528,0.08714305308348427,0.05307731951167059,0.09835064009783505,0.06116351777866633
26844606,모모스테이크 건대점,건대,양식,4.4,24,0.2739501880438999,0.6511296932467627,0.2939080317564996,0.14069568572896698,0.2567402965684712,0.07937283914842251
1854024237,피자빌리지 건대직영점,건대,양식,4.7,282,0.8847981019935467,0.9183551939839583,0.44516203690358147,0.5221572442401583,0.28542852811804315,0.37317091076897313
1714194607,타코벨 건대스타시티점,건대,양식,3.6,73,0.1006925878200027,0.8674673028788059,0.15758986645146272,0.10446841357930335,0.06965097542899878,0.011606170833801648
1395441458,트라타 건국대점,건대,양식,4.1,77,0.9262373358488507,0.9491321197926281,0.20111783211775788,0.17136320812633188,0.1621538199658212,0.058564088713598805
1137599191,호파스타 건대본점,건대,양식,3.8,54,0.9089026138455785,0.9614066178876154,0.021863754865241978,0.10606339950998267,0.036019478962204116,0.055032784407740086
15397973,메이빌 본점,건대,양식,4.2,152,0.6665264944226047,0.9089323686057307,0.2668740246084317,0.1198766108306966,0.057218471980165775,0.026808728255526285
12353328,르빠니에블루 건대점,건대,양식,4.8,48,0.836844759529926,0.9254634721764644,0.20656010260037683,0.0636963844148219,0.1265741321802807,0.0440980869547254
1636342582,플록,건대,양식,4.5,138,0.8578930366661119,0.9743313755591704,0.24436968680710217,0.3180208010333536,0.1695791551681763,0.030705571077970256
515064996,누이테이블,건대,양식,4.3,74,0.8379909521147481,0.9689560470545573,0.20613373283271041,0.3019615354476431,0.3490760865805765,0.14464731792526617
146917287,케밥인 건대역점,건대,양식,4.3,3,0.0573538776950491,0.6666413341276968,0.10717829639903967,0.042153242202541207,0.025326674433603577,0.025559282455107978
445617173,버거리 건대점,건대,양식,4.4,120,0.22338776366875687,0.8496851821701646,0.2800691365982006,0.20907720126822718,0.09738001457912232,0.13149207600504184
1224241965,얼라이브 도우,건대,양식,4.9,17,0.7499289081118167,0.9055930848005669,0.0875326126857891,0.06409314067032906,0.059824595321703006,0.014018022294044506
1743678316,밀플랜비 서울건국대점,건대,양식,4.4,12,0.13596426832870892,0.4411948546204774,0.24194982750675972,0.0720444274148225,0.06595642568825404,0.19700864454379277
7834623,도미노피자 자양점,건대,양식,2.0,5,0.080103146605596,0.28855656165233373,0.03973937169448277,0.025826749838073072,0.07594539377732404,0.018183893145321005
16794755,파파존스 건대점,건대,양식,3.9,6,0.13146369917151327,0.608012517931219,0.049652808162231506,0.029710557346901454,0.11288608094079239,0.01297244210037826
329888781,라 파밀리아,건대,양식,4.2,29,0.8774920073136333,0.9524653510154641,0.29398375007137156,0.13104858186064125,0.5204518701599181,0.34566000792730894
815422758,카페드라이,건대,카페 디저트,4.3,199,0.9819920560003262,0.9815298402195777,0.21036801105809746,0.06394366934121516,0.5677128941125543,0.495051925645986
2041291831,카페 고은별,건대,카페 디저트,4.8,35,0.2380837793305848,0.7252672019818847,0.14096527629140698,0.1928816773987725,0.0762712709614025,0.05346281217502995
1371691028,로이베이커리카페,건대,카페 디저트,4.6,76,0.8249737152219089,0.916549260150536,0.23618739256715884,0.17481857379996857,0.03493188559752673,0.030495349302763403
109883906,베이글카페 화양점,건대,카페 디저트,4.6,5,0.7394109888945567,0.9018558174921506,0.22790805058805563,0.18995938542331847,0.13075394147287367,0.2048440375211854
1183453835,디저트39 건대점,건대,카페 디저트,3.8,26,0.17125041347684233,0.6155527134089251,0.06534523295335103,0.09796255483706696,0.029470320000153122,0.028817741621894512
312522567,카페더유리,건대,카페 디저트,5.0,30,0.9492675313956158,0.9626644011074726,0.17605473122630944,0.12408087135767042,0.24101330472035046,0.04243575685142839
559083996,카페&와인바 정원들,건대,카페 디저트,4.8,267,0.9624081447320328,0.9801442757330692,0.1845802320789646,0.05221584958308959,0.30780785695565327,0.11066963926659616
1792935944,성수율 카페,건대,카페 디저트,5.0,69,0.9694070831171311,0.9707957858371329,0.027876583050939197,0.0602882552468303,0.22882845555454473,0.05181486587785405
250282602,디저트다운,건대,카페 디저트,3.3,7,0.1514615790213047,0.34568770618190553,0.0037931034482758617,0.013025735111438312,0.039294321927234456,0.004392156862745098
1281616654,카페051 자양점,건대,카페 디저트,4.3,3,0.8318878494611421,0.7826119311529421,0.012762918537249835,0.007715449816290152,0.23533402573852985,0.06353081212672936
912566590,카페 안데르센,건대,카페 디저트,4.7,14,0.8234983752272415,0.9445486198733941,0.1595163615478076,0.18927007277804445,0.09208767793140972,0.17787596839410302
1688624513,타오디저트,건대,카페 디저트,0.0,0,0.05973700036416437,0.0406486768371204,0.011104868913857677,0.004863317260292285,0.008581617077994668,0.0
1745892454,히포디저트,건대,카페 디저트,0.0,96,0.9661230385720334,0.9568718577563347,0.0,0.0036906946264744426,0.022191342565004987,0.014408739141697284
1404516671,카페그린24 자양점,건대,카페 디저트,0.0,2,0.07470145068845183,0.08783354508693561,0.0,0.0,0.08621251314407255,0.0
546467904,느긋 베이커리카페,건대,카페 디저트,3.5,124,0.9400562194570183,0.955353254707184,0.15603715143485336,0.16170533825933017,0.3051526583315372,0.08192924703534292
901787793,봉봉디저트카페,건대,카페 디저트,0.0,22,0.9468240407710559,0.9267636997225877,0.0,0.003912280701754386,0.01797478224161438,0.008910337676184533
1131229119,카페만월경 성동송정점,건대,카페 디저트,2.6,5,0.15312321970971346,0.33436962291379324,0.0,0.004863317260292285,0.013063054336173044,0.0
1894809228,우아한과일&카페 건대점,건대,카페 디저트,0.0,4,0.07470145068845183,0.08887685217354979,0.0,0.0,0.11403904974878591,0.0
518064341,카페위켄드,건대,카페 디저트,0.0,8,0.8681580625795857,0.8566504798879956,0.0,0.0,0.06649722099161261,0.0
26409926,카페드림 세종대학교동천관점,건대,카페 디저트,4.0,0,0.07364828845280703,0.07080718076919763,0.015860966474833288,0.004863317260292285,0.02285354212352767,0.0030926430517711173
1295730014,라크렘디저트랩,건대,카페 디저트,0.0,0,0.050793749419876064,0.03059617197078733,0.0023221757322175736,0.0,0.08235796768952708,0.0
1238845838,디저트39 강변역점,건대,카페 디저트,4.4,84,0.8573682854604017,0.9355185423081863,0.04217900097128699,0.10942319442522953,0.19969105124799075,0.20234076865341552
1375695497,카페씨떼,건대,카페 디저트,3.1,238,0.9428140771780319,0.9860164035382375,0.1500814366820774,0.1869408904335998,0.1913849865129485,0.11852357061473655
25049102,해주냉면,잠실,한식,3.5,216,0.007786921089246671,0.6139110492313307,0.007943635331946284,0.07002522241319707,0.11479949123182019,0.004450980392156863
16082320,늘푸른목장 잠실본점,잠실,한식,3.6,425,0.020615766023562854,0.30237200623420046,0.07622808646691963,0.18975388729429019,0.05401018436563991,0.013195689322327658
14878561,남경막국수 가족1,잠실,한식,3.7,287,0.0,0.5549817794907445,0.026220151290484304,0.06072982877347556,0.0,0.03538470306902643
12347827,담은갈비 송파잠실점,잠실,한식,4.3,374,0.9014723182269858,0.9189731763856773,0.6359046780039513,0.36499294981706304,0.6372774518482602,0.5805577325593204
27303080,부일갈매기,잠실,한식,3.7,246,0.005,0.42097025570286645,0.039218627585799776,0.024065492911835906,0.02261797744573914,0.040313375043999684
2117466906,큰손닭한마리 잠실새내본점,잠실,한식,4.0,147,0.009272895193582053,0.5021659336282696,0.022795313247250117,0.058920159898327676,0.011967806041335453,0.004010600706713781
72177172,미강식당,잠실,한식,4.5,496,0.037073203454472625,0.5317393464421933,0.15812791602488308,0.2196714918605052,0.32697231308865654,0.1740124505214109
12394987,대성정육식당,잠실,한식,4.5,374,0.10601235601020181,0.7317704043595998,0.136439330690823,0.15689825179660283,0.10902652318522549,0.08733875999593758
13582223,토마루해물칼국수,잠실,한식,4.0,362,0.021553106839049877,0.6104024515916011,0.057378574223886876,0.2213056073543693,0.04434448377695724,0.06152726876589969
22513020,청국장과보리밥 잠실점,잠실,한식,4.6,395,0.12629687261223455,0.6665463373137377,0.3719935616975611,0.1615790385296925,0.44932475160821433,0.13759168594249788
272016174,화포식당 잠실점,잠실,한식,4.3,119,0.012652079758369373,0.49690632919399136,0.028199459876543206,0.04334467061949585,0.012264551815035763,0.0
2020430696,연탄부락 잠실새내점,잠실,한식,4.2,342,0.03014856059394723,0.4578590109275683,0.1427013475827767,0.14153286605589727,0.029336528234170562,0.04773043933758608
1346139956,진원소우 잠실새내점,잠실,한식,3.9,253,0.07880309499811489,0.422571501721416,0.05581656793987528,0.08476165093392597,0.17875225769102251,0.025324282829735326
632501910,논두렁 우렁쌈밥전문점 본점,잠실,한식,4.1,129,0.01349756176583442,0.769899655107328,0.04269860323321195,0.27438172112912496,0.012511555180285832,0.041492248990834694
11170449,장수식당,잠실,한식,3.6,199,0.04868821815522102,0.7565822644000397,0.021104054823298343,0.2930160381400064,0.01582074602650828,0.03999723793623209
1755004918,신천생태,잠실,한식,3.8,9,0.05106815070791836,0.5817886123185105,0.05349674527695249,0.13142950953886395,0.00407843137254902,0.008985374771480805
939202585,생생아구,잠실,한식,3.9,47,0.003950617283950617,0.27413461106694503,0.0449391170858892,0.07889740031451506,0.011285070140280563,0.0
1500248496,돈푸짐감자탕,잠실,한식,4.1,128,0.02407954390549002,0.4271685373976648,0.0679542121757694,0.11736294534372606,0.13143195514065528,0.03259736993949224
2051262927,정담옥,잠실,한식,4.0,1633,0.18590894230273608,0.5938173675613644,0.19269968489617795,0.24284182758945086,0.08177997159836994,0.021903852262626065
617218371,초대창 잠실새내점,잠실,한식,4.5,1301,0.053672038547843845,0.6825438482118432,0.13163537363112035,0.06669045409240938,0.019992457607688956,0.04558572835745893
648596761,팔팔감자탕,잠실,한식,4.5,60,0.020240352489141335,0.36429298302663116,0.1072193946835312,0.12602947541449516,0.0358247506805001,0.0
27342866,갑돼지 신천본점,잠실,한식,4.6,12,0.11222684880573207,0.7435725159789218,0.04335789752587056,0.11957219603684786,0.024689236880829038,0.017407228118059122
569946456,왕게수산 잠실직영점,잠실,한식,3.7,18,0.22145918558388658,0.46370865491359425,0.3402373435866373,0.0811570727521749,0.26119953244508676,0.12454564423850875
24787517,벼락가우리 신천점,잠실,일식,4.4,69,0.08520158625840692,0.5859379895906143,0.1733628715179295,0.1285227919961913,0.1100387316276592,0.09005665247084611
437494532,상무초밥 잠실점,잠실,일식,4.2,1118,0.09068949114917622,0.5763383159548666,0.1428617028572634,0.19544293443386,0.07824751930488985,0.16924657509180777
777232005,이치고,잠실,일식,4.2,323,0.9367455835187991,0.9723583245075641,0.22336956768039098,0.3222857501453866,0.3228397952152715,0.3986480526641247
19901368,호시아이,잠실,일식,4.0,31,0.9056306663848708,0.9196166513642798,0.039227723909098344,0.06061003934572804,0.08118916120707433,0.08828649560447795
22895272,김자순수제돈까스,잠실,일식,4.6,39,0.08765966237892783,0.7565275582785206,0.14616128477513504,0.22477485372903888,0.03213177733214498,0.05975832072675218
1185756352,미카도스시 잠실새내점,잠실,일식,3.8,202,0.7941753086844301,0.891285640471268,0.25024925038842716,0.37256904425820914,0.3420000356476335,0.1678536401306932
207152855,고쿠텐 잠실새내점,잠실,일식,3.8,523,0.07186889625459783,0.6763287385409034,0.2917276258286209,0.32537004670062913,0.036292122285878047,0.0520955440349645
24876140,스시애 잠실점,잠실,일식,3.6,74,0.15506655041163442,0.5539910282536253,0.2007007026829423,0.10354866009017268,0.13052284927218052,0.14271731116537517
127635058,백소정 잠실새내점,잠실,일식,3.9,204,0.12700323408973146,0.5888906443580981,0.057079412227949725,0.1713949699085954,0.0779856902975506,0.11532622235098025
1079129782,오하이요 잠실새내점,잠실,일식,4.5,367,0.8560127682477692,0.9103769473280775,0.3092194513465049,0.3657667747545551,0.23909049892551398,0.2597112311299085
1973363690,효탄신참치 2호점,잠실,일식,3.9,120,0.9124962161345581,0.9044590829450757,0.004571917808219178,0.15592482880659714,0.2086279135682842,0.27370145135506263
19636716,돈까스집 잠실점,잠실,일식,3.8,17,0.14223489904890566,0.2774128696209909,0.021465772151687833,0.04673453449475705,0.18000107030225151,0.012662865345803933
83610723,끌 잠실새내역점,잠실,일식,0.0,629,0.9798267665602042,0.9686051507799153,0.025234492617235885,0.05940173170056731,0.03970342602072963,0.0672786762429148
26092963,마카나이 신천점,잠실,일식,2.8,34,0.034946596264593066,0.6468184176628481,0.012006963533076781,0.09219968742047077,0.04566826858243243,0.013307197215753894
803844455,진작 잠실점,잠실,일식,4.4,63,0.6259040566327054,0.6671010251831178,0.18113612468196535,0.1009302404529023,0.08792430007723512,0.045617630801820706
1595983289,나레초밥 잠실새내점,잠실,일식,2.5,16,0.05760221896187221,0.4114163604056833,0.08419354846997619,0.05496820396074283,0.02593686655642136,0.04948161476788791
18825490,사보텐 신천점,잠실,일식,3.4,31,0.01009748785504836,0.43255160549691907,0.04696723448240033,0.16791242662303874,0.07458413204049343,0.025281232692952158
1829516623,수아영,잠실,일식,5.0,158,0.19390712900214985,0.6338813627192288,0.07173092338916838,0.1534318191662524,0.07713491262495832,0.09347952532519212
903958339,도마카세 서울잠실점,잠실,일식,5.0,207,0.955940026937952,0.9734400331304722,0.34415147742722624,0.3274283342114868,0.3351213796523671,0.3920505766437733
330796545,마스타 하이볼 잠실새내점,잠실,일식,3.3,566,0.8439886265518435,0.916418085353664,0.024945500829182756,0.20089432334204663,0.15049509072199757,0.09919206558050243
27609075,야나기스시 잠실점,잠실,일식,4.6,24,0.06469904709775244,0.6789057872242508,0.022579815284211754,0.08279164965747504,0.07855792799722354,0.02052263457072485
1633434972,"깃뽀 (잠실새내점,종합운동장점)",잠실,일식,0.0,654,0.9804974111505648,0.9744328546670773,0.012315423525905832,0.008664581961816985,0.05985318647552309,0.03034423746228445
1215528865,스시화,잠실,일식,3.7,0,0.07474595209126302,0.3604770485249741,0.07458341882797122,0.10054852975722657,0.04240145652927214,0.0586515293523728
1181524598,도삭면공방,잠실,중식,4.1,300,0.010298871234830049,0.6352787319798163,0.05367189537479839,0.1323974317797989,0.006846296296296297,0.004409448818897638
20000047,태민양꼬치,잠실,중식,4.4,178,0.004362197057310759,0.7200898303064643,0.05204051477503067,0.08543945103308054,0.0,0.0
21211219,하얼빈양꼬치 잠실본점,잠실,중식,4.4,44,0.013295005048667258,0.5310167300546497,0.22154580094405954,0.13584068694777834,0.11709371664678996,0.09854195026226963
22045782,신천마라샹궈,잠실,중식,4.6,43,0.043137266982131696,0.741571446618851,0.035211479034333276,0.1290316167379107,0.022549592106806036,0.04827621159864989
746540152,미친양꼬치 잠실점,잠실,중식,4.8,114,0.8717592318063508,0.8653117736869936,0.5032426993386067,0.16520530908526682,0.3643057459866737,0.31140000664018097
151815749,홍콩완탕면,잠실,중식,4.8,389,0.11853583518020269,0.6123755376868872,0.07697907816058963,0.18051997158308647,0.07369583954983547,0.09996418530258672
17515271,동북양꼬치,잠실,중식,4.0,29,0.012247829141959925,0.6488039075965679,0.0270045795816126,0.10583075725694767,0.006760932769834848,0.008823529411764706
1532596067,케이웍 잠실본점,잠실,중식,4.2,182,0.02599269285547524,0.6702374126801253,0.22931022793526232,0.30885162570582436,0.2325357385840143,0.12255425555631114
894027816,샤오롱바오 잠실새내점,잠실,중식,4.3,608,0.012357981761383358,0.48517156125230143,0.17358810397528898,0.084064056088774,0.0,0.0038753799392097265
11831479,신천양꼬치,잠실,중식,4.2,27,0.024309651133180545,0.6438641526507635,0.05879629110450206,0.15263070171131107,0.03972867085417862,0.01705854566597281
10445041,빈궁,잠실,중식,4.1,18,0.14105616326623768,0.47269797266281266,0.0,0.029426092555596948,0.07139640810407384,0.0
9189132,심포니오브차이나,잠실,중식,3.9,116,0.1158535043659275,0.4590181747527031,0.1663197231818115,0.16139548850918028,0.3259446692778809,0.1230273338685127
27204427,미성양꼬치 신천점,잠실,중식,3.3,388,0.06799065117379015,0.682806744139825,0.045039642830910685,0.17558038691512898,0.037820480612299985,0.034464508175367524
11678657,도림 더 칸톤 테이블,잠실,중식,3.6,156,0.9335361277928785,0.9804580683651521,0.24613136242685218,0.23280029442681358,0.4601832895756872,0.39749991809000823
732638033,만다복 롯데백화점잠실점,잠실,중식,3.2,110,0.08666428577009913,0.5210730947759229,0.06534908382456184,0.07614006478775967,0.026519238783305775,0.021355378424257783
1624154892,대홍소양꼬치 잠실새내점,잠실,중식,4.5,57,0.15385224413792925,0.44926361439780427,0.01892650837615587,0.058695863272891086,0.004749687108886107,0.015484047798505396
8143061,도삭마라탕,잠실,중식,4.0,25,0.02302947101315146,0.6264914256527048,0.009254901960784314,0.03590863604095356,0.018524724177497696,0.0
2036408963,춘리마라탕 잠실새내점,잠실,중식,3.6,40,0.034389036471235306,0.2106624547588957,0.013928659436487927,0.038539370625120244,0.13800951713921017,0.017921083620484692
1179913558,취향마라 잠실점,잠실,중식,4.6,6,0.043627387554440816,0.5659357518667851,0.13647350799532096,0.02063540885461736,0.061034289855669145,0.018485691573926866
1356937291,하얼빈양꼬치,잠실,중식,4.1,118,0.6815149866309838,0.855576594705841,0.026179033381039017,0.13782107879151892,0.03576116510764361,0.04813717831098245
27109494,명가교동짬뽕 신천점,잠실,중식,2.0,73,0.1464953876040104,0.5566948960672098,0.01574621646119172,0.03904023202262526,0.04843613955763398,0.009111111111111111
503589100,라화쿵부 롯데마트잠실점,잠실,중식,2.3,123,0.03081662700442575,0.5464570069971137,0.0346383111223287,0.42004408740382615,0.12546376620764016,0.025875011916823527
142063848,짬뽕지존 잠실새내점,잠실,중식,2.2,206,0.18800092910867264,0.7135530533659065,0.016671071081868192,0.03399798044125372,0.09677361567591333,0.013248031496062991
24693042,요리하는남자,잠실,양식,0.0,2121,0.9659408161005729,0.9712167221026992,0.017749225940103627,0.04585319493170832,0.05820693289330045,0.0319728839306904
26854841,바토스 잠실점,잠실,양식,3.4,87,0.8756605052294258,0.955108830417236,0.13594588599080018,0.24917163635273173,0.017072222673875044,0.013614946154153746
1646627925,폴스,잠실,양식,5.0,47,0.9200669272342007,0.9359342905712067,0.3422799119832936,0.4808991502219324,0.17346766301981117,0.029395205983058687
8000883,알루메 (AL Lume),잠실,양식,4.4,13,0.904951547778426,0.9483661594304865,0.516913520903019,0.2662659243444709,0.33901015785343175,0.1906981592372579
240439843,투파인드피터 잠실점,잠실,양식,4.4,1365,0.9242397339967269,0.9526200348933628,0.4523547929127266,0.28053334828246634,0.5304044668263679,0.570003563174947
119414440,아이마미따,잠실,양식,4.1,16,0.7979291350335938,0.9294430837276529,0.031462082739903606,0.13710795612106025,0.028614571401618126,0.0045578231292517
1979946120,교양식사 잠실점,잠실,양식,2.7,41,0.9046868273419157,0.9768788525513904,0.09346815417749964,0.2258778881036849,0.03080392156862745,0.008887824897400821
664185361,버거그랩앤치킨,잠실,양식,4.1,10,0.1961832112040283,0.6981292844883101,0.13887973210498938,0.23567200998370136,0.0032524271844660197,0.0261365679336379
49408452,버터핑거팬케익스 롯데백화점 잠실점,잠실,양식,3.4,37,0.8044282386214227,0.9648419187454402,0.2108650735122669,0.3942526869987937,0.03547550909400317,0.09835888371453651
884833457,까사피에스타 송파점,잠실,양식,4.1,554,0.9579638052447343,0.9920713996149609,0.2345648009793133,0.40684259687830254,0.2927013946571942,0.21138623464160106
1845251816,잭슨피자 잠실본점,잠실,양식,4.0,242,0.05364008058089787,0.6361476730012049,0.06310999404936951,0.07536905509641202,0.008237951807228916,0.004747109826589595
1715602137,긴밀,잠실,양식,4.8,179,0.9165612636139921,0.9361277929689674,0.6321337715671672,0.39790032808570297,0.3894950844380909,0.33893351931785204
1579694910,래빗캐슬 잠실새내점,잠실,양식,0.0,725,0.9622181661460816,0.9782447359717521,0.015470919120505126,0.018187276456835256,0.02679938495919159,0.019347952965718222
650197751,미즈컨테이너 잠실점,잠실,양식,3.0,50,0.05317004908243346,0.3644571982034627,0.038847368502949585,0.11346610678538925,0.004184952978056426,0.0
1153193388,멜팅소울 롯데백화점잠실점,잠실,양식,3.2,301,0.21237192827398632,0.4822291445259977,0.07837492192520529,0.28613497357577833,0.06786300051527083,0.05267728194259633
854991107,도스타코스 잠실점,잠실,양식,3.7,34,0.7777510998823758,0.8958232326472141,0.055698927637049096,0.14140084487878452,0.0329659027430528,0.05460379528442202
1729480279,파파밸리피자 잠실롯데마트점,잠실,양식,5.0,192,0.2007773947544077,0.6110272187853825,0.06288554398492488,0.12296487351418119,0.07114570989475749,0.06481089792238162
783846314,비엘라,잠실,양식,3.4,132,0.9658796056765254,0.9716977727284148,0.1326458714024152,0.3962190402494447,0.24559691106203307,0.05689186534204632
1119487795,노모어피자 종합운동장역점,잠실,양식,4.0,37,0.2031322445126642,0.6237615337757195,0.037788280827990704,0.027753312069060593,0.12750172251388997,0.004776785714285714
188889459,어론피자,잠실,양식,4.3,57,0.9116407636570873,0.9539666755647451,0.2678324173587851,0.5747991938043076,0.009294557699308337,0.004607508532423208
356255397,프랭크버거 잠실새마을시장점,잠실,양식,3.4,14,0.16078823921076257,0.6117579804507174,0.04288310860856361,0.0619216779184323,0.07319414178467347,0.01187577452313126
708998718,보통의숲,잠실,양식,3.6,127,0.966991514853069,0.9880675888630779,0.18300895071040146,0.42104193342627255,0.1861681420207365,0.12415193943948274
944487436,케이준서울,잠실,양식,3.6,98,0.9578393658890295,0.9958858267716535,0.18419196754553988,0.2628664231688943,0.12025893280195006,0.03862881890223111
1551360827,츄빙빙수 디저트카페 잠실새내점,잠실,카페 디저트,0.0,0,0.11710099082346165,0.023712815052062828,0.011104868913857677,0.006985960250132407,0.015068803948135756,0.0
1524771785,카페타타,잠실,카페 디저트,4.8,13,0.9106240915014052,0.9418337221110081,0.20831469045914608,0.3181281906519495,0.16499841583765587,0.1227184433820418
1068761747,마이멜로디 하모니카페,잠실,카페 디저트,5.0,125,0.9248911240229541,0.8220009245228509,0.030363406678975607,0.04732972852964294,0.15783023307727154,0.045535449182388145
505219793,디저트39 잠실새내점,잠실,카페 디저트,3.1,13,0.8787417474665132,0.9702839574374338,0.04512614005852296,0.08735853078931954,0.059941614003679665,0.026659092573020612
1828240178,카페봄봄 잠실성당직영점,잠실,카페 디저트,3.0,5,0.8441251837649691,0.8210390297340955,0.01117045932382029,0.009557823129251701,0.0908597917545318,0.013311747110979847
1804061845,짱구 베이커리 카페 롯데백화점잠실점,잠실,카페 디저트,3.0,218,0.9445438284564165,0.9467957721322289,0.004490196078431373,0.007067508342469855,0.0345473659385663,0.015
48005647,카페155,잠실,카페 디저트,3.7,2,0.8181220833931354,0.8688226399794823,0.06467575287518391,0.05408505516770479,0.2892823019119635,0.11037133979315092
1356720358,카페헤리터 롯데백화점잠실점,잠실,카페 디저트,4.9,93,0.9102115326968925,0.9666798458189076,0.0568703475487174,0.3113104521257711,0.46841463407137246,0.06748074807762322
819724612,카페워크룸,잠실,카페 디저트,3.0,2,0.207569063263363,0.3930582089346907,0.007922189462889372,0.14757403412174872,0.19616546179210087,0.017802747284326688
1223377096,더카페 롯데마트잠실점,잠실,카페 디저트,1.0,0,0.11710099082346165,0.023712815052062828,0.011104868913857677,0.006985960250132407,0.015068803948135756,0.0
1183753988,카페만월경 잠실레이크팰리스점,잠실,카페 디저트,4.3,2,0.8737464027454956,0.8661578939965087,0.08073227453484076,0.0,0.6616270271422805,0.3505782203196964
1089651822,카페만월경 삼전역점,잠실,카페 디저트,0.0,0,0.10816082845188303,0.042281743878761754,0.0,0.0,0.04926770309168667,0.00437007874015748
733631255,제이에스디저트,잠실,카페 디저트,5.0,12,0.938390047941271,0.8402282418806496,0.04717515252759763,0.040196064456060346,0.22584306632080867,0.044953396280934595
529268204,솔디저트,잠실,카페 디저트,0.0,0,0.11710099082346165,0.023712815052062828,0.011104868913857677,0.006985960250132407,0.015068803948135756,0.0
882921077,카페2.7,잠실,카페 디저트,4.6,663,0.9457565112367843,0.9599085781330444,0.44918145028895107,0.21686276132522184,0.19580701289749516,0.2669326803816332
1471914362,카페만월경 잠실점,잠실,카페 디저트,4.5,2,0.8870461636920044,0.8718699624957041,0.06648802802671926,0.11444247996598868,0.46286997869403046,0.13094247994208139
471061232,카페아일랜드 베이커리 잠실2호점,잠실,카페 디저트,0.0,5,0.1487348289688588,0.12364159512441018,0.0,0.0,0.07310234929227523,0.0
1257470875,카페시나몬,잠실,카페 디저트,0.0,637,0.950872445979375,0.9639374060101882,0.004490196078431373,0.007067508342469855,0.008235294117647058,0.009470588235294118
607577498,카페모던비,잠실,카페 디저트,4.7,8,0.9886177760378476,0.9924046732361783,0.07324443161567908,0.309155283807646,0.590590702123276,0.13597766285885127
945880291,카페다반,잠실,카페 디저트,4.5,134,0.9570208329165291,0.9716740964923042,0.5416907981802406,0.2785166375409691,0.4082221635690383,0.3506450022390023
2045646287,카페618,잠실,카페 디저트,4.5,12,0.8841158003561919,0.9567722631893538,0.04444328066064184,0.004625850340136055,0.4528202765691015,0.019303793662069767
1936055591,카페코너574,잠실,카페 디저트,0.0,44,0.9515533898345541,0.9489089138419418,0.002968397291196388,0.011068362120270969,0.010933002881588414,0.0
1718058455,카페쿠도,잠실,카페 디저트,0.0,105,0.9803813363832315,0.9713481172292638,0.004850746268656716,0.008470404463429195,0.021207581547709357,0.002157190635451505
1731532134,정자매카페,잠실,카페 디저트,5.0,102,0.9279453529172872,0.9747484407343697,0.06329198261183572,0.09947034824389904,0.09768209506818445,0.1065407011072486
